# Created by FreeCAD <https://www.freecad.org>
v 727.291565 -909.573975 -41.989857
v 707.934448 -912.875977 -40.941647
v 707.934448 -909.573975 -40.941647
v 727.291565 -912.875977 -41.989857
v 777.153748 -912.875977 -46.775078
v 791.817688 -912.839722 -48.904663
v 791.950684 -912.875977 -48.925617
v 791.950684 -909.573975 -48.925617
v 777.153748 -909.573975 -46.775078
v 770.283630 -910.335999 -45.895123
v 761.809570 -909.573975 -44.919193
v 770.283630 -910.698853 -45.895123
v 770.283630 -911.061707 -45.895123
v 761.809570 -912.875977 -44.919193
v 770.283630 -911.424561 -45.895123
v 770.283630 -911.787415 -45.895123
v 770.283630 -912.150269 -45.895123
v 770.283630 -912.513123 -45.895123
v 747.467346 -911.061707 -43.517719
v 745.410400 -909.573975 -43.339588
v 745.410400 -912.875977 -43.339588
v 747.467346 -911.424561 -43.517719
v 747.467346 -911.787415 -43.517719
v 747.467346 -912.150269 -43.517719
v 747.467346 -912.513123 -43.517719
v 728.439331 -909.973145 -42.064262
v 728.439331 -910.335999 -42.064262
v 728.439331 -910.698853 -42.064262
v 728.439331 -911.061707 -42.064262
v 728.439331 -911.424561 -42.064262
v 728.439331 -911.787415 -42.064262
v 728.439331 -912.150269 -42.064262
v 728.439331 -912.513123 -42.064262
v 706.402588 -909.973145 -40.874504
v 689.389526 -909.573975 -40.268345
v 706.402588 -910.335999 -40.874504
v 706.402588 -910.698853 -40.874504
v 706.402588 -911.061707 -40.874504
v 689.389526 -912.875977 -40.268345
v 706.402588 -911.424561 -40.874504
v 706.402588 -911.787415 -40.874504
v 706.402588 -912.150269 -40.874504
v 706.402588 -912.513123 -40.874504
v 684.067932 -910.335999 -40.127239
v 670.759949 -909.573975 -39.862644
v 684.067932 -910.698853 -40.127239
v 684.067932 -911.061707 -40.127239
v 670.759949 -912.875977 -39.862644
v 684.067932 -911.424561 -40.127239
v 684.067932 -911.787415 -40.127239
v 684.067932 -912.150269 -40.127239
v 684.067932 -912.513123 -40.127239
v -390.287964 -912.875977 -62.012383
v -396.852936 -912.875977 -51.293827
v -394.426270 -912.875977 -60.450619
v -397.637756 -912.875977 -58.869286
v -399.710541 -912.875977 -57.519077
v -400.605713 -912.875977 -56.725380
v -401.343048 -912.875977 -55.783955
v -400.239349 -912.875977 -43.856468
v -401.343079 -912.875977 -46.803692
v -398.800903 -912.875977 -40.901115
v -384.380066 -912.875977 -63.791622
v -377.536743 -912.875977 -49.307556
v -376.153809 -912.875977 -50.454483
v -377.363586 -912.875977 -65.521118
v -378.676147 -912.875977 -47.918419
v -374.577911 -912.875977 -51.317284
v -379.530396 -912.875977 -46.337841
v -372.866577 -912.875977 -51.864418
v -368.307343 -912.875977 -67.332214
v -380.068237 -912.875977 -44.623585
v -380.270020 -912.875977 -42.838306
v -396.546478 -912.875977 -37.086349
v -380.128387 -912.875977 -41.047249
v -393.798126 -912.875977 -33.163029
v -379.648529 -912.875977 -39.315872
v -390.291992 -912.875977 -28.852236
v -364.761322 -912.875977 -53.454319
v -378.847931 -912.875977 -37.707455
v -377.755890 -912.875977 -36.280777
v -356.606964 -912.875977 -54.771275
v -357.199432 -912.875977 -69.124550
v -386.270233 -912.875977 -24.508780
v -374.288605 -912.875977 -32.748878
v -381.726501 -912.875977 -20.134798
v -344.424561 -912.875977 -70.795059
v -344.522888 -912.875977 -56.392750
v -370.650116 -912.875977 -29.391710
v -376.413910 -912.875977 -15.546021
v -365.591431 -912.875977 -25.173214
v -328.048889 -912.875977 -72.538925
v -329.500488 -912.875977 -58.042793
v -370.756714 -912.875977 -11.133080
v -359.878235 -912.875977 -20.884438
v -309.690918 -912.875977 -74.111870
v -311.776886 -912.875977 -59.617931
v -364.551819 -912.875977 -6.733101
v -353.571594 -912.875977 -16.597118
v -357.776703 -912.875977 -2.348238
v -346.507629 -912.875977 -12.230410
v -288.214783 -912.875977 -75.564262
v -291.315826 -912.875977 -61.061619
v -349.586182 -912.875977 2.484685
v -338.714050 -912.875977 -7.838321
v -340.873688 -912.875977 7.169369
v -329.536163 -912.875977 -3.125633
v -264.359253 -912.875977 -76.800774
v -267.944214 -912.875977 -62.333553
v -331.143433 -912.875977 11.948867
v -320.194977 -912.875977 1.255163
v -238.364731 -912.875977 -77.784988
v -241.696442 -912.875977 -63.382561
v -310.150848 -912.875977 5.574943
v -320.663971 -912.875977 16.653168
v -309.353088 -912.875977 21.293161
v -299.375671 -912.875977 9.824657
v -209.259583 -912.875977 -78.503532
v -213.107300 -912.875977 -64.139656
v -297.207520 -912.875977 25.844254
v -287.814697 -912.875977 14.003753
v -284.287964 -912.875977 30.262751
v -277.158813 -912.875977 17.553062
v -180.104980 -912.875977 -78.862320
v -180.072189 -912.875977 -70.988388
v -182.735901 -912.875977 -64.555855
v -167.372299 -912.875977 -71.041275
v -270.841217 -912.875977 34.462860
v -263.974945 -912.875977 21.594891
v -255.231781 -912.875977 30.740259
v -249.736069 -912.875977 25.584381
v -257.243256 -912.875977 38.353001
v -143.019043 -912.875977 -78.854553
v -150.579361 -912.875977 -64.607689
v -167.405090 -912.875977 -78.915207
v -242.953171 -912.875977 33.984581
v -234.398865 -912.875977 29.508869
v -218.046555 -912.875977 33.327267
v -228.061005 -912.875977 45.703213
v -244.964645 -912.875977 41.597324
v -118.611580 -912.875977 -78.597137
v -116.390427 -912.875977 -64.275444
v -200.657715 -912.875977 37.025288
v -210.844925 -912.875977 49.508308
v -84.135963 -912.875977 -77.929596
v -96.451759 -912.875977 -63.916451
v -76.515442 -912.875977 -63.444649
v -182.309113 -912.875977 40.569965
v -191.799438 -912.875977 53.328346
v -73.903831 -912.875977 -63.195045
v -71.351280 -912.875977 -62.589001
v -47.052620 -912.875977 -76.851959
v -68.906204 -912.875977 -61.638008
v -66.614967 -912.875977 -60.360104
v -64.521034 -912.875977 -58.779526
v -62.664112 -912.875977 -56.926250
v -61.079422 -912.875977 -54.835426
v -163.179138 -912.875977 43.915337
v -171.556274 -912.875977 56.991035
v -59.797016 -912.875977 -52.546711
v -143.302948 -912.875977 47.044266
v -150.331802 -912.875977 60.432308
v -58.841217 -912.875977 -50.103504
v -33.916862 -912.875977 -39.732021
v -58.230156 -912.875977 -47.552155
v -36.819050 -912.875977 -36.819050
v -57.975418 -912.875977 -44.941044
v -58.081837 -912.875977 -42.319695
v -39.887936 -912.875977 -33.469952
v -58.547394 -912.875977 -39.737823
v -30.794718 -912.875977 -42.407894
v -42.653248 -912.875977 -29.866125
v -59.363262 -912.875977 -37.244400
v -27.471930 -912.875977 -44.830116
v -45.093945 -912.875977 -26.035000
v -60.513962 -912.875977 -34.886715
v -62.864899 -912.875977 -30.447117
v -23.586449 -912.875977 -46.990696
v -47.191448 -912.875977 -22.005733
v -64.890663 -912.875977 -25.850027
v -7.555584 -912.875977 -75.347183
v -19.532331 -912.875977 -48.815308
v -48.929794 -912.875977 -17.808989
v -66.580780 -912.875977 -21.119228
v -15.338564 -912.875977 -50.290897
v -128.216873 -912.875977 63.618439
v -126.213348 -912.875977 49.471901
v -50.295757 -912.875977 -13.476707
v -67.926506 -912.875977 -16.279190
v -11.035129 -912.875977 -51.406925
v -51.278938 -912.875977 -9.041861
v -68.920883 -912.875977 -11.354947
v -6.652795 -912.875977 -52.155407
v -51.871857 -912.875977 -4.538199
v -69.558754 -912.875977 -6.371969
v -69.836838 -912.875977 -1.356032
v -2.222896 -912.875977 -52.530991
v -104.832451 -912.875977 52.186703
v -52.070000 -912.875977 0.000000
v -69.753685 -912.875977 3.666919
v 2.222896 -912.875977 -52.530991
v -51.871857 -912.875977 4.538199
v -69.309723 -912.875977 8.670902
v 6.652795 -912.875977 -52.155407
v -51.278938 -912.875977 9.041861
v -68.507263 -912.875977 13.630035
v 11.035129 -912.875977 -51.406925
v -105.324982 -912.875977 66.515755
v 35.827595 -912.875977 -73.327110
v -50.295757 -912.875977 13.476707
v -67.350441 -912.875977 18.518667
v -65.845245 -912.875977 23.311510
v 15.338564 -912.875977 -50.290897
v -48.929794 -912.875977 17.808989
v -63.999462 -912.875977 27.983772
v 19.532331 -912.875977 -48.815308
v -83.411476 -912.875977 54.564857
v -47.191448 -912.875977 22.005733
v -63.110058 -912.875977 30.476889
v 23.586449 -912.875977 -46.990696
v -45.093945 -912.875977 26.035000
v -62.574825 -912.875977 33.069221
v 27.471930 -912.875977 -44.830116
v -80.765945 -912.875977 54.653286
v -81.881393 -912.875977 69.083336
v -78.133690 -912.875977 54.374149
v -75.565544 -912.875977 53.732834
v -73.111084 -912.875977 52.741730
v -42.653248 -912.875977 29.866125
v -62.404095 -912.875977 35.710720
v -62.601166 -912.875977 38.350384
v 30.794718 -912.875977 -42.407894
v -39.887936 -912.875977 33.469952
v -63.162231 -912.875977 40.937252
v 33.916862 -912.875977 -39.732021
v -36.819050 -912.875977 36.819050
v -64.076454 -912.875977 43.421371
v -33.916862 -912.875977 39.732021
v -65.326195 -912.875977 45.754787
v -70.817696 -912.875977 51.419968
v -57.850372 -912.875977 71.316833
v -68.729668 -912.875977 49.793068
v -66.887314 -912.875977 47.892441
v -30.794718 -912.875977 42.407894
v 67.365929 -912.875977 -51.213802
v 65.611275 -912.875977 -49.269070
v 69.370750 -912.875977 -52.899460
v 64.139969 -912.875977 -47.102036
v 84.205284 -912.875977 -70.694771
v 71.587852 -912.875977 -54.294182
v 62.979824 -912.875977 -44.753666
v 36.819050 -912.875977 -36.819050
v 73.975311 -912.875977 -55.371593
v 62.152775 -912.875977 -42.268353
v 39.887936 -912.875977 -33.469952
v 76.487999 -912.875977 -56.111332
v 61.674458 -912.875977 -39.693089
v 79.078400 -912.875977 -56.499413
v 61.553913 -912.875977 -37.076553
v 42.653248 -912.875977 -29.866125
v 81.697548 -912.875977 -56.528492
v 61.793423 -912.875977 -34.468216
v 45.093945 -912.875977 -26.035000
v 62.388458 -912.875977 -31.917389
v 47.191448 -912.875977 -22.005733
v 63.327770 -912.875977 -29.472296
v -15.338564 -912.875977 50.290897
v -33.317135 -912.875977 73.198647
v -19.532331 -912.875977 48.815308
v -23.586449 -912.875977 46.990696
v -27.471930 -912.875977 44.830116
v 65.309296 -912.875977 -24.773348
v 48.929794 -912.875977 -17.808989
v 66.942703 -912.875977 -19.942352
v 50.295757 -912.875977 -13.476707
v 68.219284 -912.875977 -15.005058
v 51.278938 -912.875977 -9.041861
v 69.132240 -912.875977 -9.987782
v 51.871857 -912.875977 -4.538199
v 69.676704 -912.875977 -4.917269
v 52.070000 -912.875977 0.000000
v -8.357798 -912.875977 74.715141
v 2.222896 -912.875977 52.530991
v -2.222896 -912.875977 52.530991
v -6.652795 -912.875977 52.155407
v -11.035129 -912.875977 51.406925
v 69.849770 -912.875977 0.179454
v 69.650520 -912.875977 5.275221
v 51.871857 -912.875977 4.538199
v 69.080009 -912.875977 10.342870
v 51.278938 -912.875977 9.041861
v 142.675720 -912.875977 -67.093620
v 135.419876 -912.875977 -53.244209
v 68.141281 -912.875977 15.355389
v 50.295757 -912.875977 13.476707
v 66.839348 -912.875977 20.286058
v 48.929794 -912.875977 17.808989
v 65.181137 -912.875977 25.108599
v 47.191448 -912.875977 22.005733
v 17.068687 -912.875977 75.861511
v 19.532331 -912.875977 48.815308
v 15.338564 -912.875977 50.290897
v 11.035129 -912.875977 51.406925
v 6.652795 -912.875977 52.155407
v 63.175495 -912.875977 29.797302
v 60.833111 -912.875977 34.327179
v 45.093945 -912.875977 26.035000
v 59.696972 -912.875977 36.713718
v 42.653248 -912.875977 29.866125
v 58.902103 -912.875977 39.234543
v 39.887936 -912.875977 33.469952
v 58.463806 -912.875977 41.841129
v 58.390518 -912.875977 44.483288
v 36.819050 -912.875977 36.819050
v 58.683655 -912.875977 47.110161
v 33.916862 -912.875977 39.732021
v 59.337563 -912.875977 49.671173
v 27.471930 -912.875977 44.830116
v 32.751076 -912.875977 76.372536
v 23.586449 -912.875977 46.990696
v 60.339661 -912.875977 52.117023
v 48.563446 -912.875977 68.863388
v 61.670658 -912.875977 54.400623
v 30.794718 -912.875977 42.407894
v 63.304928 -912.875977 56.478012
v 48.447186 -912.875977 76.736534
v 61.262062 -912.875977 69.050911
v 65.211006 -912.875977 58.309200
v 67.352203 -912.875977 59.858929
v 69.687294 -912.875977 61.097366
v 72.171333 -912.875977 62.000671
v 74.756485 -912.875977 62.551453
v 61.145802 -912.875977 76.924057
v 201.246216 -912.875977 -63.158985
v 189.123932 -912.875977 -49.672520
v 200.700378 -912.875977 -55.303928
v 213.369812 -912.875977 -54.423523
v 98.297417 -912.875977 62.647552
v 87.311661 -912.875977 77.014496
v 77.392990 -912.875977 62.739109
v 119.199318 -912.875977 62.309574
v 113.486397 -912.875977 76.716072
v 143.675003 -912.875977 61.606670
v 140.431381 -912.875977 76.014214
v 168.358932 -912.875977 60.568909
v 167.646606 -912.875977 74.907448
v 213.915665 -912.875977 -62.278580
v 295.455261 -912.875977 -42.185104
v 310.129333 -912.875977 -55.470024
v 193.320847 -912.875977 59.189659
v 195.159195 -912.875977 73.390465
v 218.461899 -912.875977 57.471836
v 223.062180 -912.875977 71.451912
v 243.855347 -912.875977 55.406826
v 251.092545 -912.875977 69.105026
v 269.542603 -912.875977 52.986843
v 363.004028 -912.875977 -51.798637
v 360.746399 -912.875977 -37.631615
v 279.455444 -912.875977 66.331696
v 295.367004 -912.875977 50.224747
v 406.212799 -912.875977 -48.944920
v 395.026794 -912.875977 -35.348709
v 308.072632 -912.875977 63.134159
v 321.516663 -912.875977 47.095634
v 331.065613 -912.875977 60.278927
v 347.952667 -912.875977 43.599533
v 426.058197 -912.875977 -33.386242
v 428.668091 -912.875977 -33.043968
v 352.909790 -912.875977 49.383892
v 435.873688 -912.875977 -29.938103
v 455.726440 -912.875977 -45.940582
v 437.914551 -912.875977 -28.275730
v 433.623138 -912.875977 -31.303282
v 431.205872 -912.875977 -32.345200
v 354.026794 -912.875977 57.178265
v 365.481354 -912.875977 47.582294
v 439.706818 -912.875977 -26.347900
v 374.754333 -912.875977 39.720989
v 441.216217 -912.875977 -24.191422
v 366.598358 -912.875977 55.376667
v 467.396637 -912.875977 -21.211720
v 469.556152 -912.875977 -23.580595
v 442.413940 -912.875977 -21.847466
v 471.990417 -912.875977 -25.666138
v 465.544586 -912.875977 -18.595421
v 443.277130 -912.875977 -19.360785
v 396.297272 -912.875977 50.834530
v 402.280884 -912.875977 35.395390
v 474.662506 -912.875977 -27.436729
v 464.028107 -912.875977 -15.771357
v 443.789307 -912.875977 -16.778854
v 477.531921 -912.875977 -28.865534
v 462.870148 -912.875977 -12.782339
v 443.940674 -912.875977 -14.150971
v 480.555176 -912.875977 -29.930889
v 462.088287 -912.875977 -9.673677
v 443.728363 -912.875977 -11.527308
v 483.686462 -912.875977 -30.616648
v 461.694366 -912.875977 -6.492497
v 443.327179 -912.875977 -7.827604
v 443.236877 -912.875977 -4.107307
v 499.046753 -912.875977 -43.639641
v 486.878265 -912.875977 -30.912411
v 461.694366 -912.875977 -3.287021
v 443.458099 -912.875977 -0.392496
v 490.082214 -912.875977 -30.813698
v 462.088287 -912.875977 -0.105840
v 443.989258 -912.875977 3.290794
v 444.826660 -912.875977 6.916745
v 493.249756 -912.875977 -30.322004
v 462.870148 -912.875977 3.002821
v 445.350159 -912.875977 9.506895
v 496.332855 -912.875977 -29.444784
v 464.028107 -912.875977 5.991839
v 445.510193 -912.875977 12.144569
v 499.284790 -912.875977 -28.195335
v 425.957520 -912.875977 45.903488
v 432.318420 -912.875977 30.103792
v 429.753632 -912.875977 30.739958
v 434.770508 -912.875977 29.118826
v 465.544586 -912.875977 8.815903
v 445.303680 -912.875977 14.779012
v 502.060822 -912.875977 -26.592596
v 467.396637 -912.875977 11.432202
v 444.734619 -912.875977 17.359533
v 504.618835 -912.875977 -24.660866
v 469.556152 -912.875977 13.801078
v 443.813934 -912.875977 19.836477
v 537.656494 -912.875977 -41.930359
v 506.920105 -912.875977 -22.429424
v 477.531921 -912.875977 19.086016
v 456.413422 -912.875977 40.441517
v 474.662506 -912.875977 17.657213
v 471.990417 -912.875977 15.886620
v 437.062714 -912.875977 27.804014
v 439.150940 -912.875977 26.184652
v 440.994965 -912.875977 24.291903
v 442.559326 -912.875977 22.162184
v 536.068604 -912.875977 -21.463987
v 508.929688 -912.875977 -19.932100
v 537.842773 -912.875977 -23.208191
v 534.570557 -912.875977 -19.477549
v 510.617157 -912.875977 -17.206749
v 539.854431 -912.875977 -24.672138
v 533.381348 -912.875977 -17.292183
v 511.956909 -912.875977 -14.294685
v 542.059753 -912.875977 -25.823910
v 532.526917 -912.875977 -14.955531
v 512.928650 -912.875977 -11.240052
v 544.410645 -912.875977 -26.638399
v 532.025879 -912.875977 -12.518536
v 546.855835 -912.875977 -27.097849
v 531.889099 -912.875977 -10.034324
v 513.517639 -912.875977 -8.089155
v 496.332855 -912.875977 19.665266
v 487.493408 -912.875977 34.465397
v 493.249756 -912.875977 20.542486
v 490.082214 -912.875977 21.034180
v 486.878265 -912.875977 21.132893
v 483.686462 -912.875977 20.837130
v 480.555176 -912.875977 20.151371
v 549.342041 -912.875977 -27.192244
v 532.119629 -912.875977 -7.557054
v 513.715027 -912.875977 -4.889759
v 532.712402 -912.875977 -5.140731
v 513.517639 -912.875977 -1.690362
v 533.654541 -912.875977 -2.838035
v 512.928650 -912.875977 1.460535
v 572.510498 -912.875977 -40.733749
v 534.925476 -912.875977 -0.699165
v 511.956909 -912.875977 4.515168
v 536.497498 -912.875977 1.229251
v 510.617157 -912.875977 7.427232
v 499.284790 -912.875977 18.415817
v 519.154175 -912.875977 27.974920
v 538.336304 -912.875977 2.905170
v 540.401855 -912.875977 4.292058
v 508.929688 -912.875977 10.152583
v 506.920105 -912.875977 12.649907
v 504.618835 -912.875977 14.881349
v 502.060822 -912.875977 16.813080
v 542.649109 -912.875977 5.359678
v 577.943542 -912.875977 -26.288744
v 604.055542 -912.875977 -39.997967
v 551.485046 -912.875977 20.942928
v 545.029114 -912.875977 6.084755
v 547.489929 -912.875977 6.451483
v 549.977905 -912.875977 6.451867
v 552.438782 -912.875977 6.085898
v 606.552551 -912.875977 -25.666574
v 608.472046 -912.875977 -25.436598
v 610.303894 -912.875977 -24.818722
v 631.067993 -912.875977 -39.684963
v 611.970581 -912.875977 -23.839090
v 613.401489 -912.875977 -22.539158
v 614.536194 -912.875977 -20.973932
v 615.326599 -912.875977 -19.209650
v 580.569336 -912.875977 -0.395638
v 584.452759 -912.875977 13.368089
v 615.739258 -912.875977 -17.320965
v 608.637573 -912.875977 -7.142005
v 610.457947 -912.875977 -7.792925
v 618.594360 -912.875977 5.120811
v 612.106567 -912.875977 -8.802552
v 613.513794 -912.875977 -10.128161
v 614.619995 -912.875977 -11.713659
v 615.378296 -912.875977 -13.491956
v 658.060852 -912.875977 -39.713760
v 658.153137 -912.875977 -31.840300
v 670.852295 -912.875977 -31.989183
v 654.080933 -912.875977 -3.855539
v 615.756775 -912.875977 -15.387798
v 690.371338 -912.875977 -13.440567
v 718.781006 -912.875977 -21.262569
v 742.265320 -912.875977 -28.076904
v 753.904846 -912.875977 -31.609753
v 767.884460 -912.875977 -35.982288
v 792.104675 -912.875977 -47.337753
v 792.294189 -912.875977 -45.383633
v 792.450012 -912.875977 -43.776669
v 814.635071 -912.875977 -51.803669
v 670.852295 -909.573975 -31.989183
v -396.852936 -909.573975 -51.293827
v -390.287964 -909.573975 -62.012383
v -394.426270 -909.573975 -60.450619
v -397.637756 -909.573975 -58.869286
v -399.710541 -909.573975 -57.519077
v -400.605713 -909.573975 -56.725380
v -401.343048 -909.573975 -55.783955
v -400.239349 -909.573975 -43.856468
v -401.343079 -909.573975 -46.803692
v -398.800903 -909.573975 -40.901115
v -377.536743 -909.573975 -49.307556
v -384.380066 -909.573975 -63.791622
v -376.153809 -909.573975 -50.454483
v -377.363586 -909.573975 -65.521118
v -378.676147 -909.573975 -47.918419
v -374.577911 -909.573975 -51.317284
v -379.530396 -909.573975 -46.337841
v -372.866577 -909.573975 -51.864418
v -368.307343 -909.573975 -67.332214
v -380.068237 -909.573975 -44.623585
v -380.270020 -909.573975 -42.838306
v -396.546478 -909.573975 -37.086349
v -380.128387 -909.573975 -41.047249
v -393.798126 -909.573975 -33.163029
v -379.648529 -909.573975 -39.315872
v -390.291992 -909.573975 -28.852236
v -364.761322 -909.573975 -53.454319
v -378.847931 -909.573975 -37.707455
v -377.755890 -909.573975 -36.280777
v -356.606964 -909.573975 -54.771275
v -357.199432 -909.573975 -69.124550
v -386.270233 -909.573975 -24.508780
v -374.288605 -909.573975 -32.748878
v -381.726501 -909.573975 -20.134798
v -344.522888 -909.573975 -56.392750
v -344.424561 -909.573975 -70.795059
v -370.650116 -909.573975 -29.391710
v -376.413910 -909.573975 -15.546021
v -365.591431 -909.573975 -25.173214
v -329.500488 -909.573975 -58.042793
v -328.048889 -909.573975 -72.538925
v -370.756714 -909.573975 -11.133080
v -359.878235 -909.573975 -20.884438
v -311.776886 -909.573975 -59.617931
v -309.690918 -909.573975 -74.111870
v -364.551819 -909.573975 -6.733101
v -353.571594 -909.573975 -16.597118
v -357.776703 -909.573975 -2.348238
v -346.507629 -909.573975 -12.230410
v -291.315826 -909.573975 -61.061619
v -288.214783 -909.573975 -75.564262
v -349.586182 -909.573975 2.484685
v -338.714050 -909.573975 -7.838321
v -340.873688 -909.573975 7.169369
v -329.536163 -909.573975 -3.125633
v -267.944214 -909.573975 -62.333553
v -264.359253 -909.573975 -76.800774
v -331.143433 -909.573975 11.948867
v -320.194977 -909.573975 1.255163
v -241.696442 -909.573975 -63.382561
v -238.364731 -909.573975 -77.784988
v -320.663971 -909.573975 16.653168
v -310.150848 -909.573975 5.574943
v -309.353088 -909.573975 21.293161
v -299.375671 -909.573975 9.824657
v -213.107300 -909.573975 -64.139656
v -209.259583 -909.573975 -78.503532
v -297.207520 -909.573975 25.844254
v -287.814697 -909.573975 14.003753
v -284.287964 -909.573975 30.262751
v -277.158813 -909.573975 17.553062
v -180.072189 -909.573975 -70.988388
v -180.104980 -909.573975 -78.862320
v -182.735901 -909.573975 -64.555855
v -167.372299 -909.573975 -71.041275
v -270.841217 -909.573975 34.462860
v -263.974945 -909.573975 21.594891
v -255.231781 -909.573975 30.740259
v -249.736069 -909.573975 25.584381
v -257.243256 -909.573975 38.353001
v -150.579361 -909.573975 -64.607689
v -143.019043 -909.573975 -78.854553
v -167.405090 -909.573975 -78.915207
v -242.953171 -909.573975 33.984581
v -234.398865 -909.573975 29.508869
v -228.061005 -909.573975 45.703213
v -218.046555 -909.573975 33.327267
v -244.964645 -909.573975 41.597324
v -116.390427 -909.573975 -64.275444
v -118.611580 -909.573975 -78.597137
v -210.844925 -909.573975 49.508308
v -200.657715 -909.573975 37.025288
v -96.451759 -909.573975 -63.916451
v -84.135963 -909.573975 -77.929596
v -76.515442 -909.573975 -63.444649
v -191.799438 -909.573975 53.328346
v -182.309113 -909.573975 40.569965
v -73.903831 -909.573975 -63.195045
v -71.351280 -909.573975 -62.589001
v -47.052620 -909.573975 -76.851959
v -68.906204 -909.573975 -61.638008
v -66.614967 -909.573975 -60.360104
v -64.521034 -909.573975 -58.779526
v -62.664112 -909.573975 -56.926250
v -61.079422 -909.573975 -54.835426
v -171.556274 -909.573975 56.991035
v -163.179138 -909.573975 43.915337
v -59.797016 -909.573975 -52.546711
v -150.331802 -909.573975 60.432308
v -143.302948 -909.573975 47.044266
v -33.916862 -909.573975 -39.732021
v -58.841217 -909.573975 -50.103504
v -58.230156 -909.573975 -47.552155
v -36.819050 -909.573975 -36.819050
v -57.975418 -909.573975 -44.941044
v -58.081837 -909.573975 -42.319695
v -39.887936 -909.573975 -33.469952
v -58.547394 -909.573975 -39.737823
v -30.794718 -909.573975 -42.407894
v -42.653248 -909.573975 -29.866125
v -59.363262 -909.573975 -37.244400
v -27.471930 -909.573975 -44.830116
v -45.093945 -909.573975 -26.035000
v -60.513962 -909.573975 -34.886715
v -62.864899 -909.573975 -30.447117
v -23.586449 -909.573975 -46.990696
v -47.191448 -909.573975 -22.005733
v -64.890663 -909.573975 -25.850027
v -19.532331 -909.573975 -48.815308
v -7.555584 -909.573975 -75.347183
v -48.929794 -909.573975 -17.808989
v -66.580780 -909.573975 -21.119228
v -15.338564 -909.573975 -50.290897
v -128.216873 -909.573975 63.618439
v -126.213348 -909.573975 49.471901
v -50.295757 -909.573975 -13.476707
v -67.926506 -909.573975 -16.279190
v -11.035129 -909.573975 -51.406925
v -51.278938 -909.573975 -9.041861
v -68.920883 -909.573975 -11.354947
v -6.652795 -909.573975 -52.155407
v -51.871857 -909.573975 -4.538199
v -69.558754 -909.573975 -6.371969
v -69.836838 -909.573975 -1.356032
v -2.222896 -909.573975 -52.530991
v -104.832451 -909.573975 52.186703
v -52.070000 -909.573975 0.000000
v -69.753685 -909.573975 3.666919
v 2.222896 -909.573975 -52.530991
v -51.871857 -909.573975 4.538199
v -69.309723 -909.573975 8.670902
v 6.652795 -909.573975 -52.155407
v -51.278938 -909.573975 9.041861
v -68.507263 -909.573975 13.630035
v 11.035129 -909.573975 -51.406925
v -105.324982 -909.573975 66.515755
v 35.827595 -909.573975 -73.327110
v -50.295757 -909.573975 13.476707
v -67.350441 -909.573975 18.518667
v -65.845245 -909.573975 23.311510
v 15.338564 -909.573975 -50.290897
v -48.929794 -909.573975 17.808989
v -63.999462 -909.573975 27.983772
v 19.532331 -909.573975 -48.815308
v -83.411476 -909.573975 54.564857
v -47.191448 -909.573975 22.005733
v -63.110058 -909.573975 30.476889
v 23.586449 -909.573975 -46.990696
v -45.093945 -909.573975 26.035000
v -62.574825 -909.573975 33.069221
v 27.471930 -909.573975 -44.830116
v -81.881393 -909.573975 69.083336
v -80.765945 -909.573975 54.653286
v -78.133690 -909.573975 54.374149
v -75.565544 -909.573975 53.732834
v -73.111084 -909.573975 52.741730
v -42.653248 -909.573975 29.866125
v -62.404095 -909.573975 35.710720
v -62.601166 -909.573975 38.350384
v 30.794718 -909.573975 -42.407894
v -39.887936 -909.573975 33.469952
v -63.162231 -909.573975 40.937252
v 33.916862 -909.573975 -39.732021
v -36.819050 -909.573975 36.819050
v -64.076454 -909.573975 43.421371
v -33.916862 -909.573975 39.732021
v -65.326195 -909.573975 45.754787
v -57.850372 -909.573975 71.316833
v -70.817696 -909.573975 51.419968
v -68.729668 -909.573975 49.793068
v -66.887314 -909.573975 47.892441
v -30.794718 -909.573975 42.407894
v 65.611275 -909.573975 -49.269070
v 67.365929 -909.573975 -51.213802
v 69.370750 -909.573975 -52.899460
v 64.139969 -909.573975 -47.102036
v 71.587852 -909.573975 -54.294182
v 84.205284 -909.573975 -70.694771
v 62.979824 -909.573975 -44.753666
v 36.819050 -909.573975 -36.819050
v 73.975311 -909.573975 -55.371593
v 62.152775 -909.573975 -42.268353
v 39.887936 -909.573975 -33.469952
v 76.487999 -909.573975 -56.111332
v 61.674458 -909.573975 -39.693089
v 79.078400 -909.573975 -56.499413
v 61.553913 -909.573975 -37.076553
v 42.653248 -909.573975 -29.866125
v 81.697548 -909.573975 -56.528492
v 61.793423 -909.573975 -34.468216
v 45.093945 -909.573975 -26.035000
v 62.388458 -909.573975 -31.917389
v 47.191448 -909.573975 -22.005733
v 63.327770 -909.573975 -29.472296
v -33.317135 -909.573975 73.198647
v -15.338564 -909.573975 50.290897
v -19.532331 -909.573975 48.815308
v -23.586449 -909.573975 46.990696
v -27.471930 -909.573975 44.830116
v 65.309296 -909.573975 -24.773348
v 48.929794 -909.573975 -17.808989
v 66.942703 -909.573975 -19.942352
v 50.295757 -909.573975 -13.476707
v 68.219284 -909.573975 -15.005058
v 51.278938 -909.573975 -9.041861
v 69.132240 -909.573975 -9.987782
v 51.871857 -909.573975 -4.538199
v 69.676704 -909.573975 -4.917269
v 52.070000 -909.573975 0.000000
v -8.357798 -909.573975 74.715141
v 2.222896 -909.573975 52.530991
v -2.222896 -909.573975 52.530991
v -6.652795 -909.573975 52.155407
v -11.035129 -909.573975 51.406925
v 69.849770 -909.573975 0.179454
v 69.650520 -909.573975 5.275221
v 51.871857 -909.573975 4.538199
v 69.080009 -909.573975 10.342870
v 51.278938 -909.573975 9.041861
v 135.419876 -909.573975 -53.244209
v 142.675720 -909.573975 -67.093620
v 68.141281 -909.573975 15.355389
v 50.295757 -909.573975 13.476707
v 66.839348 -909.573975 20.286058
v 48.929794 -909.573975 17.808989
v 65.181137 -909.573975 25.108599
v 47.191448 -909.573975 22.005733
v 17.068687 -909.573975 75.861511
v 19.532331 -909.573975 48.815308
v 15.338564 -909.573975 50.290897
v 11.035129 -909.573975 51.406925
v 6.652795 -909.573975 52.155407
v 63.175495 -909.573975 29.797302
v 60.833111 -909.573975 34.327179
v 45.093945 -909.573975 26.035000
v 59.696972 -909.573975 36.713718
v 42.653248 -909.573975 29.866125
v 58.902103 -909.573975 39.234543
v 39.887936 -909.573975 33.469952
v 58.463806 -909.573975 41.841129
v 58.390518 -909.573975 44.483288
v 36.819050 -909.573975 36.819050
v 58.683655 -909.573975 47.110161
v 33.916862 -909.573975 39.732021
v 59.337563 -909.573975 49.671173
v 32.751076 -909.573975 76.372536
v 27.471930 -909.573975 44.830116
v 23.586449 -909.573975 46.990696
v 48.563446 -909.573975 68.863388
v 60.339661 -909.573975 52.117023
v 61.670658 -909.573975 54.400623
v 30.794718 -909.573975 42.407894
v 63.304928 -909.573975 56.478012
v 48.447186 -909.573975 76.736534
v 61.262062 -909.573975 69.050911
v 65.211006 -909.573975 58.309200
v 67.352203 -909.573975 59.858929
v 69.687294 -909.573975 61.097366
v 72.171333 -909.573975 62.000671
v 74.756485 -909.573975 62.551453
v 61.145802 -909.573975 76.924057
v 189.123932 -909.573975 -49.672520
v 201.246216 -909.573975 -63.158985
v 200.700378 -909.573975 -55.303928
v 213.369812 -909.573975 -54.423523
v 87.311661 -909.573975 77.014496
v 98.297417 -909.573975 62.647552
v 77.392990 -909.573975 62.739109
v 113.486397 -909.573975 76.716072
v 119.199318 -909.573975 62.309574
v 140.431381 -909.573975 76.014214
v 143.675003 -909.573975 61.606670
v 167.646606 -909.573975 74.907448
v 168.358932 -909.573975 60.568909
v 295.455261 -909.573975 -42.185104
v 213.915665 -909.573975 -62.278580
v 310.129333 -909.573975 -55.470024
v 195.159195 -909.573975 73.390465
v 193.320847 -909.573975 59.189659
v 218.461899 -909.573975 57.471836
v 223.062180 -909.573975 71.451912
v 243.855347 -909.573975 55.406826
v 251.092545 -909.573975 69.105026
v 269.542603 -909.573975 52.986843
v 360.746399 -909.573975 -37.631615
v 363.004028 -909.573975 -51.798637
v 279.455444 -909.573975 66.331696
v 295.367004 -909.573975 50.224747
v 395.026794 -909.573975 -35.348709
v 406.212799 -909.573975 -48.944920
v 308.072632 -909.573975 63.134159
v 321.516663 -909.573975 47.095634
v 331.065613 -909.573975 60.278927
v 347.952667 -909.573975 43.599533
v 426.058197 -909.573975 -33.386242
v 428.668091 -909.573975 -33.043968
v 352.909790 -909.573975 49.383892
v 455.726440 -909.573975 -45.940582
v 435.873688 -909.573975 -29.938103
v 437.914551 -909.573975 -28.275730
v 433.623138 -909.573975 -31.303282
v 431.205872 -909.573975 -32.345200
v 354.026794 -909.573975 57.178265
v 365.481354 -909.573975 47.582294
v 439.706818 -909.573975 -26.347900
v 374.754333 -909.573975 39.720989
v 441.216217 -909.573975 -24.191422
v 366.598358 -909.573975 55.376667
v 467.396637 -909.573975 -21.211720
v 469.556152 -909.573975 -23.580595
v 442.413940 -909.573975 -21.847466
v 471.990417 -909.573975 -25.666138
v 465.544586 -909.573975 -18.595421
v 443.277130 -909.573975 -19.360785
v 396.297272 -909.573975 50.834530
v 402.280884 -909.573975 35.395390
v 474.662506 -909.573975 -27.436729
v 464.028107 -909.573975 -15.771357
v 443.789307 -909.573975 -16.778854
v 477.531921 -909.573975 -28.865534
v 462.870148 -909.573975 -12.782339
v 443.940674 -909.573975 -14.150971
v 480.555176 -909.573975 -29.930889
v 462.088287 -909.573975 -9.673677
v 443.728363 -909.573975 -11.527308
v 483.686462 -909.573975 -30.616648
v 461.694366 -909.573975 -6.492497
v 443.327179 -909.573975 -7.827604
v 443.236877 -909.573975 -4.107307
v 499.046753 -909.573975 -43.639641
v 486.878265 -909.573975 -30.912411
v 461.694366 -909.573975 -3.287021
v 443.458099 -909.573975 -0.392496
v 490.082214 -909.573975 -30.813698
v 462.088287 -909.573975 -0.105840
v 443.989258 -909.573975 3.290794
v 444.826660 -909.573975 6.916745
v 493.249756 -909.573975 -30.322004
v 462.870148 -909.573975 3.002821
v 445.350159 -909.573975 9.506895
v 496.332855 -909.573975 -29.444784
v 464.028107 -909.573975 5.991839
v 445.510193 -909.573975 12.144569
v 499.284790 -909.573975 -28.195335
v 425.957520 -909.573975 45.903488
v 432.318420 -909.573975 30.103792
v 429.753632 -909.573975 30.739958
v 434.770508 -909.573975 29.118826
v 465.544586 -909.573975 8.815903
v 445.303680 -909.573975 14.779012
v 502.060822 -909.573975 -26.592596
v 467.396637 -909.573975 11.432202
v 444.734619 -909.573975 17.359533
v 504.618835 -909.573975 -24.660866
v 469.556152 -909.573975 13.801078
v 443.813934 -909.573975 19.836477
v 537.656494 -909.573975 -41.930359
v 506.920105 -909.573975 -22.429424
v 456.413422 -909.573975 40.441517
v 477.531921 -909.573975 19.086016
v 474.662506 -909.573975 17.657213
v 471.990417 -909.573975 15.886620
v 437.062714 -909.573975 27.804014
v 439.150940 -909.573975 26.184652
v 440.994965 -909.573975 24.291903
v 442.559326 -909.573975 22.162184
v 536.068604 -909.573975 -21.463987
v 508.929688 -909.573975 -19.932100
v 537.842773 -909.573975 -23.208191
v 534.570557 -909.573975 -19.477549
v 510.617157 -909.573975 -17.206749
v 539.854431 -909.573975 -24.672138
v 533.381348 -909.573975 -17.292183
v 511.956909 -909.573975 -14.294685
v 542.059753 -909.573975 -25.823910
v 532.526917 -909.573975 -14.955531
v 512.928650 -909.573975 -11.240052
v 544.410645 -909.573975 -26.638399
v 532.025879 -909.573975 -12.518536
v 546.855835 -909.573975 -27.097849
v 531.889099 -909.573975 -10.034324
v 513.517639 -909.573975 -8.089155
v 487.493408 -909.573975 34.465397
v 496.332855 -909.573975 19.665266
v 493.249756 -909.573975 20.542486
v 490.082214 -909.573975 21.034180
v 486.878265 -909.573975 21.132893
v 483.686462 -909.573975 20.837130
v 480.555176 -909.573975 20.151371
v 549.342041 -909.573975 -27.192244
v 532.119629 -909.573975 -7.557054
v 513.715027 -909.573975 -4.889759
v 532.712402 -909.573975 -5.140731
v 513.517639 -909.573975 -1.690362
v 533.654541 -909.573975 -2.838035
v 512.928650 -909.573975 1.460535
v 572.510498 -909.573975 -40.733749
v 534.925476 -909.573975 -0.699165
v 511.956909 -909.573975 4.515168
v 536.497498 -909.573975 1.229251
v 510.617157 -909.573975 7.427232
v 519.154175 -909.573975 27.974920
v 499.284790 -909.573975 18.415817
v 538.336304 -909.573975 2.905170
v 540.401855 -909.573975 4.292058
v 508.929688 -909.573975 10.152583
v 506.920105 -909.573975 12.649907
v 504.618835 -909.573975 14.881349
v 502.060822 -909.573975 16.813080
v 542.649109 -909.573975 5.359678
v 577.943542 -909.573975 -26.288744
v 604.055542 -909.573975 -39.997967
v 551.485046 -909.573975 20.942928
v 545.029114 -909.573975 6.084755
v 547.489929 -909.573975 6.451483
v 549.977905 -909.573975 6.451867
v 552.438782 -909.573975 6.085898
v 606.552551 -909.573975 -25.666574
v 608.472046 -909.573975 -25.436598
v 610.303894 -909.573975 -24.818722
v 631.067993 -909.573975 -39.684963
v 611.970581 -909.573975 -23.839090
v 613.401489 -909.573975 -22.539158
v 614.536194 -909.573975 -20.973932
v 615.326599 -909.573975 -19.209650
v 584.452759 -909.573975 13.368089
v 580.569336 -909.573975 -0.395638
v 615.739258 -909.573975 -17.320965
v 608.637573 -909.573975 -7.142005
v 618.594360 -909.573975 5.120811
v 610.457947 -909.573975 -7.792925
v 612.106567 -909.573975 -8.802552
v 613.513794 -909.573975 -10.128161
v 614.619995 -909.573975 -11.713659
v 615.378296 -909.573975 -13.491956
v 658.153137 -909.573975 -31.840300
v 658.060852 -909.573975 -39.713760
v 654.080933 -909.573975 -3.855539
v 615.756775 -909.573975 -15.387798
v 690.371338 -909.573975 -13.440567
v 718.781006 -909.573975 -21.262569
v 742.265320 -909.573975 -28.076904
v 753.904846 -909.573975 -31.609753
v 767.884460 -909.573975 -35.982288
v 792.104675 -909.573975 -47.337753
v 792.294189 -909.573975 -45.383633
v 792.450012 -909.573975 -43.776669
v 814.635071 -909.573975 -51.803669
v 375.957764 -910.319641 53.988388
v 375.957764 -910.674683 53.988388
v 375.957764 -911.029724 53.988388
v 375.957764 -911.384766 53.988388
v 375.957764 -911.739807 53.988388
v 375.957764 -912.094910 53.988388
v 375.957764 -912.449951 53.988388
v 412.034424 -910.674683 48.266468
v 412.034424 -911.029724 48.266468
v 412.034424 -911.384766 48.266468
v 412.034424 -911.739807 48.266468
v 412.034424 -912.094910 48.266468
v 412.034424 -912.449951 48.266468
v 443.755371 -910.319641 42.759830
v 443.755371 -910.674683 42.759830
v 443.755371 -911.029724 42.759830
v 443.755371 -911.384766 42.759830
v 443.755371 -911.739807 42.759830
v 443.755371 -912.094910 42.759830
v 443.755371 -912.449951 42.759830
v 472.573914 -910.674683 37.384003
v 472.573914 -911.029724 37.384003
v 472.573914 -911.384766 37.384003
v 472.573914 -911.739807 37.384003
v 472.573914 -912.094910 37.384003
v 472.573914 -912.449951 37.384003
v 497.059601 -910.319641 32.546345
v 497.059601 -910.674683 32.546345
v 497.059601 -911.029724 32.546345
v 497.059601 -911.384766 32.546345
v 497.059601 -911.739807 32.546345
v 497.059601 -912.094910 32.546345
v 497.059601 -912.449951 32.546345
v 530.161987 -910.319641 25.626005
v 530.161987 -910.674683 25.626005
v 530.161987 -911.029724 25.626005
v 530.161987 -911.384766 25.626005
v 530.161987 -911.739807 25.626005
v 530.161987 -912.094910 25.626005
v 530.161987 -912.449951 25.626005
v 573.285767 -910.674683 15.978166
v 573.285767 -911.029724 15.978166
v 573.285767 -911.384766 15.978166
v 573.285767 -911.739807 15.978166
v 573.285767 -912.094910 15.978166
v 573.285767 -912.449951 15.978166
v 619.282776 -909.609497 4.950514
v 619.282776 -909.964539 4.950514
v 619.282776 -910.319641 4.950514
v 619.282776 -910.674683 4.950514
v 619.282776 -911.029724 4.950514
v 619.282776 -911.384766 4.950514
v 619.282776 -911.739807 4.950514
v 619.282776 -912.094910 4.950514
v 619.282776 -912.449951 4.950514
v 656.609253 -911.384766 -4.510247
v 656.609253 -911.739807 -4.510247
v 656.609253 -912.094910 -4.510247
v 656.609253 -912.449951 -4.510247
v 698.125061 -910.319641 -15.542008
v 698.125061 -910.674683 -15.542008
v 698.125061 -911.029724 -15.542008
v 698.125061 -911.384766 -15.542008
v 698.125061 -911.739807 -15.542008
v 698.125061 -912.094910 -15.542008
v 698.125061 -912.449951 -15.542008
v 734.409241 -910.674683 -25.753103
v 734.409241 -911.029724 -25.753103
v 734.409241 -911.384766 -25.753103
v 734.409241 -911.739807 -25.753103
v 734.409241 -912.094910 -25.753103
v 734.409241 -912.449951 -25.753103
v 749.333374 -910.674683 -30.209127
v 749.333374 -911.029724 -30.209127
v 749.333374 -911.384766 -30.209127
v 749.333374 -911.739807 -30.209127
v 749.333374 -912.094910 -30.209127
v 749.333374 -912.449951 -30.209127
v 783.469238 -910.674683 -40.943634
v 783.469238 -911.029724 -40.943634
v 783.469238 -911.384766 -40.943634
v 783.469238 -911.739807 -40.943634
v 783.469238 -912.094910 -40.943634
v 783.469238 -912.449951 -40.943634
v 65.257912 -910.319641 76.964493
v 65.257912 -909.964539 76.964493
v 65.257912 -910.674683 76.964493
v 65.257912 -911.029724 76.964493
v 65.257912 -911.384766 76.964493
v 65.257912 -911.739807 76.964493
v 65.257912 -912.094910 76.964493
v 65.257912 -912.449951 76.964493
v 79.663528 -909.964539 77.028816
v 79.663528 -910.319641 77.028816
v 79.663528 -910.674683 77.028816
v 79.663528 -911.029724 77.028816
v 79.663528 -911.384766 77.028816
v 79.663528 -911.739807 77.028816
v 79.663528 -912.094910 77.028816
v 79.663528 -912.449951 77.028816
v 102.740761 -910.674683 76.884750
v 102.740761 -911.029724 76.884750
v 102.740761 -911.384766 76.884750
v 102.740761 -911.739807 76.884750
v 102.740761 -912.094910 76.884750
v 102.740761 -912.449951 76.884750
v 127.290573 -910.674683 76.406067
v 127.290573 -911.029724 76.406067
v 127.290573 -911.384766 76.406067
v 127.290573 -911.739807 76.406067
v 127.290573 -912.094910 76.406067
v 127.290573 -912.449951 76.406067
v 160.535477 -911.029724 75.234634
v 160.535477 -911.384766 75.234634
v 160.535477 -911.739807 75.234634
v 160.535477 -912.094910 75.234634
v 160.535477 -912.449951 75.234634
v 190.905441 -909.964539 73.650833
v 190.905441 -910.319641 73.650833
v 190.905441 -910.674683 73.650833
v 190.905441 -911.029724 73.650833
v 190.905441 -911.384766 73.650833
v 190.905441 -911.739807 73.650833
v 190.905441 -912.094910 73.650833
v 190.905441 -912.449951 73.650833
v 219.836914 -911.029724 71.696404
v 219.836914 -911.384766 71.696404
v 219.836914 -911.739807 71.696404
v 219.836914 -912.094910 71.696404
v 219.836914 -912.449951 71.696404
v 248.770599 -911.384766 69.314453
v 248.770599 -911.739807 69.314453
v 248.770599 -912.094910 69.314453
v 248.770599 -912.449951 69.314453
v 274.806305 -911.029724 66.813370
v 274.806305 -911.384766 66.813370
v 274.806305 -911.739807 66.813370
v 274.806305 -912.094910 66.813370
v 274.806305 -912.449951 66.813370
v 310.950958 -909.964539 62.790565
v 310.950958 -910.319641 62.790565
v 310.950958 -910.674683 62.790565
v 310.950958 -911.029724 62.790565
v 310.950958 -911.384766 62.790565
v 310.950958 -911.739807 62.790565
v 310.950958 -912.094910 62.790565
v 310.950958 -912.449951 62.790565
v 334.073242 -909.964539 59.886875
v 334.073242 -910.319641 59.886875
v 334.073242 -910.674683 59.886875
v 334.073242 -911.029724 59.886875
v 334.073242 -911.384766 59.886875
v 334.073242 -911.739807 59.886875
v 334.073242 -912.094910 59.886875
v 334.073242 -912.449951 59.886875
v -235.417679 -910.319641 43.964264
v -235.417679 -910.674683 43.964264
v -235.417679 -911.029724 43.964264
v -235.417679 -911.384766 43.964264
v -235.417679 -911.739807 43.964264
v -235.417679 -912.094910 43.964264
v -235.417679 -912.449951 43.964264
v -215.500748 -911.029724 48.514133
v -215.500748 -911.384766 48.514133
v -215.500748 -911.739807 48.514133
v -215.500748 -912.094910 48.514133
v -215.500748 -912.449951 48.514133
v -196.581268 -910.319641 52.404881
v -196.581268 -910.674683 52.404881
v -196.581268 -911.029724 52.404881
v -196.581268 -911.384766 52.404881
v -196.581268 -911.739807 52.404881
v -196.581268 -912.094910 52.404881
v -196.581268 -912.449951 52.404881
v -177.416016 -911.029724 55.970608
v -177.416016 -911.384766 55.970608
v -177.416016 -911.739807 55.970608
v -177.416016 -912.094910 55.970608
v -177.416016 -912.449951 55.970608
v -160.830612 -910.674683 58.778805
v -160.830612 -911.029724 58.778805
v -160.830612 -911.384766 58.778805
v -160.830612 -911.739807 58.778805
v -160.830612 -912.094910 58.778805
v -160.830612 -912.449951 58.778805
v -144.127045 -910.319641 61.366112
v -144.127045 -910.674683 61.366112
v -144.127045 -911.029724 61.366112
v -144.127045 -911.384766 61.366112
v -144.127045 -911.739807 61.366112
v -144.127045 -912.094910 61.366112
v -144.127045 -912.449951 61.366112
v -113.266350 -910.674683 65.555466
v -113.266350 -911.029724 65.555466
v -113.266350 -911.384766 65.555466
v -113.266350 -911.739807 65.555466
v -113.266350 -912.094910 65.555466
v -113.266350 -912.449951 65.555466
v -99.157082 -910.319641 67.229492
v -99.157082 -910.674683 67.229492
v -99.157082 -911.029724 67.229492
v -99.157082 -911.384766 67.229492
v -99.157082 -911.739807 67.229492
v -99.157082 -912.094910 67.229492
v -99.157082 -912.449951 67.229492
v -73.656052 -910.319641 69.892357
v -73.656052 -910.674683 69.892357
v -73.656052 -911.029724 69.892357
v -73.656052 -911.384766 69.892357
v -73.656052 -911.739807 69.892357
v -73.656052 -912.094910 69.892357
v -73.656052 -912.449951 69.892357
v -49.465611 -910.319641 72.004433
v -49.465611 -910.674683 72.004433
v -49.465611 -911.029724 72.004433
v -49.465611 -911.384766 72.004433
v -49.465611 -911.739807 72.004433
v -49.465611 -912.094910 72.004433
v -49.465611 -912.449951 72.004433
v -28.048620 -909.964539 73.551743
v -28.048620 -910.319641 73.551743
v -28.048620 -910.674683 73.551743
v -28.048620 -911.029724 73.551743
v -28.048620 -911.384766 73.551743
v -28.048620 -911.739807 73.551743
v -28.048620 -912.094910 73.551743
v -28.048620 -912.449951 73.551743
v 6.327869 -910.674683 75.425545
v 6.327869 -911.029724 75.425545
v 6.327869 -911.384766 75.425545
v 6.327869 -911.739807 75.425545
v 6.327869 -912.094910 75.425545
v 6.327869 -912.449951 75.425545
v 20.681637 -911.029724 75.992393
v 20.681637 -911.384766 75.992393
v 20.681637 -911.739807 75.992393
v 20.681637 -912.094910 75.992393
v 20.681637 -912.449951 75.992393
v 45.112240 -911.029724 76.671471
v 45.112240 -911.384766 76.671471
v 45.112240 -911.739807 76.671471
v 45.112240 -912.094910 76.671471
v 45.112240 -912.449951 76.671471
v -401.322998 -912.840515 -46.738647
v -400.318756 -909.964539 -44.040520
v -400.318756 -910.319641 -44.040520
v -400.318756 -910.674683 -44.040520
v -400.318756 -911.029724 -44.040520
v -400.318756 -911.384766 -44.040520
v -400.318756 -911.739807 -44.040520
v -400.318756 -912.094910 -44.040520
v -400.318756 -912.449951 -44.040520
v -400.318756 -912.840515 -44.040520
v -399.022278 -909.964539 -41.319771
v -399.022278 -910.319641 -41.319771
v -399.022278 -910.674683 -41.319771
v -399.022278 -911.029724 -41.319771
v -399.022278 -911.384766 -41.319771
v -399.022278 -911.739807 -41.319771
v -399.022278 -912.094910 -41.319771
v -399.022278 -912.449951 -41.319771
v -396.367126 -910.319641 -36.810154
v -396.367126 -910.674683 -36.810154
v -396.367126 -911.029724 -36.810154
v -396.367126 -911.384766 -36.810154
v -396.367126 -911.739807 -36.810154
v -396.367126 -912.094910 -36.810154
v -396.367126 -912.449951 -36.810154
v -392.586212 -910.674683 -31.602358
v -392.586212 -911.029724 -31.602358
v -392.586212 -911.384766 -31.602358
v -392.586212 -911.739807 -31.602358
v -392.586212 -912.094910 -31.602358
v -392.586212 -912.449951 -31.602358
v -389.969757 -910.674683 -28.483809
v -389.969757 -910.319641 -28.483809
v -389.969757 -911.029724 -28.483809
v -389.969757 -911.384766 -28.483809
v -389.969757 -911.739807 -28.483809
v -389.969757 -912.094910 -28.483809
v -389.969757 -912.449951 -28.483809
v -386.809357 -909.964539 -25.061819
v -386.809357 -910.319641 -25.061819
v -386.809357 -910.674683 -25.061819
v -386.809357 -911.029724 -25.061819
v -386.809357 -911.384766 -25.061819
v -386.809357 -911.739807 -25.061819
v -386.809357 -912.094910 -25.061819
v -386.809357 -912.449951 -25.061819
v -381.848511 -909.964539 -20.246229
v -381.848511 -910.319641 -20.246229
v -381.848511 -910.674683 -20.246229
v -381.848511 -911.029724 -20.246229
v -381.848511 -911.384766 -20.246229
v -381.848511 -911.739807 -20.246229
v -381.848511 -912.094910 -20.246229
v -381.848511 -912.449951 -20.246229
v -376.378876 -910.319641 -15.517322
v -376.378876 -909.964539 -15.517322
v -376.378876 -910.674683 -15.517322
v -376.378876 -911.029724 -15.517322
v -376.378876 -911.384766 -15.517322
v -376.378876 -911.739807 -15.517322
v -376.378876 -912.094910 -15.517322
v -376.378876 -912.449951 -15.517322
v -372.013580 -909.964539 -12.077231
v -372.013580 -910.319641 -12.077231
v -372.013580 -910.674683 -12.077231
v -372.013580 -911.029724 -12.077231
v -372.013580 -911.384766 -12.077231
v -372.013580 -911.739807 -12.077231
v -372.013580 -912.094910 -12.077231
v -372.013580 -912.449951 -12.077231
v -367.136078 -910.319641 -8.515894
v -367.136078 -910.674683 -8.515894
v -367.136078 -911.029724 -8.515894
v -367.136078 -911.384766 -8.515894
v -367.136078 -911.739807 -8.515894
v -367.136078 -912.094910 -8.515894
v -367.136078 -912.449951 -8.515894
v -360.205627 -910.319641 -3.875695
v -360.205627 -910.674683 -3.875695
v -360.205627 -911.029724 -3.875695
v -360.205627 -911.384766 -3.875695
v -360.205627 -911.739807 -3.875695
v -360.205627 -912.094910 -3.875695
v -360.205627 -912.449951 -3.875695
v -352.455841 -910.319641 0.843196
v -352.455841 -910.674683 0.843196
v -352.455841 -911.029724 0.843196
v -352.455841 -911.384766 0.843196
v -352.455841 -911.739807 0.843196
v -352.455841 -912.094910 0.843196
v -352.455841 -912.449951 0.843196
v -341.591309 -910.319641 6.799084
v -341.591309 -910.674683 6.799084
v -341.591309 -911.029724 6.799084
v -341.591309 -911.384766 6.799084
v -341.591309 -911.739807 6.799084
v -341.591309 -912.094910 6.799084
v -341.591309 -912.449951 6.799084
v -328.662292 -911.029724 13.101363
v -328.662292 -911.384766 13.101363
v -328.662292 -911.739807 13.101363
v -328.662292 -912.094910 13.101363
v -328.662292 -912.449951 13.101363
v -319.125092 -909.964539 17.309551
v -319.125092 -910.319641 17.309551
v -319.125092 -910.674683 17.309551
v -319.125092 -911.029724 17.309551
v -319.125092 -911.384766 17.309551
v -319.125092 -911.739807 17.309551
v -319.125092 -912.094910 17.309551
v -319.125092 -912.449951 17.309551
v -309.182709 -909.964539 21.359936
v -309.182709 -910.319641 21.359936
v -309.182709 -910.674683 21.359936
v -309.182709 -911.029724 21.359936
v -309.182709 -911.384766 21.359936
v -309.182709 -911.739807 21.359936
v -309.182709 -912.094910 21.359936
v -309.182709 -912.449951 21.359936
v -291.850006 -910.319641 27.725876
v -291.850006 -910.674683 27.725876
v -291.850006 -911.029724 27.725876
v -291.850006 -911.384766 27.725876
v -291.850006 -911.739807 27.725876
v -291.850006 -912.094910 27.725876
v -291.850006 -912.449951 27.725876
v -279.096497 -910.319641 31.929247
v -279.096497 -910.674683 31.929247
v -279.096497 -911.029724 31.929247
v -279.096497 -911.384766 31.929247
v -279.096497 -911.739807 31.929247
v -279.096497 -912.094910 31.929247
v -279.096497 -912.449951 31.929247
v -266.242889 -910.674683 35.816040
v -266.242889 -911.029724 35.816040
v -266.242889 -911.384766 35.816040
v -266.242889 -911.739807 35.816040
v -266.242889 -912.094910 35.816040
v -266.242889 -912.449951 35.816040
v -194.692322 -910.698853 -78.725533
v -194.692322 -911.061707 -78.725533
v -194.692322 -911.424561 -78.725533
v -194.692322 -911.787415 -78.725533
v -194.692322 -912.150269 -78.725533
v -194.692322 -912.513123 -78.725533
v -233.012878 -911.061707 -77.945915
v -233.012878 -911.424561 -77.945915
v -233.012878 -911.787415 -77.945915
v -233.012878 -912.150269 -77.945915
v -233.012878 -912.513123 -77.945915
v -264.234528 -909.610291 -76.806351
v -264.234528 -909.973145 -76.806351
v -264.234528 -910.335999 -76.806351
v -264.234528 -910.698853 -76.806351
v -264.234528 -911.061707 -76.806351
v -264.234528 -911.424561 -76.806351
v -264.234528 -911.787415 -76.806351
v -264.234528 -912.150269 -76.806351
v -264.234528 -912.513123 -76.806351
v -284.297638 -909.973145 -75.791893
v -284.297638 -910.335999 -75.791893
v -284.297638 -910.698853 -75.791893
v -284.297638 -911.061707 -75.791893
v -284.297638 -911.424561 -75.791893
v -284.297638 -911.787415 -75.791893
v -284.297638 -912.150269 -75.791893
v -284.297638 -912.513123 -75.791893
v -308.967957 -909.973145 -74.167000
v -308.967957 -910.335999 -74.167000
v -308.967957 -910.698853 -74.167000
v -308.967957 -911.061707 -74.167000
v -308.967957 -911.424561 -74.167000
v -308.967957 -911.787415 -74.167000
v -308.967957 -912.150269 -74.167000
v -308.967957 -912.513123 -74.167000
v -328.640747 -910.335999 -72.482140
v -328.640747 -910.698853 -72.482140
v -328.640747 -911.061707 -72.482140
v -328.640747 -911.424561 -72.482140
v -328.640747 -911.787415 -72.482140
v -328.640747 -912.150269 -72.482140
v -328.640747 -912.513123 -72.482140
v -351.118195 -910.698853 -69.961395
v -351.118195 -911.061707 -69.961395
v -351.118195 -911.424561 -69.961395
v -351.118195 -911.787415 -69.961395
v -351.118195 -912.150269 -69.961395
v -351.118195 -912.513123 -69.961395
v -365.133759 -910.335999 -67.885384
v -365.133759 -910.698853 -67.885384
v -365.133759 -911.061707 -67.885384
v -365.133759 -911.424561 -67.885384
v -365.133759 -911.787415 -67.885384
v -365.133759 -912.150269 -67.885384
v -365.133759 -912.513123 -67.885384
v -372.866089 -910.698853 -66.468887
v -372.866089 -911.061707 -66.468887
v -372.866089 -911.424561 -66.468887
v -372.866089 -911.787415 -66.468887
v -372.866089 -912.150269 -66.468887
v -372.866089 -912.513123 -66.468887
v -379.146942 -911.061707 -65.113579
v -379.146942 -911.424561 -65.113579
v -379.146942 -911.787415 -65.113579
v -379.146942 -912.150269 -65.113579
v -379.146942 -912.513123 -65.113579
v -385.711304 -909.973145 -63.420849
v -385.711304 -910.335999 -63.420849
v -385.711304 -910.698853 -63.420849
v -385.711304 -911.061707 -63.420849
v -385.711304 -911.424561 -63.420849
v -385.711304 -911.787415 -63.420849
v -385.711304 -912.150269 -63.420849
v -385.711304 -912.513123 -63.420849
v -392.288818 -910.335999 -61.305317
v -392.288818 -910.698853 -61.305317
v -392.288818 -911.061707 -61.305317
v -392.288818 -911.424561 -61.305317
v -392.288818 -911.787415 -61.305317
v -392.288818 -912.150269 -61.305317
v -392.288818 -912.513123 -61.305317
v -396.616882 -910.698853 -59.421021
v -396.616882 -911.061707 -59.421021
v -396.616882 -911.424561 -59.421021
v -396.616882 -911.787415 -59.421021
v -396.616882 -912.150269 -59.421021
v -396.616882 -912.513123 -59.421021
v -399.861847 -909.973145 -57.400669
v -399.861847 -910.335999 -57.400669
v -399.861847 -910.698853 -57.400669
v -399.861847 -911.061707 -57.400669
v -399.861847 -911.424561 -57.400669
v -399.861847 -911.787415 -57.400669
v -399.861847 -912.150269 -57.400669
v -399.861847 -912.513123 -57.400669
v 197.114883 -911.424561 -63.444344
v 197.114883 -911.787415 -63.444344
v 197.114883 -912.150269 -63.444344
v 197.114883 -912.513123 -63.444344
v 157.442261 -909.973145 -66.126869
v 157.442261 -910.335999 -66.126869
v 157.442261 -910.698853 -66.126869
v 157.442261 -911.061707 -66.126869
v 157.442261 -911.424561 -66.126869
v 157.442261 -911.787415 -66.126869
v 157.442261 -912.150269 -66.126869
v 157.442261 -912.513123 -66.126869
v 116.461067 -910.335999 -68.756493
v 116.461067 -910.698853 -68.756493
v 116.461067 -911.061707 -68.756493
v 116.461067 -911.424561 -68.756493
v 116.461067 -911.787415 -68.756493
v 116.461067 -912.150269 -68.756493
v 116.461067 -912.513123 -68.756493
v 84.031700 -909.610291 -70.704842
v 84.031700 -909.973145 -70.704842
v 84.031700 -910.335999 -70.704842
v 84.031700 -910.698853 -70.704842
v 84.031700 -911.061707 -70.704842
v 84.031700 -911.424561 -70.704842
v 84.031700 -911.787415 -70.704842
v 84.031700 -912.150269 -70.704842
v 84.031700 -912.513123 -70.704842
v 32.012119 -910.335999 -73.518570
v 32.012119 -909.973145 -73.518570
v 32.012119 -910.698853 -73.518570
v 32.012119 -911.061707 -73.518570
v 32.012119 -911.424561 -73.518570
v 32.012119 -911.787415 -73.518570
v 32.012119 -912.150269 -73.518570
v 32.012119 -912.513123 -73.518570
v -3.036736 -909.610291 -75.153687
v -3.036736 -909.973145 -75.153687
v -3.036736 -910.335999 -75.153687
v -3.036736 -910.698853 -75.153687
v -3.036736 -911.061707 -75.153687
v -3.036736 -911.424561 -75.153687
v -3.036736 -911.787415 -75.153687
v -3.036736 -912.150269 -75.153687
v -3.036736 -912.513123 -75.153687
v -39.400116 -911.061707 -76.587563
v -39.400116 -911.424561 -76.587563
v -39.400116 -911.787415 -76.587563
v -39.400116 -912.150269 -76.587563
v -39.400116 -912.513123 -76.587563
v -82.617546 -911.424561 -77.892494
v -82.617546 -911.787415 -77.892494
v -82.617546 -912.150269 -77.892494
v -82.617546 -912.513123 -77.892494
v -129.835114 -910.335999 -78.738747
v -129.835114 -910.698853 -78.738747
v -129.835114 -911.061707 -78.738747
v -129.835114 -911.424561 -78.738747
v -129.835114 -911.787415 -78.738747
v -129.835114 -912.150269 -78.738747
v -129.835114 -912.513123 -78.738747
v -165.786942 -911.424561 -78.917671
v -165.786942 -911.787415 -78.917671
v -165.786942 -912.150269 -78.917671
v -165.786942 -912.513123 -78.917671
v 649.110168 -910.698853 -39.663002
v 649.110168 -911.061707 -39.663002
v 649.110168 -911.424561 -39.663002
v 649.110168 -911.787415 -39.663002
v 649.110168 -912.150269 -39.663002
v 649.110168 -912.513123 -39.663002
v 609.474976 -909.973145 -39.910126
v 609.474976 -910.335999 -39.910126
v 609.474976 -910.698853 -39.910126
v 609.474976 -911.061707 -39.910126
v 609.474976 -911.424561 -39.910126
v 609.474976 -911.787415 -39.910126
v 609.474976 -912.150269 -39.910126
v 609.474976 -912.513123 -39.910126
v 579.211487 -909.973145 -40.547421
v 579.211487 -910.335999 -40.547421
v 579.211487 -910.698853 -40.547421
v 579.211487 -911.061707 -40.547421
v 579.211487 -911.424561 -40.547421
v 579.211487 -911.787415 -40.547421
v 579.211487 -912.150269 -40.547421
v 579.211487 -912.513123 -40.547421
v 527.888184 -911.061707 -42.327747
v 527.888184 -911.424561 -42.327747
v 527.888184 -911.787415 -42.327747
v 527.888184 -912.150269 -42.327747
v 527.888184 -912.513123 -42.327747
v 490.190063 -911.061707 -44.080044
v 490.190063 -911.424561 -44.080044
v 490.190063 -911.787415 -44.080044
v 490.190063 -912.150269 -44.080044
v 490.190063 -912.513123 -44.080044
v 459.355957 -909.973145 -45.734623
v 459.355957 -910.335999 -45.734623
v 459.355957 -910.698853 -45.734623
v 459.355957 -911.061707 -45.734623
v 459.355957 -911.424561 -45.734623
v 459.355957 -911.787415 -45.734623
v 459.355957 -912.150269 -45.734623
v 459.355957 -912.513123 -45.734623
v 459.355957 -912.839722 -45.734623
v 387.499878 -910.335999 -50.159225
v 387.499878 -910.698853 -50.159225
v 387.499878 -911.061707 -50.159225
v 387.499878 -911.424561 -50.159225
v 387.499878 -911.787415 -50.159225
v 387.499878 -912.150269 -50.159225
v 387.499878 -912.513123 -50.159225
v 325.130615 -911.061707 -54.415047
v 325.130615 -911.424561 -54.415047
v 325.130615 -911.787415 -54.415047
v 325.130615 -912.150269 -54.415047
v 325.130615 -912.513123 -54.415047
v 282.446655 -910.698853 -57.432190
v 282.446655 -910.335999 -57.432190
v 282.446655 -911.061707 -57.432190
v 282.446655 -911.424561 -57.432190
v 282.446655 -911.787415 -57.432190
v 282.446655 -912.150269 -57.432190
v 282.446655 -912.513123 -57.432190
v 242.586792 -909.973145 -60.262859
v 242.586792 -910.335999 -60.262859
v 242.586792 -910.698853 -60.262859
v 242.586792 -911.061707 -60.262859
v 242.586792 -911.424561 -60.262859
v 242.586792 -911.787415 -60.262859
v 242.586792 -912.150269 -60.262859
v 242.586792 -912.513123 -60.262859
v -221.732681 -912.256897 -63.950405
v -221.732681 -911.844116 -63.950405
v -221.732681 -911.431396 -63.950405
v -221.732681 -911.018616 -63.950405
v -221.732681 -910.605896 -63.950405
v -221.732681 -910.193115 -63.950405
v -258.633850 -911.431396 -62.747952
v -258.633850 -911.018616 -62.747952
v -258.633850 -910.605896 -62.747952
v -258.633850 -910.193115 -62.747952
v -277.049683 -911.844116 -61.879482
v -277.049683 -911.431396 -61.879482
v -277.049683 -911.018616 -61.879482
v -277.049683 -910.605896 -61.879482
v -277.049683 -910.193115 -61.879482
v -295.426361 -912.256897 -60.799335
v -295.426361 -911.844116 -60.799335
v -295.426361 -911.431396 -60.799335
v -295.426361 -911.018616 -60.799335
v -295.426361 -910.605896 -60.799335
v -295.426361 -910.193115 -60.799335
v -313.737030 -912.669617 -59.460030
v -313.737030 -912.256897 -59.460030
v -313.737030 -911.844116 -59.460030
v -313.737030 -911.431396 -59.460030
v -313.737030 -911.018616 -59.460030
v -313.737030 -910.605896 -59.460030
v -313.737030 -910.193115 -59.460030
v -331.956543 -912.256897 -57.795532
v -331.956543 -911.844116 -57.795532
v -331.956543 -911.431396 -57.795532
v -331.956543 -911.018616 -57.795532
v -331.956543 -910.605896 -57.795532
v -331.956543 -910.193115 -57.795532
v -351.097260 -911.844116 -55.550407
v -351.097260 -911.431396 -55.550407
v -351.097260 -911.018616 -55.550407
v -351.097260 -910.605896 -55.550407
v -351.097260 -910.193115 -55.550407
v -360.507507 -911.844116 -54.169575
v -360.507507 -911.431396 -54.169575
v -360.507507 -911.018616 -54.169575
v -360.507507 -910.605896 -54.169575
v -360.507507 -910.193115 -54.169575
v -369.671906 -911.844116 -52.531376
v -369.671906 -911.431396 -52.531376
v -369.671906 -911.018616 -52.531376
v -369.671906 -910.605896 -52.531376
v -369.671906 -910.193115 -52.531376
v -369.956207 -912.600830 -28.785000
v -369.956207 -912.050476 -28.785000
v -369.956207 -911.500183 -28.785000
v -369.956207 -910.949829 -28.785000
v -369.956207 -910.399475 -28.785000
v -362.523682 -911.500183 -22.816042
v -362.523682 -910.949829 -22.816042
v -362.523682 -910.399475 -22.816042
v -354.561127 -911.500183 -17.243229
v -354.561127 -910.949829 -17.243229
v -354.561127 -910.399475 -17.243229
v -346.190918 -912.600830 -12.043860
v -346.190918 -912.050476 -12.043860
v -346.190918 -911.500183 -12.043860
v -346.190918 -910.949829 -12.043860
v -346.190918 -910.399475 -12.043860
v -346.190918 -909.849182 -12.043860
v -337.495697 -912.600830 -7.186306
v -337.495697 -912.050476 -7.186306
v -337.495697 -911.500183 -7.186306
v -337.495697 -910.949829 -7.186306
v -337.495697 -910.399475 -7.186306
v -328.535889 -912.600830 -2.637885
v -328.535889 -912.050476 -2.637885
v -328.535889 -911.500183 -2.637885
v -328.535889 -910.949829 -2.637885
v -328.535889 -910.399475 -2.637885
v -319.367096 -912.600830 1.625646
v -319.367096 -912.050476 1.625646
v -319.367096 -911.500183 1.625646
v -319.367096 -910.949829 1.625646
v -319.367096 -910.399475 1.625646
v -310.028534 -912.050476 5.625300
v -310.028534 -912.600830 5.625300
v -310.028534 -911.500183 5.625300
v -310.028534 -910.949829 5.625300
v -310.028534 -910.399475 5.625300
v -310.028534 -909.849182 5.625300
v -300.546387 -912.600830 9.380453
v -300.546387 -912.050476 9.380453
v -300.546387 -911.500183 9.380453
v -300.546387 -910.949829 9.380453
v -300.546387 -910.399475 9.380453
v -290.939575 -911.500183 12.909790
v -290.939575 -910.949829 12.909790
v -290.939575 -910.399475 12.909790
v -281.226624 -911.500183 16.229939
v -281.226624 -910.949829 16.229939
v -281.226624 -910.399475 16.229939
v -261.535156 -912.050476 22.304550
v -261.535156 -911.500183 22.304550
v -261.535156 -910.949829 22.304550
v -261.535156 -910.399475 22.304550
v -241.555923 -911.500183 27.721916
v -241.555923 -910.949829 27.721916
v -241.555923 -910.399475 27.721916
v -221.360641 -911.500183 32.581470
v -221.360641 -910.949829 32.581470
v -221.360641 -910.399475 32.581470
v 408.145966 -911.844116 -34.505276
v 408.145966 -911.431396 -34.505276
v 408.145966 -911.018616 -34.505276
v 408.145966 -910.605896 -34.505276
v 408.145966 -910.193115 -34.505276
v 339.609985 -911.431396 -39.083694
v 339.609985 -911.018616 -39.083694
v 339.609985 -910.605896 -39.083694
v 339.609985 -910.193115 -39.083694
v 185.537415 -911.018616 -49.917927
v 185.537415 -910.605896 -49.917927
v 185.537415 -910.193115 -49.917927
v 111.432907 -911.844116 -54.752449
v 111.432907 -911.431396 -54.752449
v 111.432907 -911.018616 -54.752449
v 111.432907 -910.605896 -54.752449
v 111.432907 -910.193115 -54.752449
v 111.471817 -912.050476 62.462879
v 111.471817 -911.500183 62.462879
v 111.471817 -910.949829 62.462879
v 111.471817 -910.399475 62.462879
v 132.439270 -912.050476 61.970108
v 132.439270 -911.500183 61.970108
v 132.439270 -910.949829 61.970108
v 132.439270 -910.399475 61.970108
v 153.402969 -911.500183 61.236755
v 153.402969 -910.949829 61.236755
v 153.402969 -910.399475 61.236755
v 174.359726 -911.500183 60.267391
v 174.359726 -910.949829 60.267391
v 174.359726 -910.399475 60.267391
v 195.307281 -910.949829 59.065849
v 195.307281 -910.399475 59.065849
v 216.243286 -912.600830 57.636559
v 216.243286 -912.050476 57.636559
v 216.243286 -911.500183 57.636559
v 216.243286 -910.949829 57.636559
v 216.243286 -910.399475 57.636559
v 237.164551 -912.050476 55.982838
v 237.164551 -911.500183 55.982838
v 237.164551 -910.949829 55.982838
v 237.164551 -910.399475 55.982838
v 258.070465 -912.050476 54.108231
v 258.070465 -911.500183 54.108231
v 258.070465 -910.949829 54.108231
v 258.070465 -910.399475 54.108231
v 278.958679 -911.500183 52.017815
v 278.958679 -910.949829 52.017815
v 278.958679 -910.399475 52.017815
v 727.291565 -909.573975 -41.989857
v 707.934448 -912.875977 -40.941647
v 707.934448 -909.573975 -40.941647
v 727.291565 -912.875977 -41.989857
v 777.153748 -912.875977 -46.775078
v 791.817688 -912.839722 -48.904663
v 791.950684 -912.875977 -48.925617
v 791.950684 -909.573975 -48.925617
v 777.153748 -909.573975 -46.775078
v 770.283630 -910.335999 -45.895123
v 761.809570 -909.573975 -44.919193
v 770.283630 -910.698853 -45.895123
v 770.283630 -911.061707 -45.895123
v 761.809570 -912.875977 -44.919193
v 770.283630 -911.424561 -45.895123
v 770.283630 -911.787415 -45.895123
v 770.283630 -912.150269 -45.895123
v 770.283630 -912.513123 -45.895123
v 747.467346 -911.061707 -43.517719
v 745.410400 -909.573975 -43.339588
v 745.410400 -912.875977 -43.339588
v 747.467346 -911.424561 -43.517719
v 747.467346 -911.787415 -43.517719
v 747.467346 -912.150269 -43.517719
v 747.467346 -912.513123 -43.517719
v 728.439331 -909.973145 -42.064262
v 728.439331 -910.335999 -42.064262
v 728.439331 -910.698853 -42.064262
v 728.439331 -911.061707 -42.064262
v 728.439331 -911.424561 -42.064262
v 728.439331 -911.787415 -42.064262
v 728.439331 -912.150269 -42.064262
v 728.439331 -912.513123 -42.064262
v 706.402588 -909.973145 -40.874504
v 689.389526 -909.573975 -40.268345
v 706.402588 -910.335999 -40.874504
v 706.402588 -910.698853 -40.874504
v 706.402588 -911.061707 -40.874504
v 689.389526 -912.875977 -40.268345
v 706.402588 -911.424561 -40.874504
v 706.402588 -911.787415 -40.874504
v 706.402588 -912.150269 -40.874504
v 706.402588 -912.513123 -40.874504
v 684.067932 -910.335999 -40.127239
v 670.759949 -909.573975 -39.862644
v 684.067932 -910.698853 -40.127239
v 684.067932 -911.061707 -40.127239
v 670.759949 -912.875977 -39.862644
v 684.067932 -911.424561 -40.127239
v 684.067932 -911.787415 -40.127239
v 684.067932 -912.150269 -40.127239
v 684.067932 -912.513123 -40.127239
v -390.287964 -912.875977 -62.012383
v -396.852936 -912.875977 -51.293827
v -394.426270 -912.875977 -60.450619
v -397.637756 -912.875977 -58.869286
v -399.710541 -912.875977 -57.519077
v -400.605713 -912.875977 -56.725380
v -401.343048 -912.875977 -55.783955
v -400.239349 -912.875977 -43.856468
v -401.343079 -912.875977 -46.803692
v -398.800903 -912.875977 -40.901115
v -384.380066 -912.875977 -63.791622
v -377.536743 -912.875977 -49.307556
v -376.153809 -912.875977 -50.454483
v -377.363586 -912.875977 -65.521118
v -378.676147 -912.875977 -47.918419
v -374.577911 -912.875977 -51.317284
v -379.530396 -912.875977 -46.337841
v -372.866577 -912.875977 -51.864418
v -368.307343 -912.875977 -67.332214
v -380.068237 -912.875977 -44.623585
v -380.270020 -912.875977 -42.838306
v -396.546478 -912.875977 -37.086349
v -380.128387 -912.875977 -41.047249
v -393.798126 -912.875977 -33.163029
v -379.648529 -912.875977 -39.315872
v -390.291992 -912.875977 -28.852236
v -364.761322 -912.875977 -53.454319
v -378.847931 -912.875977 -37.707455
v -377.755890 -912.875977 -36.280777
v -356.606964 -912.875977 -54.771275
v -357.199432 -912.875977 -69.124550
v -386.270233 -912.875977 -24.508780
v -374.288605 -912.875977 -32.748878
v -381.726501 -912.875977 -20.134798
v -344.424561 -912.875977 -70.795059
v -344.522888 -912.875977 -56.392750
v -370.650116 -912.875977 -29.391710
v -376.413910 -912.875977 -15.546021
v -365.591431 -912.875977 -25.173214
v -328.048889 -912.875977 -72.538925
v -329.500488 -912.875977 -58.042793
v -370.756714 -912.875977 -11.133080
v -359.878235 -912.875977 -20.884438
v -309.690918 -912.875977 -74.111870
v -311.776886 -912.875977 -59.617931
v -364.551819 -912.875977 -6.733101
v -353.571594 -912.875977 -16.597118
v -357.776703 -912.875977 -2.348238
v -346.507629 -912.875977 -12.230410
v -288.214783 -912.875977 -75.564262
v -291.315826 -912.875977 -61.061619
v -349.586182 -912.875977 2.484685
v -338.714050 -912.875977 -7.838321
v -340.873688 -912.875977 7.169369
v -329.536163 -912.875977 -3.125633
v -264.359253 -912.875977 -76.800774
v -267.944214 -912.875977 -62.333553
v -331.143433 -912.875977 11.948867
v -320.194977 -912.875977 1.255163
v -238.364731 -912.875977 -77.784988
v -241.696442 -912.875977 -63.382561
v -310.150848 -912.875977 5.574943
v -320.663971 -912.875977 16.653168
v -309.353088 -912.875977 21.293161
v -299.375671 -912.875977 9.824657
v -209.259583 -912.875977 -78.503532
v -213.107300 -912.875977 -64.139656
v -297.207520 -912.875977 25.844254
v -287.814697 -912.875977 14.003753
v -284.287964 -912.875977 30.262751
v -277.158813 -912.875977 17.553062
v -180.104980 -912.875977 -78.862320
v -180.072189 -912.875977 -70.988388
v -182.735901 -912.875977 -64.555855
v -167.372299 -912.875977 -71.041275
v -270.841217 -912.875977 34.462860
v -263.974945 -912.875977 21.594891
v -255.231781 -912.875977 30.740259
v -249.736069 -912.875977 25.584381
v -257.243256 -912.875977 38.353001
v -143.019043 -912.875977 -78.854553
v -150.579361 -912.875977 -64.607689
v -167.405090 -912.875977 -78.915207
v -242.953171 -912.875977 33.984581
v -234.398865 -912.875977 29.508869
v -218.046555 -912.875977 33.327267
v -228.061005 -912.875977 45.703213
v -244.964645 -912.875977 41.597324
v -118.611580 -912.875977 -78.597137
v -116.390427 -912.875977 -64.275444
v -200.657715 -912.875977 37.025288
v -210.844925 -912.875977 49.508308
v -84.135963 -912.875977 -77.929596
v -96.451759 -912.875977 -63.916451
v -76.515442 -912.875977 -63.444649
v -182.309113 -912.875977 40.569965
v -191.799438 -912.875977 53.328346
v -73.903831 -912.875977 -63.195045
v -71.351280 -912.875977 -62.589001
v -47.052620 -912.875977 -76.851959
v -68.906204 -912.875977 -61.638008
v -66.614967 -912.875977 -60.360104
v -64.521034 -912.875977 -58.779526
v -62.664112 -912.875977 -56.926250
v -61.079422 -912.875977 -54.835426
v -163.179138 -912.875977 43.915337
v -171.556274 -912.875977 56.991035
v -59.797016 -912.875977 -52.546711
v -143.302948 -912.875977 47.044266
v -150.331802 -912.875977 60.432308
v -58.841217 -912.875977 -50.103504
v -33.916862 -912.875977 -39.732021
v -58.230156 -912.875977 -47.552155
v -36.819050 -912.875977 -36.819050
v -57.975418 -912.875977 -44.941044
v -58.081837 -912.875977 -42.319695
v -39.887936 -912.875977 -33.469952
v -58.547394 -912.875977 -39.737823
v -30.794718 -912.875977 -42.407894
v -42.653248 -912.875977 -29.866125
v -59.363262 -912.875977 -37.244400
v -27.471930 -912.875977 -44.830116
v -45.093945 -912.875977 -26.035000
v -60.513962 -912.875977 -34.886715
v -62.864899 -912.875977 -30.447117
v -23.586449 -912.875977 -46.990696
v -47.191448 -912.875977 -22.005733
v -64.890663 -912.875977 -25.850027
v -7.555584 -912.875977 -75.347183
v -19.532331 -912.875977 -48.815308
v -48.929794 -912.875977 -17.808989
v -66.580780 -912.875977 -21.119228
v -15.338564 -912.875977 -50.290897
v -128.216873 -912.875977 63.618439
v -126.213348 -912.875977 49.471901
v -50.295757 -912.875977 -13.476707
v -67.926506 -912.875977 -16.279190
v -11.035129 -912.875977 -51.406925
v -51.278938 -912.875977 -9.041861
v -68.920883 -912.875977 -11.354947
v -6.652795 -912.875977 -52.155407
v -51.871857 -912.875977 -4.538199
v -69.558754 -912.875977 -6.371969
v -69.836838 -912.875977 -1.356032
v -2.222896 -912.875977 -52.530991
v -104.832451 -912.875977 52.186703
v -52.070000 -912.875977 0.000000
v -69.753685 -912.875977 3.666919
v 2.222896 -912.875977 -52.530991
v -51.871857 -912.875977 4.538199
v -69.309723 -912.875977 8.670902
v 6.652795 -912.875977 -52.155407
v -51.278938 -912.875977 9.041861
v -68.507263 -912.875977 13.630035
v 11.035129 -912.875977 -51.406925
v -105.324982 -912.875977 66.515755
v 35.827595 -912.875977 -73.327110
v -50.295757 -912.875977 13.476707
v -67.350441 -912.875977 18.518667
v -65.845245 -912.875977 23.311510
v 15.338564 -912.875977 -50.290897
v -48.929794 -912.875977 17.808989
v -63.999462 -912.875977 27.983772
v 19.532331 -912.875977 -48.815308
v -83.411476 -912.875977 54.564857
v -47.191448 -912.875977 22.005733
v -63.110058 -912.875977 30.476889
v 23.586449 -912.875977 -46.990696
v -45.093945 -912.875977 26.035000
v -62.574825 -912.875977 33.069221
v 27.471930 -912.875977 -44.830116
v -80.765945 -912.875977 54.653286
v -81.881393 -912.875977 69.083336
v -78.133690 -912.875977 54.374149
v -75.565544 -912.875977 53.732834
v -73.111084 -912.875977 52.741730
v -42.653248 -912.875977 29.866125
v -62.404095 -912.875977 35.710720
v -62.601166 -912.875977 38.350384
v 30.794718 -912.875977 -42.407894
v -39.887936 -912.875977 33.469952
v -63.162231 -912.875977 40.937252
v 33.916862 -912.875977 -39.732021
v -36.819050 -912.875977 36.819050
v -64.076454 -912.875977 43.421371
v -33.916862 -912.875977 39.732021
v -65.326195 -912.875977 45.754787
v -70.817696 -912.875977 51.419968
v -57.850372 -912.875977 71.316833
v -68.729668 -912.875977 49.793068
v -66.887314 -912.875977 47.892441
v -30.794718 -912.875977 42.407894
v 67.365929 -912.875977 -51.213802
v 65.611275 -912.875977 -49.269070
v 69.370750 -912.875977 -52.899460
v 64.139969 -912.875977 -47.102036
v 84.205284 -912.875977 -70.694771
v 71.587852 -912.875977 -54.294182
v 62.979824 -912.875977 -44.753666
v 36.819050 -912.875977 -36.819050
v 73.975311 -912.875977 -55.371593
v 62.152775 -912.875977 -42.268353
v 39.887936 -912.875977 -33.469952
v 76.487999 -912.875977 -56.111332
v 61.674458 -912.875977 -39.693089
v 79.078400 -912.875977 -56.499413
v 61.553913 -912.875977 -37.076553
v 42.653248 -912.875977 -29.866125
v 81.697548 -912.875977 -56.528492
v 61.793423 -912.875977 -34.468216
v 45.093945 -912.875977 -26.035000
v 62.388458 -912.875977 -31.917389
v 47.191448 -912.875977 -22.005733
v 63.327770 -912.875977 -29.472296
v -15.338564 -912.875977 50.290897
v -33.317135 -912.875977 73.198647
v -19.532331 -912.875977 48.815308
v -23.586449 -912.875977 46.990696
v -27.471930 -912.875977 44.830116
v 65.309296 -912.875977 -24.773348
v 48.929794 -912.875977 -17.808989
v 66.942703 -912.875977 -19.942352
v 50.295757 -912.875977 -13.476707
v 68.219284 -912.875977 -15.005058
v 51.278938 -912.875977 -9.041861
v 69.132240 -912.875977 -9.987782
v 51.871857 -912.875977 -4.538199
v 69.676704 -912.875977 -4.917269
v 52.070000 -912.875977 0.000000
v -8.357798 -912.875977 74.715141
v 2.222896 -912.875977 52.530991
v -2.222896 -912.875977 52.530991
v -6.652795 -912.875977 52.155407
v -11.035129 -912.875977 51.406925
v 69.849770 -912.875977 0.179454
v 69.650520 -912.875977 5.275221
v 51.871857 -912.875977 4.538199
v 69.080009 -912.875977 10.342870
v 51.278938 -912.875977 9.041861
v 142.675720 -912.875977 -67.093620
v 135.419876 -912.875977 -53.244209
v 68.141281 -912.875977 15.355389
v 50.295757 -912.875977 13.476707
v 66.839348 -912.875977 20.286058
v 48.929794 -912.875977 17.808989
v 65.181137 -912.875977 25.108599
v 47.191448 -912.875977 22.005733
v 17.068687 -912.875977 75.861511
v 19.532331 -912.875977 48.815308
v 15.338564 -912.875977 50.290897
v 11.035129 -912.875977 51.406925
v 6.652795 -912.875977 52.155407
v 63.175495 -912.875977 29.797302
v 60.833111 -912.875977 34.327179
v 45.093945 -912.875977 26.035000
v 59.696972 -912.875977 36.713718
v 42.653248 -912.875977 29.866125
v 58.902103 -912.875977 39.234543
v 39.887936 -912.875977 33.469952
v 58.463806 -912.875977 41.841129
v 58.390518 -912.875977 44.483288
v 36.819050 -912.875977 36.819050
v 58.683655 -912.875977 47.110161
v 33.916862 -912.875977 39.732021
v 59.337563 -912.875977 49.671173
v 27.471930 -912.875977 44.830116
v 32.751076 -912.875977 76.372536
v 23.586449 -912.875977 46.990696
v 60.339661 -912.875977 52.117023
v 48.563446 -912.875977 68.863388
v 61.670658 -912.875977 54.400623
v 30.794718 -912.875977 42.407894
v 63.304928 -912.875977 56.478012
v 48.447186 -912.875977 76.736534
v 61.262062 -912.875977 69.050911
v 65.211006 -912.875977 58.309200
v 67.352203 -912.875977 59.858929
v 69.687294 -912.875977 61.097366
v 72.171333 -912.875977 62.000671
v 74.756485 -912.875977 62.551453
v 61.145802 -912.875977 76.924057
v 201.246216 -912.875977 -63.158985
v 189.123932 -912.875977 -49.672520
v 200.700378 -912.875977 -55.303928
v 213.369812 -912.875977 -54.423523
v 98.297417 -912.875977 62.647552
v 87.311661 -912.875977 77.014496
v 77.392990 -912.875977 62.739109
v 119.199318 -912.875977 62.309574
v 113.486397 -912.875977 76.716072
v 143.675003 -912.875977 61.606670
v 140.431381 -912.875977 76.014214
v 168.358932 -912.875977 60.568909
v 167.646606 -912.875977 74.907448
v 213.915665 -912.875977 -62.278580
v 295.455261 -912.875977 -42.185104
v 310.129333 -912.875977 -55.470024
v 193.320847 -912.875977 59.189659
v 195.159195 -912.875977 73.390465
v 218.461899 -912.875977 57.471836
v 223.062180 -912.875977 71.451912
v 243.855347 -912.875977 55.406826
v 251.092545 -912.875977 69.105026
v 269.542603 -912.875977 52.986843
v 363.004028 -912.875977 -51.798637
v 360.746399 -912.875977 -37.631615
v 279.455444 -912.875977 66.331696
v 295.367004 -912.875977 50.224747
v 406.212799 -912.875977 -48.944920
v 395.026794 -912.875977 -35.348709
v 308.072632 -912.875977 63.134159
v 321.516663 -912.875977 47.095634
v 331.065613 -912.875977 60.278927
v 347.952667 -912.875977 43.599533
v 426.058197 -912.875977 -33.386242
v 428.668091 -912.875977 -33.043968
v 352.909790 -912.875977 49.383892
v 435.873688 -912.875977 -29.938103
v 455.726440 -912.875977 -45.940582
v 437.914551 -912.875977 -28.275730
v 433.623138 -912.875977 -31.303282
v 431.205872 -912.875977 -32.345200
v 354.026794 -912.875977 57.178265
v 365.481354 -912.875977 47.582294
v 439.706818 -912.875977 -26.347900
v 374.754333 -912.875977 39.720989
v 441.216217 -912.875977 -24.191422
v 366.598358 -912.875977 55.376667
v 467.396637 -912.875977 -21.211720
v 469.556152 -912.875977 -23.580595
v 442.413940 -912.875977 -21.847466
v 471.990417 -912.875977 -25.666138
v 465.544586 -912.875977 -18.595421
v 443.277130 -912.875977 -19.360785
v 396.297272 -912.875977 50.834530
v 402.280884 -912.875977 35.395390
v 474.662506 -912.875977 -27.436729
v 464.028107 -912.875977 -15.771357
v 443.789307 -912.875977 -16.778854
v 477.531921 -912.875977 -28.865534
v 462.870148 -912.875977 -12.782339
v 443.940674 -912.875977 -14.150971
v 480.555176 -912.875977 -29.930889
v 462.088287 -912.875977 -9.673677
v 443.728363 -912.875977 -11.527308
v 483.686462 -912.875977 -30.616648
v 461.694366 -912.875977 -6.492497
v 443.327179 -912.875977 -7.827604
v 443.236877 -912.875977 -4.107307
v 499.046753 -912.875977 -43.639641
v 486.878265 -912.875977 -30.912411
v 461.694366 -912.875977 -3.287021
v 443.458099 -912.875977 -0.392496
v 490.082214 -912.875977 -30.813698
v 462.088287 -912.875977 -0.105840
v 443.989258 -912.875977 3.290794
v 444.826660 -912.875977 6.916745
v 493.249756 -912.875977 -30.322004
v 462.870148 -912.875977 3.002821
v 445.350159 -912.875977 9.506895
v 496.332855 -912.875977 -29.444784
v 464.028107 -912.875977 5.991839
v 445.510193 -912.875977 12.144569
v 499.284790 -912.875977 -28.195335
v 425.957520 -912.875977 45.903488
v 432.318420 -912.875977 30.103792
v 429.753632 -912.875977 30.739958
v 434.770508 -912.875977 29.118826
v 465.544586 -912.875977 8.815903
v 445.303680 -912.875977 14.779012
v 502.060822 -912.875977 -26.592596
v 467.396637 -912.875977 11.432202
v 444.734619 -912.875977 17.359533
v 504.618835 -912.875977 -24.660866
v 469.556152 -912.875977 13.801078
v 443.813934 -912.875977 19.836477
v 537.656494 -912.875977 -41.930359
v 506.920105 -912.875977 -22.429424
v 477.531921 -912.875977 19.086016
v 456.413422 -912.875977 40.441517
v 474.662506 -912.875977 17.657213
v 471.990417 -912.875977 15.886620
v 437.062714 -912.875977 27.804014
v 439.150940 -912.875977 26.184652
v 440.994965 -912.875977 24.291903
v 442.559326 -912.875977 22.162184
v 536.068604 -912.875977 -21.463987
v 508.929688 -912.875977 -19.932100
v 537.842773 -912.875977 -23.208191
v 534.570557 -912.875977 -19.477549
v 510.617157 -912.875977 -17.206749
v 539.854431 -912.875977 -24.672138
v 533.381348 -912.875977 -17.292183
v 511.956909 -912.875977 -14.294685
v 542.059753 -912.875977 -25.823910
v 532.526917 -912.875977 -14.955531
v 512.928650 -912.875977 -11.240052
v 544.410645 -912.875977 -26.638399
v 532.025879 -912.875977 -12.518536
v 546.855835 -912.875977 -27.097849
v 531.889099 -912.875977 -10.034324
v 513.517639 -912.875977 -8.089155
v 496.332855 -912.875977 19.665266
v 487.493408 -912.875977 34.465397
v 493.249756 -912.875977 20.542486
v 490.082214 -912.875977 21.034180
v 486.878265 -912.875977 21.132893
v 483.686462 -912.875977 20.837130
v 480.555176 -912.875977 20.151371
v 549.342041 -912.875977 -27.192244
v 532.119629 -912.875977 -7.557054
v 513.715027 -912.875977 -4.889759
v 532.712402 -912.875977 -5.140731
v 513.517639 -912.875977 -1.690362
v 533.654541 -912.875977 -2.838035
v 512.928650 -912.875977 1.460535
v 572.510498 -912.875977 -40.733749
v 534.925476 -912.875977 -0.699165
v 511.956909 -912.875977 4.515168
v 536.497498 -912.875977 1.229251
v 510.617157 -912.875977 7.427232
v 499.284790 -912.875977 18.415817
v 519.154175 -912.875977 27.974920
v 538.336304 -912.875977 2.905170
v 540.401855 -912.875977 4.292058
v 508.929688 -912.875977 10.152583
v 506.920105 -912.875977 12.649907
v 504.618835 -912.875977 14.881349
v 502.060822 -912.875977 16.813080
v 542.649109 -912.875977 5.359678
v 577.943542 -912.875977 -26.288744
v 604.055542 -912.875977 -39.997967
v 551.485046 -912.875977 20.942928
v 545.029114 -912.875977 6.084755
v 547.489929 -912.875977 6.451483
v 549.977905 -912.875977 6.451867
v 552.438782 -912.875977 6.085898
v 606.552551 -912.875977 -25.666574
v 608.472046 -912.875977 -25.436598
v 610.303894 -912.875977 -24.818722
v 631.067993 -912.875977 -39.684963
v 611.970581 -912.875977 -23.839090
v 613.401489 -912.875977 -22.539158
v 614.536194 -912.875977 -20.973932
v 615.326599 -912.875977 -19.209650
v 580.569336 -912.875977 -0.395638
v 584.452759 -912.875977 13.368089
v 615.739258 -912.875977 -17.320965
v 608.637573 -912.875977 -7.142005
v 610.457947 -912.875977 -7.792925
v 618.594360 -912.875977 5.120811
v 612.106567 -912.875977 -8.802552
v 613.513794 -912.875977 -10.128161
v 614.619995 -912.875977 -11.713659
v 615.378296 -912.875977 -13.491956
v 658.060852 -912.875977 -39.713760
v 658.153137 -912.875977 -31.840300
v 670.852295 -912.875977 -31.989183
v 654.080933 -912.875977 -3.855539
v 615.756775 -912.875977 -15.387798
v 690.371338 -912.875977 -13.440567
v 718.781006 -912.875977 -21.262569
v 742.265320 -912.875977 -28.076904
v 753.904846 -912.875977 -31.609753
v 767.884460 -912.875977 -35.982288
v 792.104675 -912.875977 -47.337753
v 792.294189 -912.875977 -45.383633
v 792.450012 -912.875977 -43.776669
v 814.635071 -912.875977 -51.803669
v 670.852295 -909.573975 -31.989183
v -396.852936 -909.573975 -51.293827
v -390.287964 -909.573975 -62.012383
v -394.426270 -909.573975 -60.450619
v -397.637756 -909.573975 -58.869286
v -399.710541 -909.573975 -57.519077
v -400.605713 -909.573975 -56.725380
v -401.343048 -909.573975 -55.783955
v -400.239349 -909.573975 -43.856468
v -401.343079 -909.573975 -46.803692
v -398.800903 -909.573975 -40.901115
v -377.536743 -909.573975 -49.307556
v -384.380066 -909.573975 -63.791622
v -376.153809 -909.573975 -50.454483
v -377.363586 -909.573975 -65.521118
v -378.676147 -909.573975 -47.918419
v -374.577911 -909.573975 -51.317284
v -379.530396 -909.573975 -46.337841
v -372.866577 -909.573975 -51.864418
v -368.307343 -909.573975 -67.332214
v -380.068237 -909.573975 -44.623585
v -380.270020 -909.573975 -42.838306
v -396.546478 -909.573975 -37.086349
v -380.128387 -909.573975 -41.047249
v -393.798126 -909.573975 -33.163029
v -379.648529 -909.573975 -39.315872
v -390.291992 -909.573975 -28.852236
v -364.761322 -909.573975 -53.454319
v -378.847931 -909.573975 -37.707455
v -377.755890 -909.573975 -36.280777
v -356.606964 -909.573975 -54.771275
v -357.199432 -909.573975 -69.124550
v -386.270233 -909.573975 -24.508780
v -374.288605 -909.573975 -32.748878
v -381.726501 -909.573975 -20.134798
v -344.522888 -909.573975 -56.392750
v -344.424561 -909.573975 -70.795059
v -370.650116 -909.573975 -29.391710
v -376.413910 -909.573975 -15.546021
v -365.591431 -909.573975 -25.173214
v -329.500488 -909.573975 -58.042793
v -328.048889 -909.573975 -72.538925
v -370.756714 -909.573975 -11.133080
v -359.878235 -909.573975 -20.884438
v -311.776886 -909.573975 -59.617931
v -309.690918 -909.573975 -74.111870
v -364.551819 -909.573975 -6.733101
v -353.571594 -909.573975 -16.597118
v -357.776703 -909.573975 -2.348238
v -346.507629 -909.573975 -12.230410
v -291.315826 -909.573975 -61.061619
v -288.214783 -909.573975 -75.564262
v -349.586182 -909.573975 2.484685
v -338.714050 -909.573975 -7.838321
v -340.873688 -909.573975 7.169369
v -329.536163 -909.573975 -3.125633
v -267.944214 -909.573975 -62.333553
v -264.359253 -909.573975 -76.800774
v -331.143433 -909.573975 11.948867
v -320.194977 -909.573975 1.255163
v -241.696442 -909.573975 -63.382561
v -238.364731 -909.573975 -77.784988
v -320.663971 -909.573975 16.653168
v -310.150848 -909.573975 5.574943
v -309.353088 -909.573975 21.293161
v -299.375671 -909.573975 9.824657
v -213.107300 -909.573975 -64.139656
v -209.259583 -909.573975 -78.503532
v -297.207520 -909.573975 25.844254
v -287.814697 -909.573975 14.003753
v -284.287964 -909.573975 30.262751
v -277.158813 -909.573975 17.553062
v -180.072189 -909.573975 -70.988388
v -180.104980 -909.573975 -78.862320
v -182.735901 -909.573975 -64.555855
v -167.372299 -909.573975 -71.041275
v -270.841217 -909.573975 34.462860
v -263.974945 -909.573975 21.594891
v -255.231781 -909.573975 30.740259
v -249.736069 -909.573975 25.584381
v -257.243256 -909.573975 38.353001
v -150.579361 -909.573975 -64.607689
v -143.019043 -909.573975 -78.854553
v -167.405090 -909.573975 -78.915207
v -242.953171 -909.573975 33.984581
v -234.398865 -909.573975 29.508869
v -228.061005 -909.573975 45.703213
v -218.046555 -909.573975 33.327267
v -244.964645 -909.573975 41.597324
v -116.390427 -909.573975 -64.275444
v -118.611580 -909.573975 -78.597137
v -210.844925 -909.573975 49.508308
v -200.657715 -909.573975 37.025288
v -96.451759 -909.573975 -63.916451
v -84.135963 -909.573975 -77.929596
v -76.515442 -909.573975 -63.444649
v -191.799438 -909.573975 53.328346
v -182.309113 -909.573975 40.569965
v -73.903831 -909.573975 -63.195045
v -71.351280 -909.573975 -62.589001
v -47.052620 -909.573975 -76.851959
v -68.906204 -909.573975 -61.638008
v -66.614967 -909.573975 -60.360104
v -64.521034 -909.573975 -58.779526
v -62.664112 -909.573975 -56.926250
v -61.079422 -909.573975 -54.835426
v -171.556274 -909.573975 56.991035
v -163.179138 -909.573975 43.915337
v -59.797016 -909.573975 -52.546711
v -150.331802 -909.573975 60.432308
v -143.302948 -909.573975 47.044266
v -33.916862 -909.573975 -39.732021
v -58.841217 -909.573975 -50.103504
v -58.230156 -909.573975 -47.552155
v -36.819050 -909.573975 -36.819050
v -57.975418 -909.573975 -44.941044
v -58.081837 -909.573975 -42.319695
v -39.887936 -909.573975 -33.469952
v -58.547394 -909.573975 -39.737823
v -30.794718 -909.573975 -42.407894
v -42.653248 -909.573975 -29.866125
v -59.363262 -909.573975 -37.244400
v -27.471930 -909.573975 -44.830116
v -45.093945 -909.573975 -26.035000
v -60.513962 -909.573975 -34.886715
v -62.864899 -909.573975 -30.447117
v -23.586449 -909.573975 -46.990696
v -47.191448 -909.573975 -22.005733
v -64.890663 -909.573975 -25.850027
v -19.532331 -909.573975 -48.815308
v -7.555584 -909.573975 -75.347183
v -48.929794 -909.573975 -17.808989
v -66.580780 -909.573975 -21.119228
v -15.338564 -909.573975 -50.290897
v -128.216873 -909.573975 63.618439
v -126.213348 -909.573975 49.471901
v -50.295757 -909.573975 -13.476707
v -67.926506 -909.573975 -16.279190
v -11.035129 -909.573975 -51.406925
v -51.278938 -909.573975 -9.041861
v -68.920883 -909.573975 -11.354947
v -6.652795 -909.573975 -52.155407
v -51.871857 -909.573975 -4.538199
v -69.558754 -909.573975 -6.371969
v -69.836838 -909.573975 -1.356032
v -2.222896 -909.573975 -52.530991
v -104.832451 -909.573975 52.186703
v -52.070000 -909.573975 0.000000
v -69.753685 -909.573975 3.666919
v 2.222896 -909.573975 -52.530991
v -51.871857 -909.573975 4.538199
v -69.309723 -909.573975 8.670902
v 6.652795 -909.573975 -52.155407
v -51.278938 -909.573975 9.041861
v -68.507263 -909.573975 13.630035
v 11.035129 -909.573975 -51.406925
v -105.324982 -909.573975 66.515755
v 35.827595 -909.573975 -73.327110
v -50.295757 -909.573975 13.476707
v -67.350441 -909.573975 18.518667
v -65.845245 -909.573975 23.311510
v 15.338564 -909.573975 -50.290897
v -48.929794 -909.573975 17.808989
v -63.999462 -909.573975 27.983772
v 19.532331 -909.573975 -48.815308
v -83.411476 -909.573975 54.564857
v -47.191448 -909.573975 22.005733
v -63.110058 -909.573975 30.476889
v 23.586449 -909.573975 -46.990696
v -45.093945 -909.573975 26.035000
v -62.574825 -909.573975 33.069221
v 27.471930 -909.573975 -44.830116
v -81.881393 -909.573975 69.083336
v -80.765945 -909.573975 54.653286
v -78.133690 -909.573975 54.374149
v -75.565544 -909.573975 53.732834
v -73.111084 -909.573975 52.741730
v -42.653248 -909.573975 29.866125
v -62.404095 -909.573975 35.710720
v -62.601166 -909.573975 38.350384
v 30.794718 -909.573975 -42.407894
v -39.887936 -909.573975 33.469952
v -63.162231 -909.573975 40.937252
v 33.916862 -909.573975 -39.732021
v -36.819050 -909.573975 36.819050
v -64.076454 -909.573975 43.421371
v -33.916862 -909.573975 39.732021
v -65.326195 -909.573975 45.754787
v -57.850372 -909.573975 71.316833
v -70.817696 -909.573975 51.419968
v -68.729668 -909.573975 49.793068
v -66.887314 -909.573975 47.892441
v -30.794718 -909.573975 42.407894
v 65.611275 -909.573975 -49.269070
v 67.365929 -909.573975 -51.213802
v 69.370750 -909.573975 -52.899460
v 64.139969 -909.573975 -47.102036
v 71.587852 -909.573975 -54.294182
v 84.205284 -909.573975 -70.694771
v 62.979824 -909.573975 -44.753666
v 36.819050 -909.573975 -36.819050
v 73.975311 -909.573975 -55.371593
v 62.152775 -909.573975 -42.268353
v 39.887936 -909.573975 -33.469952
v 76.487999 -909.573975 -56.111332
v 61.674458 -909.573975 -39.693089
v 79.078400 -909.573975 -56.499413
v 61.553913 -909.573975 -37.076553
v 42.653248 -909.573975 -29.866125
v 81.697548 -909.573975 -56.528492
v 61.793423 -909.573975 -34.468216
v 45.093945 -909.573975 -26.035000
v 62.388458 -909.573975 -31.917389
v 47.191448 -909.573975 -22.005733
v 63.327770 -909.573975 -29.472296
v -33.317135 -909.573975 73.198647
v -15.338564 -909.573975 50.290897
v -19.532331 -909.573975 48.815308
v -23.586449 -909.573975 46.990696
v -27.471930 -909.573975 44.830116
v 65.309296 -909.573975 -24.773348
v 48.929794 -909.573975 -17.808989
v 66.942703 -909.573975 -19.942352
v 50.295757 -909.573975 -13.476707
v 68.219284 -909.573975 -15.005058
v 51.278938 -909.573975 -9.041861
v 69.132240 -909.573975 -9.987782
v 51.871857 -909.573975 -4.538199
v 69.676704 -909.573975 -4.917269
v 52.070000 -909.573975 0.000000
v -8.357798 -909.573975 74.715141
v 2.222896 -909.573975 52.530991
v -2.222896 -909.573975 52.530991
v -6.652795 -909.573975 52.155407
v -11.035129 -909.573975 51.406925
v 69.849770 -909.573975 0.179454
v 69.650520 -909.573975 5.275221
v 51.871857 -909.573975 4.538199
v 69.080009 -909.573975 10.342870
v 51.278938 -909.573975 9.041861
v 135.419876 -909.573975 -53.244209
v 142.675720 -909.573975 -67.093620
v 68.141281 -909.573975 15.355389
v 50.295757 -909.573975 13.476707
v 66.839348 -909.573975 20.286058
v 48.929794 -909.573975 17.808989
v 65.181137 -909.573975 25.108599
v 47.191448 -909.573975 22.005733
v 17.068687 -909.573975 75.861511
v 19.532331 -909.573975 48.815308
v 15.338564 -909.573975 50.290897
v 11.035129 -909.573975 51.406925
v 6.652795 -909.573975 52.155407
v 63.175495 -909.573975 29.797302
v 60.833111 -909.573975 34.327179
v 45.093945 -909.573975 26.035000
v 59.696972 -909.573975 36.713718
v 42.653248 -909.573975 29.866125
v 58.902103 -909.573975 39.234543
v 39.887936 -909.573975 33.469952
v 58.463806 -909.573975 41.841129
v 58.390518 -909.573975 44.483288
v 36.819050 -909.573975 36.819050
v 58.683655 -909.573975 47.110161
v 33.916862 -909.573975 39.732021
v 59.337563 -909.573975 49.671173
v 32.751076 -909.573975 76.372536
v 27.471930 -909.573975 44.830116
v 23.586449 -909.573975 46.990696
v 48.563446 -909.573975 68.863388
v 60.339661 -909.573975 52.117023
v 61.670658 -909.573975 54.400623
v 30.794718 -909.573975 42.407894
v 63.304928 -909.573975 56.478012
v 48.447186 -909.573975 76.736534
v 61.262062 -909.573975 69.050911
v 65.211006 -909.573975 58.309200
v 67.352203 -909.573975 59.858929
v 69.687294 -909.573975 61.097366
v 72.171333 -909.573975 62.000671
v 74.756485 -909.573975 62.551453
v 61.145802 -909.573975 76.924057
v 189.123932 -909.573975 -49.672520
v 201.246216 -909.573975 -63.158985
v 200.700378 -909.573975 -55.303928
v 213.369812 -909.573975 -54.423523
v 87.311661 -909.573975 77.014496
v 98.297417 -909.573975 62.647552
v 77.392990 -909.573975 62.739109
v 113.486397 -909.573975 76.716072
v 119.199318 -909.573975 62.309574
v 140.431381 -909.573975 76.014214
v 143.675003 -909.573975 61.606670
v 167.646606 -909.573975 74.907448
v 168.358932 -909.573975 60.568909
v 295.455261 -909.573975 -42.185104
v 213.915665 -909.573975 -62.278580
v 310.129333 -909.573975 -55.470024
v 195.159195 -909.573975 73.390465
v 193.320847 -909.573975 59.189659
v 218.461899 -909.573975 57.471836
v 223.062180 -909.573975 71.451912
v 243.855347 -909.573975 55.406826
v 251.092545 -909.573975 69.105026
v 269.542603 -909.573975 52.986843
v 360.746399 -909.573975 -37.631615
v 363.004028 -909.573975 -51.798637
v 279.455444 -909.573975 66.331696
v 295.367004 -909.573975 50.224747
v 395.026794 -909.573975 -35.348709
v 406.212799 -909.573975 -48.944920
v 308.072632 -909.573975 63.134159
v 321.516663 -909.573975 47.095634
v 331.065613 -909.573975 60.278927
v 347.952667 -909.573975 43.599533
v 426.058197 -909.573975 -33.386242
v 428.668091 -909.573975 -33.043968
v 352.909790 -909.573975 49.383892
v 455.726440 -909.573975 -45.940582
v 435.873688 -909.573975 -29.938103
v 437.914551 -909.573975 -28.275730
v 433.623138 -909.573975 -31.303282
v 431.205872 -909.573975 -32.345200
v 354.026794 -909.573975 57.178265
v 365.481354 -909.573975 47.582294
v 439.706818 -909.573975 -26.347900
v 374.754333 -909.573975 39.720989
v 441.216217 -909.573975 -24.191422
v 366.598358 -909.573975 55.376667
v 467.396637 -909.573975 -21.211720
v 469.556152 -909.573975 -23.580595
v 442.413940 -909.573975 -21.847466
v 471.990417 -909.573975 -25.666138
v 465.544586 -909.573975 -18.595421
v 443.277130 -909.573975 -19.360785
v 396.297272 -909.573975 50.834530
v 402.280884 -909.573975 35.395390
v 474.662506 -909.573975 -27.436729
v 464.028107 -909.573975 -15.771357
v 443.789307 -909.573975 -16.778854
v 477.531921 -909.573975 -28.865534
v 462.870148 -909.573975 -12.782339
v 443.940674 -909.573975 -14.150971
v 480.555176 -909.573975 -29.930889
v 462.088287 -909.573975 -9.673677
v 443.728363 -909.573975 -11.527308
v 483.686462 -909.573975 -30.616648
v 461.694366 -909.573975 -6.492497
v 443.327179 -909.573975 -7.827604
v 443.236877 -909.573975 -4.107307
v 499.046753 -909.573975 -43.639641
v 486.878265 -909.573975 -30.912411
v 461.694366 -909.573975 -3.287021
v 443.458099 -909.573975 -0.392496
v 490.082214 -909.573975 -30.813698
v 462.088287 -909.573975 -0.105840
v 443.989258 -909.573975 3.290794
v 444.826660 -909.573975 6.916745
v 493.249756 -909.573975 -30.322004
v 462.870148 -909.573975 3.002821
v 445.350159 -909.573975 9.506895
v 496.332855 -909.573975 -29.444784
v 464.028107 -909.573975 5.991839
v 445.510193 -909.573975 12.144569
v 499.284790 -909.573975 -28.195335
v 425.957520 -909.573975 45.903488
v 432.318420 -909.573975 30.103792
v 429.753632 -909.573975 30.739958
v 434.770508 -909.573975 29.118826
v 465.544586 -909.573975 8.815903
v 445.303680 -909.573975 14.779012
v 502.060822 -909.573975 -26.592596
v 467.396637 -909.573975 11.432202
v 444.734619 -909.573975 17.359533
v 504.618835 -909.573975 -24.660866
v 469.556152 -909.573975 13.801078
v 443.813934 -909.573975 19.836477
v 537.656494 -909.573975 -41.930359
v 506.920105 -909.573975 -22.429424
v 456.413422 -909.573975 40.441517
v 477.531921 -909.573975 19.086016
v 474.662506 -909.573975 17.657213
v 471.990417 -909.573975 15.886620
v 437.062714 -909.573975 27.804014
v 439.150940 -909.573975 26.184652
v 440.994965 -909.573975 24.291903
v 442.559326 -909.573975 22.162184
v 536.068604 -909.573975 -21.463987
v 508.929688 -909.573975 -19.932100
v 537.842773 -909.573975 -23.208191
v 534.570557 -909.573975 -19.477549
v 510.617157 -909.573975 -17.206749
v 539.854431 -909.573975 -24.672138
v 533.381348 -909.573975 -17.292183
v 511.956909 -909.573975 -14.294685
v 542.059753 -909.573975 -25.823910
v 532.526917 -909.573975 -14.955531
v 512.928650 -909.573975 -11.240052
v 544.410645 -909.573975 -26.638399
v 532.025879 -909.573975 -12.518536
v 546.855835 -909.573975 -27.097849
v 531.889099 -909.573975 -10.034324
v 513.517639 -909.573975 -8.089155
v 487.493408 -909.573975 34.465397
v 496.332855 -909.573975 19.665266
v 493.249756 -909.573975 20.542486
v 490.082214 -909.573975 21.034180
v 486.878265 -909.573975 21.132893
v 483.686462 -909.573975 20.837130
v 480.555176 -909.573975 20.151371
v 549.342041 -909.573975 -27.192244
v 532.119629 -909.573975 -7.557054
v 513.715027 -909.573975 -4.889759
v 532.712402 -909.573975 -5.140731
v 513.517639 -909.573975 -1.690362
v 533.654541 -909.573975 -2.838035
v 512.928650 -909.573975 1.460535
v 572.510498 -909.573975 -40.733749
v 534.925476 -909.573975 -0.699165
v 511.956909 -909.573975 4.515168
v 536.497498 -909.573975 1.229251
v 510.617157 -909.573975 7.427232
v 519.154175 -909.573975 27.974920
v 499.284790 -909.573975 18.415817
v 538.336304 -909.573975 2.905170
v 540.401855 -909.573975 4.292058
v 508.929688 -909.573975 10.152583
v 506.920105 -909.573975 12.649907
v 504.618835 -909.573975 14.881349
v 502.060822 -909.573975 16.813080
v 542.649109 -909.573975 5.359678
v 577.943542 -909.573975 -26.288744
v 604.055542 -909.573975 -39.997967
v 551.485046 -909.573975 20.942928
v 545.029114 -909.573975 6.084755
v 547.489929 -909.573975 6.451483
v 549.977905 -909.573975 6.451867
v 552.438782 -909.573975 6.085898
v 606.552551 -909.573975 -25.666574
v 608.472046 -909.573975 -25.436598
v 610.303894 -909.573975 -24.818722
v 631.067993 -909.573975 -39.684963
v 611.970581 -909.573975 -23.839090
v 613.401489 -909.573975 -22.539158
v 614.536194 -909.573975 -20.973932
v 615.326599 -909.573975 -19.209650
v 584.452759 -909.573975 13.368089
v 580.569336 -909.573975 -0.395638
v 615.739258 -909.573975 -17.320965
v 608.637573 -909.573975 -7.142005
v 618.594360 -909.573975 5.120811
v 610.457947 -909.573975 -7.792925
v 612.106567 -909.573975 -8.802552
v 613.513794 -909.573975 -10.128161
v 614.619995 -909.573975 -11.713659
v 615.378296 -909.573975 -13.491956
v 658.153137 -909.573975 -31.840300
v 658.060852 -909.573975 -39.713760
v 654.080933 -909.573975 -3.855539
v 615.756775 -909.573975 -15.387798
v 690.371338 -909.573975 -13.440567
v 718.781006 -909.573975 -21.262569
v 742.265320 -909.573975 -28.076904
v 753.904846 -909.573975 -31.609753
v 767.884460 -909.573975 -35.982288
v 792.104675 -909.573975 -47.337753
v 792.294189 -909.573975 -45.383633
v 792.450012 -909.573975 -43.776669
v 814.635071 -909.573975 -51.803669
v 375.957764 -910.319641 53.988388
v 375.957764 -910.674683 53.988388
v 375.957764 -911.029724 53.988388
v 375.957764 -911.384766 53.988388
v 375.957764 -911.739807 53.988388
v 375.957764 -912.094910 53.988388
v 375.957764 -912.449951 53.988388
v 412.034424 -910.674683 48.266468
v 412.034424 -911.029724 48.266468
v 412.034424 -911.384766 48.266468
v 412.034424 -911.739807 48.266468
v 412.034424 -912.094910 48.266468
v 412.034424 -912.449951 48.266468
v 443.755371 -910.319641 42.759830
v 443.755371 -910.674683 42.759830
v 443.755371 -911.029724 42.759830
v 443.755371 -911.384766 42.759830
v 443.755371 -911.739807 42.759830
v 443.755371 -912.094910 42.759830
v 443.755371 -912.449951 42.759830
v 472.573914 -910.674683 37.384003
v 472.573914 -911.029724 37.384003
v 472.573914 -911.384766 37.384003
v 472.573914 -911.739807 37.384003
v 472.573914 -912.094910 37.384003
v 472.573914 -912.449951 37.384003
v 497.059601 -910.319641 32.546345
v 497.059601 -910.674683 32.546345
v 497.059601 -911.029724 32.546345
v 497.059601 -911.384766 32.546345
v 497.059601 -911.739807 32.546345
v 497.059601 -912.094910 32.546345
v 497.059601 -912.449951 32.546345
v 530.161987 -910.319641 25.626005
v 530.161987 -910.674683 25.626005
v 530.161987 -911.029724 25.626005
v 530.161987 -911.384766 25.626005
v 530.161987 -911.739807 25.626005
v 530.161987 -912.094910 25.626005
v 530.161987 -912.449951 25.626005
v 573.285767 -910.674683 15.978166
v 573.285767 -911.029724 15.978166
v 573.285767 -911.384766 15.978166
v 573.285767 -911.739807 15.978166
v 573.285767 -912.094910 15.978166
v 573.285767 -912.449951 15.978166
v 619.282776 -909.609497 4.950514
v 619.282776 -909.964539 4.950514
v 619.282776 -910.319641 4.950514
v 619.282776 -910.674683 4.950514
v 619.282776 -911.029724 4.950514
v 619.282776 -911.384766 4.950514
v 619.282776 -911.739807 4.950514
v 619.282776 -912.094910 4.950514
v 619.282776 -912.449951 4.950514
v 656.609253 -911.384766 -4.510247
v 656.609253 -911.739807 -4.510247
v 656.609253 -912.094910 -4.510247
v 656.609253 -912.449951 -4.510247
v 698.125061 -910.319641 -15.542008
v 698.125061 -910.674683 -15.542008
v 698.125061 -911.029724 -15.542008
v 698.125061 -911.384766 -15.542008
v 698.125061 -911.739807 -15.542008
v 698.125061 -912.094910 -15.542008
v 698.125061 -912.449951 -15.542008
v 734.409241 -910.674683 -25.753103
v 734.409241 -911.029724 -25.753103
v 734.409241 -911.384766 -25.753103
v 734.409241 -911.739807 -25.753103
v 734.409241 -912.094910 -25.753103
v 734.409241 -912.449951 -25.753103
v 749.333374 -910.674683 -30.209127
v 749.333374 -911.029724 -30.209127
v 749.333374 -911.384766 -30.209127
v 749.333374 -911.739807 -30.209127
v 749.333374 -912.094910 -30.209127
v 749.333374 -912.449951 -30.209127
v 783.469238 -910.674683 -40.943634
v 783.469238 -911.029724 -40.943634
v 783.469238 -911.384766 -40.943634
v 783.469238 -911.739807 -40.943634
v 783.469238 -912.094910 -40.943634
v 783.469238 -912.449951 -40.943634
v 65.257912 -910.319641 76.964493
v 65.257912 -909.964539 76.964493
v 65.257912 -910.674683 76.964493
v 65.257912 -911.029724 76.964493
v 65.257912 -911.384766 76.964493
v 65.257912 -911.739807 76.964493
v 65.257912 -912.094910 76.964493
v 65.257912 -912.449951 76.964493
v 79.663528 -909.964539 77.028816
v 79.663528 -910.319641 77.028816
v 79.663528 -910.674683 77.028816
v 79.663528 -911.029724 77.028816
v 79.663528 -911.384766 77.028816
v 79.663528 -911.739807 77.028816
v 79.663528 -912.094910 77.028816
v 79.663528 -912.449951 77.028816
v 102.740761 -910.674683 76.884750
v 102.740761 -911.029724 76.884750
v 102.740761 -911.384766 76.884750
v 102.740761 -911.739807 76.884750
v 102.740761 -912.094910 76.884750
v 102.740761 -912.449951 76.884750
v 127.290573 -910.674683 76.406067
v 127.290573 -911.029724 76.406067
v 127.290573 -911.384766 76.406067
v 127.290573 -911.739807 76.406067
v 127.290573 -912.094910 76.406067
v 127.290573 -912.449951 76.406067
v 160.535477 -911.029724 75.234634
v 160.535477 -911.384766 75.234634
v 160.535477 -911.739807 75.234634
v 160.535477 -912.094910 75.234634
v 160.535477 -912.449951 75.234634
v 190.905441 -909.964539 73.650833
v 190.905441 -910.319641 73.650833
v 190.905441 -910.674683 73.650833
v 190.905441 -911.029724 73.650833
v 190.905441 -911.384766 73.650833
v 190.905441 -911.739807 73.650833
v 190.905441 -912.094910 73.650833
v 190.905441 -912.449951 73.650833
v 219.836914 -911.029724 71.696404
v 219.836914 -911.384766 71.696404
v 219.836914 -911.739807 71.696404
v 219.836914 -912.094910 71.696404
v 219.836914 -912.449951 71.696404
v 248.770599 -911.384766 69.314453
v 248.770599 -911.739807 69.314453
v 248.770599 -912.094910 69.314453
v 248.770599 -912.449951 69.314453
v 274.806305 -911.029724 66.813370
v 274.806305 -911.384766 66.813370
v 274.806305 -911.739807 66.813370
v 274.806305 -912.094910 66.813370
v 274.806305 -912.449951 66.813370
v 310.950958 -909.964539 62.790565
v 310.950958 -910.319641 62.790565
v 310.950958 -910.674683 62.790565
v 310.950958 -911.029724 62.790565
v 310.950958 -911.384766 62.790565
v 310.950958 -911.739807 62.790565
v 310.950958 -912.094910 62.790565
v 310.950958 -912.449951 62.790565
v 334.073242 -909.964539 59.886875
v 334.073242 -910.319641 59.886875
v 334.073242 -910.674683 59.886875
v 334.073242 -911.029724 59.886875
v 334.073242 -911.384766 59.886875
v 334.073242 -911.739807 59.886875
v 334.073242 -912.094910 59.886875
v 334.073242 -912.449951 59.886875
v -235.417679 -910.319641 43.964264
v -235.417679 -910.674683 43.964264
v -235.417679 -911.029724 43.964264
v -235.417679 -911.384766 43.964264
v -235.417679 -911.739807 43.964264
v -235.417679 -912.094910 43.964264
v -235.417679 -912.449951 43.964264
v -215.500748 -911.029724 48.514133
v -215.500748 -911.384766 48.514133
v -215.500748 -911.739807 48.514133
v -215.500748 -912.094910 48.514133
v -215.500748 -912.449951 48.514133
v -196.581268 -910.319641 52.404881
v -196.581268 -910.674683 52.404881
v -196.581268 -911.029724 52.404881
v -196.581268 -911.384766 52.404881
v -196.581268 -911.739807 52.404881
v -196.581268 -912.094910 52.404881
v -196.581268 -912.449951 52.404881
v -177.416016 -911.029724 55.970608
v -177.416016 -911.384766 55.970608
v -177.416016 -911.739807 55.970608
v -177.416016 -912.094910 55.970608
v -177.416016 -912.449951 55.970608
v -160.830612 -910.674683 58.778805
v -160.830612 -911.029724 58.778805
v -160.830612 -911.384766 58.778805
v -160.830612 -911.739807 58.778805
v -160.830612 -912.094910 58.778805
v -160.830612 -912.449951 58.778805
v -144.127045 -910.319641 61.366112
v -144.127045 -910.674683 61.366112
v -144.127045 -911.029724 61.366112
v -144.127045 -911.384766 61.366112
v -144.127045 -911.739807 61.366112
v -144.127045 -912.094910 61.366112
v -144.127045 -912.449951 61.366112
v -113.266350 -910.674683 65.555466
v -113.266350 -911.029724 65.555466
v -113.266350 -911.384766 65.555466
v -113.266350 -911.739807 65.555466
v -113.266350 -912.094910 65.555466
v -113.266350 -912.449951 65.555466
v -99.157082 -910.319641 67.229492
v -99.157082 -910.674683 67.229492
v -99.157082 -911.029724 67.229492
v -99.157082 -911.384766 67.229492
v -99.157082 -911.739807 67.229492
v -99.157082 -912.094910 67.229492
v -99.157082 -912.449951 67.229492
v -73.656052 -910.319641 69.892357
v -73.656052 -910.674683 69.892357
v -73.656052 -911.029724 69.892357
v -73.656052 -911.384766 69.892357
v -73.656052 -911.739807 69.892357
v -73.656052 -912.094910 69.892357
v -73.656052 -912.449951 69.892357
v -49.465611 -910.319641 72.004433
v -49.465611 -910.674683 72.004433
v -49.465611 -911.029724 72.004433
v -49.465611 -911.384766 72.004433
v -49.465611 -911.739807 72.004433
v -49.465611 -912.094910 72.004433
v -49.465611 -912.449951 72.004433
v -28.048620 -909.964539 73.551743
v -28.048620 -910.319641 73.551743
v -28.048620 -910.674683 73.551743
v -28.048620 -911.029724 73.551743
v -28.048620 -911.384766 73.551743
v -28.048620 -911.739807 73.551743
v -28.048620 -912.094910 73.551743
v -28.048620 -912.449951 73.551743
v 6.327869 -910.674683 75.425545
v 6.327869 -911.029724 75.425545
v 6.327869 -911.384766 75.425545
v 6.327869 -911.739807 75.425545
v 6.327869 -912.094910 75.425545
v 6.327869 -912.449951 75.425545
v 20.681637 -911.029724 75.992393
v 20.681637 -911.384766 75.992393
v 20.681637 -911.739807 75.992393
v 20.681637 -912.094910 75.992393
v 20.681637 -912.449951 75.992393
v 45.112240 -911.029724 76.671471
v 45.112240 -911.384766 76.671471
v 45.112240 -911.739807 76.671471
v 45.112240 -912.094910 76.671471
v 45.112240 -912.449951 76.671471
v -401.322998 -912.840515 -46.738647
v -400.318756 -909.964539 -44.040520
v -400.318756 -910.319641 -44.040520
v -400.318756 -910.674683 -44.040520
v -400.318756 -911.029724 -44.040520
v -400.318756 -911.384766 -44.040520
v -400.318756 -911.739807 -44.040520
v -400.318756 -912.094910 -44.040520
v -400.318756 -912.449951 -44.040520
v -400.318756 -912.840515 -44.040520
v -399.022278 -909.964539 -41.319771
v -399.022278 -910.319641 -41.319771
v -399.022278 -910.674683 -41.319771
v -399.022278 -911.029724 -41.319771
v -399.022278 -911.384766 -41.319771
v -399.022278 -911.739807 -41.319771
v -399.022278 -912.094910 -41.319771
v -399.022278 -912.449951 -41.319771
v -396.367126 -910.319641 -36.810154
v -396.367126 -910.674683 -36.810154
v -396.367126 -911.029724 -36.810154
v -396.367126 -911.384766 -36.810154
v -396.367126 -911.739807 -36.810154
v -396.367126 -912.094910 -36.810154
v -396.367126 -912.449951 -36.810154
v -392.586212 -910.674683 -31.602358
v -392.586212 -911.029724 -31.602358
v -392.586212 -911.384766 -31.602358
v -392.586212 -911.739807 -31.602358
v -392.586212 -912.094910 -31.602358
v -392.586212 -912.449951 -31.602358
v -389.969757 -910.674683 -28.483809
v -389.969757 -910.319641 -28.483809
v -389.969757 -911.029724 -28.483809
v -389.969757 -911.384766 -28.483809
v -389.969757 -911.739807 -28.483809
v -389.969757 -912.094910 -28.483809
v -389.969757 -912.449951 -28.483809
v -386.809357 -909.964539 -25.061819
v -386.809357 -910.319641 -25.061819
v -386.809357 -910.674683 -25.061819
v -386.809357 -911.029724 -25.061819
v -386.809357 -911.384766 -25.061819
v -386.809357 -911.739807 -25.061819
v -386.809357 -912.094910 -25.061819
v -386.809357 -912.449951 -25.061819
v -381.848511 -909.964539 -20.246229
v -381.848511 -910.319641 -20.246229
v -381.848511 -910.674683 -20.246229
v -381.848511 -911.029724 -20.246229
v -381.848511 -911.384766 -20.246229
v -381.848511 -911.739807 -20.246229
v -381.848511 -912.094910 -20.246229
v -381.848511 -912.449951 -20.246229
v -376.378876 -910.319641 -15.517322
v -376.378876 -909.964539 -15.517322
v -376.378876 -910.674683 -15.517322
v -376.378876 -911.029724 -15.517322
v -376.378876 -911.384766 -15.517322
v -376.378876 -911.739807 -15.517322
v -376.378876 -912.094910 -15.517322
v -376.378876 -912.449951 -15.517322
v -372.013580 -909.964539 -12.077231
v -372.013580 -910.319641 -12.077231
v -372.013580 -910.674683 -12.077231
v -372.013580 -911.029724 -12.077231
v -372.013580 -911.384766 -12.077231
v -372.013580 -911.739807 -12.077231
v -372.013580 -912.094910 -12.077231
v -372.013580 -912.449951 -12.077231
v -367.136078 -910.319641 -8.515894
v -367.136078 -910.674683 -8.515894
v -367.136078 -911.029724 -8.515894
v -367.136078 -911.384766 -8.515894
v -367.136078 -911.739807 -8.515894
v -367.136078 -912.094910 -8.515894
v -367.136078 -912.449951 -8.515894
v -360.205627 -910.319641 -3.875695
v -360.205627 -910.674683 -3.875695
v -360.205627 -911.029724 -3.875695
v -360.205627 -911.384766 -3.875695
v -360.205627 -911.739807 -3.875695
v -360.205627 -912.094910 -3.875695
v -360.205627 -912.449951 -3.875695
v -352.455841 -910.319641 0.843196
v -352.455841 -910.674683 0.843196
v -352.455841 -911.029724 0.843196
v -352.455841 -911.384766 0.843196
v -352.455841 -911.739807 0.843196
v -352.455841 -912.094910 0.843196
v -352.455841 -912.449951 0.843196
v -341.591309 -910.319641 6.799084
v -341.591309 -910.674683 6.799084
v -341.591309 -911.029724 6.799084
v -341.591309 -911.384766 6.799084
v -341.591309 -911.739807 6.799084
v -341.591309 -912.094910 6.799084
v -341.591309 -912.449951 6.799084
v -328.662292 -911.029724 13.101363
v -328.662292 -911.384766 13.101363
v -328.662292 -911.739807 13.101363
v -328.662292 -912.094910 13.101363
v -328.662292 -912.449951 13.101363
v -319.125092 -909.964539 17.309551
v -319.125092 -910.319641 17.309551
v -319.125092 -910.674683 17.309551
v -319.125092 -911.029724 17.309551
v -319.125092 -911.384766 17.309551
v -319.125092 -911.739807 17.309551
v -319.125092 -912.094910 17.309551
v -319.125092 -912.449951 17.309551
v -309.182709 -909.964539 21.359936
v -309.182709 -910.319641 21.359936
v -309.182709 -910.674683 21.359936
v -309.182709 -911.029724 21.359936
v -309.182709 -911.384766 21.359936
v -309.182709 -911.739807 21.359936
v -309.182709 -912.094910 21.359936
v -309.182709 -912.449951 21.359936
v -291.850006 -910.319641 27.725876
v -291.850006 -910.674683 27.725876
v -291.850006 -911.029724 27.725876
v -291.850006 -911.384766 27.725876
v -291.850006 -911.739807 27.725876
v -291.850006 -912.094910 27.725876
v -291.850006 -912.449951 27.725876
v -279.096497 -910.319641 31.929247
v -279.096497 -910.674683 31.929247
v -279.096497 -911.029724 31.929247
v -279.096497 -911.384766 31.929247
v -279.096497 -911.739807 31.929247
v -279.096497 -912.094910 31.929247
v -279.096497 -912.449951 31.929247
v -266.242889 -910.674683 35.816040
v -266.242889 -911.029724 35.816040
v -266.242889 -911.384766 35.816040
v -266.242889 -911.739807 35.816040
v -266.242889 -912.094910 35.816040
v -266.242889 -912.449951 35.816040
v -194.692322 -910.698853 -78.725533
v -194.692322 -911.061707 -78.725533
v -194.692322 -911.424561 -78.725533
v -194.692322 -911.787415 -78.725533
v -194.692322 -912.150269 -78.725533
v -194.692322 -912.513123 -78.725533
v -233.012878 -911.061707 -77.945915
v -233.012878 -911.424561 -77.945915
v -233.012878 -911.787415 -77.945915
v -233.012878 -912.150269 -77.945915
v -233.012878 -912.513123 -77.945915
v -264.234528 -909.610291 -76.806351
v -264.234528 -909.973145 -76.806351
v -264.234528 -910.335999 -76.806351
v -264.234528 -910.698853 -76.806351
v -264.234528 -911.061707 -76.806351
v -264.234528 -911.424561 -76.806351
v -264.234528 -911.787415 -76.806351
v -264.234528 -912.150269 -76.806351
v -264.234528 -912.513123 -76.806351
v -284.297638 -909.973145 -75.791893
v -284.297638 -910.335999 -75.791893
v -284.297638 -910.698853 -75.791893
v -284.297638 -911.061707 -75.791893
v -284.297638 -911.424561 -75.791893
v -284.297638 -911.787415 -75.791893
v -284.297638 -912.150269 -75.791893
v -284.297638 -912.513123 -75.791893
v -308.967957 -909.973145 -74.167000
v -308.967957 -910.335999 -74.167000
v -308.967957 -910.698853 -74.167000
v -308.967957 -911.061707 -74.167000
v -308.967957 -911.424561 -74.167000
v -308.967957 -911.787415 -74.167000
v -308.967957 -912.150269 -74.167000
v -308.967957 -912.513123 -74.167000
v -328.640747 -910.335999 -72.482140
v -328.640747 -910.698853 -72.482140
v -328.640747 -911.061707 -72.482140
v -328.640747 -911.424561 -72.482140
v -328.640747 -911.787415 -72.482140
v -328.640747 -912.150269 -72.482140
v -328.640747 -912.513123 -72.482140
v -351.118195 -910.698853 -69.961395
v -351.118195 -911.061707 -69.961395
v -351.118195 -911.424561 -69.961395
v -351.118195 -911.787415 -69.961395
v -351.118195 -912.150269 -69.961395
v -351.118195 -912.513123 -69.961395
v -365.133759 -910.335999 -67.885384
v -365.133759 -910.698853 -67.885384
v -365.133759 -911.061707 -67.885384
v -365.133759 -911.424561 -67.885384
v -365.133759 -911.787415 -67.885384
v -365.133759 -912.150269 -67.885384
v -365.133759 -912.513123 -67.885384
v -372.866089 -910.698853 -66.468887
v -372.866089 -911.061707 -66.468887
v -372.866089 -911.424561 -66.468887
v -372.866089 -911.787415 -66.468887
v -372.866089 -912.150269 -66.468887
v -372.866089 -912.513123 -66.468887
v -379.146942 -911.061707 -65.113579
v -379.146942 -911.424561 -65.113579
v -379.146942 -911.787415 -65.113579
v -379.146942 -912.150269 -65.113579
v -379.146942 -912.513123 -65.113579
v -385.711304 -909.973145 -63.420849
v -385.711304 -910.335999 -63.420849
v -385.711304 -910.698853 -63.420849
v -385.711304 -911.061707 -63.420849
v -385.711304 -911.424561 -63.420849
v -385.711304 -911.787415 -63.420849
v -385.711304 -912.150269 -63.420849
v -385.711304 -912.513123 -63.420849
v -392.288818 -910.335999 -61.305317
v -392.288818 -910.698853 -61.305317
v -392.288818 -911.061707 -61.305317
v -392.288818 -911.424561 -61.305317
v -392.288818 -911.787415 -61.305317
v -392.288818 -912.150269 -61.305317
v -392.288818 -912.513123 -61.305317
v -396.616882 -910.698853 -59.421021
v -396.616882 -911.061707 -59.421021
v -396.616882 -911.424561 -59.421021
v -396.616882 -911.787415 -59.421021
v -396.616882 -912.150269 -59.421021
v -396.616882 -912.513123 -59.421021
v -399.861847 -909.973145 -57.400669
v -399.861847 -910.335999 -57.400669
v -399.861847 -910.698853 -57.400669
v -399.861847 -911.061707 -57.400669
v -399.861847 -911.424561 -57.400669
v -399.861847 -911.787415 -57.400669
v -399.861847 -912.150269 -57.400669
v -399.861847 -912.513123 -57.400669
v 197.114883 -911.424561 -63.444344
v 197.114883 -911.787415 -63.444344
v 197.114883 -912.150269 -63.444344
v 197.114883 -912.513123 -63.444344
v 157.442261 -909.973145 -66.126869
v 157.442261 -910.335999 -66.126869
v 157.442261 -910.698853 -66.126869
v 157.442261 -911.061707 -66.126869
v 157.442261 -911.424561 -66.126869
v 157.442261 -911.787415 -66.126869
v 157.442261 -912.150269 -66.126869
v 157.442261 -912.513123 -66.126869
v 116.461067 -910.335999 -68.756493
v 116.461067 -910.698853 -68.756493
v 116.461067 -911.061707 -68.756493
v 116.461067 -911.424561 -68.756493
v 116.461067 -911.787415 -68.756493
v 116.461067 -912.150269 -68.756493
v 116.461067 -912.513123 -68.756493
v 84.031700 -909.610291 -70.704842
v 84.031700 -909.973145 -70.704842
v 84.031700 -910.335999 -70.704842
v 84.031700 -910.698853 -70.704842
v 84.031700 -911.061707 -70.704842
v 84.031700 -911.424561 -70.704842
v 84.031700 -911.787415 -70.704842
v 84.031700 -912.150269 -70.704842
v 84.031700 -912.513123 -70.704842
v 32.012119 -910.335999 -73.518570
v 32.012119 -909.973145 -73.518570
v 32.012119 -910.698853 -73.518570
v 32.012119 -911.061707 -73.518570
v 32.012119 -911.424561 -73.518570
v 32.012119 -911.787415 -73.518570
v 32.012119 -912.150269 -73.518570
v 32.012119 -912.513123 -73.518570
v -3.036736 -909.610291 -75.153687
v -3.036736 -909.973145 -75.153687
v -3.036736 -910.335999 -75.153687
v -3.036736 -910.698853 -75.153687
v -3.036736 -911.061707 -75.153687
v -3.036736 -911.424561 -75.153687
v -3.036736 -911.787415 -75.153687
v -3.036736 -912.150269 -75.153687
v -3.036736 -912.513123 -75.153687
v -39.400116 -911.061707 -76.587563
v -39.400116 -911.424561 -76.587563
v -39.400116 -911.787415 -76.587563
v -39.400116 -912.150269 -76.587563
v -39.400116 -912.513123 -76.587563
v -82.617546 -911.424561 -77.892494
v -82.617546 -911.787415 -77.892494
v -82.617546 -912.150269 -77.892494
v -82.617546 -912.513123 -77.892494
v -129.835114 -910.335999 -78.738747
v -129.835114 -910.698853 -78.738747
v -129.835114 -911.061707 -78.738747
v -129.835114 -911.424561 -78.738747
v -129.835114 -911.787415 -78.738747
v -129.835114 -912.150269 -78.738747
v -129.835114 -912.513123 -78.738747
v -165.786942 -911.424561 -78.917671
v -165.786942 -911.787415 -78.917671
v -165.786942 -912.150269 -78.917671
v -165.786942 -912.513123 -78.917671
v 649.110168 -910.698853 -39.663002
v 649.110168 -911.061707 -39.663002
v 649.110168 -911.424561 -39.663002
v 649.110168 -911.787415 -39.663002
v 649.110168 -912.150269 -39.663002
v 649.110168 -912.513123 -39.663002
v 609.474976 -909.973145 -39.910126
v 609.474976 -910.335999 -39.910126
v 609.474976 -910.698853 -39.910126
v 609.474976 -911.061707 -39.910126
v 609.474976 -911.424561 -39.910126
v 609.474976 -911.787415 -39.910126
v 609.474976 -912.150269 -39.910126
v 609.474976 -912.513123 -39.910126
v 579.211487 -909.973145 -40.547421
v 579.211487 -910.335999 -40.547421
v 579.211487 -910.698853 -40.547421
v 579.211487 -911.061707 -40.547421
v 579.211487 -911.424561 -40.547421
v 579.211487 -911.787415 -40.547421
v 579.211487 -912.150269 -40.547421
v 579.211487 -912.513123 -40.547421
v 527.888184 -911.061707 -42.327747
v 527.888184 -911.424561 -42.327747
v 527.888184 -911.787415 -42.327747
v 527.888184 -912.150269 -42.327747
v 527.888184 -912.513123 -42.327747
v 490.190063 -911.061707 -44.080044
v 490.190063 -911.424561 -44.080044
v 490.190063 -911.787415 -44.080044
v 490.190063 -912.150269 -44.080044
v 490.190063 -912.513123 -44.080044
v 459.355957 -909.973145 -45.734623
v 459.355957 -910.335999 -45.734623
v 459.355957 -910.698853 -45.734623
v 459.355957 -911.061707 -45.734623
v 459.355957 -911.424561 -45.734623
v 459.355957 -911.787415 -45.734623
v 459.355957 -912.150269 -45.734623
v 459.355957 -912.513123 -45.734623
v 459.355957 -912.839722 -45.734623
v 387.499878 -910.335999 -50.159225
v 387.499878 -910.698853 -50.159225
v 387.499878 -911.061707 -50.159225
v 387.499878 -911.424561 -50.159225
v 387.499878 -911.787415 -50.159225
v 387.499878 -912.150269 -50.159225
v 387.499878 -912.513123 -50.159225
v 325.130615 -911.061707 -54.415047
v 325.130615 -911.424561 -54.415047
v 325.130615 -911.787415 -54.415047
v 325.130615 -912.150269 -54.415047
v 325.130615 -912.513123 -54.415047
v 282.446655 -910.698853 -57.432190
v 282.446655 -910.335999 -57.432190
v 282.446655 -911.061707 -57.432190
v 282.446655 -911.424561 -57.432190
v 282.446655 -911.787415 -57.432190
v 282.446655 -912.150269 -57.432190
v 282.446655 -912.513123 -57.432190
v 242.586792 -909.973145 -60.262859
v 242.586792 -910.335999 -60.262859
v 242.586792 -910.698853 -60.262859
v 242.586792 -911.061707 -60.262859
v 242.586792 -911.424561 -60.262859
v 242.586792 -911.787415 -60.262859
v 242.586792 -912.150269 -60.262859
v 242.586792 -912.513123 -60.262859
v -221.732681 -912.256897 -63.950405
v -221.732681 -911.844116 -63.950405
v -221.732681 -911.431396 -63.950405
v -221.732681 -911.018616 -63.950405
v -221.732681 -910.605896 -63.950405
v -221.732681 -910.193115 -63.950405
v -258.633850 -911.431396 -62.747952
v -258.633850 -911.018616 -62.747952
v -258.633850 -910.605896 -62.747952
v -258.633850 -910.193115 -62.747952
v -277.049683 -911.844116 -61.879482
v -277.049683 -911.431396 -61.879482
v -277.049683 -911.018616 -61.879482
v -277.049683 -910.605896 -61.879482
v -277.049683 -910.193115 -61.879482
v -295.426361 -912.256897 -60.799335
v -295.426361 -911.844116 -60.799335
v -295.426361 -911.431396 -60.799335
v -295.426361 -911.018616 -60.799335
v -295.426361 -910.605896 -60.799335
v -295.426361 -910.193115 -60.799335
v -313.737030 -912.669617 -59.460030
v -313.737030 -912.256897 -59.460030
v -313.737030 -911.844116 -59.460030
v -313.737030 -911.431396 -59.460030
v -313.737030 -911.018616 -59.460030
v -313.737030 -910.605896 -59.460030
v -313.737030 -910.193115 -59.460030
v -331.956543 -912.256897 -57.795532
v -331.956543 -911.844116 -57.795532
v -331.956543 -911.431396 -57.795532
v -331.956543 -911.018616 -57.795532
v -331.956543 -910.605896 -57.795532
v -331.956543 -910.193115 -57.795532
v -351.097260 -911.844116 -55.550407
v -351.097260 -911.431396 -55.550407
v -351.097260 -911.018616 -55.550407
v -351.097260 -910.605896 -55.550407
v -351.097260 -910.193115 -55.550407
v -360.507507 -911.844116 -54.169575
v -360.507507 -911.431396 -54.169575
v -360.507507 -911.018616 -54.169575
v -360.507507 -910.605896 -54.169575
v -360.507507 -910.193115 -54.169575
v -369.671906 -911.844116 -52.531376
v -369.671906 -911.431396 -52.531376
v -369.671906 -911.018616 -52.531376
v -369.671906 -910.605896 -52.531376
v -369.671906 -910.193115 -52.531376
v -369.956207 -912.600830 -28.785000
v -369.956207 -912.050476 -28.785000
v -369.956207 -911.500183 -28.785000
v -369.956207 -910.949829 -28.785000
v -369.956207 -910.399475 -28.785000
v -362.523682 -911.500183 -22.816042
v -362.523682 -910.949829 -22.816042
v -362.523682 -910.399475 -22.816042
v -354.561127 -911.500183 -17.243229
v -354.561127 -910.949829 -17.243229
v -354.561127 -910.399475 -17.243229
v -346.190918 -912.600830 -12.043860
v -346.190918 -912.050476 -12.043860
v -346.190918 -911.500183 -12.043860
v -346.190918 -910.949829 -12.043860
v -346.190918 -910.399475 -12.043860
v -346.190918 -909.849182 -12.043860
v -337.495697 -912.600830 -7.186306
v -337.495697 -912.050476 -7.186306
v -337.495697 -911.500183 -7.186306
v -337.495697 -910.949829 -7.186306
v -337.495697 -910.399475 -7.186306
v -328.535889 -912.600830 -2.637885
v -328.535889 -912.050476 -2.637885
v -328.535889 -911.500183 -2.637885
v -328.535889 -910.949829 -2.637885
v -328.535889 -910.399475 -2.637885
v -319.367096 -912.600830 1.625646
v -319.367096 -912.050476 1.625646
v -319.367096 -911.500183 1.625646
v -319.367096 -910.949829 1.625646
v -319.367096 -910.399475 1.625646
v -310.028534 -912.050476 5.625300
v -310.028534 -912.600830 5.625300
v -310.028534 -911.500183 5.625300
v -310.028534 -910.949829 5.625300
v -310.028534 -910.399475 5.625300
v -310.028534 -909.849182 5.625300
v -300.546387 -912.600830 9.380453
v -300.546387 -912.050476 9.380453
v -300.546387 -911.500183 9.380453
v -300.546387 -910.949829 9.380453
v -300.546387 -910.399475 9.380453
v -290.939575 -911.500183 12.909790
v -290.939575 -910.949829 12.909790
v -290.939575 -910.399475 12.909790
v -281.226624 -911.500183 16.229939
v -281.226624 -910.949829 16.229939
v -281.226624 -910.399475 16.229939
v -261.535156 -912.050476 22.304550
v -261.535156 -911.500183 22.304550
v -261.535156 -910.949829 22.304550
v -261.535156 -910.399475 22.304550
v -241.555923 -911.500183 27.721916
v -241.555923 -910.949829 27.721916
v -241.555923 -910.399475 27.721916
v -221.360641 -911.500183 32.581470
v -221.360641 -910.949829 32.581470
v -221.360641 -910.399475 32.581470
v 408.145966 -911.844116 -34.505276
v 408.145966 -911.431396 -34.505276
v 408.145966 -911.018616 -34.505276
v 408.145966 -910.605896 -34.505276
v 408.145966 -910.193115 -34.505276
v 339.609985 -911.431396 -39.083694
v 339.609985 -911.018616 -39.083694
v 339.609985 -910.605896 -39.083694
v 339.609985 -910.193115 -39.083694
v 185.537415 -911.018616 -49.917927
v 185.537415 -910.605896 -49.917927
v 185.537415 -910.193115 -49.917927
v 111.432907 -911.844116 -54.752449
v 111.432907 -911.431396 -54.752449
v 111.432907 -911.018616 -54.752449
v 111.432907 -910.605896 -54.752449
v 111.432907 -910.193115 -54.752449
v 111.471817 -912.050476 62.462879
v 111.471817 -911.500183 62.462879
v 111.471817 -910.949829 62.462879
v 111.471817 -910.399475 62.462879
v 132.439270 -912.050476 61.970108
v 132.439270 -911.500183 61.970108
v 132.439270 -910.949829 61.970108
v 132.439270 -910.399475 61.970108
v 153.402969 -911.500183 61.236755
v 153.402969 -910.949829 61.236755
v 153.402969 -910.399475 61.236755
v 174.359726 -911.500183 60.267391
v 174.359726 -910.949829 60.267391
v 174.359726 -910.399475 60.267391
v 195.307281 -910.949829 59.065849
v 195.307281 -910.399475 59.065849
v 216.243286 -912.600830 57.636559
v 216.243286 -912.050476 57.636559
v 216.243286 -911.500183 57.636559
v 216.243286 -910.949829 57.636559
v 216.243286 -910.399475 57.636559
v 237.164551 -912.050476 55.982838
v 237.164551 -911.500183 55.982838
v 237.164551 -910.949829 55.982838
v 237.164551 -910.399475 55.982838
v 258.070465 -912.050476 54.108231
v 258.070465 -911.500183 54.108231
v 258.070465 -910.949829 54.108231
v 258.070465 -910.399475 54.108231
v 278.958679 -911.500183 52.017815
v 278.958679 -910.949829 52.017815
v 278.958679 -910.399475 52.017815
vn -0.054072 0.000000 -0.998537
vn -0.054072 0.000000 -0.998537
vn -0.143684 0.044310 -0.988631
vn -0.155635 0.000000 -0.987815
vn -0.143826 -0.000492 -0.989603
vn -0.143718 -0.000000 -0.989619
vn -0.119831 -0.063723 -0.990747
vn -0.127047 0.000000 -0.991897
vn -0.114410 -0.000000 -0.993434
vn -0.127047 0.000000 -0.991897
vn -0.114410 -0.000000 -0.993434
vn -0.127047 0.000000 -0.991897
vn -0.114410 -0.000000 -0.993434
vn -0.114410 -0.000000 -0.993434
vn -0.127047 0.000000 -0.991897
vn -0.114410 -0.000000 -0.993434
vn -0.127047 0.000000 -0.991897
vn -0.127047 0.000000 -0.991897
vn -0.114410 -0.000000 -0.993434
vn -0.119010 0.132906 -0.983958
vn -0.114410 -0.000000 -0.993434
vn -0.127047 0.000000 -0.991897
vn -0.095870 -0.013379 -0.995304
vn -0.097253 0.000000 -0.995260
vn -0.086277 -0.000000 -0.996271
vn -0.086277 -0.000000 -0.996271
vn -0.097253 0.000000 -0.995260
vn -0.086277 -0.000000 -0.996271
vn -0.097253 0.000000 -0.995260
vn -0.086277 -0.000000 -0.996271
vn -0.097253 0.000000 -0.995260
vn -0.095735 0.054778 -0.993898
vn -0.086277 -0.000000 -0.996271
vn -0.097253 0.000000 -0.995260
vn -0.074259 -0.027708 -0.996854
vn -0.074936 0.000000 -0.997188
vn -0.064691 -0.000000 -0.997905
vn -0.074936 0.000000 -0.997188
vn -0.064691 -0.000000 -0.997905
vn -0.074936 0.000000 -0.997188
vn -0.064691 -0.000000 -0.997905
vn -0.074936 0.000000 -0.997188
vn -0.064691 -0.000000 -0.997905
vn -0.064691 -0.000000 -0.997905
vn -0.074936 0.000000 -0.997188
vn -0.064691 -0.000000 -0.997905
vn -0.074936 0.000000 -0.997188
vn -0.064691 -0.000000 -0.997905
vn -0.074936 0.000000 -0.997188
vn -0.074253 0.030479 -0.996774
vn -0.064691 -0.000000 -0.997905
vn -0.074936 0.000000 -0.997188
vn -0.036268 -0.028844 -0.998926
vn -0.043789 0.000000 -0.999041
vn -0.035606 -0.000000 -0.999366
vn -0.043789 0.000000 -0.999041
vn -0.035606 -0.000000 -0.999366
vn -0.043789 0.000000 -0.999041
vn -0.035606 -0.000000 -0.999366
vn -0.043789 0.000000 -0.999041
vn -0.035606 -0.000000 -0.999366
vn -0.035606 -0.000000 -0.999366
vn -0.043789 0.000000 -0.999041
vn -0.035606 -0.000000 -0.999366
vn -0.043789 0.000000 -0.999041
vn -0.035606 -0.000000 -0.999366
vn -0.043789 0.000000 -0.999041
vn -0.036264 0.031728 -0.998838
vn -0.035606 -0.000000 -0.999366
vn -0.043789 0.000000 -0.999041
vn -0.021760 -0.033065 -0.999216
vn -0.026506 0.000000 -0.999649
vn -0.019879 -0.000000 -0.999802
vn -0.019879 -0.000000 -0.999802
vn -0.019879 -0.000000 -0.999802
vn -0.026506 0.000000 -0.999649
vn -0.026506 0.000000 -0.999649
vn -0.026506 0.000000 -0.999649
vn -0.019879 -0.000000 -0.999802
vn -0.019879 -0.000000 -0.999802
vn -0.026506 0.000000 -0.999649
vn -0.019879 -0.000000 -0.999802
vn -0.026506 0.000000 -0.999649
vn -0.021720 0.069310 -0.997359
vn -0.019879 -0.000000 -0.999802
vn -0.026506 0.000000 -0.999649
vn 0.000000 -1.000000 0.000000
vn 0.000000 -1.000000 0.000000
vn 0.000000 -1.000000 0.000000
vn 0.000000 -1.000000 0.000000
vn 0.000000 -1.000000 0.000000
vn 0.000000 -1.000000 0.000000
vn 0.000000 -1.000000 0.000000
vn 0.000000 -1.000000 0.000000
vn 0.000000 -1.000000 0.000000
vn 0.000000 -1.000000 0.000000
vn -0.000000 -1.000000 0.000000
vn 0.000000 -1.000000 0.000000
vn 0.000000 -1.000000 0.000000
vn -0.000000 -1.000000 0.000000
vn 0.000000 -1.000000 0.000000
vn 0.000000 -1.000000 0.000000
vn -0.000000 -1.000000 0.000000
vn -0.000000 -1.000000 0.000000
vn 0.000000 -1.000000 0.000000
vn 0.000000 -1.000000 0.000000
vn 0.000000 -1.000000 0.000000
vn 0.000000 -1.000000 0.000000
vn 0.000000 -1.000000 0.000000
vn 0.000000 -1.000000 0.000000
vn 0.000000 -1.000000 0.000000
vn 0.000000 -1.000000 0.000000
vn 0.000000 -1.000000 0.000000
vn 0.000000 -1.000000 0.000000
vn 0.000000 -1.000000 0.000000
vn 0.000000 -1.000000 0.000000
vn 0.000000 -1.000000 0.000000
vn 0.000000 -1.000000 0.000000
vn 0.000000 -1.000000 0.000000
vn 0.000000 -1.000000 0.000000
vn 0.000000 -1.000000 0.000000
vn 0.000000 -1.000000 0.000000
vn 0.000000 -1.000000 0.000000
vn 0.000000 -1.000000 0.000000
vn 0.000000 -1.000000 0.000000
vn 0.000000 -1.000000 0.000000
vn 0.000000 -1.000000 0.000000
vn 0.000000 -1.000000 0.000000
vn 0.000000 -1.000000 0.000000
vn 0.000000 -1.000000 0.000000
vn 0.000000 -1.000000 0.000000
vn 0.000000 -1.000000 0.000000
vn 0.000000 -1.000000 0.000000
vn 0.000000 -1.000000 0.000000
vn 0.000000 -1.000000 0.000000
vn 0.000000 -1.000000 0.000000
vn 0.000000 -1.000000 0.000000
vn 0.000000 -1.000000 0.000000
vn 0.000000 -1.000000 0.000000
vn 0.000000 -1.000000 0.000000
vn 0.000000 -1.000000 0.000000
vn 0.000000 -1.000000 0.000000
vn 0.000000 -1.000000 0.000000
vn 0.000000 -1.000000 0.000000
vn 0.000000 -1.000000 0.000000
vn -0.000000 -1.000000 0.000000
vn 0.000000 -1.000000 0.000000
vn 0.000000 -1.000000 0.000000
vn -0.000000 -1.000000 0.000000
vn 0.000000 -1.000000 0.000000
vn 0.000000 -1.000000 0.000000
vn 0.000000 -1.000000 0.000000
vn -0.000000 -1.000000 0.000000
vn 0.000000 -1.000000 0.000000
vn -0.000000 -1.000000 0.000000
vn 0.000000 -1.000000 0.000000
vn 0.000000 -1.000000 0.000000
vn -0.000000 -1.000000 0.000000
vn 0.000000 -1.000000 0.000000
vn 0.000000 -1.000000 0.000000
vn -0.000000 -1.000000 0.000000
vn 0.000000 -1.000000 0.000000
vn 0.000000 -1.000000 0.000000
vn 0.000000 -1.000000 0.000000
vn -0.000000 -1.000000 0.000000
vn 0.000000 -1.000000 0.000000
vn 0.000000 -1.000000 0.000000
vn 0.000000 -1.000000 0.000000
vn 0.000000 -1.000000 0.000000
vn -0.000000 -1.000000 0.000000
vn 0.000000 -1.000000 0.000000
vn 0.000000 -1.000000 0.000000
vn -0.000000 -1.000000 0.000000
vn 0.000000 -1.000000 0.000000
vn -0.000000 -1.000000 0.000000
vn 0.000000 -1.000000 0.000000
vn -0.000000 -1.000000 0.000000
vn 0.000000 -1.000000 0.000000
vn 0.000000 -1.000000 0.000000
vn -0.000000 -1.000000 0.000000
vn 0.000000 -1.000000 0.000000
vn 0.000000 -1.000000 0.000000
vn 0.000000 -1.000000 0.000000
vn 0.000000 -1.000000 0.000000
vn 0.000000 -1.000000 0.000000
vn 0.000000 -1.000000 0.000000
vn 0.000000 -1.000000 0.000000
vn 0.000000 -1.000000 0.000000
vn 0.000000 -1.000000 0.000000
vn -0.000000 -1.000000 0.000000
vn 0.000000 -1.000000 0.000000
vn 0.000000 -1.000000 0.000000
vn -0.000000 -1.000000 0.000000
vn 0.000000 -1.000000 0.000000
vn 0.000000 -1.000000 0.000000
vn -0.000000 -1.000000 0.000000
vn 0.000000 -1.000000 0.000000
vn 0.000000 -1.000000 0.000000
vn -0.000000 -1.000000 0.000000
vn 0.000000 -1.000000 0.000000
vn 0.000000 -1.000000 0.000000
vn 0.000000 -1.000000 0.000000
vn 0.000000 -1.000000 0.000000
vn 0.000000 -1.000000 0.000000
vn -0.000000 -1.000000 0.000000
vn 0.000000 -1.000000 0.000000
vn 0.000000 -1.000000 0.000000
vn 0.000000 -1.000000 0.000000
vn -0.000000 -1.000000 0.000000
vn 0.000000 -1.000000 0.000000
vn -0.000000 -1.000000 0.000000
vn 0.000000 -1.000000 0.000000
vn -0.000000 -1.000000 0.000000
vn 0.000000 -1.000000 0.000000
vn 0.000000 -1.000000 0.000000
vn -0.000000 -1.000000 0.000000
vn 0.000000 -1.000000 0.000000
vn 0.000000 -1.000000 0.000000
vn -0.000000 -1.000000 0.000000
vn -0.000000 -1.000000 0.000000
vn 0.000000 -1.000000 0.000000
vn 0.000000 -1.000000 0.000000
vn -0.000000 -1.000000 0.000000
vn 0.000000 -1.000000 0.000000
vn 0.000000 -1.000000 0.000000
vn -0.000000 -1.000000 0.000000
vn 0.000000 -1.000000 0.000000
vn 0.000000 -1.000000 0.000000
vn 0.000000 -1.000000 0.000000
vn 0.000000 -1.000000 0.000000
vn 0.000000 -1.000000 0.000000
vn 0.000000 -1.000000 0.000000
vn 0.000000 -1.000000 0.000000
vn 0.000000 -1.000000 0.000000
vn 0.000000 -1.000000 0.000000
vn 0.000000 -1.000000 0.000000
vn 0.000000 -1.000000 0.000000
vn 0.000000 -1.000000 0.000000
vn 0.000000 -1.000000 0.000000
vn 0.000000 -1.000000 0.000000
vn 0.000000 -1.000000 0.000000
vn 0.000000 -1.000000 0.000000
vn 0.000000 -1.000000 0.000000
vn 0.000000 -1.000000 0.000000
vn 0.000000 -1.000000 0.000000
vn 0.000000 -1.000000 0.000000
vn 0.000000 -1.000000 0.000000
vn 0.000000 -1.000000 0.000000
vn 0.000000 -1.000000 0.000000
vn 0.000000 -1.000000 0.000000
vn 0.000000 -1.000000 0.000000
vn 0.000000 -1.000000 0.000000
vn 0.000000 -1.000000 0.000000
vn 0.000000 -1.000000 0.000000
vn 0.000000 -1.000000 0.000000
vn -0.000000 -1.000000 0.000000
vn 0.000000 -1.000000 0.000000
vn 0.000000 -1.000000 0.000000
vn 0.000000 -1.000000 0.000000
vn 0.000000 -1.000000 0.000000
vn 0.000000 -1.000000 0.000000
vn 0.000000 -1.000000 0.000000
vn 0.000000 -1.000000 0.000000
vn 0.000000 -1.000000 0.000000
vn 0.000000 -1.000000 0.000000
vn 0.000000 -1.000000 0.000000
vn 0.000000 -1.000000 0.000000
vn 0.000000 -1.000000 0.000000
vn 0.000000 -1.000000 0.000000
vn 0.000000 -1.000000 0.000000
vn 0.000000 -1.000000 0.000000
vn 0.000000 -1.000000 0.000000
vn 0.000000 -1.000000 0.000000
vn 0.000000 -1.000000 0.000000
vn 0.000000 -1.000000 0.000000
vn 0.000000 -1.000000 0.000000
vn 0.000000 -1.000000 0.000000
vn -0.000000 -1.000000 0.000000
vn -0.000000 -1.000000 0.000000
vn 0.000000 -1.000000 0.000000
vn -0.000000 -1.000000 0.000000
vn 0.000000 -1.000000 0.000000
vn -0.000000 -1.000000 0.000000
vn 0.000000 -1.000000 0.000000
vn 0.000000 -1.000000 0.000000
vn 0.000000 -1.000000 0.000000
vn 0.000000 -1.000000 0.000000
vn 0.000000 -1.000000 0.000000
vn 0.000000 -1.000000 0.000000
vn 0.000000 -1.000000 0.000000
vn 0.000000 -1.000000 0.000000
vn 0.000000 -1.000000 0.000000
vn 0.000000 -1.000000 0.000000
vn 0.000000 -1.000000 0.000000
vn 0.000000 -1.000000 0.000000
vn 0.000000 -1.000000 0.000000
vn 0.000000 -1.000000 0.000000
vn 0.000000 -1.000000 0.000000
vn 0.000000 -1.000000 0.000000
vn 0.000000 -1.000000 0.000000
vn -0.000000 -1.000000 0.000000
vn -0.000000 -1.000000 0.000000
vn -0.000000 -1.000000 0.000000
vn -0.000000 -1.000000 0.000000
vn 0.000000 -1.000000 0.000000
vn 0.000000 -1.000000 0.000000
vn 0.000000 -1.000000 0.000000
vn 0.000000 -1.000000 0.000000
vn 0.000000 -1.000000 0.000000
vn 0.000000 -1.000000 0.000000
vn 0.000000 -1.000000 0.000000
vn 0.000000 -1.000000 0.000000
vn 0.000000 -1.000000 0.000000
vn 0.000000 -1.000000 0.000000
vn 0.000000 -1.000000 0.000000
vn 0.000000 -1.000000 0.000000
vn 0.000000 -1.000000 0.000000
vn -0.000000 -1.000000 0.000000
vn -0.000000 -1.000000 0.000000
vn -0.000000 -1.000000 0.000000
vn 0.000000 -1.000000 0.000000
vn 0.000000 -1.000000 0.000000
vn -0.000000 -1.000000 0.000000
vn 0.000000 -1.000000 0.000000
vn -0.000000 -1.000000 0.000000
vn -0.000000 -1.000000 0.000000
vn 0.000000 -1.000000 0.000000
vn 0.000000 -1.000000 0.000000
vn -0.000000 -1.000000 0.000000
vn 0.000000 -1.000000 0.000000
vn -0.000000 -1.000000 0.000000
vn 0.000000 -1.000000 0.000000
vn -0.000000 -1.000000 0.000000
vn 0.000000 -1.000000 0.000000
vn 0.000000 -1.000000 0.000000
vn 0.000000 -1.000000 0.000000
vn 0.000000 -1.000000 0.000000
vn 0.000000 -1.000000 0.000000
vn -0.000000 -1.000000 0.000000
vn 0.000000 -1.000000 0.000000
vn -0.000000 -1.000000 0.000000
vn 0.000000 -1.000000 0.000000
vn -0.000000 -1.000000 0.000000
vn 0.000000 -1.000000 0.000000
vn -0.000000 -1.000000 0.000000
vn -0.000000 -1.000000 0.000000
vn -0.000000 -1.000000 0.000000
vn 0.000000 -1.000000 0.000000
vn 0.000000 -1.000000 0.000000
vn -0.000000 -1.000000 0.000000
vn -0.000000 -1.000000 0.000000
vn 0.000000 -1.000000 0.000000
vn 0.000000 -1.000000 0.000000
vn 0.000000 -1.000000 0.000000
vn -0.000000 -1.000000 0.000000
vn -0.000000 -1.000000 0.000000
vn 0.000000 -1.000000 0.000000
vn 0.000000 -1.000000 0.000000
vn 0.000000 -1.000000 0.000000
vn -0.000000 -1.000000 0.000000
vn 0.000000 -1.000000 0.000000
vn 0.000000 -1.000000 0.000000
vn 0.000000 -1.000000 0.000000
vn -0.000000 -1.000000 0.000000
vn -0.000000 -1.000000 0.000000
vn 0.000000 -1.000000 0.000000
vn 0.000000 -1.000000 0.000000
vn 0.000000 -1.000000 0.000000
vn 0.000000 -1.000000 0.000000
vn -0.000000 -1.000000 0.000000
vn 0.000000 -1.000000 0.000000
vn 0.000000 -1.000000 0.000000
vn 0.000000 -1.000000 0.000000
vn 0.000000 -1.000000 0.000000
vn 0.000000 -1.000000 0.000000
vn -0.000000 -1.000000 0.000000
vn 0.000000 -1.000000 0.000000
vn 0.000000 -1.000000 0.000000
vn 0.000000 -1.000000 0.000000
vn 0.000000 -1.000000 0.000000
vn 0.000000 -1.000000 0.000000
vn 0.000000 -1.000000 0.000000
vn 0.000000 -1.000000 0.000000
vn 0.000000 -1.000000 0.000000
vn 0.000000 -1.000000 0.000000
vn 0.000000 -1.000000 0.000000
vn 0.000000 -1.000000 0.000000
vn 0.000000 -1.000000 0.000000
vn 0.000000 -1.000000 0.000000
vn 0.000000 -1.000000 0.000000
vn 0.000000 -1.000000 0.000000
vn -0.000000 -1.000000 0.000000
vn 0.000000 -1.000000 0.000000
vn 0.000000 -1.000000 0.000000
vn 0.000000 -1.000000 0.000000
vn -0.000000 -1.000000 0.000000
vn 0.000000 -1.000000 0.000000
vn 0.000000 -1.000000 0.000000
vn 0.000000 -1.000000 0.000000
vn 0.000000 -1.000000 0.000000
vn 0.000000 -1.000000 0.000000
vn 0.000000 -1.000000 0.000000
vn 0.000000 -1.000000 0.000000
vn 0.000000 -1.000000 0.000000
vn 0.000000 -1.000000 0.000000
vn 0.000000 -1.000000 0.000000
vn 0.000000 -1.000000 0.000000
vn 0.000000 -1.000000 0.000000
vn 0.000000 -1.000000 0.000000
vn 0.000000 -1.000000 0.000000
vn 0.000000 -1.000000 0.000000
vn 0.000000 -1.000000 0.000000
vn 0.000000 -1.000000 0.000000
vn 0.000000 -1.000000 0.000000
vn 0.000000 -1.000000 0.000000
vn 0.000000 -1.000000 0.000000
vn -0.000000 -1.000000 0.000000
vn 0.000000 -1.000000 0.000000
vn 0.000000 -1.000000 0.000000
vn -0.000000 -1.000000 0.000000
vn 0.000000 -1.000000 0.000000
vn 0.000000 -1.000000 0.000000
vn 0.000000 -1.000000 0.000000
vn 0.000000 -1.000000 0.000000
vn -0.000000 -1.000000 0.000000
vn 0.000000 -1.000000 0.000000
vn 0.000000 -1.000000 0.000000
vn -0.000000 -1.000000 0.000000
vn 0.000000 -1.000000 0.000000
vn 0.000000 -1.000000 0.000000
vn -0.000000 -1.000000 0.000000
vn 0.000000 -1.000000 0.000000
vn 0.000000 -1.000000 0.000000
vn -0.000000 -1.000000 0.000000
vn 0.000000 -1.000000 0.000000
vn 0.000000 -1.000000 0.000000
vn 0.000000 -1.000000 0.000000
vn 0.000000 -1.000000 0.000000
vn 0.000000 -1.000000 0.000000
vn 0.000000 -1.000000 0.000000
vn 0.000000 -1.000000 0.000000
vn 0.000000 -1.000000 0.000000
vn 0.000000 -1.000000 0.000000
vn 0.000000 -1.000000 0.000000
vn 0.000000 -1.000000 0.000000
vn 0.000000 -1.000000 0.000000
vn 0.000000 -1.000000 0.000000
vn 0.000000 -1.000000 0.000000
vn 0.000000 -1.000000 0.000000
vn 0.000000 -1.000000 0.000000
vn 0.000000 -1.000000 0.000000
vn 0.000000 -1.000000 0.000000
vn 0.000000 -1.000000 0.000000
vn 0.000000 -1.000000 0.000000
vn 0.000000 -1.000000 0.000000
vn 0.000000 -1.000000 0.000000
vn 0.000000 -1.000000 0.000000
vn 0.000000 -1.000000 0.000000
vn 0.000000 -1.000000 0.000000
vn 0.000000 -1.000000 0.000000
vn 0.000000 -1.000000 0.000000
vn 0.000000 -1.000000 0.000000
vn 0.000000 -1.000000 0.000000
vn 0.000000 -1.000000 0.000000
vn 0.000000 -1.000000 0.000000
vn -0.000000 -1.000000 0.000000
vn -0.000000 -1.000000 0.000000
vn -0.000000 -1.000000 0.000000
vn 0.000000 -1.000000 0.000000
vn 0.000000 -1.000000 0.000000
vn 0.000000 -1.000000 0.000000
vn 0.000000 -1.000000 0.000000
vn 0.000000 -1.000000 0.000000
vn 0.000000 -1.000000 0.000000
vn 0.000000 -1.000000 0.000000
vn 0.000000 -1.000000 0.000000
vn 0.000000 -1.000000 0.000000
vn 0.000000 -1.000000 0.000000
vn 0.000000 -1.000000 0.000000
vn 0.000000 -1.000000 0.000000
vn 0.000000 -1.000000 0.000000
vn 0.000000 -1.000000 0.000000
vn 0.000000 -1.000000 0.000000
vn 0.000000 -1.000000 0.000000
vn 0.000000 -1.000000 0.000000
vn 0.000000 -1.000000 0.000000
vn 0.000000 -1.000000 0.000000
vn 0.000000 -1.000000 0.000000
vn 0.000000 -1.000000 0.000000
vn 0.000000 -1.000000 0.000000
vn 0.000000 -1.000000 0.000000
vn 0.000000 -1.000000 0.000000
vn 0.000000 -1.000000 0.000000
vn 0.000000 -1.000000 0.000000
vn -0.000000 -1.000000 0.000000
vn -0.000000 -1.000000 0.000000
vn -0.000000 -1.000000 0.000000
vn 0.000000 -1.000000 0.000000
vn 0.000000 -1.000000 0.000000
vn 0.000000 -1.000000 0.000000
vn 0.000000 -1.000000 0.000000
vn 0.000000 -1.000000 0.000000
vn 0.000000 -1.000000 0.000000
vn 0.000000 -1.000000 0.000000
vn 0.000000 -1.000000 0.000000
vn 0.000000 -1.000000 0.000000
vn 0.000000 -1.000000 0.000000
vn 0.000000 -1.000000 0.000000
vn 0.000000 -1.000000 0.000000
vn 0.000000 -1.000000 0.000000
vn 0.000000 -1.000000 0.000000
vn -0.000000 -1.000000 0.000000
vn -0.000000 -1.000000 0.000000
vn 0.000000 -1.000000 0.000000
vn 0.000000 -1.000000 0.000000
vn 0.000000 -1.000000 0.000000
vn 0.000000 -1.000000 0.000000
vn 0.000000 -1.000000 0.000000
vn 0.000000 -1.000000 0.000000
vn 0.000000 -1.000000 0.000000
vn 0.000000 -1.000000 0.000000
vn 0.000000 -1.000000 0.000000
vn 0.000000 -1.000000 0.000000
vn 0.000000 -1.000000 0.000000
vn -0.000000 -1.000000 0.000000
vn -0.000000 -1.000000 0.000000
vn -0.000000 -1.000000 0.000000
vn 0.000000 -1.000000 0.000000
vn 0.000000 -1.000000 0.000000
vn 0.000000 -1.000000 0.000000
vn 0.000000 -1.000000 0.000000
vn 0.000000 -1.000000 0.000000
vn 0.000000 -1.000000 0.000000
vn 0.000000 -1.000000 0.000000
vn 0.000000 -1.000000 0.000000
vn 0.000000 -1.000000 0.000000
vn 0.000000 -1.000000 0.000000
vn 0.000000 -1.000000 0.000000
vn 0.000000 -1.000000 0.000000
vn 0.000000 -1.000000 0.000000
vn 0.000000 -1.000000 0.000000
vn 0.000000 -1.000000 0.000000
vn 0.000000 -1.000000 0.000000
vn 0.000000 -1.000000 0.000000
vn 0.000000 -1.000000 0.000000
vn 0.000000 -1.000000 0.000000
vn 0.000000 -1.000000 0.000000
vn 0.000000 -1.000000 0.000000
vn 0.000000 -1.000000 0.000000
vn 0.000000 -1.000000 0.000000
vn 0.000000 -1.000000 0.000000
vn 0.000000 -1.000000 0.000000
vn 0.000000 -1.000000 0.000000
vn -0.000000 -1.000000 0.000000
vn 0.000000 -1.000000 0.000000
vn 0.000000 -1.000000 0.000000
vn 0.000000 -1.000000 0.000000
vn 0.000000 -1.000000 0.000000
vn 0.000000 -1.000000 0.000000
vn 0.000000 -1.000000 0.000000
vn 0.000000 -1.000000 0.000000
vn 0.000000 -1.000000 0.000000
vn 0.000000 -1.000000 0.000000
vn 0.000000 -1.000000 0.000000
vn 0.000000 -1.000000 0.000000
vn 0.000000 -1.000000 0.000000
vn 0.000000 -1.000000 0.000000
vn 0.000000 -1.000000 0.000000
vn -0.000000 -1.000000 0.000000
vn 0.000000 -1.000000 0.000000
vn 0.000000 -1.000000 0.000000
vn -0.999931 0.000000 0.011728
vn -0.999931 0.000000 0.011728
vn 0.000000 1.000000 0.000000
vn 0.000000 1.000000 0.000000
vn 0.000000 1.000000 0.000000
vn 0.000000 1.000000 0.000000
vn 0.000000 1.000000 0.000000
vn 0.000000 1.000000 0.000000
vn 0.000000 1.000000 0.000000
vn 0.000000 1.000000 0.000000
vn 0.000000 1.000000 0.000000
vn 0.000000 1.000000 0.000000
vn 0.000000 1.000000 0.000000
vn 0.000000 1.000000 0.000000
vn 0.000000 1.000000 0.000000
vn 0.000000 1.000000 0.000000
vn 0.000000 1.000000 0.000000
vn 0.000000 1.000000 0.000000
vn 0.000000 1.000000 0.000000
vn 0.000000 1.000000 0.000000
vn 0.000000 1.000000 0.000000
vn 0.000000 1.000000 0.000000
vn 0.000000 1.000000 0.000000
vn 0.000000 1.000000 0.000000
vn 0.000000 1.000000 0.000000
vn 0.000000 1.000000 0.000000
vn 0.000000 1.000000 0.000000
vn 0.000000 1.000000 0.000000
vn 0.000000 1.000000 0.000000
vn 0.000000 1.000000 0.000000
vn 0.000000 1.000000 0.000000
vn 0.000000 1.000000 0.000000
vn 0.000000 1.000000 0.000000
vn 0.000000 1.000000 0.000000
vn 0.000000 1.000000 0.000000
vn 0.000000 1.000000 0.000000
vn 0.000000 1.000000 0.000000
vn 0.000000 1.000000 0.000000
vn 0.000000 1.000000 0.000000
vn 0.000000 1.000000 0.000000
vn 0.000000 1.000000 0.000000
vn 0.000000 1.000000 0.000000
vn 0.000000 1.000000 0.000000
vn 0.000000 1.000000 0.000000
vn 0.000000 1.000000 0.000000
vn 0.000000 1.000000 0.000000
vn 0.000000 1.000000 0.000000
vn 0.000000 1.000000 0.000000
vn 0.000000 1.000000 0.000000
vn 0.000000 1.000000 0.000000
vn 0.000000 1.000000 0.000000
vn 0.000000 1.000000 0.000000
vn 0.000000 1.000000 0.000000
vn 0.000000 1.000000 0.000000
vn 0.000000 1.000000 0.000000
vn 0.000000 1.000000 0.000000
vn 0.000000 1.000000 0.000000
vn 0.000000 1.000000 0.000000
vn 0.000000 1.000000 0.000000
vn 0.000000 1.000000 0.000000
vn 0.000000 1.000000 0.000000
vn 0.000000 1.000000 0.000000
vn 0.000000 1.000000 0.000000
vn 0.000000 1.000000 0.000000
vn 0.000000 1.000000 0.000000
vn 0.000000 1.000000 0.000000
vn 0.000000 1.000000 0.000000
vn 0.000000 1.000000 0.000000
vn 0.000000 1.000000 0.000000
vn 0.000000 1.000000 0.000000
vn 0.000000 1.000000 0.000000
vn 0.000000 1.000000 0.000000
vn 0.000000 1.000000 0.000000
vn 0.000000 1.000000 0.000000
vn 0.000000 1.000000 0.000000
vn 0.000000 1.000000 0.000000
vn 0.000000 1.000000 0.000000
vn 0.000000 1.000000 0.000000
vn 0.000000 1.000000 0.000000
vn 0.000000 1.000000 0.000000
vn 0.000000 1.000000 0.000000
vn 0.000000 1.000000 0.000000
vn 0.000000 1.000000 0.000000
vn 0.000000 1.000000 0.000000
vn 0.000000 1.000000 0.000000
vn 0.000000 1.000000 0.000000
vn 0.000000 1.000000 0.000000
vn 0.000000 1.000000 0.000000
vn 0.000000 1.000000 0.000000
vn 0.000000 1.000000 0.000000
vn 0.000000 1.000000 0.000000
vn 0.000000 1.000000 0.000000
vn 0.000000 1.000000 0.000000
vn 0.000000 1.000000 0.000000
vn 0.000000 1.000000 0.000000
vn 0.000000 1.000000 0.000000
vn 0.000000 1.000000 0.000000
vn 0.000000 1.000000 0.000000
vn 0.000000 1.000000 0.000000
vn 0.000000 1.000000 0.000000
vn 0.000000 1.000000 0.000000
vn 0.000000 1.000000 0.000000
vn 0.000000 1.000000 0.000000
vn 0.000000 1.000000 0.000000
vn 0.000000 1.000000 0.000000
vn 0.000000 1.000000 0.000000
vn 0.000000 1.000000 0.000000
vn 0.000000 1.000000 0.000000
vn 0.000000 1.000000 0.000000
vn 0.000000 1.000000 0.000000
vn 0.000000 1.000000 0.000000
vn 0.000000 1.000000 0.000000
vn 0.000000 1.000000 0.000000
vn 0.000000 1.000000 0.000000
vn 0.000000 1.000000 0.000000
vn 0.000000 1.000000 0.000000
vn 0.000000 1.000000 0.000000
vn 0.000000 1.000000 0.000000
vn 0.000000 1.000000 0.000000
vn 0.000000 1.000000 0.000000
vn 0.000000 1.000000 0.000000
vn 0.000000 1.000000 0.000000
vn 0.000000 1.000000 0.000000
vn 0.000000 1.000000 0.000000
vn 0.000000 1.000000 0.000000
vn 0.000000 1.000000 0.000000
vn 0.000000 1.000000 0.000000
vn 0.000000 1.000000 0.000000
vn 0.000000 1.000000 0.000000
vn 0.000000 1.000000 0.000000
vn 0.000000 1.000000 0.000000
vn 0.000000 1.000000 0.000000
vn 0.000000 1.000000 0.000000
vn 0.000000 1.000000 0.000000
vn 0.000000 1.000000 0.000000
vn 0.000000 1.000000 0.000000
vn 0.000000 1.000000 0.000000
vn 0.000000 1.000000 0.000000
vn 0.000000 1.000000 0.000000
vn 0.000000 1.000000 0.000000
vn 0.000000 1.000000 0.000000
vn 0.000000 1.000000 0.000000
vn 0.000000 1.000000 0.000000
vn 0.000000 1.000000 0.000000
vn 0.000000 1.000000 0.000000
vn 0.000000 1.000000 0.000000
vn 0.000000 1.000000 0.000000
vn 0.000000 1.000000 0.000000
vn 0.000000 1.000000 0.000000
vn 0.000000 1.000000 0.000000
vn 0.000000 1.000000 0.000000
vn 0.000000 1.000000 0.000000
vn 0.000000 1.000000 0.000000
vn 0.000000 1.000000 0.000000
vn 0.000000 1.000000 0.000000
vn 0.000000 1.000000 0.000000
vn 0.000000 1.000000 0.000000
vn 0.000000 1.000000 0.000000
vn 0.000000 1.000000 0.000000
vn 0.000000 1.000000 0.000000
vn 0.000000 1.000000 0.000000
vn 0.000000 1.000000 0.000000
vn 0.000000 1.000000 0.000000
vn 0.000000 1.000000 0.000000
vn 0.000000 1.000000 0.000000
vn 0.000000 1.000000 0.000000
vn 0.000000 1.000000 0.000000
vn 0.000000 1.000000 0.000000
vn 0.000000 1.000000 0.000000
vn 0.000000 1.000000 0.000000
vn 0.000000 1.000000 0.000000
vn 0.000000 1.000000 0.000000
vn 0.000000 1.000000 0.000000
vn 0.000000 1.000000 0.000000
vn 0.000000 1.000000 0.000000
vn 0.000000 1.000000 0.000000
vn 0.000000 1.000000 0.000000
vn 0.000000 1.000000 0.000000
vn 0.000000 1.000000 0.000000
vn 0.000000 1.000000 0.000000
vn 0.000000 1.000000 0.000000
vn 0.000000 1.000000 0.000000
vn 0.000000 1.000000 0.000000
vn 0.000000 1.000000 0.000000
vn 0.000000 1.000000 0.000000
vn 0.000000 1.000000 0.000000
vn 0.000000 1.000000 0.000000
vn 0.000000 1.000000 0.000000
vn 0.000000 1.000000 0.000000
vn 0.000000 1.000000 0.000000
vn 0.000000 1.000000 0.000000
vn 0.000000 1.000000 0.000000
vn 0.000000 1.000000 0.000000
vn 0.000000 1.000000 0.000000
vn 0.000000 1.000000 0.000000
vn 0.000000 1.000000 0.000000
vn 0.000000 1.000000 0.000000
vn 0.000000 1.000000 0.000000
vn 0.000000 1.000000 0.000000
vn 0.000000 1.000000 0.000000
vn 0.000000 1.000000 0.000000
vn 0.000000 1.000000 0.000000
vn 0.000000 1.000000 0.000000
vn 0.000000 1.000000 0.000000
vn 0.000000 1.000000 0.000000
vn 0.000000 1.000000 0.000000
vn 0.000000 1.000000 0.000000
vn 0.000000 1.000000 0.000000
vn 0.000000 1.000000 0.000000
vn 0.000000 1.000000 0.000000
vn 0.000000 1.000000 0.000000
vn 0.000000 1.000000 0.000000
vn 0.000000 1.000000 0.000000
vn 0.000000 1.000000 0.000000
vn 0.000000 1.000000 0.000000
vn 0.000000 1.000000 0.000000
vn 0.000000 1.000000 0.000000
vn 0.000000 1.000000 0.000000
vn 0.000000 1.000000 0.000000
vn 0.000000 1.000000 0.000000
vn 0.000000 1.000000 0.000000
vn 0.000000 1.000000 0.000000
vn 0.000000 1.000000 0.000000
vn 0.000000 1.000000 0.000000
vn 0.000000 1.000000 0.000000
vn 0.000000 1.000000 0.000000
vn 0.000000 1.000000 0.000000
vn 0.000000 1.000000 0.000000
vn 0.000000 1.000000 0.000000
vn 0.000000 1.000000 0.000000
vn 0.000000 1.000000 0.000000
vn 0.000000 1.000000 0.000000
vn 0.000000 1.000000 0.000000
vn 0.000000 1.000000 0.000000
vn 0.000000 1.000000 0.000000
vn 0.000000 1.000000 0.000000
vn 0.000000 1.000000 0.000000
vn 0.000000 1.000000 0.000000
vn 0.000000 1.000000 0.000000
vn 0.000000 1.000000 0.000000
vn 0.000000 1.000000 0.000000
vn 0.000000 1.000000 0.000000
vn 0.000000 1.000000 0.000000
vn 0.000000 1.000000 0.000000
vn 0.000000 1.000000 0.000000
vn 0.000000 1.000000 0.000000
vn 0.000000 1.000000 0.000000
vn 0.000000 1.000000 0.000000
vn 0.000000 1.000000 0.000000
vn 0.000000 1.000000 0.000000
vn 0.000000 1.000000 0.000000
vn 0.000000 1.000000 0.000000
vn 0.000000 1.000000 0.000000
vn 0.000000 1.000000 0.000000
vn 0.000000 1.000000 0.000000
vn 0.000000 1.000000 0.000000
vn 0.000000 1.000000 0.000000
vn 0.000000 1.000000 0.000000
vn 0.000000 1.000000 0.000000
vn 0.000000 1.000000 0.000000
vn 0.000000 1.000000 0.000000
vn 0.000000 1.000000 0.000000
vn 0.000000 1.000000 0.000000
vn 0.000000 1.000000 0.000000
vn 0.000000 1.000000 0.000000
vn 0.000000 1.000000 0.000000
vn 0.000000 1.000000 0.000000
vn 0.000000 1.000000 0.000000
vn 0.000000 1.000000 0.000000
vn 0.000000 1.000000 0.000000
vn 0.000000 1.000000 0.000000
vn 0.000000 1.000000 0.000000
vn 0.000000 1.000000 0.000000
vn 0.000000 1.000000 0.000000
vn 0.000000 1.000000 0.000000
vn 0.000000 1.000000 0.000000
vn 0.000000 1.000000 0.000000
vn 0.000000 1.000000 0.000000
vn 0.000000 1.000000 0.000000
vn 0.000000 1.000000 0.000000
vn 0.000000 1.000000 0.000000
vn 0.000000 1.000000 0.000000
vn 0.000000 1.000000 0.000000
vn 0.000000 1.000000 0.000000
vn 0.000000 1.000000 0.000000
vn 0.000000 1.000000 0.000000
vn 0.000000 1.000000 0.000000
vn 0.000000 1.000000 0.000000
vn 0.000000 1.000000 0.000000
vn 0.000000 1.000000 0.000000
vn 0.000000 1.000000 0.000000
vn 0.000000 1.000000 0.000000
vn 0.000000 1.000000 0.000000
vn 0.000000 1.000000 0.000000
vn 0.000000 1.000000 0.000000
vn 0.000000 1.000000 0.000000
vn 0.000000 1.000000 0.000000
vn 0.000000 1.000000 0.000000
vn 0.000000 1.000000 0.000000
vn 0.000000 1.000000 0.000000
vn 0.000000 1.000000 0.000000
vn 0.000000 1.000000 0.000000
vn 0.000000 1.000000 0.000000
vn 0.000000 1.000000 0.000000
vn 0.000000 1.000000 0.000000
vn 0.000000 1.000000 0.000000
vn 0.000000 1.000000 0.000000
vn 0.000000 1.000000 0.000000
vn 0.000000 1.000000 0.000000
vn 0.000000 1.000000 0.000000
vn 0.000000 1.000000 0.000000
vn 0.000000 1.000000 0.000000
vn 0.000000 1.000000 0.000000
vn 0.000000 1.000000 0.000000
vn 0.000000 1.000000 0.000000
vn 0.000000 1.000000 0.000000
vn 0.000000 1.000000 0.000000
vn 0.000000 1.000000 0.000000
vn 0.000000 1.000000 0.000000
vn 0.000000 1.000000 0.000000
vn 0.000000 1.000000 0.000000
vn 0.000000 1.000000 0.000000
vn 0.000000 1.000000 0.000000
vn 0.000000 1.000000 0.000000
vn 0.000000 1.000000 0.000000
vn 0.000000 1.000000 0.000000
vn 0.000000 1.000000 0.000000
vn 0.000000 1.000000 0.000000
vn 0.000000 1.000000 0.000000
vn 0.000000 1.000000 0.000000
vn 0.000000 1.000000 0.000000
vn 0.000000 1.000000 0.000000
vn 0.000000 1.000000 0.000000
vn 0.000000 1.000000 0.000000
vn 0.000000 1.000000 0.000000
vn 0.000000 1.000000 0.000000
vn 0.000000 1.000000 0.000000
vn 0.000000 1.000000 0.000000
vn 0.000000 1.000000 0.000000
vn 0.000000 1.000000 0.000000
vn 0.000000 1.000000 0.000000
vn 0.000000 1.000000 0.000000
vn 0.000000 1.000000 0.000000
vn 0.000000 1.000000 0.000000
vn 0.000000 1.000000 0.000000
vn 0.000000 1.000000 0.000000
vn 0.000000 1.000000 0.000000
vn 0.000000 1.000000 0.000000
vn 0.000000 1.000000 0.000000
vn 0.000000 1.000000 0.000000
vn 0.000000 1.000000 0.000000
vn 0.000000 1.000000 0.000000
vn 0.000000 1.000000 0.000000
vn 0.000000 1.000000 0.000000
vn 0.000000 1.000000 0.000000
vn 0.000000 1.000000 0.000000
vn 0.000000 1.000000 0.000000
vn 0.000000 1.000000 0.000000
vn 0.000000 1.000000 0.000000
vn 0.000000 1.000000 0.000000
vn 0.000000 1.000000 0.000000
vn 0.000000 1.000000 0.000000
vn 0.000000 1.000000 0.000000
vn 0.000000 1.000000 0.000000
vn 0.000000 1.000000 0.000000
vn 0.000000 1.000000 0.000000
vn 0.000000 1.000000 0.000000
vn 0.000000 1.000000 0.000000
vn 0.000000 1.000000 0.000000
vn 0.000000 1.000000 0.000000
vn 0.000000 1.000000 0.000000
vn 0.000000 1.000000 0.000000
vn 0.000000 1.000000 0.000000
vn 0.000000 1.000000 0.000000
vn 0.000000 1.000000 0.000000
vn 0.000000 1.000000 0.000000
vn 0.000000 1.000000 0.000000
vn 0.000000 1.000000 0.000000
vn 0.000000 1.000000 0.000000
vn 0.000000 1.000000 0.000000
vn 0.000000 1.000000 0.000000
vn 0.000000 1.000000 0.000000
vn 0.000000 1.000000 0.000000
vn 0.000000 1.000000 0.000000
vn 0.000000 1.000000 0.000000
vn 0.000000 1.000000 0.000000
vn 0.000000 1.000000 0.000000
vn 0.000000 1.000000 0.000000
vn 0.000000 1.000000 0.000000
vn 0.000000 1.000000 0.000000
vn 0.000000 1.000000 0.000000
vn 0.000000 1.000000 0.000000
vn 0.000000 1.000000 0.000000
vn 0.000000 1.000000 0.000000
vn 0.000000 1.000000 0.000000
vn 0.000000 1.000000 0.000000
vn 0.000000 1.000000 0.000000
vn 0.000000 1.000000 0.000000
vn 0.000000 1.000000 0.000000
vn 0.000000 1.000000 0.000000
vn 0.000000 1.000000 0.000000
vn 0.000000 1.000000 0.000000
vn 0.000000 1.000000 0.000000
vn 0.000000 1.000000 0.000000
vn 0.000000 1.000000 0.000000
vn 0.000000 1.000000 0.000000
vn 0.000000 1.000000 0.000000
vn 0.000000 1.000000 0.000000
vn 0.000000 1.000000 0.000000
vn 0.000000 1.000000 0.000000
vn 0.000000 1.000000 0.000000
vn 0.000000 1.000000 0.000000
vn 0.000000 1.000000 0.000000
vn 0.000000 1.000000 0.000000
vn 0.000000 1.000000 0.000000
vn 0.000000 1.000000 0.000000
vn 0.000000 1.000000 0.000000
vn 0.000000 1.000000 0.000000
vn 0.000000 1.000000 0.000000
vn 0.000000 1.000000 0.000000
vn 0.000000 1.000000 0.000000
vn 0.000000 1.000000 0.000000
vn 0.000000 1.000000 0.000000
vn 0.000000 1.000000 0.000000
vn 0.000000 1.000000 0.000000
vn 0.000000 1.000000 0.000000
vn 0.000000 1.000000 0.000000
vn 0.000000 1.000000 0.000000
vn 0.000000 1.000000 0.000000
vn 0.000000 1.000000 0.000000
vn 0.000000 1.000000 0.000000
vn 0.000000 1.000000 0.000000
vn 0.000000 1.000000 0.000000
vn 0.000000 1.000000 0.000000
vn 0.000000 1.000000 0.000000
vn 0.000000 1.000000 0.000000
vn 0.000000 1.000000 0.000000
vn 0.000000 1.000000 0.000000
vn 0.000000 1.000000 0.000000
vn 0.000000 1.000000 0.000000
vn 0.000000 1.000000 0.000000
vn 0.000000 1.000000 0.000000
vn 0.000000 1.000000 0.000000
vn 0.000000 1.000000 0.000000
vn 0.000000 1.000000 0.000000
vn 0.000000 1.000000 0.000000
vn 0.000000 1.000000 0.000000
vn 0.000000 1.000000 0.000000
vn 0.000000 1.000000 0.000000
vn 0.000000 1.000000 0.000000
vn 0.000000 1.000000 0.000000
vn 0.000000 1.000000 0.000000
vn 0.000000 1.000000 0.000000
vn 0.000000 1.000000 0.000000
vn 0.000000 1.000000 0.000000
vn 0.000000 1.000000 0.000000
vn 0.000000 1.000000 0.000000
vn 0.000000 1.000000 0.000000
vn 0.000000 1.000000 0.000000
vn 0.000000 1.000000 0.000000
vn 0.000000 1.000000 0.000000
vn 0.000000 1.000000 0.000000
vn 0.000000 1.000000 0.000000
vn 0.000000 1.000000 0.000000
vn 0.000000 1.000000 0.000000
vn 0.000000 1.000000 0.000000
vn 0.000000 1.000000 0.000000
vn 0.000000 1.000000 0.000000
vn 0.000000 1.000000 0.000000
vn 0.000000 1.000000 0.000000
vn 0.000000 1.000000 0.000000
vn 0.000000 1.000000 0.000000
vn 0.000000 1.000000 0.000000
vn 0.000000 1.000000 0.000000
vn 0.000000 1.000000 0.000000
vn 0.000000 1.000000 0.000000
vn 0.000000 1.000000 0.000000
vn 0.000000 1.000000 0.000000
vn 0.000000 1.000000 0.000000
vn 0.000000 1.000000 0.000000
vn 0.000000 1.000000 0.000000
vn 0.000000 1.000000 0.000000
vn 0.000000 1.000000 0.000000
vn 0.000000 1.000000 0.000000
vn 0.000000 1.000000 0.000000
vn 0.000000 1.000000 0.000000
vn -0.000000 1.000000 0.000000
vn 0.995330 0.000000 -0.096528
vn 0.995330 0.000000 -0.096528
vn -0.194434 0.000000 -0.980916
vn -0.194434 0.000000 -0.980916
vn 0.276190 -0.000000 0.961103
vn 0.276190 0.000000 0.961103
vn 0.995332 0.000000 -0.096514
vn 0.995332 0.000000 -0.096514
vn 0.234807 0.000000 0.972042
vn 0.234807 -0.000000 0.972042
vn 0.298518 -0.000000 0.954404
vn 0.298518 0.000000 0.954404
vn 0.150935 0.057101 0.986893
vn 0.146725 0.000000 0.989177
vn 0.153230 0.000000 0.988191
vn 0.146724 0.000000 0.989177
vn 0.153230 0.000000 0.988191
vn 0.146725 -0.000000 0.989177
vn 0.153230 0.000000 0.988191
vn 0.146725 0.000000 0.989177
vn 0.153230 0.000000 0.988191
vn 0.153230 0.000000 0.988191
vn 0.146724 0.000000 0.989177
vn 0.153230 0.000000 0.988191
vn 0.146724 0.000000 0.989177
vn 0.150430 -0.099609 0.983590
vn 0.153230 0.000000 0.988191
vn 0.146725 0.000000 0.989177
vn 0.163847 0.043205 0.985539
vn 0.161054 0.000000 0.986946
vn 0.167324 0.000000 0.985902
vn 0.161054 -0.000000 0.986946
vn 0.161054 0.000000 0.986946
vn 0.167324 0.000000 0.985902
vn 0.167324 0.000000 0.985902
vn 0.161054 0.000000 0.986946
vn 0.167324 0.000000 0.985902
vn 0.167324 0.000000 0.985902
vn 0.161054 0.000000 0.986946
vn 0.162986 -0.111039 0.980360
vn 0.167324 0.000000 0.985902
vn 0.161054 0.000000 0.986946
vn 0.176168 0.063516 0.982309
vn 0.173939 0.000000 0.984756
vn 0.180153 0.000000 0.983639
vn 0.180153 0.000000 0.983639
vn 0.173939 0.000000 0.984756
vn 0.180153 0.000000 0.983639
vn 0.173939 0.000000 0.984756
vn 0.173939 -0.000000 0.984756
vn 0.180153 0.000000 0.983639
vn 0.180153 0.000000 0.983639
vn 0.173939 0.000000 0.984756
vn 0.180153 0.000000 0.983639
vn 0.173939 0.000000 0.984756
vn 0.175439 -0.110711 0.978245
vn 0.180153 0.000000 0.983639
vn 0.173939 0.000000 0.984756
vn 0.188636 0.044436 0.981041
vn 0.185899 0.000000 0.982569
vn 0.191985 0.000000 0.981398
vn 0.185899 0.000000 0.982569
vn 0.191985 0.000000 0.981398
vn 0.185899 -0.000000 0.982569
vn 0.191985 0.000000 0.981398
vn 0.185899 0.000000 0.982569
vn 0.191985 0.000000 0.981398
vn 0.191985 0.000000 0.981398
vn 0.185899 0.000000 0.982569
vn 0.187588 -0.114170 0.975590
vn 0.191985 0.000000 0.981398
vn 0.185899 0.000000 0.982569
vn 0.200519 0.055124 0.978138
vn 0.196689 0.000000 0.980466
vn 0.202611 0.000000 0.979259
vn 0.196689 0.000000 0.980466
vn 0.202611 0.000000 0.979259
vn 0.196689 0.000000 0.980466
vn 0.202611 0.000000 0.979259
vn 0.196689 -0.000000 0.980466
vn 0.202611 0.000000 0.979259
vn 0.196689 0.000000 0.980466
vn 0.202611 0.000000 0.979259
vn 0.202611 0.000000 0.979259
vn 0.196689 0.000000 0.980466
vn 0.199893 -0.096183 0.975085
vn 0.202611 0.000000 0.979259
vn 0.196689 0.000000 0.980466
vn 0.212158 0.059250 0.975437
vn 0.208688 0.000000 0.977982
vn 0.214512 0.000000 0.976721
vn 0.208688 0.000000 0.977982
vn 0.214512 0.000000 0.976721
vn 0.208688 -0.000000 0.977982
vn 0.214512 0.000000 0.976721
vn 0.208688 0.000000 0.977982
vn 0.214512 0.000000 0.976721
vn 0.208688 0.000000 0.977982
vn 0.214512 0.000000 0.976721
vn 0.214512 0.000000 0.976721
vn 0.208688 0.000000 0.977982
vn 0.211394 -0.103332 0.971923
vn 0.214512 0.000000 0.976721
vn 0.208688 0.000000 0.977982
vn 0.223759 0.039185 0.973857
vn 0.222049 0.000000 0.975036
vn 0.227597 0.000000 0.973755
vn 0.222049 -0.000000 0.975036
vn 0.227597 0.000000 0.973755
vn 0.222049 0.000000 0.975036
vn 0.227597 0.000000 0.973755
vn 0.227597 0.000000 0.973755
vn 0.222049 0.000000 0.975036
vn 0.227597 0.000000 0.973755
vn 0.222049 0.000000 0.975036
vn 0.222790 -0.100801 0.969641
vn 0.227597 0.000000 0.973755
vn 0.222049 0.000000 0.975036
vn 0.243892 0.104188 0.964189
vn 0.245327 0.000000 0.969440
vn 0.240136 0.000000 0.970739
vn 0.240136 0.000000 0.970739
vn 0.245327 0.000000 0.969440
vn 0.240136 0.000000 0.970739
vn 0.245327 0.000000 0.969440
vn 0.240136 0.000000 0.970739
vn 0.245327 0.000000 0.969440
vn 0.240136 0.000000 0.970739
vn 0.245327 0.000000 0.969440
vn 0.240136 -0.000000 0.970739
vn 0.245327 0.000000 0.969440
vn 0.245327 0.000000 0.969440
vn 0.240136 0.000000 0.970739
vn 0.245327 0.000000 0.969440
vn 0.240136 0.000000 0.970739
vn 0.245218 -0.008732 0.969429
vn 0.245327 0.000000 0.969440
vn 0.240136 0.000000 0.970739
vn 0.255357 0.006980 0.966822
vn 0.250681 -0.000000 0.968070
vn 0.255713 0.000000 0.966753
vn 0.250681 0.000000 0.968070
vn 0.255713 0.000000 0.966753
vn 0.255713 0.000000 0.966753
vn 0.250681 0.000000 0.968070
vn 0.255251 -0.029658 0.966420
vn 0.255713 0.000000 0.966753
vn 0.250681 0.000000 0.968070
vn 0.265204 0.043123 0.963227
vn 0.261587 0.000000 0.965180
vn 0.266899 0.000000 0.963725
vn 0.261586 0.000000 0.965180
vn 0.266899 0.000000 0.963725
vn 0.261587 0.000000 0.965180
vn 0.266899 0.000000 0.963725
vn 0.261586 -0.000000 0.965180
vn 0.266899 0.000000 0.963725
vn 0.261586 0.000000 0.965180
vn 0.266899 0.000000 0.963725
vn 0.266899 0.000000 0.963725
vn 0.261587 0.000000 0.965180
vn 0.264697 -0.075333 0.961385
vn 0.266899 0.000000 0.963725
vn 0.261586 0.000000 0.965180
vn 0.278464 0.038570 0.959672
vn 0.276161 0.000000 0.961112
vn 0.283648 0.000000 0.958929
vn 0.276161 0.000000 0.961112
vn 0.283648 0.000000 0.958929
vn 0.276161 -0.000000 0.961111
vn 0.283648 0.000000 0.958929
vn 0.276161 0.000000 0.961112
vn 0.283648 0.000000 0.958929
vn 0.283648 0.000000 0.958929
vn 0.276161 0.000000 0.961111
vn 0.277295 -0.099235 0.955646
vn 0.283648 0.000000 0.958929
vn 0.276161 0.000000 0.961112
vn 0.290419 0.011374 0.956832
vn 0.288815 0.000000 0.957385
vn 0.292943 0.000000 0.956130
vn 0.288815 0.000000 0.957385
vn 0.292943 0.000000 0.956130
vn 0.288815 -0.000000 0.957385
vn 0.292943 0.000000 0.956130
vn 0.288815 0.000000 0.957385
vn 0.292943 0.000000 0.956130
vn 0.292943 0.000000 0.956130
vn 0.288815 0.000000 0.957385
vn 0.290313 -0.029376 0.956481
vn 0.292943 0.000000 0.956130
vn 0.288815 0.000000 0.957385
vn 0.302400 -0.014258 0.953074
vn 0.303345 0.000000 0.952881
vn 0.300842 0.000000 0.953674
vn 0.300842 0.000000 0.953674
vn 0.303345 -0.000000 0.952881
vn 0.300842 0.000000 0.953674
vn 0.303345 0.000000 0.952881
vn 0.303345 0.000000 0.952881
vn 0.300842 0.000000 0.953674
vn 0.300842 0.000000 0.953674
vn 0.303345 0.000000 0.952881
vn 0.300842 0.000000 0.953674
vn 0.303345 0.000000 0.952881
vn 0.302226 0.036817 0.952525
vn -0.989887 0.000000 0.141860
vn -0.989887 0.000000 0.141860
vn 0.141858 -0.000000 0.989887
vn 0.141858 0.000000 0.989887
vn 0.989887 0.000000 -0.141860
vn 0.989887 0.000000 -0.141860
vn 0.111044 0.000000 0.993815
vn 0.111044 -0.000000 0.993815
vn -0.009833 0.000000 0.999952
vn -0.009833 0.000000 0.999952
vn -0.009833 0.000000 0.999952
vn -0.009833 0.000000 0.999952
vn -0.009833 0.000000 0.999952
vn -0.009833 0.000000 0.999952
vn -0.009833 0.000000 0.999952
vn -0.009833 0.000000 0.999952
vn -0.003438 0.103785 0.994594
vn -0.004458 0.056429 0.998397
vn -0.004465 0.000000 0.999990
vn 0.001872 0.000000 0.999998
vn -0.004465 0.000000 0.999990
vn -0.004465 0.000000 0.999990
vn 0.001872 0.000000 0.999998
vn -0.004465 0.000000 0.999990
vn 0.001872 0.000000 0.999998
vn -0.004465 0.000000 0.999990
vn -0.004465 0.000000 0.999990
vn -0.004465 0.000000 0.999990
vn 0.001872 0.000000 0.999998
vn 0.001872 0.000000 0.999998
vn -0.004465 0.000000 0.999990
vn -0.004465 0.000000 0.999990
vn 0.001872 0.000000 0.999998
vn -0.004465 0.000000 0.999990
vn 0.001872 0.000000 0.999998
vn -0.004465 0.000000 0.999990
vn -0.004465 0.000000 0.999990
vn -0.003441 -0.095228 0.995449
vn -0.004459 -0.051745 0.998650
vn -0.004465 0.000000 0.999990
vn 0.001872 0.000000 0.999998
vn -0.004465 0.000000 0.999990
vn 0.011390 0.041902 0.999057
vn 0.008409 0.000000 0.999965
vn 0.015695 0.000000 0.999877
vn 0.008409 -0.000000 0.999965
vn 0.015695 0.000000 0.999877
vn 0.008409 0.000000 0.999965
vn 0.015695 0.000000 0.999877
vn 0.015695 0.000000 0.999877
vn 0.008409 0.000000 0.999965
vn 0.015695 0.000000 0.999877
vn 0.008409 0.000000 0.999965
vn 0.011334 -0.107724 0.994116
vn 0.015695 0.000000 0.999877
vn 0.008409 0.000000 0.999965
vn 0.026013 0.044968 0.998650
vn 0.022452 0.000000 0.999748
vn 0.029806 0.000000 0.999556
vn 0.022452 0.000000 0.999748
vn 0.029806 0.000000 0.999556
vn 0.022452 -0.000000 0.999748
vn 0.029806 0.000000 0.999556
vn 0.022452 0.000000 0.999748
vn 0.029806 0.000000 0.999556
vn 0.029806 0.000000 0.999556
vn 0.022452 0.000000 0.999748
vn 0.025865 -0.115522 0.992968
vn 0.029806 0.000000 0.999556
vn 0.022452 0.000000 0.999748
vn 0.040620 0.026071 0.998834
vn 0.038748 0.000000 0.999249
vn 0.045962 0.000000 0.998943
vn 0.038748 -0.000000 0.999249
vn 0.045962 0.000000 0.998943
vn 0.038748 0.000000 0.999249
vn 0.045962 0.000000 0.998943
vn 0.045962 0.000000 0.998943
vn 0.038748 0.000000 0.999249
vn 0.040473 -0.088764 0.995230
vn 0.045962 0.000000 0.998943
vn 0.038748 0.000000 0.999249
vn 0.054935 0.065881 0.996314
vn 0.053949 0.000000 0.998544
vn 0.061095 0.000000 0.998132
vn 0.053949 0.000000 0.998544
vn 0.061095 0.000000 0.998132
vn 0.053949 0.000000 0.998544
vn 0.061095 0.000000 0.998132
vn 0.053949 -0.000000 0.998544
vn 0.061095 0.000000 0.998132
vn 0.053949 0.000000 0.998544
vn 0.061095 0.000000 0.998132
vn 0.053949 0.000000 0.998544
vn 0.061095 0.000000 0.998132
vn 0.061095 0.000000 0.998132
vn 0.053949 0.000000 0.998544
vn 0.054954 -0.060418 0.996659
vn 0.061095 0.000000 0.998132
vn 0.053949 0.000000 0.998544
vn 0.069301 0.013990 0.997498
vn 0.068486 -0.000000 0.997652
vn 0.075588 0.000000 0.997139
vn 0.068486 0.000000 0.997652
vn 0.075588 0.000000 0.997139
vn 0.075588 0.000000 0.997139
vn 0.068486 0.000000 0.997652
vn 0.075588 0.000000 0.997139
vn 0.068486 0.000000 0.997652
vn 0.069229 -0.047755 0.996457
vn 0.075588 0.000000 0.997139
vn 0.068486 0.000000 0.997652
vn 0.083432 0.008265 0.996479
vn 0.082856 -0.000000 0.996561
vn 0.089830 0.000000 0.995957
vn 0.089830 0.000000 0.995957
vn 0.082856 0.000000 0.996561
vn 0.089830 0.000000 0.995957
vn 0.082856 0.000000 0.996561
vn 0.083383 -0.035108 0.995899
vn 0.089830 0.000000 0.995957
vn 0.082856 0.000000 0.996561
vn 0.097299 0.018511 0.995083
vn 0.096190 -0.000000 0.995363
vn 0.103053 0.000000 0.994676
vn 0.096190 0.000000 0.995363
vn 0.103053 0.000000 0.994676
vn 0.103053 0.000000 0.994676
vn 0.096190 0.000000 0.995363
vn 0.103053 0.000000 0.994676
vn 0.096190 0.000000 0.995363
vn 0.103053 0.000000 0.994676
vn 0.096190 0.000000 0.995363
vn 0.097122 -0.063137 0.993268
vn 0.123156 0.035125 0.991766
vn 0.118531 0.000000 0.992950
vn 0.123904 0.000000 0.992294
vn 0.123904 0.000000 0.992294
vn 0.118531 0.000000 0.992950
vn 0.123904 0.000000 0.992294
vn 0.118531 0.000000 0.992950
vn 0.123904 0.000000 0.992294
vn 0.118531 0.000000 0.992950
vn 0.118531 -0.000000 0.992950
vn 0.123904 0.000000 0.992294
vn 0.123904 0.000000 0.992294
vn 0.118531 0.000000 0.992950
vn 0.123904 0.000000 0.992294
vn 0.118531 0.000000 0.992950
vn 0.123168 -0.032205 0.991863
vn 0.123904 0.000000 0.992294
vn 0.118531 0.000000 0.992950
vn 0.133739 0.035745 0.990372
vn 0.129259 0.000000 0.991611
vn 0.134512 0.000000 0.990912
vn 0.134512 0.000000 0.990912
vn 0.129259 0.000000 0.991611
vn 0.134512 0.000000 0.990912
vn 0.129259 0.000000 0.991611
vn 0.134512 0.000000 0.990912
vn 0.134512 0.000000 0.990912
vn 0.129259 0.000000 0.991611
vn 0.129259 -0.000000 0.991611
vn 0.129259 0.000000 0.991611
vn 0.134512 0.000000 0.990912
vn 0.134512 0.000000 0.990912
vn 0.129259 0.000000 0.991611
vn 0.133753 -0.032773 0.990473
vn 0.134512 0.000000 0.990912
vn 0.129259 0.000000 0.991611
vn -0.999891 0.000000 -0.014765
vn -0.999891 0.000000 -0.014765
vn -0.014766 0.000000 0.999891
vn -0.014766 0.000000 0.999891
vn 0.999891 0.000000 0.014765
vn 0.999891 -0.000000 0.014765
vn -0.235576 0.062411 0.969850
vn -0.240640 0.000000 0.970614
vn -0.230038 0.000000 0.973182
vn -0.240640 0.000000 0.970614
vn -0.230038 0.000000 0.973182
vn -0.240640 0.000000 0.970614
vn -0.230038 0.000000 0.973182
vn -0.240640 0.000000 0.970614
vn -0.230038 0.000000 0.973182
vn -0.230038 0.000000 0.973182
vn -0.240640 0.000000 0.970614
vn -0.230038 0.000000 0.973182
vn -0.240640 0.000000 0.970614
vn -0.234635 -0.108801 0.965975
vn -0.230038 0.000000 0.973182
vn -0.240640 0.000000 0.970614
vn -0.215753 0.023372 0.976168
vn -0.218393 0.000000 0.975861
vn -0.208826 0.000000 0.977953
vn -0.218393 0.000000 0.975861
vn -0.208826 0.000000 0.977953
vn -0.208826 0.000000 0.977953
vn -0.218393 0.000000 0.975861
vn -0.208826 0.000000 0.977953
vn -0.218393 0.000000 0.975861
vn -0.215126 -0.079631 0.973334
vn -0.208826 0.000000 0.977953
vn -0.218393 0.000000 0.975861
vn -0.196442 0.046821 0.979397
vn -0.199012 0.000000 0.979997
vn -0.189616 0.000000 0.981858
vn -0.199012 0.000000 0.979997
vn -0.189616 0.000000 0.981858
vn -0.189616 0.000000 0.981858
vn -0.199012 0.000000 0.979997
vn -0.189616 0.000000 0.981858
vn -0.199012 0.000000 0.979997
vn -0.189616 0.000000 0.981858
vn -0.199012 0.000000 0.979997
vn -0.189616 0.000000 0.981858
vn -0.199012 0.000000 0.979997
vn -0.195999 -0.081765 0.977189
vn -0.189616 0.000000 0.981858
vn -0.199012 0.000000 0.979997
vn -0.177979 0.026895 0.983667
vn -0.180679 0.000000 0.983542
vn -0.171560 0.000000 0.985174
vn -0.180679 0.000000 0.983542
vn -0.171560 0.000000 0.985174
vn -0.180679 0.000000 0.983542
vn -0.171560 0.000000 0.985174
vn -0.171560 0.000000 0.985174
vn -0.180679 0.000000 0.983542
vn -0.177296 -0.091548 0.979890
vn -0.171560 0.000000 0.985174
vn -0.180679 0.000000 0.983542
vn -0.159894 0.043670 0.986168
vn -0.164413 0.000000 0.986392
vn -0.155577 0.000000 0.987824
vn -0.164413 0.000000 0.986392
vn -0.155577 0.000000 0.987824
vn -0.164413 0.000000 0.986392
vn -0.155577 0.000000 0.987824
vn -0.164413 0.000000 0.986392
vn -0.155577 0.000000 0.987824
vn -0.155577 0.000000 0.987824
vn -0.164413 0.000000 0.986392
vn -0.159036 -0.112224 0.980874
vn -0.155577 0.000000 0.987824
vn -0.164413 0.000000 0.986392
vn -0.142400 0.052855 0.988397
vn -0.148822 0.000000 0.988864
vn -0.140168 0.000000 0.990128
vn -0.148822 0.000000 0.988864
vn -0.140168 0.000000 0.990128
vn -0.148822 0.000000 0.988864
vn -0.140168 0.000000 0.990128
vn -0.148822 0.000000 0.988864
vn -0.140168 0.000000 0.990128
vn -0.148822 0.000000 0.988864
vn -0.140168 0.000000 0.990128
vn -0.140168 0.000000 0.990128
vn -0.148822 0.000000 0.988864
vn -0.141991 -0.092246 0.985560
vn -0.140168 0.000000 0.990128
vn -0.148822 0.000000 0.988864
vn -0.125461 0.040356 0.991277
vn -0.128489 0.000000 0.991711
vn -0.120048 0.000000 0.992768
vn -0.128489 0.000000 0.991711
vn -0.120048 0.000000 0.992768
vn -0.128489 0.000000 0.991711
vn -0.120048 0.000000 0.992768
vn -0.120048 0.000000 0.992768
vn -0.128489 0.000000 0.991711
vn -0.120048 0.000000 0.992768
vn -0.128489 0.000000 0.991711
vn -0.124885 -0.103789 0.986728
vn -0.120048 0.000000 0.992768
vn -0.128489 0.000000 0.991711
vn -0.108730 0.050884 0.992768
vn -0.114951 0.000000 0.993371
vn -0.106697 0.000000 0.994292
vn -0.114951 0.000000 0.993371
vn -0.106697 0.000000 0.994292
vn -0.114951 0.000000 0.993371
vn -0.106697 0.000000 0.994292
vn -0.114951 0.000000 0.993371
vn -0.106697 0.000000 0.994292
vn -0.106697 0.000000 0.994292
vn -0.114951 0.000000 0.993371
vn -0.106697 0.000000 0.994292
vn -0.114951 0.000000 0.993371
vn -0.106697 0.000000 0.994292
vn -0.114951 0.000000 0.993371
vn -0.108440 -0.088824 0.990127
vn -0.092380 0.059369 0.993952
vn -0.097885 0.000000 0.995198
vn -0.089761 0.000000 0.995963
vn -0.089761 0.000000 0.995963
vn -0.097885 0.000000 0.995198
vn -0.089761 0.000000 0.995963
vn -0.097885 0.000000 0.995198
vn -0.097885 0.000000 0.995198
vn -0.089761 0.000000 0.995963
vn -0.089761 0.000000 0.995963
vn -0.097885 0.000000 0.995198
vn -0.089761 0.000000 0.995963
vn -0.097885 0.000000 0.995198
vn -0.092046 -0.103538 0.990357
vn -0.089761 0.000000 0.995963
vn -0.097885 0.000000 0.995198
vn -0.076345 0.059331 0.995315
vn -0.081731 0.000000 0.996654
vn -0.073751 0.000000 0.997277
vn -0.081731 0.000000 0.996654
vn -0.073751 0.000000 0.997277
vn -0.081731 0.000000 0.996654
vn -0.073751 0.000000 0.997277
vn -0.081731 0.000000 0.996654
vn -0.073751 0.000000 0.997277
vn -0.081731 0.000000 0.996654
vn -0.073751 0.000000 0.997277
vn -0.073751 0.000000 0.997277
vn -0.081731 0.000000 0.996654
vn -0.076069 -0.103470 0.991719
vn -0.073751 0.000000 0.997277
vn -0.081731 0.000000 0.996654
vn -0.060432 0.084010 0.994631
vn -0.066870 0.000000 0.997762
vn -0.058980 0.000000 0.998259
vn -0.066870 0.000000 0.997762
vn -0.058980 0.000000 0.998259
vn -0.066870 0.000000 0.997762
vn -0.058980 0.000000 0.998259
vn -0.066870 0.000000 0.997762
vn -0.058980 0.000000 0.998259
vn -0.066870 0.000000 0.997762
vn -0.058980 0.000000 0.998259
vn -0.066870 0.000000 0.997762
vn -0.058980 0.000000 0.998259
vn -0.058980 0.000000 0.998259
vn -0.066870 0.000000 0.997762
vn -0.060466 -0.077060 0.995191
vn -0.058980 0.000000 0.998259
vn -0.066870 0.000000 0.997762
vn -0.044997 0.043786 0.998027
vn -0.048317 0.000000 0.998832
vn -0.040556 0.000000 0.999177
vn -0.048317 0.000000 0.998832
vn -0.040556 0.000000 0.999177
vn -0.048317 0.000000 0.998832
vn -0.040556 0.000000 0.999177
vn -0.048317 0.000000 0.998832
vn -0.040556 0.000000 0.999177
vn -0.040556 0.000000 0.999177
vn -0.048317 0.000000 0.998832
vn -0.044754 -0.112517 0.992641
vn -0.040556 0.000000 0.999177
vn -0.048317 0.000000 0.998832
vn -0.032567 0.009029 0.999429
vn -0.036202 0.000000 0.999345
vn -0.031481 0.000000 0.999504
vn -0.036202 0.000000 0.999345
vn -0.031481 0.000000 0.999504
vn -0.031481 0.000000 0.999504
vn -0.036202 0.000000 0.999345
vn -0.031481 0.000000 0.999504
vn -0.036202 0.000000 0.999345
vn -0.032553 -0.030838 0.998994
vn -0.031481 0.000000 0.999504
vn -0.036202 0.000000 0.999345
vn -0.023183 0.008430 0.999696
vn -0.024176 0.000000 0.999708
vn -0.019506 0.000000 0.999810
vn -0.019506 0.000000 0.999810
vn -0.024176 0.000000 0.999708
vn -0.019506 0.000000 0.999810
vn -0.024176 0.000000 0.999708
vn -0.019506 0.000000 0.999810
vn -0.024176 0.000000 0.999708
vn -0.023175 -0.028793 0.999317
vn -0.019506 0.000000 0.999810
vn -0.024176 0.000000 0.999708
vn -0.966820 0.000000 -0.255458
vn -0.966820 0.000000 -0.255458
vn -0.255458 0.000000 0.966820
vn -0.255458 0.000000 0.966820
vn 0.966820 0.000000 0.255458
vn 0.966820 -0.000000 0.255458
vn -0.860902 0.000000 0.508770
vn -0.860902 0.000000 0.508770
vn -0.440883 0.000000 0.897564
vn -0.440883 0.000000 0.897564
vn -0.955502 0.000000 0.294984
vn -0.936188 0.025120 0.350601
vn -0.937646 0.000000 0.347590
vn -0.918190 0.000000 0.396141
vn -0.918190 0.000000 0.396141
vn -0.937646 0.000000 0.347591
vn -0.918190 0.000000 0.396141
vn -0.937647 0.000000 0.347590
vn -0.937445 0.001169 0.348132
vn -0.918190 0.000000 0.396141
vn -0.937189 0.000000 0.348821
vn -0.918190 0.000000 0.396141
vn -0.937189 0.000000 0.348821
vn -0.918190 0.000000 0.396141
vn -0.937189 0.000000 0.348821
vn -0.918190 0.000000 0.396141
vn -0.937189 0.000000 0.348821
vn -0.902556 -0.266730 0.338005
vn -0.918190 0.000000 0.396141
vn -0.937189 0.000000 0.348821
vn -0.931659 -0.108477 0.346763
vn -0.898413 0.040495 0.437281
vn -0.901598 0.000000 0.432574
vn -0.884021 0.000000 0.467448
vn -0.884021 0.000000 0.467448
vn -0.901598 0.000000 0.432574
vn -0.901598 0.000000 0.432574
vn -0.884021 0.000000 0.467448
vn -0.901598 0.000000 0.432574
vn -0.884021 0.000000 0.467448
vn -0.884021 0.000000 0.467448
vn -0.902739 -0.004136 0.430169
vn -0.902735 0.005023 0.430167
vn -0.884021 0.000000 0.467448
vn -0.901598 0.000000 0.432574
vn -0.884021 0.000000 0.467448
vn -0.901598 0.000000 0.432574
vn -0.898530 -0.037129 0.437338
vn -0.884021 0.000000 0.467448
vn -0.901598 0.000000 0.432574
vn -0.818934 0.015516 0.573677
vn -0.838687 0.000000 0.544614
vn -0.817542 0.000000 0.575869
vn -0.838687 0.000000 0.544614
vn -0.817542 0.000000 0.575869
vn -0.838687 0.000000 0.544614
vn -0.817542 0.000000 0.575869
vn -0.838687 0.000000 0.544614
vn -0.817542 0.000000 0.575869
vn -0.838687 0.000000 0.544614
vn -0.817542 0.000000 0.575869
vn -0.817542 0.000000 0.575869
vn -0.838687 0.000000 0.544614
vn -0.818731 -0.027150 0.573535
vn -0.817542 0.000000 0.575869
vn -0.838687 0.000000 0.544614
vn -0.775160 0.040451 0.630468
vn -0.789828 0.000000 0.613329
vn -0.767885 0.000000 0.640588
vn -0.789828 0.000000 0.613328
vn -0.767885 0.000000 0.640588
vn -0.789828 0.000000 0.613328
vn -0.767885 0.000000 0.640588
vn -0.789828 0.000000 0.613328
vn -0.767885 0.000000 0.640588
vn -0.767884 0.000000 0.640588
vn -0.789828 0.000000 0.613328
vn -0.771586 -0.104030 0.627561
vn -0.767885 0.000000 0.640588
vn -0.789828 0.000000 0.613328
vn -0.752717 0.000000 0.658344
vn -0.752717 0.000000 0.658344
vn -0.752717 0.000000 0.658344
vn -0.752717 0.000000 0.658344
vn -0.752717 0.000000 0.658344
vn -0.752717 0.000000 0.658344
vn -0.752717 0.000000 0.658344
vn -0.732812 0.050744 0.678536
vn -0.735397 0.016913 0.677426
vn -0.734628 0.000000 0.678470
vn -0.716058 0.000000 0.698040
vn -0.734628 0.000000 0.678470
vn -0.734628 0.000000 0.678470
vn -0.716058 0.000000 0.698040
vn -0.734628 0.000000 0.678470
vn -0.734628 0.000000 0.678470
vn -0.734628 0.000000 0.678470
vn -0.716058 0.000000 0.698040
vn -0.716058 0.000000 0.698040
vn -0.716058 0.000000 0.698040
vn -0.734628 0.000000 0.678470
vn -0.716058 0.000000 0.698040
vn -0.734628 0.000000 0.678470
vn -0.734628 0.000000 0.678470
vn -0.716058 0.000000 0.698040
vn -0.734628 0.000000 0.678470
vn -0.734628 0.000000 0.678470
vn -0.732963 -0.046530 0.678676
vn -0.716058 0.000000 0.698040
vn -0.734628 0.000000 0.678470
vn -0.734273 -0.031072 0.678143
vn -0.734628 0.000000 0.678470
vn -0.693478 0.011104 0.720392
vn -0.694030 0.000000 0.719946
vn -0.674373 0.000000 0.738391
vn -0.674373 0.000000 0.738391
vn -0.694030 0.000000 0.719946
vn -0.694030 0.000000 0.719946
vn -0.694030 0.000000 0.719946
vn -0.694030 0.000000 0.719946
vn -0.694030 0.000000 0.719946
vn -0.674373 0.000000 0.738391
vn -0.694030 0.000000 0.719946
vn -0.693485 -0.010180 0.720399
vn -0.674373 0.000000 0.738391
vn -0.694030 0.000000 0.719946
vn -0.653670 -0.001585 0.756778
vn -0.633695 0.000000 0.773583
vn -0.654021 -0.004086 0.756465
vn -0.653545 0.000000 0.756888
vn -0.654026 0.000000 0.756472
vn -0.654026 0.000000 0.756472
vn -0.654026 0.000000 0.756472
vn -0.654026 0.000000 0.756472
vn -0.654021 0.003958 0.756466
vn -0.654026 0.000000 0.756472
vn -0.654026 0.000000 0.756472
vn -0.653671 0.001513 0.756778
vn -0.653545 0.000000 0.756888
vn -0.633695 0.000000 0.773583
vn -0.613417 0.073041 0.786374
vn -0.618956 0.002192 0.785423
vn -0.618957 0.000000 0.785425
vn -0.618957 0.000000 0.785425
vn -0.600611 0.000000 0.799541
vn -0.618957 0.000000 0.785425
vn -0.618957 0.000000 0.785425
vn -0.600611 0.000000 0.799541
vn -0.618957 0.000000 0.785425
vn -0.618957 0.000000 0.785425
vn -0.600611 0.000000 0.799541
vn -0.618957 0.000000 0.785425
vn -0.618957 0.000000 0.785425
vn -0.618957 0.000000 0.785425
vn -0.600611 0.000000 0.799541
vn -0.600611 0.000000 0.799541
vn -0.618957 0.000000 0.785425
vn -0.600611 0.000000 0.799541
vn -0.600611 0.000000 0.799541
vn -0.618957 0.000000 0.785425
vn -0.618957 0.000000 0.785425
vn -0.618957 0.000000 0.785425
vn -0.613679 -0.066990 0.786709
vn -0.618956 -0.002010 0.785423
vn -0.600611 0.000000 0.799541
vn -0.618957 0.000000 0.785425
vn -0.577587 0.054335 0.814519
vn -0.585826 0.000000 0.810437
vn -0.567851 0.000000 0.823132
vn -0.585826 0.000000 0.810437
vn -0.567851 0.000000 0.823132
vn -0.585826 0.000000 0.810437
vn -0.567851 0.000000 0.823132
vn -0.585826 0.000000 0.810437
vn -0.567851 0.000000 0.823132
vn -0.567851 0.000000 0.823132
vn -0.585826 0.000000 0.810437
vn -0.567851 0.000000 0.823132
vn -0.585826 0.000000 0.810437
vn -0.567851 0.000000 0.823132
vn -0.585826 0.000000 0.810437
vn -0.575836 -0.094812 0.812049
vn -0.542654 0.050089 0.838462
vn -0.549357 0.000000 0.835588
vn -0.532347 0.000000 0.846526
vn -0.532347 0.000000 0.846526
vn -0.549357 0.000000 0.835587
vn -0.532347 0.000000 0.846526
vn -0.549357 0.000000 0.835587
vn -0.549357 0.000000 0.835587
vn -0.532348 0.000000 0.846526
vn -0.532347 0.000000 0.846526
vn -0.549357 0.000000 0.835587
vn -0.532347 0.000000 0.846526
vn -0.549357 0.000000 0.835587
vn -0.541254 -0.087445 0.836300
vn -0.532347 0.000000 0.846526
vn -0.549357 0.000000 0.835588
vn -0.507282 0.059712 0.859709
vn -0.514367 0.000000 0.857570
vn -0.496523 0.000000 0.868024
vn -0.514367 0.000000 0.857570
vn -0.496523 0.000000 0.868024
vn -0.514368 0.000000 0.857570
vn -0.496523 0.000000 0.868024
vn -0.514367 0.000000 0.857570
vn -0.496523 0.000000 0.868024
vn -0.514367 0.000000 0.857570
vn -0.496523 0.000000 0.868024
vn -0.496523 0.000000 0.868024
vn -0.514367 0.000000 0.857570
vn -0.505426 -0.104130 0.856564
vn -0.496523 0.000000 0.868024
vn -0.514367 0.000000 0.857570
vn -0.473498 0.018396 0.880603
vn -0.474907 0.000000 0.880036
vn -0.458546 0.000000 0.888671
vn -0.474908 0.000000 0.880036
vn -0.458546 0.000000 0.888671
vn -0.474908 0.000000 0.880036
vn -0.458546 0.000000 0.888671
vn -0.474907 0.000000 0.880036
vn -0.458546 0.000000 0.888671
vn -0.474908 0.000000 0.880036
vn -0.458546 0.000000 0.888671
vn -0.458546 0.000000 0.888671
vn -0.474907 0.000000 0.880036
vn -0.473333 -0.032187 0.880296
vn -0.458546 0.000000 0.888671
vn -0.474907 0.000000 0.880036
vn -0.409415 0.024243 0.912026
vn -0.421273 0.000000 0.906934
vn -0.405852 0.000000 0.913939
vn -0.421273 0.000000 0.906934
vn -0.405852 0.000000 0.913939
vn -0.421273 0.000000 0.906934
vn -0.405852 0.000000 0.913939
vn -0.405852 0.000000 0.913939
vn -0.421273 0.000000 0.906934
vn -0.408136 -0.082580 0.909178
vn -0.405852 0.000000 0.913939
vn -0.421273 0.000000 0.906934
vn -0.378862 0.059349 0.923548
vn -0.392335 0.000000 0.919822
vn -0.377494 0.000000 0.926012
vn -0.392335 0.000000 0.919822
vn -0.377494 0.000000 0.926012
vn -0.392335 0.000000 0.919822
vn -0.392335 0.000000 0.919822
vn -0.392335 0.000000 0.919822
vn -0.392335 0.000000 0.919822
vn -0.377494 0.000000 0.926012
vn -0.392335 0.000000 0.919822
vn -0.377494 0.000000 0.926012
vn -0.392335 0.000000 0.919822
vn -0.378968 -0.054424 0.923808
vn -0.350878 0.007027 0.936395
vn -0.350686 0.000000 0.936493
vn -0.364893 0.000000 0.931050
vn -0.364893 0.000000 0.931050
vn -0.377279 -0.002218 0.926097
vn -0.350686 0.000000 0.936493
vn -0.350686 0.000000 0.936493
vn -0.377280 0.000000 0.926099
vn -0.377280 0.000000 0.926099
vn -0.350686 0.000000 0.936493
vn -0.377280 0.000000 0.926099
vn -0.377280 0.000000 0.926099
vn -0.350686 0.000000 0.936493
vn -0.377280 0.000000 0.926099
vn -0.377279 0.002149 0.926097
vn -0.377280 0.000000 0.926099
vn -0.350686 0.000000 0.936493
vn -0.364893 0.000000 0.931050
vn -0.350686 0.000000 0.936493
vn -0.350880 -0.006442 0.936398
vn -0.350686 0.000000 0.936493
vn -0.364893 0.000000 0.931050
vn -0.322966 0.062498 0.944345
vn -0.331369 0.000000 0.943501
vn -0.318054 0.000000 0.948072
vn -0.331369 0.000000 0.943501
vn -0.318054 0.000000 0.948072
vn -0.331369 0.000000 0.943501
vn -0.318054 0.000000 0.948072
vn -0.331369 0.000000 0.943501
vn -0.318054 0.000000 0.948072
vn -0.331369 0.000000 0.943501
vn -0.318054 0.000000 0.948072
vn -0.318054 0.000000 0.948072
vn -0.331369 0.000000 0.943501
vn -0.321673 -0.108950 0.940562
vn -0.318054 0.000000 0.948072
vn -0.331369 0.000000 0.943501
vn -0.297654 0.057425 0.952945
vn -0.305645 0.000000 0.952146
vn -0.293401 0.000000 0.955989
vn -0.305645 0.000000 0.952146
vn -0.293401 0.000000 0.955989
vn -0.305645 0.000000 0.952146
vn -0.293401 0.000000 0.955989
vn -0.305645 0.000000 0.952145
vn -0.293401 0.000000 0.955989
vn -0.293401 0.000000 0.955989
vn -0.305645 0.000000 0.952146
vn -0.293401 0.000000 0.955989
vn -0.305645 0.000000 0.952145
vn -0.296646 -0.100170 0.949719
vn -0.293401 0.000000 0.955989
vn -0.305645 0.000000 0.952146
vn -0.274900 0.032893 0.960910
vn -0.282307 0.000000 0.959324
vn -0.271322 0.000000 0.962489
vn -0.282307 0.000000 0.959324
vn -0.271322 0.000000 0.962489
vn -0.282306 0.000000 0.959324
vn -0.271322 0.000000 0.962489
vn -0.271322 0.000000 0.962489
vn -0.282306 0.000000 0.959324
vn -0.271322 0.000000 0.962489
vn -0.282307 0.000000 0.959324
vn -0.274060 -0.084725 0.957973
vn -0.271322 0.000000 0.962489
vn -0.282307 0.000000 0.959324
vn -0.707106 0.000000 -0.707107
vn -0.707106 0.000000 -0.707107
vn -0.707108 0.000000 0.707106
vn -0.707108 0.000000 0.707106
vn -0.085369 0.000000 -0.996349
vn -0.085369 0.000000 -0.996349
vn -0.545812 0.000000 -0.837908
vn -0.545812 0.000000 -0.837908
vn -0.787275 0.000000 -0.616603
vn -0.787275 0.000000 -0.616603
vn -0.012297 0.037956 -0.999204
vn -0.009377 0.000000 -0.999956
vn -0.015238 -0.000000 -0.999884
vn -0.009377 0.000000 -0.999956
vn -0.015238 -0.000000 -0.999884
vn -0.015238 -0.000000 -0.999884
vn -0.009377 0.000000 -0.999956
vn -0.015238 -0.000000 -0.999884
vn -0.009377 0.000000 -0.999956
vn -0.015238 -0.000000 -0.999884
vn -0.009377 0.000000 -0.999956
vn -0.012221 -0.116944 -0.993063
vn -0.015238 -0.000000 -0.999884
vn -0.009377 0.000000 -0.999956
vn -0.024676 0.019350 -0.999508
vn -0.023469 0.000000 -0.999725
vn -0.030056 -0.000000 -0.999548
vn -0.030056 -0.000000 -0.999548
vn -0.023469 0.000000 -0.999725
vn -0.030056 -0.000000 -0.999548
vn -0.023469 0.000000 -0.999725
vn -0.030056 -0.000000 -0.999548
vn -0.023469 0.000000 -0.999725
vn -0.024603 -0.079101 -0.996563
vn -0.030056 -0.000000 -0.999548
vn -0.023469 0.000000 -0.999725
vn -0.037825 0.023513 -0.999008
vn -0.037802 0.000000 -0.999285
vn -0.044670 -0.000000 -0.999002
vn -0.037802 0.000000 -0.999285
vn -0.044670 -0.000000 -0.999002
vn -0.037802 0.000000 -0.999285
vn -0.044670 -0.000000 -0.999002
vn -0.037802 0.000000 -0.999285
vn -0.037802 0.000000 -0.999285
vn -0.037802 0.000000 -0.999285
vn -0.037802 0.000000 -0.999285
vn -0.044670 -0.000000 -0.999002
vn -0.037802 0.000000 -0.999285
vn -0.037835 -0.002354 -0.999281
vn -0.044670 -0.000000 -0.999002
vn -0.037802 0.000000 -0.999285
vn -0.051666 0.061409 -0.996775
vn -0.050535 0.000000 -0.998722
vn -0.058013 -0.000000 -0.998316
vn -0.050535 0.000000 -0.998722
vn -0.058013 -0.000000 -0.998316
vn -0.050499 -0.000648 -0.998724
vn -0.050499 0.000000 -0.998724
vn -0.058013 -0.000000 -0.998316
vn -0.050499 0.000000 -0.998724
vn -0.058013 -0.000000 -0.998316
vn -0.050499 0.000000 -0.998724
vn -0.050499 0.000000 -0.998724
vn -0.050499 0.000000 -0.998724
vn -0.058013 -0.000000 -0.998316
vn -0.058013 -0.000000 -0.998316
vn -0.050499 0.000669 -0.998724
vn -0.050499 0.000000 -0.998724
vn -0.058013 -0.000000 -0.998316
vn -0.050535 0.000000 -0.998722
vn -0.051646 -0.067528 -0.996380
vn -0.058013 -0.000000 -0.998316
vn -0.050535 0.000000 -0.998722
vn -0.067466 0.015589 -0.997600
vn -0.067176 0.000000 -0.997741
vn -0.076035 -0.000000 -0.997105
vn -0.067176 0.000000 -0.997741
vn -0.076035 -0.000000 -0.997105
vn -0.067176 0.000000 -0.997741
vn -0.067176 0.000000 -0.997741
vn -0.076035 -0.000000 -0.997105
vn -0.076035 -0.000000 -0.997105
vn -0.067176 0.000000 -0.997741
vn -0.076035 -0.000000 -0.997105
vn -0.076035 -0.000000 -0.997105
vn -0.067176 0.000000 -0.997741
vn -0.076035 -0.000000 -0.997105
vn -0.067176 0.000000 -0.997741
vn -0.067464 -0.017148 -0.997574
vn -0.076035 -0.000000 -0.997105
vn -0.067176 0.000000 -0.997741
vn -0.105889 0.008145 -0.994345
vn -0.095506 0.000000 -0.995429
vn -0.106281 -0.000000 -0.994336
vn -0.095506 0.000000 -0.995429
vn -0.106281 -0.000000 -0.994336
vn -0.095506 0.000000 -0.995429
vn -0.106281 -0.000000 -0.994336
vn -0.106281 -0.000000 -0.994336
vn -0.095506 0.000000 -0.995429
vn -0.106281 -0.000000 -0.994336
vn -0.095506 0.000000 -0.995429
vn -0.106281 -0.000000 -0.994336
vn -0.095506 0.000000 -0.995429
vn -0.105877 -0.017104 -0.994232
vn -0.106281 -0.000000 -0.994336
vn -0.095506 0.000000 -0.995429
vn -0.129574 0.036672 -0.990891
vn -0.123591 0.000000 -0.992333
vn -0.136326 -0.000000 -0.990664
vn -0.123591 0.000000 -0.992333
vn -0.136326 -0.000000 -0.990664
vn -0.136326 -0.000000 -0.990664
vn -0.123591 0.000000 -0.992333
vn -0.136326 -0.000000 -0.990664
vn -0.123591 0.000000 -0.992333
vn -0.136326 -0.000000 -0.990664
vn -0.123591 0.000000 -0.992333
vn -0.128830 -0.113034 -0.985204
vn -0.136326 -0.000000 -0.990664
vn -0.123591 0.000000 -0.992333
vn -0.159071 0.053159 -0.985835
vn -0.154307 0.000000 -0.988023
vn -0.171715 -0.000000 -0.985147
vn -0.154307 0.000000 -0.988023
vn -0.171715 -0.000000 -0.985147
vn -0.154307 0.000000 -0.988023
vn -0.171715 -0.000000 -0.985147
vn -0.154307 0.000000 -0.988023
vn -0.171715 -0.000000 -0.985147
vn -0.171715 -0.000000 -0.985147
vn -0.154307 0.000000 -0.988023
vn -0.171715 -0.000000 -0.985147
vn -0.154307 0.000000 -0.988023
vn -0.158310 -0.111104 -0.981119
vn -0.171715 -0.000000 -0.985147
vn -0.154307 0.000000 -0.988023
vn -0.195926 0.042107 -0.979714
vn -0.186071 0.000000 -0.982536
vn -0.206204 -0.000000 -0.978509
vn -0.186071 0.000000 -0.982536
vn -0.206204 -0.000000 -0.978509
vn -0.186071 0.000000 -0.982536
vn -0.206204 -0.000000 -0.978509
vn -0.206204 -0.000000 -0.978509
vn -0.186071 0.000000 -0.982536
vn -0.206204 -0.000000 -0.978509
vn -0.186071 0.000000 -0.982536
vn -0.194448 -0.129549 -0.972321
vn -0.206204 -0.000000 -0.978509
vn -0.186071 0.000000 -0.982536
vn -0.239275 0.020906 -0.970727
vn -0.222781 0.000000 -0.974869
vn -0.244920 -0.000000 -0.969543
vn -0.222781 0.000000 -0.974869
vn -0.244920 -0.000000 -0.969543
vn -0.244920 -0.000000 -0.969543
vn -0.222781 0.000000 -0.974869
vn -0.244920 -0.000000 -0.969543
vn -0.222781 0.000000 -0.974869
vn -0.238453 -0.085423 -0.967390
vn -0.244920 -0.000000 -0.969543
vn -0.222781 0.000000 -0.974869
vn -0.287618 0.072125 -0.955025
vn -0.268306 0.000000 -0.963334
vn -0.294136 -0.000000 -0.955764
vn -0.268306 0.000000 -0.963334
vn -0.294136 -0.000000 -0.955764
vn -0.268306 0.000000 -0.963334
vn -0.294136 -0.000000 -0.955764
vn -0.268306 0.000000 -0.963334
vn -0.294136 -0.000000 -0.955764
vn -0.268306 0.000000 -0.963334
vn -0.294136 -0.000000 -0.955764
vn -0.294136 -0.000000 -0.955764
vn -0.268306 0.000000 -0.963334
vn -0.294136 -0.000000 -0.955764
vn -0.268306 0.000000 -0.963334
vn -0.287461 -0.079301 -0.954504
vn -0.294136 -0.000000 -0.955764
vn -0.268306 0.000000 -0.963334
vn -0.352472 0.058881 -0.933968
vn -0.333189 0.000000 -0.942860
vn -0.371285 -0.000000 -0.928519
vn -0.333190 0.000000 -0.942860
vn -0.371285 -0.000000 -0.928519
vn -0.333190 0.000000 -0.942860
vn -0.371285 -0.000000 -0.928519
vn -0.333190 0.000000 -0.942860
vn -0.371285 -0.000000 -0.928519
vn -0.371285 -0.000000 -0.928519
vn -0.333189 0.000000 -0.942860
vn -0.371285 -0.000000 -0.928519
vn -0.333190 0.000000 -0.942860
vn -0.371285 -0.000000 -0.928519
vn -0.333190 0.000000 -0.942860
vn -0.350407 -0.122931 -0.928495
vn -0.441412 0.039096 -0.896452
vn -0.425365 0.000000 -0.905022
vn -0.475458 -0.000000 -0.879739
vn -0.425365 0.000000 -0.905022
vn -0.475458 -0.000000 -0.879739
vn -0.475458 -0.000000 -0.879739
vn -0.425365 0.000000 -0.905022
vn -0.475458 -0.000000 -0.879739
vn -0.425365 0.000000 -0.905022
vn -0.475458 -0.000000 -0.879739
vn -0.425365 0.000000 -0.905022
vn -0.438536 -0.120410 -0.890611
vn -0.475458 -0.000000 -0.879739
vn -0.425365 0.000000 -0.905022
vn -0.663135 0.029503 -0.747918
vn -0.616291 0.000000 -0.787518
vn -0.672153 -0.000000 -0.740412
vn -0.616291 0.000000 -0.787518
vn -0.672153 -0.000000 -0.740412
vn -0.616291 0.000000 -0.787518
vn -0.672154 -0.000000 -0.740412
vn -0.616291 0.000000 -0.787518
vn -0.672153 -0.000000 -0.740412
vn -0.616291 0.000000 -0.787518
vn -0.672153 -0.000000 -0.740412
vn -0.672153 -0.000000 -0.740412
vn -0.616291 0.000000 -0.787518
vn -0.672153 -0.000000 -0.740412
vn -0.616291 0.000000 -0.787518
vn -0.663075 -0.032453 -0.747849
vn -0.672153 -0.000000 -0.740412
vn -0.616291 0.000000 -0.787518
vn 0.999991 0.000000 -0.004164
vn 0.999991 0.000000 -0.004164
vn -0.004164 0.000000 -0.999991
vn -0.004164 0.000000 -0.999991
vn -0.999991 0.000000 0.004164
vn -0.999991 0.000000 0.004164
vn 0.019359 0.000000 -0.999813
vn 0.019359 0.000000 -0.999813
vn 0.068908 0.000000 -0.997623
vn 0.068908 0.000000 -0.997623
vn 0.068908 0.000000 -0.997623
vn 0.068908 0.000000 -0.997623
vn 0.066894 0.062944 -0.995773
vn 0.067571 0.002997 -0.997710
vn 0.067463 0.000000 -0.997722
vn 0.065329 0.000000 -0.997864
vn 0.067462 0.000000 -0.997722
vn 0.065329 0.000000 -0.997864
vn 0.065329 0.000000 -0.997864
vn 0.065329 0.000000 -0.997864
vn 0.067463 0.000000 -0.997722
vn 0.067463 0.000000 -0.997722
vn 0.065329 0.000000 -0.997864
vn 0.065329 0.000000 -0.997864
vn 0.067463 0.000000 -0.997722
vn 0.067463 0.000000 -0.997722
vn 0.067463 0.000000 -0.997722
vn 0.067463 0.000000 -0.997722
vn 0.065329 0.000000 -0.997864
vn 0.066866 -0.069215 -0.995358
vn 0.067463 0.000000 -0.997722
vn 0.067453 -0.016529 -0.997586
vn 0.067463 0.000000 -0.997722
vn 0.065329 0.000000 -0.997864
vn 0.061350 0.063179 -0.996115
vn 0.063306 0.000000 -0.997994
vn 0.059983 0.000000 -0.998199
vn 0.063306 0.000000 -0.997994
vn 0.059983 0.000000 -0.998199
vn 0.063306 0.000000 -0.997994
vn 0.059983 0.000000 -0.998199
vn 0.059983 0.000000 -0.998199
vn 0.063306 0.000000 -0.997994
vn 0.059983 0.000000 -0.998199
vn 0.063306 0.000000 -0.997994
vn 0.059983 0.000000 -0.998199
vn 0.063306 0.000000 -0.997994
vn 0.060937 -0.131786 -0.989403
vn 0.059983 0.000000 -0.998199
vn 0.063306 0.000000 -0.997994
vn 0.054324 0.017201 -0.998375
vn 0.057919 0.000000 -0.998321
vn 0.054319 0.000000 -0.998524
vn 0.057919 0.000000 -0.998321
vn 0.054319 0.000000 -0.998524
vn 0.057919 0.000000 -0.998321
vn 0.054319 0.000000 -0.998524
vn 0.054319 0.000000 -0.998524
vn 0.057919 0.000000 -0.998321
vn 0.054319 0.000000 -0.998524
vn 0.057919 0.000000 -0.998321
vn 0.054319 0.000000 -0.998524
vn 0.057919 0.000000 -0.998321
vn 0.054319 0.000000 -0.998524
vn 0.057919 0.000000 -0.998321
vn 0.054319 0.000000 -0.998524
vn 0.057919 0.000000 -0.998321
vn 0.054332 -0.001722 -0.998521
vn 0.054319 0.000000 -0.998524
vn 0.057919 0.000000 -0.998321
vn 0.050117 0.000000 -0.998743
vn 0.050117 0.000000 -0.998743
vn 0.050117 0.000000 -0.998743
vn 0.050117 0.000000 -0.998743
vn 0.050117 0.000000 -0.998743
vn 0.050117 0.000000 -0.998743
vn 0.050117 0.000000 -0.998743
vn 0.050117 0.000000 -0.998743
vn 0.042171 0.421881 -0.905670
vn 0.046896 0.030631 -0.998430
vn 0.042781 0.000000 -0.999084
vn 0.046602 0.000000 -0.998914
vn 0.046602 0.000000 -0.998914
vn 0.042781 0.000000 -0.999084
vn 0.046602 0.000000 -0.998914
vn 0.046602 0.000000 -0.998914
vn 0.046602 0.000000 -0.998914
vn 0.042781 0.000000 -0.999084
vn 0.046602 0.000000 -0.998914
vn 0.042781 0.000000 -0.999084
vn 0.042781 0.000000 -0.999084
vn 0.046602 0.000000 -0.998914
vn 0.046602 0.000000 -0.998914
vn 0.046602 0.000000 -0.998914
vn 0.042781 0.000000 -0.999084
vn 0.046602 0.000000 -0.998914
vn 0.046602 0.000000 -0.998914
vn 0.042781 0.000000 -0.999084
vn 0.046602 0.000000 -0.998914
vn 0.046602 0.000000 -0.998914
vn 0.042781 0.000000 -0.999084
vn 0.046463 -0.046520 -0.997836
vn 0.046570 -0.037024 -0.998229
vn 0.046602 0.000000 -0.998914
vn 0.046602 0.000000 -0.998914
vn 0.042781 0.000000 -0.999084
vn 0.038065 0.018234 -0.999109
vn 0.038922 0.000000 -0.999242
vn 0.034530 0.000000 -0.999404
vn 0.034530 0.000000 -0.999404
vn 0.038922 0.000000 -0.999242
vn 0.034530 0.000000 -0.999404
vn 0.038922 0.000000 -0.999242
vn 0.034530 0.000000 -0.999404
vn 0.038922 0.000000 -0.999242
vn 0.037965 -0.074566 -0.996493
vn 0.034530 0.000000 -0.999404
vn 0.038922 0.000000 -0.999242
vn 0.029047 0.003794 -0.999571
vn 0.029245 0.000000 -0.999572
vn 0.024427 0.000000 -0.999702
vn 0.024427 0.000000 -0.999702
vn 0.029245 0.000000 -0.999572
vn 0.024427 0.000000 -0.999702
vn 0.029245 0.000000 -0.999572
vn 0.029042 -0.019344 -0.999391
vn 0.024427 0.000000 -0.999702
vn 0.029245 0.000000 -0.999572
vn 0.010541 0.030481 -0.999480
vn 0.008784 0.000000 -0.999961
vn 0.012616 0.000000 -0.999920
vn 0.012616 0.000000 -0.999920
vn 0.012616 0.000000 -0.999920
vn 0.008784 0.000000 -0.999961
vn 0.008784 0.000000 -0.999961
vn 0.008784 0.000000 -0.999961
vn 0.012616 0.000000 -0.999920
vn 0.008784 0.000000 -0.999961
vn 0.012616 0.000000 -0.999920
vn 0.008784 0.000000 -0.999961
vn 0.012616 0.000000 -0.999920
vn 0.010524 -0.063911 -0.997900
vn 0.008784 0.000000 -0.999961
vn 0.012616 0.000000 -0.999920
vn 0.002487 0.003506 -0.999991
vn -0.001523 -0.000000 -0.999999
vn 0.002772 0.000000 -0.999996
vn 0.002772 0.000000 -0.999996
vn -0.001523 -0.000000 -0.999999
vn -0.001523 -0.000000 -0.999999
vn 0.002772 0.000000 -0.999996
vn 0.002487 -0.017880 -0.999837
vn -0.001523 -0.000000 -0.999999
vn 0.002772 0.000000 -0.999996
vn 0.997594 -0.000000 0.069321
vn 0.997594 0.000000 0.069321
vn 0.069323 0.000000 -0.997594
vn 0.069323 0.000000 -0.997594
vn -0.997594 0.000000 -0.069323
vn -0.997594 0.000000 -0.069323
vn 0.034312 0.000000 -0.999411
vn 0.034312 0.000000 -0.999411
vn 0.060566 0.000000 -0.998164
vn 0.060566 0.000000 -0.998164
vn -0.001066 -0.036610 -0.999329
vn -0.005671 0.000000 -0.999984
vn 0.001217 0.000000 -0.999999
vn -0.005671 0.000000 -0.999984
vn 0.001217 0.000000 -0.999999
vn 0.001217 0.000000 -0.999999
vn -0.005671 0.000000 -0.999984
vn 0.001217 0.000000 -0.999999
vn -0.005671 0.000000 -0.999984
vn 0.001217 0.000000 -0.999999
vn -0.005671 0.000000 -0.999984
vn -0.001060 0.112845 -0.993612
vn 0.001217 0.000000 -0.999999
vn -0.005671 0.000000 -0.999984
vn 0.011564 -0.062613 -0.997971
vn 0.010427 0.000000 -0.999946
vn 0.016206 0.000000 -0.999869
vn 0.016206 0.000000 -0.999869
vn 0.010427 0.000000 -0.999946
vn 0.016206 0.000000 -0.999869
vn 0.010427 0.000000 -0.999946
vn 0.016206 0.000000 -0.999869
vn 0.010427 0.000000 -0.999946
vn 0.010427 0.000000 -0.999946
vn 0.016206 0.000000 -0.999869
vn 0.016206 0.000000 -0.999869
vn 0.010427 0.000000 -0.999946
vn 0.016206 0.000000 -0.999869
vn 0.010427 0.000000 -0.999946
vn 0.011559 0.068851 -0.997560
vn 0.016206 0.000000 -0.999869
vn 0.010427 0.000000 -0.999946
vn 0.023253 -0.074998 -0.996913
vn 0.022111 0.000000 -0.999756
vn 0.027795 0.000000 -0.999614
vn 0.022111 0.000000 -0.999756
vn 0.027795 0.000000 -0.999614
vn 0.022111 0.000000 -0.999756
vn 0.027795 0.000000 -0.999614
vn 0.022111 0.000000 -0.999756
vn 0.027795 0.000000 -0.999614
vn 0.027795 0.000000 -0.999614
vn 0.022111 0.000000 -0.999756
vn 0.027795 0.000000 -0.999614
vn 0.022111 0.000000 -0.999756
vn 0.027795 0.000000 -0.999614
vn 0.022111 0.000000 -0.999756
vn 0.027795 0.000000 -0.999614
vn 0.022111 0.000000 -0.999756
vn 0.023239 0.082455 -0.996324
vn 0.044215 -0.023538 -0.998745
vn 0.040648 0.000000 -0.999174
vn 0.045439 0.000000 -0.998967
vn 0.040648 0.000000 -0.999174
vn 0.045439 0.000000 -0.998967
vn 0.045439 0.000000 -0.998967
vn 0.040648 0.000000 -0.999174
vn 0.045439 0.000000 -0.998967
vn 0.040648 0.000000 -0.999174
vn 0.044023 0.096087 -0.994399
vn 0.045439 0.000000 -0.998967
vn 0.040648 0.000000 -0.999174
vn 0.049664 0.000000 -0.998766
vn 0.049664 0.000000 -0.998766
vn 0.049664 0.000000 -0.998766
vn 0.049664 0.000000 -0.998766
vn 0.049664 0.000000 -0.998766
vn 0.053011 -0.032951 -0.998050
vn 0.052893 -0.019328 -0.998413
vn 0.056655 0.000000 -0.998394
vn 0.053584 0.000000 -0.998563
vn 0.053584 0.000000 -0.998563
vn 0.056655 0.000000 -0.998394
vn 0.053584 0.000000 -0.998563
vn 0.056655 0.000000 -0.998394
vn 0.056655 0.000000 -0.998394
vn 0.053584 0.000000 -0.998563
vn 0.056655 0.000000 -0.998394
vn 0.053584 0.000000 -0.998563
vn 0.053584 0.000000 -0.998563
vn 0.053584 0.000000 -0.998563
vn 0.053584 0.000000 -0.998563
vn 0.056655 0.000000 -0.998394
vn 0.053584 0.000000 -0.998563
vn 0.056655 0.000000 -0.998394
vn 0.053584 0.000000 -0.998563
vn 0.056655 0.000000 -0.998394
vn 0.053584 0.000000 -0.998563
vn 0.049857 0.341212 -0.938663
vn 0.052626 0.075994 -0.995719
vn 0.056655 0.000000 -0.998394
vn 0.053584 0.000000 -0.998563
vn 0.065875 -0.028255 -0.997428
vn 0.064755 0.000000 -0.997901
vn 0.066777 0.000000 -0.997768
vn 0.064755 0.000000 -0.997901
vn 0.066777 0.000000 -0.997768
vn 0.064755 0.000000 -0.997901
vn 0.066777 0.000000 -0.997768
vn 0.066777 0.000000 -0.997768
vn 0.064755 0.000000 -0.997901
vn 0.066777 0.000000 -0.997768
vn 0.064755 0.000000 -0.997901
vn 0.066777 0.000000 -0.997768
vn 0.064755 0.000000 -0.997901
vn 0.065785 0.059258 -0.996073
vn 0.066777 0.000000 -0.997768
vn 0.064755 0.000000 -0.997901
vn 0.069266 -0.008954 -0.997558
vn 0.068919 0.000000 -0.997622
vn 0.070153 0.000000 -0.997536
vn 0.070153 0.000000 -0.997536
vn 0.068919 0.000000 -0.997622
vn 0.070153 0.000000 -0.997536
vn 0.068919 0.000000 -0.997622
vn 0.070153 0.000000 -0.997536
vn 0.068919 0.000000 -0.997622
vn 0.069222 0.036690 -0.996926
vn 0.070153 0.000000 -0.997536
vn 0.068919 0.000000 -0.997622
vn 0.070703 0.000000 -0.997497
vn 0.070703 0.000000 -0.997497
vn 0.070703 0.000000 -0.997497
vn 0.070703 0.000000 -0.997497
vn 0.070703 0.000000 -0.997497
vn 0.070703 0.000000 -0.997497
vn 0.070703 0.000000 -0.997497
vn 0.070803 -0.003673 -0.997483
vn 0.070550 0.032944 -0.996964
vn 0.070837 0.000000 -0.997488
vn 0.070132 0.000000 -0.997538
vn 0.070837 0.000000 -0.997488
vn 0.070837 0.000000 -0.997488
vn 0.070132 0.000000 -0.997538
vn 0.070837 0.000000 -0.997488
vn 0.070132 0.000000 -0.997538
vn 0.070837 0.000000 -0.997488
vn 0.070132 0.000000 -0.997538
vn 0.070837 0.000000 -0.997488
vn 0.070132 0.000000 -0.997538
vn 0.070837 0.000000 -0.997488
vn 0.070132 0.000000 -0.997538
vn 0.070837 0.000000 -0.997488
vn 0.070837 0.000000 -0.997488
vn 0.070837 0.000000 -0.997488
vn 0.070837 0.000000 -0.997488
vn 0.070132 0.000000 -0.997538
vn 0.070542 -0.036238 -0.996850
vn 0.070833 0.010265 -0.997435
vn 0.070837 0.000000 -0.997488
vn 0.070837 0.000000 -0.997488
vn 0.070132 0.000000 -0.997538
vn 0.999931 0.000000 -0.011720
vn 0.999931 0.000000 -0.011720
vn -0.011723 0.000000 -0.999931
vn -0.011723 0.000000 -0.999931
vn -0.941861 0.000000 0.336003
vn -0.941861 0.000000 0.336003
vn -0.979344 0.000000 0.202203
vn -0.979344 0.000000 0.202203
vn -0.997918 0.000000 0.064499
vn -0.997918 0.000000 0.064499
vn -0.977278 -0.000000 -0.211962
vn -0.997225 -0.000000 -0.074450
vn -0.997225 0.000000 -0.074450
vn -0.977278 -0.000000 -0.211962
vn -0.881528 -0.000000 -0.472132
vn -0.938463 -0.000000 -0.345380
vn -0.938463 0.000000 -0.345380
vn -0.881528 -0.000000 -0.472132
vn -0.718029 -0.000000 -0.696014
vn -0.807573 -0.000000 -0.589767
vn -0.807573 0.000000 -0.589767
vn -0.718029 -0.000000 -0.696014
vn -0.499341 -0.000000 -0.866406
vn -0.614618 -0.000000 -0.788825
vn -0.614618 0.000000 -0.788825
vn -0.499341 -0.000000 -0.866406
vn -0.242279 -0.000000 -0.970207
vn -0.374424 -0.000000 -0.927258
vn -0.374424 0.000000 -0.927258
vn -0.242279 -0.000000 -0.970207
vn 0.033407 0.000000 -0.999442
vn -0.105453 -0.000000 -0.994424
vn -0.105453 0.000000 -0.994424
vn 0.033407 0.000000 -0.999442
vn -0.930055 0.000000 0.367420
vn -0.930055 0.000000 0.367420
vn -0.954058 0.000000 0.299623
vn -0.954058 0.000000 0.299623
vn -0.973125 0.000000 0.230276
vn -0.973125 0.000000 0.230276
vn -0.987160 0.000000 0.159737
vn -0.987160 0.000000 0.159737
vn -0.996087 0.000000 0.088375
vn -0.996087 0.000000 0.088375
vn -0.999863 0.000000 0.016552
vn -0.999863 0.000000 0.016552
vn -0.998467 0.000000 -0.055355
vn -0.998467 -0.000000 -0.055355
vn -0.991906 0.000000 -0.126974
vn -0.991906 -0.000000 -0.126974
vn -0.980214 0.000000 -0.197940
vn -0.980214 -0.000000 -0.197940
vn -0.963453 0.000000 -0.267879
vn -0.963453 -0.000000 -0.267879
vn -0.941707 0.000000 -0.336433
vn -0.941707 -0.000000 -0.336433
vn -0.915091 0.000000 -0.403246
vn -0.915091 -0.000000 -0.403246
vn -0.883742 0.000000 -0.467975
vn -0.883742 -0.000000 -0.467975
vn -0.095141 0.000000 0.995464
vn -0.095141 0.000000 0.995464
vn -0.231005 0.000000 0.972952
vn -0.231005 0.000000 0.972952
vn -0.362489 0.000000 0.931988
vn -0.362489 0.000000 0.931988
vn -0.487097 0.000000 0.873348
vn -0.487097 0.000000 0.873348
vn -0.602468 0.000000 0.798143
vn -0.602468 0.000000 0.798143
vn -0.706411 0.000000 0.707801
vn -0.706411 0.000000 0.707801
vn -0.796958 0.000000 0.604035
vn -0.796958 0.000000 0.604035
vn -0.872388 0.000000 0.488814
vn -0.872388 0.000000 0.488814
vn -0.931274 0.000000 0.364321
vn -0.931274 0.000000 0.364321
vn -0.972496 0.000000 0.232918
vn -0.972496 0.000000 0.232918
vn -0.995275 0.000000 0.097098
vn -0.995275 0.000000 0.097098
vn -0.999177 -0.000000 -0.040563
vn -0.999177 0.000000 -0.040563
vn -0.984129 -0.000000 -0.177456
vn -0.984129 0.000000 -0.177456
vn -0.950415 -0.000000 -0.310984
vn -0.950415 0.000000 -0.310984
vn -0.898677 -0.000000 -0.438611
vn -0.898677 0.000000 -0.438611
vn -0.023659 0.000000 0.999720
vn -0.023659 0.000000 0.999720
vn -0.018002 0.000000 0.999838
vn -0.018002 0.000000 0.999838
vn -0.009717 0.000000 0.999953
vn -0.009717 0.000000 0.999953
vn 0.001612 0.000000 0.999999
vn 0.001612 0.000000 0.999999
vn 0.013702 0.000000 0.999906
vn 0.013702 0.000000 0.999906
vn 0.026420 0.063116 0.997656
vn 0.028432 -0.000000 0.999596
vn 0.021936 0.000000 0.999759
vn 0.028432 -0.000000 0.999596
vn 0.028432 -0.000000 0.999596
vn 0.021936 0.000000 0.999759
vn 0.021936 0.000000 0.999759
vn 0.028432 -0.000000 0.999596
vn 0.021936 0.000000 0.999759
vn 0.021936 0.000000 0.999759
vn 0.028432 -0.000000 0.999596
vn 0.026420 -0.063110 0.997657
vn 0.021936 0.000000 0.999759
vn 0.028432 -0.000000 0.999596
vn 0.039917 0.029249 0.998775
vn 0.044465 -0.000000 0.999011
vn 0.044465 -0.000000 0.999011
vn 0.037442 0.000000 0.999299
vn 0.037442 0.000000 0.999299
vn 0.044465 -0.000000 0.999011
vn 0.037442 0.000000 0.999299
vn 0.039841 -0.068114 0.996882
vn 0.044465 -0.000000 0.999011
vn 0.037442 0.000000 0.999299
vn 0.054298 0.040097 0.997719
vn 0.057235 -0.000000 0.998361
vn 0.057235 -0.000000 0.998361
vn 0.049806 0.000000 0.998759
vn 0.057235 -0.000000 0.998361
vn 0.049806 0.000000 0.998759
vn 0.049806 0.000000 0.998759
vn 0.057235 -0.000000 0.998361
vn 0.049806 0.000000 0.998759
vn 0.054221 -0.066730 0.996297
vn 0.057235 -0.000000 0.998361
vn 0.049806 0.000000 0.998759
vn 0.070313 0.044664 0.996525
vn 0.063678 0.000000 0.997971
vn 0.072067 -0.000000 0.997400
vn 0.072067 -0.000000 0.997400
vn 0.063678 0.000000 0.997970
vn 0.072067 -0.000000 0.997400
vn 0.072067 -0.000000 0.997400
vn 0.063678 0.000000 0.997971
vn 0.063678 0.000000 0.997970
vn 0.072067 -0.000000 0.997400
vn 0.063678 0.000000 0.997971
vn 0.070313 -0.044660 0.996525
vn 0.072067 -0.000000 0.997400
vn 0.063678 0.000000 0.997971
vn 0.088251 0.078440 0.993005
vn 0.080296 0.000000 0.996771
vn 0.089545 -0.000000 0.995983
vn 0.080296 0.000000 0.996771
vn 0.089545 -0.000000 0.995983
vn 0.080296 0.000000 0.996771
vn 0.089545 -0.000000 0.995983
vn 0.089545 -0.000000 0.995983
vn 0.080296 0.000000 0.996771
vn 0.080296 0.000000 0.996771
vn 0.089545 -0.000000 0.995983
vn 0.089545 -0.000000 0.995983
vn 0.080296 0.000000 0.996771
vn 0.088493 -0.026216 0.995732
vn 0.089545 -0.000000 0.995983
vn 0.080296 0.000000 0.996771
vn 0.109111 0.036118 0.993373
vn 0.100168 0.000000 0.994971
vn 0.110941 -0.000000 0.993827
vn 0.100168 0.000000 0.994971
vn 0.110941 -0.000000 0.993827
vn 0.110941 -0.000000 0.993827
vn 0.100168 0.000000 0.994971
vn 0.100168 0.000000 0.994971
vn 0.110941 -0.000000 0.993827
vn 0.110941 -0.000000 0.993827
vn 0.100168 0.000000 0.994971
vn 0.109111 -0.036115 0.993373
vn 0.110941 -0.000000 0.993827
vn 0.100168 0.000000 0.994971
vn 0.132894 0.038225 0.990393
vn 0.127086 0.000000 0.991892
vn 0.140018 -0.000000 0.990149
vn 0.140018 -0.000000 0.990149
vn 0.127086 0.000000 0.991892
vn 0.127086 0.000000 0.991892
vn 0.140018 -0.000000 0.990149
vn 0.140018 -0.000000 0.990149
vn 0.127086 0.000000 0.991892
vn 0.132721 -0.063623 0.989109
vn 0.140018 -0.000000 0.990149
vn 0.127086 0.000000 0.991892
vn 0.159379 0.027018 0.986848
vn 0.152457 0.000000 0.988310
vn 0.165817 -0.000000 0.986157
vn 0.165817 -0.000000 0.986157
vn 0.152457 0.000000 0.988310
vn 0.152457 0.000000 0.988310
vn 0.165817 -0.000000 0.986157
vn 0.165817 -0.000000 0.986157
vn 0.152457 0.000000 0.988310
vn 0.159276 -0.045000 0.986208
vn 0.165817 -0.000000 0.986157
vn 0.152457 0.000000 0.988310
vn 0.192347 0.038298 0.980579
vn 0.184716 0.000000 0.982792
vn 0.204366 -0.000000 0.978895
vn 0.204366 -0.000000 0.978895
vn 0.184716 0.000000 0.982792
vn 0.204366 -0.000000 0.978895
vn 0.184716 0.000000 0.982792
vn 0.184716 0.000000 0.982792
vn 0.204366 -0.000000 0.978895
vn 0.192097 -0.063745 0.979303
vn 0.204366 -0.000000 0.978895
vn 0.184716 0.000000 0.982792
vn 0.794075 0.000000 -0.607820
vn 0.794075 0.000000 -0.607820
vn 0.895230 0.000000 -0.445605
vn 0.895230 0.000000 -0.445605
vn 0.963673 0.000000 -0.267086
vn 0.963673 0.000000 -0.267086
vn 0.996888 0.000000 -0.078831
vn 0.996888 0.000000 -0.078831
vn 0.993673 0.000000 0.112311
vn 0.993673 0.000000 0.112311
vn 0.954141 0.000000 0.299358
vn 0.954141 0.000000 0.299358
vn 0.879734 0.000000 0.475466
vn 0.879734 0.000000 0.475466
vn 0.773183 0.000000 0.634183
vn 0.773183 0.000000 0.634183
vn 0.480233 0.000000 0.877141
vn 0.638370 0.000000 0.769730
vn 0.638370 0.000000 0.769730
vn 0.304527 0.000000 0.952504
vn 0.480233 0.000000 0.877141
vn 0.304527 0.000000 0.952504
vn 0.713604 0.000000 -0.700549
vn 0.713604 0.000000 -0.700549
vn 0.678123 0.000000 -0.734948
vn 0.678123 0.000000 -0.734948
vn 0.525813 0.000000 -0.850600
vn 0.525813 0.000000 -0.850600
vn 0.293109 0.000000 -0.956079
vn 0.293109 0.000000 -0.956079
vn 0.208014 0.000000 -0.978126
vn 0.208014 0.000000 -0.978126
vn 0.189678 0.000000 -0.981846
vn 0.189678 0.000000 -0.981846
vn 0.172262 0.000000 -0.985051
vn 0.172262 0.000000 -0.985051
vn 0.155506 0.000000 -0.987835
vn 0.155506 0.000000 -0.987835
vn 0.140641 0.000000 -0.990061
vn 0.140641 0.000000 -0.990061
vn 0.125962 0.000000 -0.992035
vn 0.125962 0.000000 -0.992035
vn 0.110342 0.000000 -0.993894
vn 0.110342 0.000000 -0.993894
vn 0.638492 0.078061 -0.765659
vn 0.637521 0.000000 -0.770433
vn 0.658222 0.000000 -0.752824
vn 0.658222 0.000000 -0.752824
vn 0.637521 0.000000 -0.770433
vn 0.658222 0.000000 -0.752824
vn 0.637521 0.000000 -0.770433
vn 0.637521 0.000000 -0.770433
vn 0.658222 0.000000 -0.752824
vn 0.640228 -0.026089 -0.767741
vn 0.658222 0.000000 -0.752824
vn 0.637521 0.000000 -0.770433
vn 0.600049 0.031535 -0.799341
vn 0.589697 0.000000 -0.807625
vn 0.609283 0.000000 -0.792953
vn 0.609283 0.000000 -0.792953
vn 0.589697 0.000000 -0.807625
vn 0.599519 -0.052511 -0.798636
vn 0.609283 0.000000 -0.792953
vn 0.589697 0.000000 -0.807625
vn 0.562131 0.015978 -0.826894
vn 0.565021 0.000000 -0.825077
vn 0.565021 0.000000 -0.825077
vn 0.546721 0.000000 -0.837315
vn 0.546721 0.000000 -0.837315
vn 0.562003 -0.026623 -0.826706
vn 0.565021 0.000000 -0.825077
vn 0.546721 0.000000 -0.837315
vn 0.490797 0.025530 -0.870900
vn 0.490244 0.000000 -0.871585
vn 0.507522 0.000000 -0.861639
vn 0.490244 0.000000 -0.871585
vn 0.507522 0.000000 -0.861639
vn 0.507522 0.000000 -0.861639
vn 0.490244 0.000000 -0.871585
vn 0.490244 0.000000 -0.871585
vn 0.507522 0.000000 -0.861639
vn 0.507522 0.000000 -0.861639
vn 0.490244 0.000000 -0.871585
vn 0.490797 -0.025525 -0.870900
vn 0.490244 0.000000 -0.871585
vn 0.507522 0.000000 -0.861639
vn 0.455127 0.085083 -0.886352
vn 0.454442 0.000000 -0.890776
vn 0.471843 0.000000 -0.881683
vn 0.471843 0.000000 -0.881683
vn 0.454443 0.000000 -0.890776
vn 0.471843 0.000000 -0.881683
vn 0.454442 0.000000 -0.890776
vn 0.454442 0.000000 -0.890776
vn 0.471843 0.000000 -0.881683
vn 0.456598 -0.028451 -0.889218
vn 0.454442 0.000000 -0.890776
vn 0.471843 0.000000 -0.881683
vn 0.423805 0.061229 -0.903681
vn 0.438285 0.000000 -0.898836
vn 0.422941 0.000000 -0.906157
vn 0.438285 0.000000 -0.898836
vn 0.422941 0.000000 -0.906157
vn 0.438285 0.000000 -0.898836
vn 0.422941 0.000000 -0.906157
vn 0.438285 0.000000 -0.898836
vn 0.422941 0.000000 -0.906157
vn 0.424513 -0.020442 -0.905191
vn 0.422941 0.000000 -0.906157
vn 0.438285 0.000000 -0.898836
vn 0.394632 0.048115 -0.917578
vn 0.408472 0.000000 -0.912771
vn 0.393875 0.000000 -0.919164
vn 0.408472 0.000000 -0.912771
vn 0.393875 0.000000 -0.919164
vn 0.408472 0.000000 -0.912771
vn 0.408472 0.000000 -0.912771
vn 0.395039 -0.016053 -0.918524
vn 0.393875 0.000000 -0.919164
vn 0.408472 0.000000 -0.912771
vn 0.380699 0.000000 -0.924699
vn 0.393704 -0.001356 -0.919236
vn 0.380699 0.000000 -0.924699
vn 0.393704 0.001356 -0.919236
vn 0.393704 0.000000 -0.919237
vn 0.393704 0.000000 -0.919237
vn 0.380699 0.000000 -0.924699
vn 0.380699 0.000000 -0.924699
vn 0.366252 0.059144 -0.928634
vn 0.368194 0.006479 -0.929727
vn 0.368201 0.000000 -0.929746
vn 0.354752 0.000000 -0.934960
vn 0.368201 0.000000 -0.929746
vn 0.368201 0.000000 -0.929746
vn 0.354752 0.000000 -0.934960
vn 0.368201 0.000000 -0.929746
vn 0.368201 0.000000 -0.929746
vn 0.354752 0.000000 -0.934960
vn 0.368201 0.000000 -0.929746
vn 0.354752 0.000000 -0.934960
vn 0.368201 0.000000 -0.929746
vn 0.368201 0.000000 -0.929746
vn 0.367860 -0.006650 -0.929858
vn 0.366823 -0.019744 -0.930081
vn 0.354752 0.000000 -0.934960
vn 0.368201 0.000000 -0.929746
vn 0.330419 0.000000 -0.943834
vn 0.339853 0.024346 -0.940163
vn 0.330419 0.000000 -0.943834
vn 0.343459 0.000000 -0.939168
vn 0.343459 0.000000 -0.939168
vn 0.339674 -0.040555 -0.939668
vn 0.330419 0.000000 -0.943834
vn 0.343459 0.000000 -0.939168
vn 0.309316 0.000000 -0.950959
vn 0.315939 0.021925 -0.948526
vn 0.320129 0.000000 -0.947374
vn 0.320129 0.000000 -0.947374
vn 0.309316 0.000000 -0.950959
vn 0.320129 0.000000 -0.947374
vn 0.315804 -0.036524 -0.948121
vn 0.309316 0.000000 -0.950959
vn 0.269669 0.030398 -0.962473
vn 0.267819 0.000000 -0.963469
vn 0.279294 0.000000 -0.960206
vn 0.267819 0.000000 -0.963469
vn 0.267819 0.000000 -0.963469
vn 0.279294 0.000000 -0.960205
vn 0.279294 0.000000 -0.960206
vn 0.269669 -0.030399 -0.962473
vn 0.267819 0.000000 -0.963469
vn 0.279294 0.000000 -0.960205
vn 0.242241 0.000000 -0.970216
vn 0.247772 0.031248 -0.968314
vn 0.242241 0.000000 -0.970216
vn 0.252819 0.000000 -0.967514
vn 0.252819 0.000000 -0.967514
vn 0.247558 -0.052033 -0.967475
vn 0.242241 0.000000 -0.970216
vn 0.252819 0.000000 -0.967514
vn 0.219548 0.000000 -0.975602
vn 0.227346 0.019864 -0.973611
vn 0.229378 0.000000 -0.973337
vn 0.219548 0.000000 -0.975602
vn 0.229378 0.000000 -0.973337
vn 0.227266 -0.033095 -0.973270
vn 0.219548 0.000000 -0.975602
vn 0.229378 0.000000 -0.973337
vn -0.737277 0.000000 0.675591
vn -0.737277 0.000000 0.675591
vn -0.793353 0.000000 0.608761
vn -0.793353 0.000000 0.608761
vn -0.843391 0.000000 0.537300
vn -0.843391 0.000000 0.537300
vn -0.887011 0.000000 0.461749
vn -0.887011 0.000000 0.461749
vn -0.923880 0.000000 0.382683
vn -0.953717 0.000000 0.300706
vn -0.923880 0.000000 0.382683
vn -0.976296 0.000000 0.216439
vn -0.953717 0.000000 0.300706
vn -0.976296 0.000000 0.216439
vn -0.991445 0.000000 0.130526
vn -0.999048 0.000000 0.043620
vn -0.991445 0.000000 0.130526
vn -0.999048 0.000000 0.043620
vn -0.999048 0.000000 -0.043620
vn -0.991445 -0.000000 -0.130526
vn -0.999048 -0.000000 -0.043620
vn -0.991445 0.000000 -0.130526
vn -0.976296 0.000000 -0.216439
vn -0.953717 -0.000000 -0.300706
vn -0.976296 0.000000 -0.216439
vn -0.953717 0.000000 -0.300706
vn -0.923880 0.000000 -0.382683
vn -0.887011 -0.000000 -0.461749
vn -0.923880 0.000000 -0.382683
vn -0.887011 0.000000 -0.461749
vn -0.843391 0.000000 -0.537300
vn -0.843391 0.000000 -0.537300
vn -0.793353 0.000000 -0.608761
vn -0.793353 0.000000 -0.608761
vn -0.737277 -0.000000 -0.675591
vn -0.737277 0.000000 -0.675591
vn -0.589070 0.000000 0.808082
vn -0.589070 0.000000 0.808082
vn -0.650756 0.000000 0.759287
vn -0.650756 0.000000 0.759287
vn -0.708417 0.000000 0.705794
vn -0.708417 0.000000 0.705794
vn 0.485983 0.000000 0.873968
vn 0.485983 0.000000 0.873968
vn 0.410413 0.000000 0.911900
vn 0.410413 -0.000000 0.911900
vn 0.331907 0.000000 0.943312
vn 0.331907 -0.000000 0.943312
vn 0.251030 0.000000 0.967979
vn 0.251030 -0.000000 0.967979
vn 0.168357 0.000000 0.985726
vn 0.084481 0.000000 0.996425
vn 0.168357 -0.000000 0.985726
vn 0.084481 0.000000 0.996425
vn -0.000000 0.000000 1.000000
vn -0.084481 0.000000 0.996425
vn 0.000000 0.000000 1.000000
vn -0.084481 0.000000 0.996425
vn -0.168357 0.000000 0.985726
vn -0.168357 0.000000 0.985726
vn -0.251030 0.000000 0.967979
vn -0.331907 0.000000 0.943312
vn -0.251030 0.000000 0.967979
vn -0.331907 0.000000 0.943312
vn -0.410413 0.000000 0.911900
vn -0.410413 0.000000 0.911900
vn -0.485983 0.000000 0.873968
vn -0.485983 0.000000 0.873968
vn 0.708417 0.000000 0.705794
vn 0.708417 0.000000 0.705794
vn 0.650756 0.000000 0.759287
vn 0.650756 -0.000000 0.759287
vn 0.589070 0.000000 0.808082
vn 0.589070 -0.000000 0.808082
vn 0.737277 0.000000 -0.675591
vn 0.737277 0.000000 -0.675591
vn 0.793353 0.000000 -0.608761
vn 0.843391 0.000000 -0.537300
vn 0.793353 0.000000 -0.608761
vn 0.843391 0.000000 -0.537300
vn 0.887011 0.000000 -0.461749
vn 0.887011 0.000000 -0.461749
vn 0.923880 0.000000 -0.382683
vn 0.923880 0.000000 -0.382683
vn 0.953717 0.000000 -0.300706
vn 0.953717 0.000000 -0.300706
vn 0.976296 0.000000 -0.216439
vn 0.976296 0.000000 -0.216439
vn 0.991445 0.000000 -0.130526
vn 0.999048 0.000000 -0.043620
vn 0.991445 0.000000 -0.130526
vn 0.999048 0.000000 -0.043620
vn 0.999048 0.000000 0.043620
vn 0.999048 0.000000 0.043620
vn 0.991445 0.000000 0.130526
vn 0.976296 0.000000 0.216439
vn 0.991445 -0.000000 0.130526
vn 0.976296 0.000000 0.216439
vn 0.953717 0.000000 0.300706
vn 0.923880 0.000000 0.382683
vn 0.953717 -0.000000 0.300706
vn 0.923880 0.000000 0.382683
vn 0.887011 -0.000000 0.461749
vn 0.887011 0.000000 0.461749
vn 0.843391 -0.000000 0.537300
vn 0.843391 0.000000 0.537300
vn 0.793353 -0.000000 0.608761
vn 0.793353 0.000000 0.608761
vn 0.737277 -0.000000 0.675591
vn 0.737277 0.000000 0.675591
vn 0.589070 0.000000 -0.808082
vn 0.589070 0.000000 -0.808082
vn 0.650756 0.000000 -0.759287
vn 0.708417 0.000000 -0.705794
vn 0.650756 0.000000 -0.759287
vn 0.708417 0.000000 -0.705794
vn -0.485983 0.000000 -0.873968
vn -0.485983 0.000000 -0.873968
vn -0.410413 0.000000 -0.911900
vn -0.331907 -0.000000 -0.943312
vn -0.410413 0.000000 -0.911900
vn -0.331907 0.000000 -0.943312
vn -0.251030 0.000000 -0.967979
vn -0.251030 0.000000 -0.967979
vn -0.168357 0.000000 -0.985726
vn -0.084481 -0.000000 -0.996425
vn -0.168357 0.000000 -0.985726
vn -0.084481 0.000000 -0.996425
vn -0.000000 0.000000 -1.000000
vn 0.000000 0.000000 -1.000000
vn 0.084481 0.000000 -0.996425
vn 0.168357 0.000000 -0.985726
vn 0.084481 0.000000 -0.996425
vn 0.168357 0.000000 -0.985726
vn 0.251030 0.000000 -0.967979
vn 0.251030 0.000000 -0.967979
vn 0.331907 0.000000 -0.943312
vn 0.410413 0.000000 -0.911900
vn 0.331907 0.000000 -0.943312
vn 0.485983 0.000000 -0.873968
vn 0.410413 0.000000 -0.911900
vn 0.485983 0.000000 -0.873968
vn -0.708417 0.000000 -0.705794
vn -0.708417 0.000000 -0.705794
vn -0.650756 0.000000 -0.759287
vn -0.589070 -0.000000 -0.808082
vn -0.650756 0.000000 -0.759287
vn -0.589070 0.000000 -0.808082
vn -0.998102 -0.000000 -0.061578
vn -0.998102 0.000000 -0.061578
vn -0.982974 0.000000 -0.183745
vn -0.982974 0.000000 -0.183745
vn -0.952943 0.000000 -0.303150
vn -0.952943 0.000000 -0.303150
vn -0.908466 0.000000 -0.417958
vn -0.908466 0.000000 -0.417958
vn -0.850217 -0.000000 -0.526433
vn -0.850217 0.000000 -0.526433
vn -0.779082 0.000000 -0.626922
vn -0.779082 0.000000 -0.626922
vn -0.696131 0.000000 -0.717915
vn -0.696131 0.000000 -0.717915
vn -0.602636 0.000000 -0.798016
vn -0.602636 0.000000 -0.798016
vn -0.499999 -0.000000 -0.866026
vn -0.499999 0.000000 -0.866026
vn -0.389786 0.000000 -0.920905
vn -0.389786 0.000000 -0.920905
vn -0.273664 0.000000 -0.961825
vn -0.273664 0.000000 -0.961825
vn -0.153392 0.000000 -0.988165
vn -0.153392 0.000000 -0.988165
vn -0.030795 -0.000000 -0.999526
vn -0.030795 0.000000 -0.999526
vn 0.092268 0.000000 -0.995734
vn 0.092268 0.000000 -0.995734
vn 0.213932 0.000000 -0.976849
vn 0.213932 0.000000 -0.976849
vn 0.332355 0.000000 -0.943154
vn 0.332355 0.000000 -0.943154
vn 0.445739 0.000000 -0.895163
vn 0.445739 0.000000 -0.895163
vn 0.552366 0.000000 -0.833602
vn 0.650617 0.000000 -0.759406
vn 0.552366 0.000000 -0.833602
vn 0.650617 0.000000 -0.759406
vn 0.739009 0.000000 -0.673696
vn 0.739009 0.000000 -0.673696
vn 0.816195 0.000000 -0.577776
vn 0.816195 0.000000 -0.577776
vn 0.881014 0.000000 -0.473091
vn 0.881014 0.000000 -0.473091
vn 0.932471 0.000000 -0.361244
vn 0.932471 0.000000 -0.361244
vn 0.969797 0.000000 -0.243914
vn 0.969797 0.000000 -0.243914
vn 0.992420 0.000000 -0.122890
vn 0.992420 0.000000 -0.122890
vn 1.000000 -0.000000 0.000000
vn 1.000000 0.000000 0.000000
vn 0.992420 -0.000000 0.122890
vn 0.992420 0.000000 0.122890
vn 0.969797 -0.000000 0.243914
vn 0.969797 0.000000 0.243914
vn 0.932471 -0.000000 0.361244
vn 0.932471 0.000000 0.361244
vn 0.881014 -0.000000 0.473091
vn 0.881014 0.000000 0.473091
vn 0.816195 -0.000000 0.577776
vn 0.816195 0.000000 0.577776
vn 0.739009 -0.000000 0.673696
vn 0.739009 0.000000 0.673696
vn 0.650617 -0.000000 0.759406
vn 0.650617 0.000000 0.759406
vn 0.552365 -0.000000 0.833602
vn 0.552365 0.000000 0.833602
vn 0.445740 -0.000000 0.895163
vn 0.445740 0.000000 0.895163
vn 0.332355 -0.000000 0.943154
vn 0.332355 0.000000 0.943154
vn 0.213932 -0.000000 0.976849
vn 0.213932 0.000000 0.976849
vn 0.092268 -0.000000 0.995734
vn 0.092268 0.000000 0.995734
vn -0.030795 0.000000 0.999526
vn -0.030795 0.000000 0.999526
vn -0.153392 0.000000 0.988165
vn -0.153392 0.000000 0.988165
vn -0.273664 0.000000 0.961825
vn -0.273664 0.000000 0.961825
vn -0.389786 0.000000 0.920905
vn -0.389786 0.000000 0.920905
vn -0.499999 0.000000 0.866026
vn -0.499999 0.000000 0.866026
vn -0.602636 0.000000 0.798016
vn -0.602636 0.000000 0.798016
vn -0.696131 0.000000 0.717915
vn -0.696131 0.000000 0.717915
vn -0.779082 0.000000 0.626922
vn -0.779082 0.000000 0.626922
vn -0.850217 0.000000 0.526433
vn -0.850217 0.000000 0.526433
vn -0.908466 0.000000 0.417958
vn -0.908466 0.000000 0.417958
vn -0.952943 0.000000 0.303150
vn -0.982974 0.000000 0.183745
vn -0.952943 0.000000 0.303150
vn -0.982974 0.000000 0.183745
vn -0.998102 0.000000 0.061578
vn -0.998102 0.000000 0.061578
vn -0.118960 0.000000 0.992899
vn -0.118960 0.000000 0.992899
vn -0.319606 0.000000 0.947551
vn -0.319606 0.000000 0.947551
vn -0.506723 0.000000 0.862109
vn -0.506723 0.000000 0.862109
vn -0.672420 0.000000 0.740170
vn -0.672420 0.000000 0.740170
vn -0.809631 0.000000 0.586939
vn -0.809631 0.000000 0.586939
vn -0.912602 0.000000 0.408849
vn -0.912602 0.000000 0.408849
vn -0.976953 0.000000 0.213454
vn -0.976953 0.000000 0.213454
vn -0.999959 0.000000 0.009061
vn -0.999959 0.000000 0.009061
vn -0.980649 -0.000000 -0.195773
vn -0.980649 0.000000 -0.195773
vn -0.919860 -0.000000 -0.392247
vn -0.919860 0.000000 -0.392247
vn -0.820117 -0.000000 -0.572195
vn -0.820117 0.000000 -0.572195
vn -0.685683 -0.000000 -0.727900
vn -0.685683 0.000000 -0.727900
vn -0.522254 -0.000000 -0.852790
vn -0.522254 0.000000 -0.852790
vn -0.336697 -0.000000 -0.941613
vn -0.336697 0.000000 -0.941613
vn -0.021742 0.000000 0.999764
vn -0.021742 0.000000 0.999764
vn -0.031573 0.000000 0.999501
vn -0.031573 0.000000 0.999501
vn -0.147097 -0.000000 -0.989122
vn 0.000154 0.000000 -1.000000
vn -0.147097 -0.000000 -0.989122
vn 0.000154 0.000000 -1.000000
vn 0.147399 0.000000 -0.989077
vn 0.147399 0.000000 -0.989077
vn 0.291430 0.000000 -0.956592
vn 0.291430 0.000000 -0.956592
vn 0.429114 0.000000 -0.903250
vn 0.429114 0.000000 -0.903250
vn 0.557439 0.000000 -0.830218
vn 0.557439 0.000000 -0.830218
vn 0.673614 0.000000 -0.739084
vn 0.673614 0.000000 -0.739084
vn 0.775093 0.000000 -0.631847
vn 0.775093 0.000000 -0.631847
vn 0.859682 0.000000 -0.510830
vn 0.859682 0.000000 -0.510830
vn 0.925529 0.000000 -0.378676
vn 0.925529 0.000000 -0.378676
vn 0.971202 0.000000 -0.238256
vn 0.971202 0.000000 -0.238256
vn 0.995698 0.000000 -0.092658
vn 0.995698 0.000000 -0.092658
vn 0.998488 0.000000 0.054976
vn 0.998488 0.000000 0.054976
vn 0.979512 0.000000 0.201384
vn 0.979512 0.000000 0.201384
vn 0.939180 0.000000 0.343425
vn 0.939180 0.000000 0.343425
vn 0.878370 0.000000 0.477982
vn 0.878370 0.000000 0.477982
vn 0.798412 0.000000 0.602112
vn 0.798412 0.000000 0.602112
vn 0.701059 0.000000 0.713103
vn 0.701059 0.000000 0.713103
vn 0.588414 0.000000 0.808559
vn 0.588414 0.000000 0.808559
vn 0.462935 0.000000 0.886392
vn 0.462935 0.000000 0.886392
vn 0.327369 0.000000 0.944897
vn 0.327369 0.000000 0.944897
vn 0.184668 0.000000 0.982801
vn 0.184668 0.000000 0.982801
vn 0.037940 0.000000 0.999280
vn 0.037940 0.000000 0.999280
vn -0.224526 -0.000000 -0.974468
vn -0.224526 0.000000 -0.974468
vn -0.233700 0.000000 -0.972309
vn -0.233700 -0.000000 -0.972309
vn -0.980181 0.000000 0.198106
vn -0.998164 0.000000 0.060561
vn -0.980181 0.000000 0.198106
vn -0.998164 0.000000 0.060561
vn -0.996942 -0.000000 -0.078150
vn -0.996942 0.000000 -0.078150
vn -0.976537 -0.000000 -0.215348
vn -0.976537 0.000000 -0.215348
vn -0.880107 -0.000000 -0.474776
vn -0.937342 -0.000000 -0.348412
vn -0.937342 0.000000 -0.348412
vn -0.880107 -0.000000 -0.474776
vn -0.716266 -0.000000 -0.697827
vn -0.805941 -0.000000 -0.591995
vn -0.805941 0.000000 -0.591995
vn -0.716266 -0.000000 -0.697827
vn -0.612805 -0.000000 -0.790234
vn -0.612805 0.000000 -0.790234
vn -0.497559 -0.000000 -0.867430
vn -0.497559 0.000000 -0.867430
vn -0.372738 -0.000000 -0.927937
vn -0.372738 0.000000 -0.927937
vn -0.240743 -0.000000 -0.970589
vn -0.240743 0.000000 -0.970589
vn -0.974353 0.000000 0.225024
vn -0.974353 0.000000 0.225024
vn -0.989762 0.000000 0.142731
vn -0.989762 0.000000 0.142731
vn -0.998232 0.000000 0.059446
vn -0.998232 0.000000 0.059446
vn -0.999706 0.000000 -0.024266
vn -0.999706 -0.000000 -0.024266
vn -0.994172 0.000000 -0.107805
vn -0.994172 -0.000000 -0.107805
vn -0.130031 0.000000 0.991510
vn -0.130031 0.000000 0.991510
vn -0.265467 0.000000 0.964120
vn -0.265467 0.000000 0.964120
vn -0.395827 0.000000 0.918325
vn -0.395827 0.000000 0.918325
vn -0.518638 0.000000 0.854994
vn -0.518638 0.000000 0.854994
vn -0.732388 0.000000 0.680887
vn -0.631547 0.000000 0.775338
vn -0.631547 0.000000 0.775338
vn -0.732388 0.000000 0.680887
vn -0.819256 0.000000 0.573428
vn -0.819256 0.000000 0.573428
vn -0.890481 0.000000 0.455021
vn -0.890481 0.000000 0.455021
vn -0.944702 0.000000 0.327930
vn -0.944702 0.000000 0.327930
vn -0.980887 0.000000 0.194578
vn -0.980887 0.000000 0.194578
vn -0.998345 0.000000 0.057505
vn -0.998345 0.000000 0.057505
vn -0.996742 -0.000000 -0.080658
vn -0.996742 0.000000 -0.080658
vn -0.066448 0.000000 0.997790
vn -0.066448 0.000000 0.997790
vn -0.070242 0.000000 0.997530
vn -0.070242 0.000000 0.997530
vn -0.063110 -0.013307 0.997918
vn -0.064158 0.000000 0.997940
vn -0.062352 0.000000 0.998054
vn -0.062352 0.000000 0.998054
vn -0.064158 0.000000 0.997940
vn -0.064158 0.000000 0.997940
vn -0.062352 0.000000 0.998054
vn -0.064158 0.000000 0.997940
vn -0.062352 0.000000 0.998054
vn -0.063100 0.022174 0.997761
vn -0.064158 0.000000 0.997940
vn -0.062352 0.000000 0.998054
vn -0.069564 -0.015192 0.997462
vn -0.068539 0.000000 0.997648
vn -0.070067 0.000000 0.997542
vn -0.070067 0.000000 0.997542
vn -0.068539 0.000000 0.997648
vn -0.068539 0.000000 0.997648
vn -0.070067 0.000000 0.997542
vn -0.069529 0.035427 0.996951
vn -0.070067 0.000000 0.997542
vn -0.068539 0.000000 0.997648
vn -0.066360 0.003695 0.997789
vn -0.068265 0.000000 0.997667
vn -0.066224 0.000000 0.997805
vn -0.066224 0.000000 0.997805
vn -0.068265 0.000000 0.997667
vn -0.066356 -0.011085 0.997734
vn -0.066224 0.000000 0.997805
vn -0.068265 0.000000 0.997667
vn -0.060971 0.040411 0.997321
vn -0.062754 0.000000 0.998029
vn -0.062754 0.000000 0.998029
vn -0.059622 0.000000 0.998221
vn -0.059622 0.000000 0.998221
vn -0.062754 0.000000 0.998029
vn -0.059622 0.000000 0.998221
vn -0.059622 0.000000 0.998221
vn -0.062754 0.000000 0.998029
vn -0.060882 -0.067252 0.995877
vn -0.059622 0.000000 0.998221
vn -0.062754 0.000000 0.998029
vn 0.933487 0.000000 -0.358610
vn 0.973855 0.000000 -0.227173
vn 0.933487 0.000000 -0.358610
vn 0.973855 0.000000 -0.227173
vn 0.995811 0.000000 -0.091440
vn 0.995811 0.000000 -0.091440
vn 0.998940 0.000000 0.046021
vn 0.998940 0.000000 0.046021
vn 0.983185 0.000000 0.182612
vn 0.983185 0.000000 0.182612
vn 0.948842 0.000000 0.315751
vn 0.948842 0.000000 0.315751
vn 0.827331 0.000000 0.561715
vn 0.896561 0.000000 0.442920
vn 0.896561 0.000000 0.442920
vn 0.827331 0.000000 0.561715
vn 0.742459 0.000000 0.669891
vn 0.742459 0.000000 0.669891
vn 0.643552 0.000000 0.765403
vn 0.643552 0.000000 0.765403
vn 0.532477 0.000000 0.846445
vn 0.532477 0.000000 0.846445
vn 0.411334 0.000000 0.911484
vn 0.411334 0.000000 0.911484
vn 0.282417 0.000000 0.959292
vn 0.282417 0.000000 0.959292
vn 0.148161 0.000000 0.988963
vn 0.148161 0.000000 0.988963
vn 0.011102 0.000000 0.999938
vn 0.011102 0.000000 0.999938
vn 0.921423 0.000000 -0.388560
vn 0.921423 0.000000 -0.388560
vn 0.947317 0.000000 -0.320297
vn 0.947317 0.000000 -0.320297
vn 0.968161 0.000000 -0.250327
vn 0.968161 0.000000 -0.250327
vn 0.983845 0.000000 -0.179023
vn 0.983845 0.000000 -0.179023
vn 0.994284 0.000000 -0.106765
vn 0.994284 0.000000 -0.106765
vn 0.999236 -0.000000 0.039071
vn 0.999424 0.000000 -0.033937
vn 0.999424 0.000000 -0.033937
vn 0.999236 0.000000 0.039071
vn 0.993723 0.000000 0.111872
vn 0.993723 0.000000 0.111872
vn 0.966862 -0.000000 0.255298
vn 0.982912 0.000000 0.184077
vn 0.982912 0.000000 0.184077
vn 0.966862 0.000000 0.255298
vn 0.945659 0.000000 0.325161
vn 0.945659 0.000000 0.325161
vn 0.919415 0.000000 0.393289
vn 0.919415 0.000000 0.393289
vn 0.888270 0.000000 0.459322
vn 0.888270 0.000000 0.459322
vn 0.070997 0.000000 -0.997477
vn 0.070997 0.000000 -0.997477
vn 0.341749 0.000000 -0.939791
vn 0.208379 0.000000 -0.978048
vn 0.208379 0.000000 -0.978048
vn 0.341749 0.000000 -0.939791
vn 0.468542 0.000000 -0.883442
vn 0.468542 0.000000 -0.883442
vn 0.692798 0.000000 -0.721132
vn 0.586313 0.000000 -0.810085
vn 0.586313 0.000000 -0.810085
vn 0.692798 0.000000 -0.721132
vn 0.863960 0.000000 -0.503560
vn 0.785944 0.000000 -0.618298
vn 0.785944 0.000000 -0.618298
vn 0.925345 0.000000 -0.379126
vn 0.863960 0.000000 -0.503560
vn 0.925345 0.000000 -0.379126
vn 0.968915 0.000000 -0.247395
vn 0.968915 0.000000 -0.247395
vn 0.993831 0.000000 -0.110903
vn 0.993831 0.000000 -0.110903
vn 0.999615 0.000000 0.027727
vn 0.999615 0.000000 0.027727
vn 0.953711 0.000000 0.300725
vn 0.986156 0.000000 0.165822
vn 0.986156 0.000000 0.165822
vn 0.953711 0.000000 0.300725
vn 0.902906 0.000000 0.429838
vn 0.902906 0.000000 0.429838
vn -0.004380 -0.000000 -0.999990
vn -0.004380 0.000000 -0.999990
vn -0.118814 -0.000000 -0.992917
vn -0.118814 0.000000 -0.992917
vn -0.131106 -0.000000 -0.991368
vn -0.131106 0.000000 -0.991368
vn -0.143221 -0.000000 -0.989691
vn -0.143221 0.000000 -0.989691
vn -0.155238 -0.000000 -0.987877
vn -0.155238 0.000000 -0.987877
vn -0.167075 -0.000000 -0.985944
vn -0.167075 0.000000 -0.985944
vn -0.016158 0.034322 -0.999280
vn -0.014016 -0.000000 -0.999902
vn -0.019835 0.000000 -0.999803
vn -0.014016 0.000000 -0.999902
vn -0.019835 0.000000 -0.999803
vn -0.019835 0.000000 -0.999803
vn -0.014016 0.000000 -0.999902
vn -0.016158 -0.034322 -0.999280
vn -0.014016 0.000000 -0.999902
vn -0.019835 0.000000 -0.999803
vn -0.028672 0.049302 -0.998372
vn -0.025631 -0.000000 -0.999672
vn -0.032330 0.000000 -0.999477
vn -0.025631 0.000000 -0.999671
vn -0.032330 0.000000 -0.999477
vn -0.025631 0.000000 -0.999671
vn -0.032330 0.000000 -0.999477
vn -0.028672 -0.049302 -0.998372
vn -0.032330 0.000000 -0.999477
vn -0.025631 0.000000 -0.999671
vn -0.041988 0.028360 -0.998716
vn -0.037998 -0.000000 -0.999278
vn -0.044610 0.000000 -0.999004
vn -0.037998 0.000000 -0.999278
vn -0.044610 0.000000 -0.999004
vn -0.041958 -0.047232 -0.998002
vn -0.044610 0.000000 -0.999004
vn -0.037998 0.000000 -0.999278
vn -0.055157 0.021804 -0.998240
vn -0.050183 -0.000000 -0.998740
vn -0.050183 0.000000 -0.998740
vn -0.056747 0.000000 -0.998389
vn -0.056747 0.000000 -0.998389
vn -0.055134 -0.036324 -0.997818
vn -0.056747 0.000000 -0.998389
vn -0.050183 0.000000 -0.998740
vn -0.062207 -0.000000 -0.998063
vn -0.062207 0.000000 -0.998063
vn -0.067666 0.005654 -0.997692
vn -0.068091 0.047557 -0.996545
vn -0.074042 0.000000 -0.997255
vn -0.068111 0.000000 -0.997678
vn -0.068111 0.000000 -0.997678
vn -0.074042 0.000000 -0.997255
vn -0.068111 0.000000 -0.997678
vn -0.074042 0.000000 -0.997255
vn -0.074042 0.000000 -0.997255
vn -0.068104 -0.014263 -0.997576
vn -0.068111 -0.000000 -0.997678
vn -0.074042 0.000000 -0.997255
vn -0.068160 -0.015867 -0.997548
vn -0.068111 0.000000 -0.997678
vn -0.080993 0.038502 -0.995971
vn -0.079363 0.000000 -0.996846
vn -0.085773 0.000000 -0.996315
vn -0.079363 -0.000000 -0.996846
vn -0.079363 0.000000 -0.996846
vn -0.085773 0.000000 -0.996315
vn -0.085773 0.000000 -0.996315
vn -0.080993 -0.038502 -0.995971
vn -0.079363 0.000000 -0.996846
vn -0.085773 0.000000 -0.996315
vn -0.093682 0.048911 -0.994400
vn -0.090974 0.000000 -0.995853
vn -0.097285 0.000000 -0.995257
vn -0.090974 -0.000000 -0.995853
vn -0.090974 0.000000 -0.995853
vn -0.097285 0.000000 -0.995257
vn -0.097285 0.000000 -0.995256
vn -0.093682 -0.048911 -0.994400
vn -0.090974 0.000000 -0.995853
vn -0.097285 0.000000 -0.995257
vn -0.106310 0.027515 -0.993952
vn -0.102371 -0.000000 -0.994746
vn -0.102371 0.000000 -0.994746
vn -0.108631 0.000000 -0.994082
vn -0.108631 0.000000 -0.994082
vn -0.106239 -0.045826 -0.993284
vn -0.102371 0.000000 -0.994746
vn -0.108631 0.000000 -0.994082
vn -0.054072 0.000000 -0.998537
vn -0.054072 0.000000 -0.998537
vn -0.143684 0.044310 -0.988631
vn -0.155635 0.000000 -0.987815
vn -0.143826 -0.000492 -0.989603
vn -0.143718 -0.000000 -0.989619
vn -0.119831 -0.063723 -0.990747
vn -0.127047 0.000000 -0.991897
vn -0.114410 -0.000000 -0.993434
vn -0.127047 0.000000 -0.991897
vn -0.114410 -0.000000 -0.993434
vn -0.127047 0.000000 -0.991897
vn -0.114410 -0.000000 -0.993434
vn -0.114410 -0.000000 -0.993434
vn -0.127047 0.000000 -0.991897
vn -0.114410 -0.000000 -0.993434
vn -0.127047 0.000000 -0.991897
vn -0.127047 0.000000 -0.991897
vn -0.114410 -0.000000 -0.993434
vn -0.119010 0.132906 -0.983958
vn -0.114410 -0.000000 -0.993434
vn -0.127047 0.000000 -0.991897
vn -0.095870 -0.013379 -0.995304
vn -0.097253 0.000000 -0.995260
vn -0.086277 -0.000000 -0.996271
vn -0.086277 -0.000000 -0.996271
vn -0.097253 0.000000 -0.995260
vn -0.086277 -0.000000 -0.996271
vn -0.097253 0.000000 -0.995260
vn -0.086277 -0.000000 -0.996271
vn -0.097253 0.000000 -0.995260
vn -0.095735 0.054778 -0.993898
vn -0.086277 -0.000000 -0.996271
vn -0.097253 0.000000 -0.995260
vn -0.074259 -0.027708 -0.996854
vn -0.074936 0.000000 -0.997188
vn -0.064691 -0.000000 -0.997905
vn -0.074936 0.000000 -0.997188
vn -0.064691 -0.000000 -0.997905
vn -0.074936 0.000000 -0.997188
vn -0.064691 -0.000000 -0.997905
vn -0.074936 0.000000 -0.997188
vn -0.064691 -0.000000 -0.997905
vn -0.064691 -0.000000 -0.997905
vn -0.074936 0.000000 -0.997188
vn -0.064691 -0.000000 -0.997905
vn -0.074936 0.000000 -0.997188
vn -0.064691 -0.000000 -0.997905
vn -0.074936 0.000000 -0.997188
vn -0.074253 0.030479 -0.996774
vn -0.064691 -0.000000 -0.997905
vn -0.074936 0.000000 -0.997188
vn -0.036268 -0.028844 -0.998926
vn -0.043789 0.000000 -0.999041
vn -0.035606 -0.000000 -0.999366
vn -0.043789 0.000000 -0.999041
vn -0.035606 -0.000000 -0.999366
vn -0.043789 0.000000 -0.999041
vn -0.035606 -0.000000 -0.999366
vn -0.043789 0.000000 -0.999041
vn -0.035606 -0.000000 -0.999366
vn -0.035606 -0.000000 -0.999366
vn -0.043789 0.000000 -0.999041
vn -0.035606 -0.000000 -0.999366
vn -0.043789 0.000000 -0.999041
vn -0.035606 -0.000000 -0.999366
vn -0.043789 0.000000 -0.999041
vn -0.036264 0.031728 -0.998838
vn -0.035606 -0.000000 -0.999366
vn -0.043789 0.000000 -0.999041
vn -0.021760 -0.033065 -0.999216
vn -0.026506 0.000000 -0.999649
vn -0.019879 -0.000000 -0.999802
vn -0.019879 -0.000000 -0.999802
vn -0.019879 -0.000000 -0.999802
vn -0.026506 0.000000 -0.999649
vn -0.026506 0.000000 -0.999649
vn -0.026506 0.000000 -0.999649
vn -0.019879 -0.000000 -0.999802
vn -0.019879 -0.000000 -0.999802
vn -0.026506 0.000000 -0.999649
vn -0.019879 -0.000000 -0.999802
vn -0.026506 0.000000 -0.999649
vn -0.021720 0.069310 -0.997359
vn -0.019879 -0.000000 -0.999802
vn -0.026506 0.000000 -0.999649
vn 0.000000 -1.000000 0.000000
vn 0.000000 -1.000000 0.000000
vn 0.000000 -1.000000 0.000000
vn 0.000000 -1.000000 0.000000
vn 0.000000 -1.000000 0.000000
vn 0.000000 -1.000000 0.000000
vn 0.000000 -1.000000 0.000000
vn 0.000000 -1.000000 0.000000
vn 0.000000 -1.000000 0.000000
vn 0.000000 -1.000000 0.000000
vn -0.000000 -1.000000 0.000000
vn 0.000000 -1.000000 0.000000
vn 0.000000 -1.000000 0.000000
vn -0.000000 -1.000000 0.000000
vn 0.000000 -1.000000 0.000000
vn 0.000000 -1.000000 0.000000
vn -0.000000 -1.000000 0.000000
vn -0.000000 -1.000000 0.000000
vn 0.000000 -1.000000 0.000000
vn 0.000000 -1.000000 0.000000
vn 0.000000 -1.000000 0.000000
vn 0.000000 -1.000000 0.000000
vn 0.000000 -1.000000 0.000000
vn 0.000000 -1.000000 0.000000
vn 0.000000 -1.000000 0.000000
vn 0.000000 -1.000000 0.000000
vn 0.000000 -1.000000 0.000000
vn 0.000000 -1.000000 0.000000
vn 0.000000 -1.000000 0.000000
vn 0.000000 -1.000000 0.000000
vn 0.000000 -1.000000 0.000000
vn 0.000000 -1.000000 0.000000
vn 0.000000 -1.000000 0.000000
vn 0.000000 -1.000000 0.000000
vn 0.000000 -1.000000 0.000000
vn 0.000000 -1.000000 0.000000
vn 0.000000 -1.000000 0.000000
vn 0.000000 -1.000000 0.000000
vn 0.000000 -1.000000 0.000000
vn 0.000000 -1.000000 0.000000
vn 0.000000 -1.000000 0.000000
vn 0.000000 -1.000000 0.000000
vn 0.000000 -1.000000 0.000000
vn 0.000000 -1.000000 0.000000
vn 0.000000 -1.000000 0.000000
vn 0.000000 -1.000000 0.000000
vn 0.000000 -1.000000 0.000000
vn 0.000000 -1.000000 0.000000
vn 0.000000 -1.000000 0.000000
vn 0.000000 -1.000000 0.000000
vn 0.000000 -1.000000 0.000000
vn 0.000000 -1.000000 0.000000
vn 0.000000 -1.000000 0.000000
vn 0.000000 -1.000000 0.000000
vn 0.000000 -1.000000 0.000000
vn 0.000000 -1.000000 0.000000
vn 0.000000 -1.000000 0.000000
vn 0.000000 -1.000000 0.000000
vn 0.000000 -1.000000 0.000000
vn -0.000000 -1.000000 0.000000
vn 0.000000 -1.000000 0.000000
vn 0.000000 -1.000000 0.000000
vn -0.000000 -1.000000 0.000000
vn 0.000000 -1.000000 0.000000
vn 0.000000 -1.000000 0.000000
vn 0.000000 -1.000000 0.000000
vn -0.000000 -1.000000 0.000000
vn 0.000000 -1.000000 0.000000
vn -0.000000 -1.000000 0.000000
vn 0.000000 -1.000000 0.000000
vn 0.000000 -1.000000 0.000000
vn -0.000000 -1.000000 0.000000
vn 0.000000 -1.000000 0.000000
vn 0.000000 -1.000000 0.000000
vn -0.000000 -1.000000 0.000000
vn 0.000000 -1.000000 0.000000
vn 0.000000 -1.000000 0.000000
vn 0.000000 -1.000000 0.000000
vn -0.000000 -1.000000 0.000000
vn 0.000000 -1.000000 0.000000
vn 0.000000 -1.000000 0.000000
vn 0.000000 -1.000000 0.000000
vn 0.000000 -1.000000 0.000000
vn -0.000000 -1.000000 0.000000
vn 0.000000 -1.000000 0.000000
vn 0.000000 -1.000000 0.000000
vn -0.000000 -1.000000 0.000000
vn 0.000000 -1.000000 0.000000
vn -0.000000 -1.000000 0.000000
vn 0.000000 -1.000000 0.000000
vn -0.000000 -1.000000 0.000000
vn 0.000000 -1.000000 0.000000
vn 0.000000 -1.000000 0.000000
vn -0.000000 -1.000000 0.000000
vn 0.000000 -1.000000 0.000000
vn 0.000000 -1.000000 0.000000
vn 0.000000 -1.000000 0.000000
vn 0.000000 -1.000000 0.000000
vn 0.000000 -1.000000 0.000000
vn 0.000000 -1.000000 0.000000
vn 0.000000 -1.000000 0.000000
vn 0.000000 -1.000000 0.000000
vn 0.000000 -1.000000 0.000000
vn -0.000000 -1.000000 0.000000
vn 0.000000 -1.000000 0.000000
vn 0.000000 -1.000000 0.000000
vn -0.000000 -1.000000 0.000000
vn 0.000000 -1.000000 0.000000
vn 0.000000 -1.000000 0.000000
vn -0.000000 -1.000000 0.000000
vn 0.000000 -1.000000 0.000000
vn 0.000000 -1.000000 0.000000
vn -0.000000 -1.000000 0.000000
vn 0.000000 -1.000000 0.000000
vn 0.000000 -1.000000 0.000000
vn 0.000000 -1.000000 0.000000
vn 0.000000 -1.000000 0.000000
vn 0.000000 -1.000000 0.000000
vn -0.000000 -1.000000 0.000000
vn 0.000000 -1.000000 0.000000
vn 0.000000 -1.000000 0.000000
vn 0.000000 -1.000000 0.000000
vn -0.000000 -1.000000 0.000000
vn 0.000000 -1.000000 0.000000
vn -0.000000 -1.000000 0.000000
vn 0.000000 -1.000000 0.000000
vn -0.000000 -1.000000 0.000000
vn 0.000000 -1.000000 0.000000
vn 0.000000 -1.000000 0.000000
vn -0.000000 -1.000000 0.000000
vn 0.000000 -1.000000 0.000000
vn 0.000000 -1.000000 0.000000
vn -0.000000 -1.000000 0.000000
vn -0.000000 -1.000000 0.000000
vn 0.000000 -1.000000 0.000000
vn 0.000000 -1.000000 0.000000
vn -0.000000 -1.000000 0.000000
vn 0.000000 -1.000000 0.000000
vn 0.000000 -1.000000 0.000000
vn -0.000000 -1.000000 0.000000
vn 0.000000 -1.000000 0.000000
vn 0.000000 -1.000000 0.000000
vn 0.000000 -1.000000 0.000000
vn 0.000000 -1.000000 0.000000
vn 0.000000 -1.000000 0.000000
vn 0.000000 -1.000000 0.000000
vn 0.000000 -1.000000 0.000000
vn 0.000000 -1.000000 0.000000
vn 0.000000 -1.000000 0.000000
vn 0.000000 -1.000000 0.000000
vn 0.000000 -1.000000 0.000000
vn 0.000000 -1.000000 0.000000
vn 0.000000 -1.000000 0.000000
vn 0.000000 -1.000000 0.000000
vn 0.000000 -1.000000 0.000000
vn 0.000000 -1.000000 0.000000
vn 0.000000 -1.000000 0.000000
vn 0.000000 -1.000000 0.000000
vn 0.000000 -1.000000 0.000000
vn 0.000000 -1.000000 0.000000
vn 0.000000 -1.000000 0.000000
vn 0.000000 -1.000000 0.000000
vn 0.000000 -1.000000 0.000000
vn 0.000000 -1.000000 0.000000
vn 0.000000 -1.000000 0.000000
vn 0.000000 -1.000000 0.000000
vn 0.000000 -1.000000 0.000000
vn 0.000000 -1.000000 0.000000
vn 0.000000 -1.000000 0.000000
vn -0.000000 -1.000000 0.000000
vn 0.000000 -1.000000 0.000000
vn 0.000000 -1.000000 0.000000
vn 0.000000 -1.000000 0.000000
vn 0.000000 -1.000000 0.000000
vn 0.000000 -1.000000 0.000000
vn 0.000000 -1.000000 0.000000
vn 0.000000 -1.000000 0.000000
vn 0.000000 -1.000000 0.000000
vn 0.000000 -1.000000 0.000000
vn 0.000000 -1.000000 0.000000
vn 0.000000 -1.000000 0.000000
vn 0.000000 -1.000000 0.000000
vn 0.000000 -1.000000 0.000000
vn 0.000000 -1.000000 0.000000
vn 0.000000 -1.000000 0.000000
vn 0.000000 -1.000000 0.000000
vn 0.000000 -1.000000 0.000000
vn 0.000000 -1.000000 0.000000
vn 0.000000 -1.000000 0.000000
vn 0.000000 -1.000000 0.000000
vn 0.000000 -1.000000 0.000000
vn -0.000000 -1.000000 0.000000
vn -0.000000 -1.000000 0.000000
vn 0.000000 -1.000000 0.000000
vn -0.000000 -1.000000 0.000000
vn 0.000000 -1.000000 0.000000
vn -0.000000 -1.000000 0.000000
vn 0.000000 -1.000000 0.000000
vn 0.000000 -1.000000 0.000000
vn 0.000000 -1.000000 0.000000
vn 0.000000 -1.000000 0.000000
vn 0.000000 -1.000000 0.000000
vn 0.000000 -1.000000 0.000000
vn 0.000000 -1.000000 0.000000
vn 0.000000 -1.000000 0.000000
vn 0.000000 -1.000000 0.000000
vn 0.000000 -1.000000 0.000000
vn 0.000000 -1.000000 0.000000
vn 0.000000 -1.000000 0.000000
vn 0.000000 -1.000000 0.000000
vn 0.000000 -1.000000 0.000000
vn 0.000000 -1.000000 0.000000
vn 0.000000 -1.000000 0.000000
vn 0.000000 -1.000000 0.000000
vn -0.000000 -1.000000 0.000000
vn -0.000000 -1.000000 0.000000
vn -0.000000 -1.000000 0.000000
vn -0.000000 -1.000000 0.000000
vn 0.000000 -1.000000 0.000000
vn 0.000000 -1.000000 0.000000
vn 0.000000 -1.000000 0.000000
vn 0.000000 -1.000000 0.000000
vn 0.000000 -1.000000 0.000000
vn 0.000000 -1.000000 0.000000
vn 0.000000 -1.000000 0.000000
vn 0.000000 -1.000000 0.000000
vn 0.000000 -1.000000 0.000000
vn 0.000000 -1.000000 0.000000
vn 0.000000 -1.000000 0.000000
vn 0.000000 -1.000000 0.000000
vn 0.000000 -1.000000 0.000000
vn -0.000000 -1.000000 0.000000
vn -0.000000 -1.000000 0.000000
vn -0.000000 -1.000000 0.000000
vn 0.000000 -1.000000 0.000000
vn 0.000000 -1.000000 0.000000
vn -0.000000 -1.000000 0.000000
vn 0.000000 -1.000000 0.000000
vn -0.000000 -1.000000 0.000000
vn -0.000000 -1.000000 0.000000
vn 0.000000 -1.000000 0.000000
vn 0.000000 -1.000000 0.000000
vn -0.000000 -1.000000 0.000000
vn 0.000000 -1.000000 0.000000
vn -0.000000 -1.000000 0.000000
vn 0.000000 -1.000000 0.000000
vn -0.000000 -1.000000 0.000000
vn 0.000000 -1.000000 0.000000
vn 0.000000 -1.000000 0.000000
vn 0.000000 -1.000000 0.000000
vn 0.000000 -1.000000 0.000000
vn 0.000000 -1.000000 0.000000
vn -0.000000 -1.000000 0.000000
vn 0.000000 -1.000000 0.000000
vn -0.000000 -1.000000 0.000000
vn 0.000000 -1.000000 0.000000
vn -0.000000 -1.000000 0.000000
vn 0.000000 -1.000000 0.000000
vn -0.000000 -1.000000 0.000000
vn -0.000000 -1.000000 0.000000
vn -0.000000 -1.000000 0.000000
vn 0.000000 -1.000000 0.000000
vn 0.000000 -1.000000 0.000000
vn -0.000000 -1.000000 0.000000
vn -0.000000 -1.000000 0.000000
vn 0.000000 -1.000000 0.000000
vn 0.000000 -1.000000 0.000000
vn 0.000000 -1.000000 0.000000
vn -0.000000 -1.000000 0.000000
vn -0.000000 -1.000000 0.000000
vn 0.000000 -1.000000 0.000000
vn 0.000000 -1.000000 0.000000
vn 0.000000 -1.000000 0.000000
vn -0.000000 -1.000000 0.000000
vn 0.000000 -1.000000 0.000000
vn 0.000000 -1.000000 0.000000
vn 0.000000 -1.000000 0.000000
vn -0.000000 -1.000000 0.000000
vn -0.000000 -1.000000 0.000000
vn 0.000000 -1.000000 0.000000
vn 0.000000 -1.000000 0.000000
vn 0.000000 -1.000000 0.000000
vn 0.000000 -1.000000 0.000000
vn -0.000000 -1.000000 0.000000
vn 0.000000 -1.000000 0.000000
vn 0.000000 -1.000000 0.000000
vn 0.000000 -1.000000 0.000000
vn 0.000000 -1.000000 0.000000
vn 0.000000 -1.000000 0.000000
vn -0.000000 -1.000000 0.000000
vn 0.000000 -1.000000 0.000000
vn 0.000000 -1.000000 0.000000
vn 0.000000 -1.000000 0.000000
vn 0.000000 -1.000000 0.000000
vn 0.000000 -1.000000 0.000000
vn 0.000000 -1.000000 0.000000
vn 0.000000 -1.000000 0.000000
vn 0.000000 -1.000000 0.000000
vn 0.000000 -1.000000 0.000000
vn 0.000000 -1.000000 0.000000
vn 0.000000 -1.000000 0.000000
vn 0.000000 -1.000000 0.000000
vn 0.000000 -1.000000 0.000000
vn 0.000000 -1.000000 0.000000
vn 0.000000 -1.000000 0.000000
vn -0.000000 -1.000000 0.000000
vn 0.000000 -1.000000 0.000000
vn 0.000000 -1.000000 0.000000
vn 0.000000 -1.000000 0.000000
vn -0.000000 -1.000000 0.000000
vn 0.000000 -1.000000 0.000000
vn 0.000000 -1.000000 0.000000
vn 0.000000 -1.000000 0.000000
vn 0.000000 -1.000000 0.000000
vn 0.000000 -1.000000 0.000000
vn 0.000000 -1.000000 0.000000
vn 0.000000 -1.000000 0.000000
vn 0.000000 -1.000000 0.000000
vn 0.000000 -1.000000 0.000000
vn 0.000000 -1.000000 0.000000
vn 0.000000 -1.000000 0.000000
vn 0.000000 -1.000000 0.000000
vn 0.000000 -1.000000 0.000000
vn 0.000000 -1.000000 0.000000
vn 0.000000 -1.000000 0.000000
vn 0.000000 -1.000000 0.000000
vn 0.000000 -1.000000 0.000000
vn 0.000000 -1.000000 0.000000
vn 0.000000 -1.000000 0.000000
vn 0.000000 -1.000000 0.000000
vn -0.000000 -1.000000 0.000000
vn 0.000000 -1.000000 0.000000
vn 0.000000 -1.000000 0.000000
vn -0.000000 -1.000000 0.000000
vn 0.000000 -1.000000 0.000000
vn 0.000000 -1.000000 0.000000
vn 0.000000 -1.000000 0.000000
vn 0.000000 -1.000000 0.000000
vn -0.000000 -1.000000 0.000000
vn 0.000000 -1.000000 0.000000
vn 0.000000 -1.000000 0.000000
vn -0.000000 -1.000000 0.000000
vn 0.000000 -1.000000 0.000000
vn 0.000000 -1.000000 0.000000
vn -0.000000 -1.000000 0.000000
vn 0.000000 -1.000000 0.000000
vn 0.000000 -1.000000 0.000000
vn -0.000000 -1.000000 0.000000
vn 0.000000 -1.000000 0.000000
vn 0.000000 -1.000000 0.000000
vn 0.000000 -1.000000 0.000000
vn 0.000000 -1.000000 0.000000
vn 0.000000 -1.000000 0.000000
vn 0.000000 -1.000000 0.000000
vn 0.000000 -1.000000 0.000000
vn 0.000000 -1.000000 0.000000
vn 0.000000 -1.000000 0.000000
vn 0.000000 -1.000000 0.000000
vn 0.000000 -1.000000 0.000000
vn 0.000000 -1.000000 0.000000
vn 0.000000 -1.000000 0.000000
vn 0.000000 -1.000000 0.000000
vn 0.000000 -1.000000 0.000000
vn 0.000000 -1.000000 0.000000
vn 0.000000 -1.000000 0.000000
vn 0.000000 -1.000000 0.000000
vn 0.000000 -1.000000 0.000000
vn 0.000000 -1.000000 0.000000
vn 0.000000 -1.000000 0.000000
vn 0.000000 -1.000000 0.000000
vn 0.000000 -1.000000 0.000000
vn 0.000000 -1.000000 0.000000
vn 0.000000 -1.000000 0.000000
vn 0.000000 -1.000000 0.000000
vn 0.000000 -1.000000 0.000000
vn 0.000000 -1.000000 0.000000
vn 0.000000 -1.000000 0.000000
vn 0.000000 -1.000000 0.000000
vn 0.000000 -1.000000 0.000000
vn -0.000000 -1.000000 0.000000
vn -0.000000 -1.000000 0.000000
vn -0.000000 -1.000000 0.000000
vn 0.000000 -1.000000 0.000000
vn 0.000000 -1.000000 0.000000
vn 0.000000 -1.000000 0.000000
vn 0.000000 -1.000000 0.000000
vn 0.000000 -1.000000 0.000000
vn 0.000000 -1.000000 0.000000
vn 0.000000 -1.000000 0.000000
vn 0.000000 -1.000000 0.000000
vn 0.000000 -1.000000 0.000000
vn 0.000000 -1.000000 0.000000
vn 0.000000 -1.000000 0.000000
vn 0.000000 -1.000000 0.000000
vn 0.000000 -1.000000 0.000000
vn 0.000000 -1.000000 0.000000
vn 0.000000 -1.000000 0.000000
vn 0.000000 -1.000000 0.000000
vn 0.000000 -1.000000 0.000000
vn 0.000000 -1.000000 0.000000
vn 0.000000 -1.000000 0.000000
vn 0.000000 -1.000000 0.000000
vn 0.000000 -1.000000 0.000000
vn 0.000000 -1.000000 0.000000
vn 0.000000 -1.000000 0.000000
vn 0.000000 -1.000000 0.000000
vn 0.000000 -1.000000 0.000000
vn 0.000000 -1.000000 0.000000
vn -0.000000 -1.000000 0.000000
vn -0.000000 -1.000000 0.000000
vn -0.000000 -1.000000 0.000000
vn 0.000000 -1.000000 0.000000
vn 0.000000 -1.000000 0.000000
vn 0.000000 -1.000000 0.000000
vn 0.000000 -1.000000 0.000000
vn 0.000000 -1.000000 0.000000
vn 0.000000 -1.000000 0.000000
vn 0.000000 -1.000000 0.000000
vn 0.000000 -1.000000 0.000000
vn 0.000000 -1.000000 0.000000
vn 0.000000 -1.000000 0.000000
vn 0.000000 -1.000000 0.000000
vn 0.000000 -1.000000 0.000000
vn 0.000000 -1.000000 0.000000
vn 0.000000 -1.000000 0.000000
vn -0.000000 -1.000000 0.000000
vn -0.000000 -1.000000 0.000000
vn 0.000000 -1.000000 0.000000
vn 0.000000 -1.000000 0.000000
vn 0.000000 -1.000000 0.000000
vn 0.000000 -1.000000 0.000000
vn 0.000000 -1.000000 0.000000
vn 0.000000 -1.000000 0.000000
vn 0.000000 -1.000000 0.000000
vn 0.000000 -1.000000 0.000000
vn 0.000000 -1.000000 0.000000
vn 0.000000 -1.000000 0.000000
vn 0.000000 -1.000000 0.000000
vn -0.000000 -1.000000 0.000000
vn -0.000000 -1.000000 0.000000
vn -0.000000 -1.000000 0.000000
vn 0.000000 -1.000000 0.000000
vn 0.000000 -1.000000 0.000000
vn 0.000000 -1.000000 0.000000
vn 0.000000 -1.000000 0.000000
vn 0.000000 -1.000000 0.000000
vn 0.000000 -1.000000 0.000000
vn 0.000000 -1.000000 0.000000
vn 0.000000 -1.000000 0.000000
vn 0.000000 -1.000000 0.000000
vn 0.000000 -1.000000 0.000000
vn 0.000000 -1.000000 0.000000
vn 0.000000 -1.000000 0.000000
vn 0.000000 -1.000000 0.000000
vn 0.000000 -1.000000 0.000000
vn 0.000000 -1.000000 0.000000
vn 0.000000 -1.000000 0.000000
vn 0.000000 -1.000000 0.000000
vn 0.000000 -1.000000 0.000000
vn 0.000000 -1.000000 0.000000
vn 0.000000 -1.000000 0.000000
vn 0.000000 -1.000000 0.000000
vn 0.000000 -1.000000 0.000000
vn 0.000000 -1.000000 0.000000
vn 0.000000 -1.000000 0.000000
vn 0.000000 -1.000000 0.000000
vn 0.000000 -1.000000 0.000000
vn -0.000000 -1.000000 0.000000
vn 0.000000 -1.000000 0.000000
vn 0.000000 -1.000000 0.000000
vn 0.000000 -1.000000 0.000000
vn 0.000000 -1.000000 0.000000
vn 0.000000 -1.000000 0.000000
vn 0.000000 -1.000000 0.000000
vn 0.000000 -1.000000 0.000000
vn 0.000000 -1.000000 0.000000
vn 0.000000 -1.000000 0.000000
vn 0.000000 -1.000000 0.000000
vn 0.000000 -1.000000 0.000000
vn 0.000000 -1.000000 0.000000
vn 0.000000 -1.000000 0.000000
vn 0.000000 -1.000000 0.000000
vn -0.000000 -1.000000 0.000000
vn 0.000000 -1.000000 0.000000
vn 0.000000 -1.000000 0.000000
vn -0.999931 0.000000 0.011728
vn -0.999931 0.000000 0.011728
vn 0.000000 1.000000 0.000000
vn 0.000000 1.000000 0.000000
vn 0.000000 1.000000 0.000000
vn 0.000000 1.000000 0.000000
vn 0.000000 1.000000 0.000000
vn 0.000000 1.000000 0.000000
vn 0.000000 1.000000 0.000000
vn 0.000000 1.000000 0.000000
vn 0.000000 1.000000 0.000000
vn 0.000000 1.000000 0.000000
vn 0.000000 1.000000 0.000000
vn 0.000000 1.000000 0.000000
vn 0.000000 1.000000 0.000000
vn 0.000000 1.000000 0.000000
vn 0.000000 1.000000 0.000000
vn 0.000000 1.000000 0.000000
vn 0.000000 1.000000 0.000000
vn 0.000000 1.000000 0.000000
vn 0.000000 1.000000 0.000000
vn 0.000000 1.000000 0.000000
vn 0.000000 1.000000 0.000000
vn 0.000000 1.000000 0.000000
vn 0.000000 1.000000 0.000000
vn 0.000000 1.000000 0.000000
vn 0.000000 1.000000 0.000000
vn 0.000000 1.000000 0.000000
vn 0.000000 1.000000 0.000000
vn 0.000000 1.000000 0.000000
vn 0.000000 1.000000 0.000000
vn 0.000000 1.000000 0.000000
vn 0.000000 1.000000 0.000000
vn 0.000000 1.000000 0.000000
vn 0.000000 1.000000 0.000000
vn 0.000000 1.000000 0.000000
vn 0.000000 1.000000 0.000000
vn 0.000000 1.000000 0.000000
vn 0.000000 1.000000 0.000000
vn 0.000000 1.000000 0.000000
vn 0.000000 1.000000 0.000000
vn 0.000000 1.000000 0.000000
vn 0.000000 1.000000 0.000000
vn 0.000000 1.000000 0.000000
vn 0.000000 1.000000 0.000000
vn 0.000000 1.000000 0.000000
vn 0.000000 1.000000 0.000000
vn 0.000000 1.000000 0.000000
vn 0.000000 1.000000 0.000000
vn 0.000000 1.000000 0.000000
vn 0.000000 1.000000 0.000000
vn 0.000000 1.000000 0.000000
vn 0.000000 1.000000 0.000000
vn 0.000000 1.000000 0.000000
vn 0.000000 1.000000 0.000000
vn 0.000000 1.000000 0.000000
vn 0.000000 1.000000 0.000000
vn 0.000000 1.000000 0.000000
vn 0.000000 1.000000 0.000000
vn 0.000000 1.000000 0.000000
vn 0.000000 1.000000 0.000000
vn 0.000000 1.000000 0.000000
vn 0.000000 1.000000 0.000000
vn 0.000000 1.000000 0.000000
vn 0.000000 1.000000 0.000000
vn 0.000000 1.000000 0.000000
vn 0.000000 1.000000 0.000000
vn 0.000000 1.000000 0.000000
vn 0.000000 1.000000 0.000000
vn 0.000000 1.000000 0.000000
vn 0.000000 1.000000 0.000000
vn 0.000000 1.000000 0.000000
vn 0.000000 1.000000 0.000000
vn 0.000000 1.000000 0.000000
vn 0.000000 1.000000 0.000000
vn 0.000000 1.000000 0.000000
vn 0.000000 1.000000 0.000000
vn 0.000000 1.000000 0.000000
vn 0.000000 1.000000 0.000000
vn 0.000000 1.000000 0.000000
vn 0.000000 1.000000 0.000000
vn 0.000000 1.000000 0.000000
vn 0.000000 1.000000 0.000000
vn 0.000000 1.000000 0.000000
vn 0.000000 1.000000 0.000000
vn 0.000000 1.000000 0.000000
vn 0.000000 1.000000 0.000000
vn 0.000000 1.000000 0.000000
vn 0.000000 1.000000 0.000000
vn 0.000000 1.000000 0.000000
vn 0.000000 1.000000 0.000000
vn 0.000000 1.000000 0.000000
vn 0.000000 1.000000 0.000000
vn 0.000000 1.000000 0.000000
vn 0.000000 1.000000 0.000000
vn 0.000000 1.000000 0.000000
vn 0.000000 1.000000 0.000000
vn 0.000000 1.000000 0.000000
vn 0.000000 1.000000 0.000000
vn 0.000000 1.000000 0.000000
vn 0.000000 1.000000 0.000000
vn 0.000000 1.000000 0.000000
vn 0.000000 1.000000 0.000000
vn 0.000000 1.000000 0.000000
vn 0.000000 1.000000 0.000000
vn 0.000000 1.000000 0.000000
vn 0.000000 1.000000 0.000000
vn 0.000000 1.000000 0.000000
vn 0.000000 1.000000 0.000000
vn 0.000000 1.000000 0.000000
vn 0.000000 1.000000 0.000000
vn 0.000000 1.000000 0.000000
vn 0.000000 1.000000 0.000000
vn 0.000000 1.000000 0.000000
vn 0.000000 1.000000 0.000000
vn 0.000000 1.000000 0.000000
vn 0.000000 1.000000 0.000000
vn 0.000000 1.000000 0.000000
vn 0.000000 1.000000 0.000000
vn 0.000000 1.000000 0.000000
vn 0.000000 1.000000 0.000000
vn 0.000000 1.000000 0.000000
vn 0.000000 1.000000 0.000000
vn 0.000000 1.000000 0.000000
vn 0.000000 1.000000 0.000000
vn 0.000000 1.000000 0.000000
vn 0.000000 1.000000 0.000000
vn 0.000000 1.000000 0.000000
vn 0.000000 1.000000 0.000000
vn 0.000000 1.000000 0.000000
vn 0.000000 1.000000 0.000000
vn 0.000000 1.000000 0.000000
vn 0.000000 1.000000 0.000000
vn 0.000000 1.000000 0.000000
vn 0.000000 1.000000 0.000000
vn 0.000000 1.000000 0.000000
vn 0.000000 1.000000 0.000000
vn 0.000000 1.000000 0.000000
vn 0.000000 1.000000 0.000000
vn 0.000000 1.000000 0.000000
vn 0.000000 1.000000 0.000000
vn 0.000000 1.000000 0.000000
vn 0.000000 1.000000 0.000000
vn 0.000000 1.000000 0.000000
vn 0.000000 1.000000 0.000000
vn 0.000000 1.000000 0.000000
vn 0.000000 1.000000 0.000000
vn 0.000000 1.000000 0.000000
vn 0.000000 1.000000 0.000000
vn 0.000000 1.000000 0.000000
vn 0.000000 1.000000 0.000000
vn 0.000000 1.000000 0.000000
vn 0.000000 1.000000 0.000000
vn 0.000000 1.000000 0.000000
vn 0.000000 1.000000 0.000000
vn 0.000000 1.000000 0.000000
vn 0.000000 1.000000 0.000000
vn 0.000000 1.000000 0.000000
vn 0.000000 1.000000 0.000000
vn 0.000000 1.000000 0.000000
vn 0.000000 1.000000 0.000000
vn 0.000000 1.000000 0.000000
vn 0.000000 1.000000 0.000000
vn 0.000000 1.000000 0.000000
vn 0.000000 1.000000 0.000000
vn 0.000000 1.000000 0.000000
vn 0.000000 1.000000 0.000000
vn 0.000000 1.000000 0.000000
vn 0.000000 1.000000 0.000000
vn 0.000000 1.000000 0.000000
vn 0.000000 1.000000 0.000000
vn 0.000000 1.000000 0.000000
vn 0.000000 1.000000 0.000000
vn 0.000000 1.000000 0.000000
vn 0.000000 1.000000 0.000000
vn 0.000000 1.000000 0.000000
vn 0.000000 1.000000 0.000000
vn 0.000000 1.000000 0.000000
vn 0.000000 1.000000 0.000000
vn 0.000000 1.000000 0.000000
vn 0.000000 1.000000 0.000000
vn 0.000000 1.000000 0.000000
vn 0.000000 1.000000 0.000000
vn 0.000000 1.000000 0.000000
vn 0.000000 1.000000 0.000000
vn 0.000000 1.000000 0.000000
vn 0.000000 1.000000 0.000000
vn 0.000000 1.000000 0.000000
vn 0.000000 1.000000 0.000000
vn 0.000000 1.000000 0.000000
vn 0.000000 1.000000 0.000000
vn 0.000000 1.000000 0.000000
vn 0.000000 1.000000 0.000000
vn 0.000000 1.000000 0.000000
vn 0.000000 1.000000 0.000000
vn 0.000000 1.000000 0.000000
vn 0.000000 1.000000 0.000000
vn 0.000000 1.000000 0.000000
vn 0.000000 1.000000 0.000000
vn 0.000000 1.000000 0.000000
vn 0.000000 1.000000 0.000000
vn 0.000000 1.000000 0.000000
vn 0.000000 1.000000 0.000000
vn 0.000000 1.000000 0.000000
vn 0.000000 1.000000 0.000000
vn 0.000000 1.000000 0.000000
vn 0.000000 1.000000 0.000000
vn 0.000000 1.000000 0.000000
vn 0.000000 1.000000 0.000000
vn 0.000000 1.000000 0.000000
vn 0.000000 1.000000 0.000000
vn 0.000000 1.000000 0.000000
vn 0.000000 1.000000 0.000000
vn 0.000000 1.000000 0.000000
vn 0.000000 1.000000 0.000000
vn 0.000000 1.000000 0.000000
vn 0.000000 1.000000 0.000000
vn 0.000000 1.000000 0.000000
vn 0.000000 1.000000 0.000000
vn 0.000000 1.000000 0.000000
vn 0.000000 1.000000 0.000000
vn 0.000000 1.000000 0.000000
vn 0.000000 1.000000 0.000000
vn 0.000000 1.000000 0.000000
vn 0.000000 1.000000 0.000000
vn 0.000000 1.000000 0.000000
vn 0.000000 1.000000 0.000000
vn 0.000000 1.000000 0.000000
vn 0.000000 1.000000 0.000000
vn 0.000000 1.000000 0.000000
vn 0.000000 1.000000 0.000000
vn 0.000000 1.000000 0.000000
vn 0.000000 1.000000 0.000000
vn 0.000000 1.000000 0.000000
vn 0.000000 1.000000 0.000000
vn 0.000000 1.000000 0.000000
vn 0.000000 1.000000 0.000000
vn 0.000000 1.000000 0.000000
vn 0.000000 1.000000 0.000000
vn 0.000000 1.000000 0.000000
vn 0.000000 1.000000 0.000000
vn 0.000000 1.000000 0.000000
vn 0.000000 1.000000 0.000000
vn 0.000000 1.000000 0.000000
vn 0.000000 1.000000 0.000000
vn 0.000000 1.000000 0.000000
vn 0.000000 1.000000 0.000000
vn 0.000000 1.000000 0.000000
vn 0.000000 1.000000 0.000000
vn 0.000000 1.000000 0.000000
vn 0.000000 1.000000 0.000000
vn 0.000000 1.000000 0.000000
vn 0.000000 1.000000 0.000000
vn 0.000000 1.000000 0.000000
vn 0.000000 1.000000 0.000000
vn 0.000000 1.000000 0.000000
vn 0.000000 1.000000 0.000000
vn 0.000000 1.000000 0.000000
vn 0.000000 1.000000 0.000000
vn 0.000000 1.000000 0.000000
vn 0.000000 1.000000 0.000000
vn 0.000000 1.000000 0.000000
vn 0.000000 1.000000 0.000000
vn 0.000000 1.000000 0.000000
vn 0.000000 1.000000 0.000000
vn 0.000000 1.000000 0.000000
vn 0.000000 1.000000 0.000000
vn 0.000000 1.000000 0.000000
vn 0.000000 1.000000 0.000000
vn 0.000000 1.000000 0.000000
vn 0.000000 1.000000 0.000000
vn 0.000000 1.000000 0.000000
vn 0.000000 1.000000 0.000000
vn 0.000000 1.000000 0.000000
vn 0.000000 1.000000 0.000000
vn 0.000000 1.000000 0.000000
vn 0.000000 1.000000 0.000000
vn 0.000000 1.000000 0.000000
vn 0.000000 1.000000 0.000000
vn 0.000000 1.000000 0.000000
vn 0.000000 1.000000 0.000000
vn 0.000000 1.000000 0.000000
vn 0.000000 1.000000 0.000000
vn 0.000000 1.000000 0.000000
vn 0.000000 1.000000 0.000000
vn 0.000000 1.000000 0.000000
vn 0.000000 1.000000 0.000000
vn 0.000000 1.000000 0.000000
vn 0.000000 1.000000 0.000000
vn 0.000000 1.000000 0.000000
vn 0.000000 1.000000 0.000000
vn 0.000000 1.000000 0.000000
vn 0.000000 1.000000 0.000000
vn 0.000000 1.000000 0.000000
vn 0.000000 1.000000 0.000000
vn 0.000000 1.000000 0.000000
vn 0.000000 1.000000 0.000000
vn 0.000000 1.000000 0.000000
vn 0.000000 1.000000 0.000000
vn 0.000000 1.000000 0.000000
vn 0.000000 1.000000 0.000000
vn 0.000000 1.000000 0.000000
vn 0.000000 1.000000 0.000000
vn 0.000000 1.000000 0.000000
vn 0.000000 1.000000 0.000000
vn 0.000000 1.000000 0.000000
vn 0.000000 1.000000 0.000000
vn 0.000000 1.000000 0.000000
vn 0.000000 1.000000 0.000000
vn 0.000000 1.000000 0.000000
vn 0.000000 1.000000 0.000000
vn 0.000000 1.000000 0.000000
vn 0.000000 1.000000 0.000000
vn 0.000000 1.000000 0.000000
vn 0.000000 1.000000 0.000000
vn 0.000000 1.000000 0.000000
vn 0.000000 1.000000 0.000000
vn 0.000000 1.000000 0.000000
vn 0.000000 1.000000 0.000000
vn 0.000000 1.000000 0.000000
vn 0.000000 1.000000 0.000000
vn 0.000000 1.000000 0.000000
vn 0.000000 1.000000 0.000000
vn 0.000000 1.000000 0.000000
vn 0.000000 1.000000 0.000000
vn 0.000000 1.000000 0.000000
vn 0.000000 1.000000 0.000000
vn 0.000000 1.000000 0.000000
vn 0.000000 1.000000 0.000000
vn 0.000000 1.000000 0.000000
vn 0.000000 1.000000 0.000000
vn 0.000000 1.000000 0.000000
vn 0.000000 1.000000 0.000000
vn 0.000000 1.000000 0.000000
vn 0.000000 1.000000 0.000000
vn 0.000000 1.000000 0.000000
vn 0.000000 1.000000 0.000000
vn 0.000000 1.000000 0.000000
vn 0.000000 1.000000 0.000000
vn 0.000000 1.000000 0.000000
vn 0.000000 1.000000 0.000000
vn 0.000000 1.000000 0.000000
vn 0.000000 1.000000 0.000000
vn 0.000000 1.000000 0.000000
vn 0.000000 1.000000 0.000000
vn 0.000000 1.000000 0.000000
vn 0.000000 1.000000 0.000000
vn 0.000000 1.000000 0.000000
vn 0.000000 1.000000 0.000000
vn 0.000000 1.000000 0.000000
vn 0.000000 1.000000 0.000000
vn 0.000000 1.000000 0.000000
vn 0.000000 1.000000 0.000000
vn 0.000000 1.000000 0.000000
vn 0.000000 1.000000 0.000000
vn 0.000000 1.000000 0.000000
vn 0.000000 1.000000 0.000000
vn 0.000000 1.000000 0.000000
vn 0.000000 1.000000 0.000000
vn 0.000000 1.000000 0.000000
vn 0.000000 1.000000 0.000000
vn 0.000000 1.000000 0.000000
vn 0.000000 1.000000 0.000000
vn 0.000000 1.000000 0.000000
vn 0.000000 1.000000 0.000000
vn 0.000000 1.000000 0.000000
vn 0.000000 1.000000 0.000000
vn 0.000000 1.000000 0.000000
vn 0.000000 1.000000 0.000000
vn 0.000000 1.000000 0.000000
vn 0.000000 1.000000 0.000000
vn 0.000000 1.000000 0.000000
vn 0.000000 1.000000 0.000000
vn 0.000000 1.000000 0.000000
vn 0.000000 1.000000 0.000000
vn 0.000000 1.000000 0.000000
vn 0.000000 1.000000 0.000000
vn 0.000000 1.000000 0.000000
vn 0.000000 1.000000 0.000000
vn 0.000000 1.000000 0.000000
vn 0.000000 1.000000 0.000000
vn 0.000000 1.000000 0.000000
vn 0.000000 1.000000 0.000000
vn 0.000000 1.000000 0.000000
vn 0.000000 1.000000 0.000000
vn 0.000000 1.000000 0.000000
vn 0.000000 1.000000 0.000000
vn 0.000000 1.000000 0.000000
vn 0.000000 1.000000 0.000000
vn 0.000000 1.000000 0.000000
vn 0.000000 1.000000 0.000000
vn 0.000000 1.000000 0.000000
vn 0.000000 1.000000 0.000000
vn 0.000000 1.000000 0.000000
vn 0.000000 1.000000 0.000000
vn 0.000000 1.000000 0.000000
vn 0.000000 1.000000 0.000000
vn 0.000000 1.000000 0.000000
vn 0.000000 1.000000 0.000000
vn 0.000000 1.000000 0.000000
vn 0.000000 1.000000 0.000000
vn 0.000000 1.000000 0.000000
vn 0.000000 1.000000 0.000000
vn 0.000000 1.000000 0.000000
vn 0.000000 1.000000 0.000000
vn 0.000000 1.000000 0.000000
vn 0.000000 1.000000 0.000000
vn 0.000000 1.000000 0.000000
vn 0.000000 1.000000 0.000000
vn 0.000000 1.000000 0.000000
vn 0.000000 1.000000 0.000000
vn 0.000000 1.000000 0.000000
vn 0.000000 1.000000 0.000000
vn 0.000000 1.000000 0.000000
vn 0.000000 1.000000 0.000000
vn 0.000000 1.000000 0.000000
vn 0.000000 1.000000 0.000000
vn 0.000000 1.000000 0.000000
vn 0.000000 1.000000 0.000000
vn 0.000000 1.000000 0.000000
vn 0.000000 1.000000 0.000000
vn 0.000000 1.000000 0.000000
vn 0.000000 1.000000 0.000000
vn 0.000000 1.000000 0.000000
vn 0.000000 1.000000 0.000000
vn 0.000000 1.000000 0.000000
vn 0.000000 1.000000 0.000000
vn 0.000000 1.000000 0.000000
vn 0.000000 1.000000 0.000000
vn 0.000000 1.000000 0.000000
vn 0.000000 1.000000 0.000000
vn 0.000000 1.000000 0.000000
vn 0.000000 1.000000 0.000000
vn 0.000000 1.000000 0.000000
vn 0.000000 1.000000 0.000000
vn 0.000000 1.000000 0.000000
vn 0.000000 1.000000 0.000000
vn 0.000000 1.000000 0.000000
vn 0.000000 1.000000 0.000000
vn 0.000000 1.000000 0.000000
vn 0.000000 1.000000 0.000000
vn 0.000000 1.000000 0.000000
vn 0.000000 1.000000 0.000000
vn 0.000000 1.000000 0.000000
vn 0.000000 1.000000 0.000000
vn 0.000000 1.000000 0.000000
vn 0.000000 1.000000 0.000000
vn 0.000000 1.000000 0.000000
vn 0.000000 1.000000 0.000000
vn 0.000000 1.000000 0.000000
vn 0.000000 1.000000 0.000000
vn 0.000000 1.000000 0.000000
vn 0.000000 1.000000 0.000000
vn 0.000000 1.000000 0.000000
vn 0.000000 1.000000 0.000000
vn 0.000000 1.000000 0.000000
vn 0.000000 1.000000 0.000000
vn 0.000000 1.000000 0.000000
vn 0.000000 1.000000 0.000000
vn 0.000000 1.000000 0.000000
vn 0.000000 1.000000 0.000000
vn 0.000000 1.000000 0.000000
vn 0.000000 1.000000 0.000000
vn 0.000000 1.000000 0.000000
vn 0.000000 1.000000 0.000000
vn 0.000000 1.000000 0.000000
vn 0.000000 1.000000 0.000000
vn 0.000000 1.000000 0.000000
vn 0.000000 1.000000 0.000000
vn 0.000000 1.000000 0.000000
vn 0.000000 1.000000 0.000000
vn 0.000000 1.000000 0.000000
vn 0.000000 1.000000 0.000000
vn 0.000000 1.000000 0.000000
vn 0.000000 1.000000 0.000000
vn 0.000000 1.000000 0.000000
vn 0.000000 1.000000 0.000000
vn 0.000000 1.000000 0.000000
vn 0.000000 1.000000 0.000000
vn 0.000000 1.000000 0.000000
vn 0.000000 1.000000 0.000000
vn 0.000000 1.000000 0.000000
vn 0.000000 1.000000 0.000000
vn 0.000000 1.000000 0.000000
vn 0.000000 1.000000 0.000000
vn 0.000000 1.000000 0.000000
vn -0.000000 1.000000 0.000000
vn 0.995330 0.000000 -0.096528
vn 0.995330 0.000000 -0.096528
vn -0.194434 0.000000 -0.980916
vn -0.194434 0.000000 -0.980916
vn 0.276190 -0.000000 0.961103
vn 0.276190 0.000000 0.961103
vn 0.995332 0.000000 -0.096514
vn 0.995332 0.000000 -0.096514
vn 0.234807 0.000000 0.972042
vn 0.234807 -0.000000 0.972042
vn 0.298518 -0.000000 0.954404
vn 0.298518 0.000000 0.954404
vn 0.150935 0.057101 0.986893
vn 0.146725 0.000000 0.989177
vn 0.153230 0.000000 0.988191
vn 0.146724 0.000000 0.989177
vn 0.153230 0.000000 0.988191
vn 0.146725 -0.000000 0.989177
vn 0.153230 0.000000 0.988191
vn 0.146725 0.000000 0.989177
vn 0.153230 0.000000 0.988191
vn 0.153230 0.000000 0.988191
vn 0.146724 0.000000 0.989177
vn 0.153230 0.000000 0.988191
vn 0.146724 0.000000 0.989177
vn 0.150430 -0.099609 0.983590
vn 0.153230 0.000000 0.988191
vn 0.146725 0.000000 0.989177
vn 0.163847 0.043205 0.985539
vn 0.161054 0.000000 0.986946
vn 0.167324 0.000000 0.985902
vn 0.161054 -0.000000 0.986946
vn 0.161054 0.000000 0.986946
vn 0.167324 0.000000 0.985902
vn 0.167324 0.000000 0.985902
vn 0.161054 0.000000 0.986946
vn 0.167324 0.000000 0.985902
vn 0.167324 0.000000 0.985902
vn 0.161054 0.000000 0.986946
vn 0.162986 -0.111039 0.980360
vn 0.167324 0.000000 0.985902
vn 0.161054 0.000000 0.986946
vn 0.176168 0.063516 0.982309
vn 0.173939 0.000000 0.984756
vn 0.180153 0.000000 0.983639
vn 0.180153 0.000000 0.983639
vn 0.173939 0.000000 0.984756
vn 0.180153 0.000000 0.983639
vn 0.173939 0.000000 0.984756
vn 0.173939 -0.000000 0.984756
vn 0.180153 0.000000 0.983639
vn 0.180153 0.000000 0.983639
vn 0.173939 0.000000 0.984756
vn 0.180153 0.000000 0.983639
vn 0.173939 0.000000 0.984756
vn 0.175439 -0.110711 0.978245
vn 0.180153 0.000000 0.983639
vn 0.173939 0.000000 0.984756
vn 0.188636 0.044436 0.981041
vn 0.185899 0.000000 0.982569
vn 0.191985 0.000000 0.981398
vn 0.185899 0.000000 0.982569
vn 0.191985 0.000000 0.981398
vn 0.185899 -0.000000 0.982569
vn 0.191985 0.000000 0.981398
vn 0.185899 0.000000 0.982569
vn 0.191985 0.000000 0.981398
vn 0.191985 0.000000 0.981398
vn 0.185899 0.000000 0.982569
vn 0.187588 -0.114170 0.975590
vn 0.191985 0.000000 0.981398
vn 0.185899 0.000000 0.982569
vn 0.200519 0.055124 0.978138
vn 0.196689 0.000000 0.980466
vn 0.202611 0.000000 0.979259
vn 0.196689 0.000000 0.980466
vn 0.202611 0.000000 0.979259
vn 0.196689 0.000000 0.980466
vn 0.202611 0.000000 0.979259
vn 0.196689 -0.000000 0.980466
vn 0.202611 0.000000 0.979259
vn 0.196689 0.000000 0.980466
vn 0.202611 0.000000 0.979259
vn 0.202611 0.000000 0.979259
vn 0.196689 0.000000 0.980466
vn 0.199893 -0.096183 0.975085
vn 0.202611 0.000000 0.979259
vn 0.196689 0.000000 0.980466
vn 0.212158 0.059250 0.975437
vn 0.208688 0.000000 0.977982
vn 0.214512 0.000000 0.976721
vn 0.208688 0.000000 0.977982
vn 0.214512 0.000000 0.976721
vn 0.208688 -0.000000 0.977982
vn 0.214512 0.000000 0.976721
vn 0.208688 0.000000 0.977982
vn 0.214512 0.000000 0.976721
vn 0.208688 0.000000 0.977982
vn 0.214512 0.000000 0.976721
vn 0.214512 0.000000 0.976721
vn 0.208688 0.000000 0.977982
vn 0.211394 -0.103332 0.971923
vn 0.214512 0.000000 0.976721
vn 0.208688 0.000000 0.977982
vn 0.223759 0.039185 0.973857
vn 0.222049 0.000000 0.975036
vn 0.227597 0.000000 0.973755
vn 0.222049 -0.000000 0.975036
vn 0.227597 0.000000 0.973755
vn 0.222049 0.000000 0.975036
vn 0.227597 0.000000 0.973755
vn 0.227597 0.000000 0.973755
vn 0.222049 0.000000 0.975036
vn 0.227597 0.000000 0.973755
vn 0.222049 0.000000 0.975036
vn 0.222790 -0.100801 0.969641
vn 0.227597 0.000000 0.973755
vn 0.222049 0.000000 0.975036
vn 0.243892 0.104188 0.964189
vn 0.245327 0.000000 0.969440
vn 0.240136 0.000000 0.970739
vn 0.240136 0.000000 0.970739
vn 0.245327 0.000000 0.969440
vn 0.240136 0.000000 0.970739
vn 0.245327 0.000000 0.969440
vn 0.240136 0.000000 0.970739
vn 0.245327 0.000000 0.969440
vn 0.240136 0.000000 0.970739
vn 0.245327 0.000000 0.969440
vn 0.240136 -0.000000 0.970739
vn 0.245327 0.000000 0.969440
vn 0.245327 0.000000 0.969440
vn 0.240136 0.000000 0.970739
vn 0.245327 0.000000 0.969440
vn 0.240136 0.000000 0.970739
vn 0.245218 -0.008732 0.969429
vn 0.245327 0.000000 0.969440
vn 0.240136 0.000000 0.970739
vn 0.255357 0.006980 0.966822
vn 0.250681 -0.000000 0.968070
vn 0.255713 0.000000 0.966753
vn 0.250681 0.000000 0.968070
vn 0.255713 0.000000 0.966753
vn 0.255713 0.000000 0.966753
vn 0.250681 0.000000 0.968070
vn 0.255251 -0.029658 0.966420
vn 0.255713 0.000000 0.966753
vn 0.250681 0.000000 0.968070
vn 0.265204 0.043123 0.963227
vn 0.261587 0.000000 0.965180
vn 0.266899 0.000000 0.963725
vn 0.261586 0.000000 0.965180
vn 0.266899 0.000000 0.963725
vn 0.261587 0.000000 0.965180
vn 0.266899 0.000000 0.963725
vn 0.261586 -0.000000 0.965180
vn 0.266899 0.000000 0.963725
vn 0.261586 0.000000 0.965180
vn 0.266899 0.000000 0.963725
vn 0.266899 0.000000 0.963725
vn 0.261587 0.000000 0.965180
vn 0.264697 -0.075333 0.961385
vn 0.266899 0.000000 0.963725
vn 0.261586 0.000000 0.965180
vn 0.278464 0.038570 0.959672
vn 0.276161 0.000000 0.961112
vn 0.283648 0.000000 0.958929
vn 0.276161 0.000000 0.961112
vn 0.283648 0.000000 0.958929
vn 0.276161 -0.000000 0.961111
vn 0.283648 0.000000 0.958929
vn 0.276161 0.000000 0.961112
vn 0.283648 0.000000 0.958929
vn 0.283648 0.000000 0.958929
vn 0.276161 0.000000 0.961111
vn 0.277295 -0.099235 0.955646
vn 0.283648 0.000000 0.958929
vn 0.276161 0.000000 0.961112
vn 0.290419 0.011374 0.956832
vn 0.288815 0.000000 0.957385
vn 0.292943 0.000000 0.956130
vn 0.288815 0.000000 0.957385
vn 0.292943 0.000000 0.956130
vn 0.288815 -0.000000 0.957385
vn 0.292943 0.000000 0.956130
vn 0.288815 0.000000 0.957385
vn 0.292943 0.000000 0.956130
vn 0.292943 0.000000 0.956130
vn 0.288815 0.000000 0.957385
vn 0.290313 -0.029376 0.956481
vn 0.292943 0.000000 0.956130
vn 0.288815 0.000000 0.957385
vn 0.302400 -0.014258 0.953074
vn 0.303345 0.000000 0.952881
vn 0.300842 0.000000 0.953674
vn 0.300842 0.000000 0.953674
vn 0.303345 -0.000000 0.952881
vn 0.300842 0.000000 0.953674
vn 0.303345 0.000000 0.952881
vn 0.303345 0.000000 0.952881
vn 0.300842 0.000000 0.953674
vn 0.300842 0.000000 0.953674
vn 0.303345 0.000000 0.952881
vn 0.300842 0.000000 0.953674
vn 0.303345 0.000000 0.952881
vn 0.302226 0.036817 0.952525
vn -0.989887 0.000000 0.141860
vn -0.989887 0.000000 0.141860
vn 0.141858 -0.000000 0.989887
vn 0.141858 0.000000 0.989887
vn 0.989887 0.000000 -0.141860
vn 0.989887 0.000000 -0.141860
vn 0.111044 0.000000 0.993815
vn 0.111044 -0.000000 0.993815
vn -0.009833 0.000000 0.999952
vn -0.009833 0.000000 0.999952
vn -0.009833 0.000000 0.999952
vn -0.009833 0.000000 0.999952
vn -0.009833 0.000000 0.999952
vn -0.009833 0.000000 0.999952
vn -0.009833 0.000000 0.999952
vn -0.009833 0.000000 0.999952
vn -0.003438 0.103785 0.994594
vn -0.004458 0.056429 0.998397
vn -0.004465 0.000000 0.999990
vn 0.001872 0.000000 0.999998
vn -0.004465 0.000000 0.999990
vn -0.004465 0.000000 0.999990
vn 0.001872 0.000000 0.999998
vn -0.004465 0.000000 0.999990
vn 0.001872 0.000000 0.999998
vn -0.004465 0.000000 0.999990
vn -0.004465 0.000000 0.999990
vn -0.004465 0.000000 0.999990
vn 0.001872 0.000000 0.999998
vn 0.001872 0.000000 0.999998
vn -0.004465 0.000000 0.999990
vn -0.004465 0.000000 0.999990
vn 0.001872 0.000000 0.999998
vn -0.004465 0.000000 0.999990
vn 0.001872 0.000000 0.999998
vn -0.004465 0.000000 0.999990
vn -0.004465 0.000000 0.999990
vn -0.003441 -0.095228 0.995449
vn -0.004459 -0.051745 0.998650
vn -0.004465 0.000000 0.999990
vn 0.001872 0.000000 0.999998
vn -0.004465 0.000000 0.999990
vn 0.011390 0.041902 0.999057
vn 0.008409 0.000000 0.999965
vn 0.015695 0.000000 0.999877
vn 0.008409 -0.000000 0.999965
vn 0.015695 0.000000 0.999877
vn 0.008409 0.000000 0.999965
vn 0.015695 0.000000 0.999877
vn 0.015695 0.000000 0.999877
vn 0.008409 0.000000 0.999965
vn 0.015695 0.000000 0.999877
vn 0.008409 0.000000 0.999965
vn 0.011334 -0.107724 0.994116
vn 0.015695 0.000000 0.999877
vn 0.008409 0.000000 0.999965
vn 0.026013 0.044968 0.998650
vn 0.022452 0.000000 0.999748
vn 0.029806 0.000000 0.999556
vn 0.022452 0.000000 0.999748
vn 0.029806 0.000000 0.999556
vn 0.022452 -0.000000 0.999748
vn 0.029806 0.000000 0.999556
vn 0.022452 0.000000 0.999748
vn 0.029806 0.000000 0.999556
vn 0.029806 0.000000 0.999556
vn 0.022452 0.000000 0.999748
vn 0.025865 -0.115522 0.992968
vn 0.029806 0.000000 0.999556
vn 0.022452 0.000000 0.999748
vn 0.040620 0.026071 0.998834
vn 0.038748 0.000000 0.999249
vn 0.045962 0.000000 0.998943
vn 0.038748 -0.000000 0.999249
vn 0.045962 0.000000 0.998943
vn 0.038748 0.000000 0.999249
vn 0.045962 0.000000 0.998943
vn 0.045962 0.000000 0.998943
vn 0.038748 0.000000 0.999249
vn 0.040473 -0.088764 0.995230
vn 0.045962 0.000000 0.998943
vn 0.038748 0.000000 0.999249
vn 0.054935 0.065881 0.996314
vn 0.053949 0.000000 0.998544
vn 0.061095 0.000000 0.998132
vn 0.053949 0.000000 0.998544
vn 0.061095 0.000000 0.998132
vn 0.053949 0.000000 0.998544
vn 0.061095 0.000000 0.998132
vn 0.053949 -0.000000 0.998544
vn 0.061095 0.000000 0.998132
vn 0.053949 0.000000 0.998544
vn 0.061095 0.000000 0.998132
vn 0.053949 0.000000 0.998544
vn 0.061095 0.000000 0.998132
vn 0.061095 0.000000 0.998132
vn 0.053949 0.000000 0.998544
vn 0.054954 -0.060418 0.996659
vn 0.061095 0.000000 0.998132
vn 0.053949 0.000000 0.998544
vn 0.069301 0.013990 0.997498
vn 0.068486 -0.000000 0.997652
vn 0.075588 0.000000 0.997139
vn 0.068486 0.000000 0.997652
vn 0.075588 0.000000 0.997139
vn 0.075588 0.000000 0.997139
vn 0.068486 0.000000 0.997652
vn 0.075588 0.000000 0.997139
vn 0.068486 0.000000 0.997652
vn 0.069229 -0.047755 0.996457
vn 0.075588 0.000000 0.997139
vn 0.068486 0.000000 0.997652
vn 0.083432 0.008265 0.996479
vn 0.082856 -0.000000 0.996561
vn 0.089830 0.000000 0.995957
vn 0.089830 0.000000 0.995957
vn 0.082856 0.000000 0.996561
vn 0.089830 0.000000 0.995957
vn 0.082856 0.000000 0.996561
vn 0.083383 -0.035108 0.995899
vn 0.089830 0.000000 0.995957
vn 0.082856 0.000000 0.996561
vn 0.097299 0.018511 0.995083
vn 0.096190 -0.000000 0.995363
vn 0.103053 0.000000 0.994676
vn 0.096190 0.000000 0.995363
vn 0.103053 0.000000 0.994676
vn 0.103053 0.000000 0.994676
vn 0.096190 0.000000 0.995363
vn 0.103053 0.000000 0.994676
vn 0.096190 0.000000 0.995363
vn 0.103053 0.000000 0.994676
vn 0.096190 0.000000 0.995363
vn 0.097122 -0.063137 0.993268
vn 0.123156 0.035125 0.991766
vn 0.118531 0.000000 0.992950
vn 0.123904 0.000000 0.992294
vn 0.123904 0.000000 0.992294
vn 0.118531 0.000000 0.992950
vn 0.123904 0.000000 0.992294
vn 0.118531 0.000000 0.992950
vn 0.123904 0.000000 0.992294
vn 0.118531 0.000000 0.992950
vn 0.118531 -0.000000 0.992950
vn 0.123904 0.000000 0.992294
vn 0.123904 0.000000 0.992294
vn 0.118531 0.000000 0.992950
vn 0.123904 0.000000 0.992294
vn 0.118531 0.000000 0.992950
vn 0.123168 -0.032205 0.991863
vn 0.123904 0.000000 0.992294
vn 0.118531 0.000000 0.992950
vn 0.133739 0.035745 0.990372
vn 0.129259 0.000000 0.991611
vn 0.134512 0.000000 0.990912
vn 0.134512 0.000000 0.990912
vn 0.129259 0.000000 0.991611
vn 0.134512 0.000000 0.990912
vn 0.129259 0.000000 0.991611
vn 0.134512 0.000000 0.990912
vn 0.134512 0.000000 0.990912
vn 0.129259 0.000000 0.991611
vn 0.129259 -0.000000 0.991611
vn 0.129259 0.000000 0.991611
vn 0.134512 0.000000 0.990912
vn 0.134512 0.000000 0.990912
vn 0.129259 0.000000 0.991611
vn 0.133753 -0.032773 0.990473
vn 0.134512 0.000000 0.990912
vn 0.129259 0.000000 0.991611
vn -0.999891 0.000000 -0.014765
vn -0.999891 0.000000 -0.014765
vn -0.014766 0.000000 0.999891
vn -0.014766 0.000000 0.999891
vn 0.999891 0.000000 0.014765
vn 0.999891 -0.000000 0.014765
vn -0.235576 0.062411 0.969850
vn -0.240640 0.000000 0.970614
vn -0.230038 0.000000 0.973182
vn -0.240640 0.000000 0.970614
vn -0.230038 0.000000 0.973182
vn -0.240640 0.000000 0.970614
vn -0.230038 0.000000 0.973182
vn -0.240640 0.000000 0.970614
vn -0.230038 0.000000 0.973182
vn -0.230038 0.000000 0.973182
vn -0.240640 0.000000 0.970614
vn -0.230038 0.000000 0.973182
vn -0.240640 0.000000 0.970614
vn -0.234635 -0.108801 0.965975
vn -0.230038 0.000000 0.973182
vn -0.240640 0.000000 0.970614
vn -0.215753 0.023372 0.976168
vn -0.218393 0.000000 0.975861
vn -0.208826 0.000000 0.977953
vn -0.218393 0.000000 0.975861
vn -0.208826 0.000000 0.977953
vn -0.208826 0.000000 0.977953
vn -0.218393 0.000000 0.975861
vn -0.208826 0.000000 0.977953
vn -0.218393 0.000000 0.975861
vn -0.215126 -0.079631 0.973334
vn -0.208826 0.000000 0.977953
vn -0.218393 0.000000 0.975861
vn -0.196442 0.046821 0.979397
vn -0.199012 0.000000 0.979997
vn -0.189616 0.000000 0.981858
vn -0.199012 0.000000 0.979997
vn -0.189616 0.000000 0.981858
vn -0.189616 0.000000 0.981858
vn -0.199012 0.000000 0.979997
vn -0.189616 0.000000 0.981858
vn -0.199012 0.000000 0.979997
vn -0.189616 0.000000 0.981858
vn -0.199012 0.000000 0.979997
vn -0.189616 0.000000 0.981858
vn -0.199012 0.000000 0.979997
vn -0.195999 -0.081765 0.977189
vn -0.189616 0.000000 0.981858
vn -0.199012 0.000000 0.979997
vn -0.177979 0.026895 0.983667
vn -0.180679 0.000000 0.983542
vn -0.171560 0.000000 0.985174
vn -0.180679 0.000000 0.983542
vn -0.171560 0.000000 0.985174
vn -0.180679 0.000000 0.983542
vn -0.171560 0.000000 0.985174
vn -0.171560 0.000000 0.985174
vn -0.180679 0.000000 0.983542
vn -0.177296 -0.091548 0.979890
vn -0.171560 0.000000 0.985174
vn -0.180679 0.000000 0.983542
vn -0.159894 0.043670 0.986168
vn -0.164413 0.000000 0.986392
vn -0.155577 0.000000 0.987824
vn -0.164413 0.000000 0.986392
vn -0.155577 0.000000 0.987824
vn -0.164413 0.000000 0.986392
vn -0.155577 0.000000 0.987824
vn -0.164413 0.000000 0.986392
vn -0.155577 0.000000 0.987824
vn -0.155577 0.000000 0.987824
vn -0.164413 0.000000 0.986392
vn -0.159036 -0.112224 0.980874
vn -0.155577 0.000000 0.987824
vn -0.164413 0.000000 0.986392
vn -0.142400 0.052855 0.988397
vn -0.148822 0.000000 0.988864
vn -0.140168 0.000000 0.990128
vn -0.148822 0.000000 0.988864
vn -0.140168 0.000000 0.990128
vn -0.148822 0.000000 0.988864
vn -0.140168 0.000000 0.990128
vn -0.148822 0.000000 0.988864
vn -0.140168 0.000000 0.990128
vn -0.148822 0.000000 0.988864
vn -0.140168 0.000000 0.990128
vn -0.140168 0.000000 0.990128
vn -0.148822 0.000000 0.988864
vn -0.141991 -0.092246 0.985560
vn -0.140168 0.000000 0.990128
vn -0.148822 0.000000 0.988864
vn -0.125461 0.040356 0.991277
vn -0.128489 0.000000 0.991711
vn -0.120048 0.000000 0.992768
vn -0.128489 0.000000 0.991711
vn -0.120048 0.000000 0.992768
vn -0.128489 0.000000 0.991711
vn -0.120048 0.000000 0.992768
vn -0.120048 0.000000 0.992768
vn -0.128489 0.000000 0.991711
vn -0.120048 0.000000 0.992768
vn -0.128489 0.000000 0.991711
vn -0.124885 -0.103789 0.986728
vn -0.120048 0.000000 0.992768
vn -0.128489 0.000000 0.991711
vn -0.108730 0.050884 0.992768
vn -0.114951 0.000000 0.993371
vn -0.106697 0.000000 0.994292
vn -0.114951 0.000000 0.993371
vn -0.106697 0.000000 0.994292
vn -0.114951 0.000000 0.993371
vn -0.106697 0.000000 0.994292
vn -0.114951 0.000000 0.993371
vn -0.106697 0.000000 0.994292
vn -0.106697 0.000000 0.994292
vn -0.114951 0.000000 0.993371
vn -0.106697 0.000000 0.994292
vn -0.114951 0.000000 0.993371
vn -0.106697 0.000000 0.994292
vn -0.114951 0.000000 0.993371
vn -0.108440 -0.088824 0.990127
vn -0.092380 0.059369 0.993952
vn -0.097885 0.000000 0.995198
vn -0.089761 0.000000 0.995963
vn -0.089761 0.000000 0.995963
vn -0.097885 0.000000 0.995198
vn -0.089761 0.000000 0.995963
vn -0.097885 0.000000 0.995198
vn -0.097885 0.000000 0.995198
vn -0.089761 0.000000 0.995963
vn -0.089761 0.000000 0.995963
vn -0.097885 0.000000 0.995198
vn -0.089761 0.000000 0.995963
vn -0.097885 0.000000 0.995198
vn -0.092046 -0.103538 0.990357
vn -0.089761 0.000000 0.995963
vn -0.097885 0.000000 0.995198
vn -0.076345 0.059331 0.995315
vn -0.081731 0.000000 0.996654
vn -0.073751 0.000000 0.997277
vn -0.081731 0.000000 0.996654
vn -0.073751 0.000000 0.997277
vn -0.081731 0.000000 0.996654
vn -0.073751 0.000000 0.997277
vn -0.081731 0.000000 0.996654
vn -0.073751 0.000000 0.997277
vn -0.081731 0.000000 0.996654
vn -0.073751 0.000000 0.997277
vn -0.073751 0.000000 0.997277
vn -0.081731 0.000000 0.996654
vn -0.076069 -0.103470 0.991719
vn -0.073751 0.000000 0.997277
vn -0.081731 0.000000 0.996654
vn -0.060432 0.084010 0.994631
vn -0.066870 0.000000 0.997762
vn -0.058980 0.000000 0.998259
vn -0.066870 0.000000 0.997762
vn -0.058980 0.000000 0.998259
vn -0.066870 0.000000 0.997762
vn -0.058980 0.000000 0.998259
vn -0.066870 0.000000 0.997762
vn -0.058980 0.000000 0.998259
vn -0.066870 0.000000 0.997762
vn -0.058980 0.000000 0.998259
vn -0.066870 0.000000 0.997762
vn -0.058980 0.000000 0.998259
vn -0.058980 0.000000 0.998259
vn -0.066870 0.000000 0.997762
vn -0.060466 -0.077060 0.995191
vn -0.058980 0.000000 0.998259
vn -0.066870 0.000000 0.997762
vn -0.044997 0.043786 0.998027
vn -0.048317 0.000000 0.998832
vn -0.040556 0.000000 0.999177
vn -0.048317 0.000000 0.998832
vn -0.040556 0.000000 0.999177
vn -0.048317 0.000000 0.998832
vn -0.040556 0.000000 0.999177
vn -0.048317 0.000000 0.998832
vn -0.040556 0.000000 0.999177
vn -0.040556 0.000000 0.999177
vn -0.048317 0.000000 0.998832
vn -0.044754 -0.112517 0.992641
vn -0.040556 0.000000 0.999177
vn -0.048317 0.000000 0.998832
vn -0.032567 0.009029 0.999429
vn -0.036202 0.000000 0.999345
vn -0.031481 0.000000 0.999504
vn -0.036202 0.000000 0.999345
vn -0.031481 0.000000 0.999504
vn -0.031481 0.000000 0.999504
vn -0.036202 0.000000 0.999345
vn -0.031481 0.000000 0.999504
vn -0.036202 0.000000 0.999345
vn -0.032553 -0.030838 0.998994
vn -0.031481 0.000000 0.999504
vn -0.036202 0.000000 0.999345
vn -0.023183 0.008430 0.999696
vn -0.024176 0.000000 0.999708
vn -0.019506 0.000000 0.999810
vn -0.019506 0.000000 0.999810
vn -0.024176 0.000000 0.999708
vn -0.019506 0.000000 0.999810
vn -0.024176 0.000000 0.999708
vn -0.019506 0.000000 0.999810
vn -0.024176 0.000000 0.999708
vn -0.023175 -0.028793 0.999317
vn -0.019506 0.000000 0.999810
vn -0.024176 0.000000 0.999708
vn -0.966820 0.000000 -0.255458
vn -0.966820 0.000000 -0.255458
vn -0.255458 0.000000 0.966820
vn -0.255458 0.000000 0.966820
vn 0.966820 0.000000 0.255458
vn 0.966820 -0.000000 0.255458
vn -0.860902 0.000000 0.508770
vn -0.860902 0.000000 0.508770
vn -0.440883 0.000000 0.897564
vn -0.440883 0.000000 0.897564
vn -0.955502 0.000000 0.294984
vn -0.936188 0.025120 0.350601
vn -0.937646 0.000000 0.347590
vn -0.918190 0.000000 0.396141
vn -0.918190 0.000000 0.396141
vn -0.937646 0.000000 0.347591
vn -0.918190 0.000000 0.396141
vn -0.937647 0.000000 0.347590
vn -0.937445 0.001169 0.348132
vn -0.918190 0.000000 0.396141
vn -0.937189 0.000000 0.348821
vn -0.918190 0.000000 0.396141
vn -0.937189 0.000000 0.348821
vn -0.918190 0.000000 0.396141
vn -0.937189 0.000000 0.348821
vn -0.918190 0.000000 0.396141
vn -0.937189 0.000000 0.348821
vn -0.902556 -0.266730 0.338005
vn -0.918190 0.000000 0.396141
vn -0.937189 0.000000 0.348821
vn -0.931659 -0.108477 0.346763
vn -0.898413 0.040495 0.437281
vn -0.901598 0.000000 0.432574
vn -0.884021 0.000000 0.467448
vn -0.884021 0.000000 0.467448
vn -0.901598 0.000000 0.432574
vn -0.901598 0.000000 0.432574
vn -0.884021 0.000000 0.467448
vn -0.901598 0.000000 0.432574
vn -0.884021 0.000000 0.467448
vn -0.884021 0.000000 0.467448
vn -0.902739 -0.004136 0.430169
vn -0.902735 0.005023 0.430167
vn -0.884021 0.000000 0.467448
vn -0.901598 0.000000 0.432574
vn -0.884021 0.000000 0.467448
vn -0.901598 0.000000 0.432574
vn -0.898530 -0.037129 0.437338
vn -0.884021 0.000000 0.467448
vn -0.901598 0.000000 0.432574
vn -0.818934 0.015516 0.573677
vn -0.838687 0.000000 0.544614
vn -0.817542 0.000000 0.575869
vn -0.838687 0.000000 0.544614
vn -0.817542 0.000000 0.575869
vn -0.838687 0.000000 0.544614
vn -0.817542 0.000000 0.575869
vn -0.838687 0.000000 0.544614
vn -0.817542 0.000000 0.575869
vn -0.838687 0.000000 0.544614
vn -0.817542 0.000000 0.575869
vn -0.817542 0.000000 0.575869
vn -0.838687 0.000000 0.544614
vn -0.818731 -0.027150 0.573535
vn -0.817542 0.000000 0.575869
vn -0.838687 0.000000 0.544614
vn -0.775160 0.040451 0.630468
vn -0.789828 0.000000 0.613329
vn -0.767885 0.000000 0.640588
vn -0.789828 0.000000 0.613328
vn -0.767885 0.000000 0.640588
vn -0.789828 0.000000 0.613328
vn -0.767885 0.000000 0.640588
vn -0.789828 0.000000 0.613328
vn -0.767885 0.000000 0.640588
vn -0.767884 0.000000 0.640588
vn -0.789828 0.000000 0.613328
vn -0.771586 -0.104030 0.627561
vn -0.767885 0.000000 0.640588
vn -0.789828 0.000000 0.613328
vn -0.752717 0.000000 0.658344
vn -0.752717 0.000000 0.658344
vn -0.752717 0.000000 0.658344
vn -0.752717 0.000000 0.658344
vn -0.752717 0.000000 0.658344
vn -0.752717 0.000000 0.658344
vn -0.752717 0.000000 0.658344
vn -0.732812 0.050744 0.678536
vn -0.735397 0.016913 0.677426
vn -0.734628 0.000000 0.678470
vn -0.716058 0.000000 0.698040
vn -0.734628 0.000000 0.678470
vn -0.734628 0.000000 0.678470
vn -0.716058 0.000000 0.698040
vn -0.734628 0.000000 0.678470
vn -0.734628 0.000000 0.678470
vn -0.734628 0.000000 0.678470
vn -0.716058 0.000000 0.698040
vn -0.716058 0.000000 0.698040
vn -0.716058 0.000000 0.698040
vn -0.734628 0.000000 0.678470
vn -0.716058 0.000000 0.698040
vn -0.734628 0.000000 0.678470
vn -0.734628 0.000000 0.678470
vn -0.716058 0.000000 0.698040
vn -0.734628 0.000000 0.678470
vn -0.734628 0.000000 0.678470
vn -0.732963 -0.046530 0.678676
vn -0.716058 0.000000 0.698040
vn -0.734628 0.000000 0.678470
vn -0.734273 -0.031072 0.678143
vn -0.734628 0.000000 0.678470
vn -0.693478 0.011104 0.720392
vn -0.694030 0.000000 0.719946
vn -0.674373 0.000000 0.738391
vn -0.674373 0.000000 0.738391
vn -0.694030 0.000000 0.719946
vn -0.694030 0.000000 0.719946
vn -0.694030 0.000000 0.719946
vn -0.694030 0.000000 0.719946
vn -0.694030 0.000000 0.719946
vn -0.674373 0.000000 0.738391
vn -0.694030 0.000000 0.719946
vn -0.693485 -0.010180 0.720399
vn -0.674373 0.000000 0.738391
vn -0.694030 0.000000 0.719946
vn -0.653670 -0.001585 0.756778
vn -0.633695 0.000000 0.773583
vn -0.654021 -0.004086 0.756465
vn -0.653545 0.000000 0.756888
vn -0.654026 0.000000 0.756472
vn -0.654026 0.000000 0.756472
vn -0.654026 0.000000 0.756472
vn -0.654026 0.000000 0.756472
vn -0.654021 0.003958 0.756466
vn -0.654026 0.000000 0.756472
vn -0.654026 0.000000 0.756472
vn -0.653671 0.001513 0.756778
vn -0.653545 0.000000 0.756888
vn -0.633695 0.000000 0.773583
vn -0.613417 0.073041 0.786374
vn -0.618956 0.002192 0.785423
vn -0.618957 0.000000 0.785425
vn -0.618957 0.000000 0.785425
vn -0.600611 0.000000 0.799541
vn -0.618957 0.000000 0.785425
vn -0.618957 0.000000 0.785425
vn -0.600611 0.000000 0.799541
vn -0.618957 0.000000 0.785425
vn -0.618957 0.000000 0.785425
vn -0.600611 0.000000 0.799541
vn -0.618957 0.000000 0.785425
vn -0.618957 0.000000 0.785425
vn -0.618957 0.000000 0.785425
vn -0.600611 0.000000 0.799541
vn -0.600611 0.000000 0.799541
vn -0.618957 0.000000 0.785425
vn -0.600611 0.000000 0.799541
vn -0.600611 0.000000 0.799541
vn -0.618957 0.000000 0.785425
vn -0.618957 0.000000 0.785425
vn -0.618957 0.000000 0.785425
vn -0.613679 -0.066990 0.786709
vn -0.618956 -0.002010 0.785423
vn -0.600611 0.000000 0.799541
vn -0.618957 0.000000 0.785425
vn -0.577587 0.054335 0.814519
vn -0.585826 0.000000 0.810437
vn -0.567851 0.000000 0.823132
vn -0.585826 0.000000 0.810437
vn -0.567851 0.000000 0.823132
vn -0.585826 0.000000 0.810437
vn -0.567851 0.000000 0.823132
vn -0.585826 0.000000 0.810437
vn -0.567851 0.000000 0.823132
vn -0.567851 0.000000 0.823132
vn -0.585826 0.000000 0.810437
vn -0.567851 0.000000 0.823132
vn -0.585826 0.000000 0.810437
vn -0.567851 0.000000 0.823132
vn -0.585826 0.000000 0.810437
vn -0.575836 -0.094812 0.812049
vn -0.542654 0.050089 0.838462
vn -0.549357 0.000000 0.835588
vn -0.532347 0.000000 0.846526
vn -0.532347 0.000000 0.846526
vn -0.549357 0.000000 0.835587
vn -0.532347 0.000000 0.846526
vn -0.549357 0.000000 0.835587
vn -0.549357 0.000000 0.835587
vn -0.532348 0.000000 0.846526
vn -0.532347 0.000000 0.846526
vn -0.549357 0.000000 0.835587
vn -0.532347 0.000000 0.846526
vn -0.549357 0.000000 0.835587
vn -0.541254 -0.087445 0.836300
vn -0.532347 0.000000 0.846526
vn -0.549357 0.000000 0.835588
vn -0.507282 0.059712 0.859709
vn -0.514367 0.000000 0.857570
vn -0.496523 0.000000 0.868024
vn -0.514367 0.000000 0.857570
vn -0.496523 0.000000 0.868024
vn -0.514368 0.000000 0.857570
vn -0.496523 0.000000 0.868024
vn -0.514367 0.000000 0.857570
vn -0.496523 0.000000 0.868024
vn -0.514367 0.000000 0.857570
vn -0.496523 0.000000 0.868024
vn -0.496523 0.000000 0.868024
vn -0.514367 0.000000 0.857570
vn -0.505426 -0.104130 0.856564
vn -0.496523 0.000000 0.868024
vn -0.514367 0.000000 0.857570
vn -0.473498 0.018396 0.880603
vn -0.474907 0.000000 0.880036
vn -0.458546 0.000000 0.888671
vn -0.474908 0.000000 0.880036
vn -0.458546 0.000000 0.888671
vn -0.474908 0.000000 0.880036
vn -0.458546 0.000000 0.888671
vn -0.474907 0.000000 0.880036
vn -0.458546 0.000000 0.888671
vn -0.474908 0.000000 0.880036
vn -0.458546 0.000000 0.888671
vn -0.458546 0.000000 0.888671
vn -0.474907 0.000000 0.880036
vn -0.473333 -0.032187 0.880296
vn -0.458546 0.000000 0.888671
vn -0.474907 0.000000 0.880036
vn -0.409415 0.024243 0.912026
vn -0.421273 0.000000 0.906934
vn -0.405852 0.000000 0.913939
vn -0.421273 0.000000 0.906934
vn -0.405852 0.000000 0.913939
vn -0.421273 0.000000 0.906934
vn -0.405852 0.000000 0.913939
vn -0.405852 0.000000 0.913939
vn -0.421273 0.000000 0.906934
vn -0.408136 -0.082580 0.909178
vn -0.405852 0.000000 0.913939
vn -0.421273 0.000000 0.906934
vn -0.378862 0.059349 0.923548
vn -0.392335 0.000000 0.919822
vn -0.377494 0.000000 0.926012
vn -0.392335 0.000000 0.919822
vn -0.377494 0.000000 0.926012
vn -0.392335 0.000000 0.919822
vn -0.392335 0.000000 0.919822
vn -0.392335 0.000000 0.919822
vn -0.392335 0.000000 0.919822
vn -0.377494 0.000000 0.926012
vn -0.392335 0.000000 0.919822
vn -0.377494 0.000000 0.926012
vn -0.392335 0.000000 0.919822
vn -0.378968 -0.054424 0.923808
vn -0.350878 0.007027 0.936395
vn -0.350686 0.000000 0.936493
vn -0.364893 0.000000 0.931050
vn -0.364893 0.000000 0.931050
vn -0.377279 -0.002218 0.926097
vn -0.350686 0.000000 0.936493
vn -0.350686 0.000000 0.936493
vn -0.377280 0.000000 0.926099
vn -0.377280 0.000000 0.926099
vn -0.350686 0.000000 0.936493
vn -0.377280 0.000000 0.926099
vn -0.377280 0.000000 0.926099
vn -0.350686 0.000000 0.936493
vn -0.377280 0.000000 0.926099
vn -0.377279 0.002149 0.926097
vn -0.377280 0.000000 0.926099
vn -0.350686 0.000000 0.936493
vn -0.364893 0.000000 0.931050
vn -0.350686 0.000000 0.936493
vn -0.350880 -0.006442 0.936398
vn -0.350686 0.000000 0.936493
vn -0.364893 0.000000 0.931050
vn -0.322966 0.062498 0.944345
vn -0.331369 0.000000 0.943501
vn -0.318054 0.000000 0.948072
vn -0.331369 0.000000 0.943501
vn -0.318054 0.000000 0.948072
vn -0.331369 0.000000 0.943501
vn -0.318054 0.000000 0.948072
vn -0.331369 0.000000 0.943501
vn -0.318054 0.000000 0.948072
vn -0.331369 0.000000 0.943501
vn -0.318054 0.000000 0.948072
vn -0.318054 0.000000 0.948072
vn -0.331369 0.000000 0.943501
vn -0.321673 -0.108950 0.940562
vn -0.318054 0.000000 0.948072
vn -0.331369 0.000000 0.943501
vn -0.297654 0.057425 0.952945
vn -0.305645 0.000000 0.952146
vn -0.293401 0.000000 0.955989
vn -0.305645 0.000000 0.952146
vn -0.293401 0.000000 0.955989
vn -0.305645 0.000000 0.952146
vn -0.293401 0.000000 0.955989
vn -0.305645 0.000000 0.952145
vn -0.293401 0.000000 0.955989
vn -0.293401 0.000000 0.955989
vn -0.305645 0.000000 0.952146
vn -0.293401 0.000000 0.955989
vn -0.305645 0.000000 0.952145
vn -0.296646 -0.100170 0.949719
vn -0.293401 0.000000 0.955989
vn -0.305645 0.000000 0.952146
vn -0.274900 0.032893 0.960910
vn -0.282307 0.000000 0.959324
vn -0.271322 0.000000 0.962489
vn -0.282307 0.000000 0.959324
vn -0.271322 0.000000 0.962489
vn -0.282306 0.000000 0.959324
vn -0.271322 0.000000 0.962489
vn -0.271322 0.000000 0.962489
vn -0.282306 0.000000 0.959324
vn -0.271322 0.000000 0.962489
vn -0.282307 0.000000 0.959324
vn -0.274060 -0.084725 0.957973
vn -0.271322 0.000000 0.962489
vn -0.282307 0.000000 0.959324
vn -0.707106 0.000000 -0.707107
vn -0.707106 0.000000 -0.707107
vn -0.707108 0.000000 0.707106
vn -0.707108 0.000000 0.707106
vn -0.085369 0.000000 -0.996349
vn -0.085369 0.000000 -0.996349
vn -0.545812 0.000000 -0.837908
vn -0.545812 0.000000 -0.837908
vn -0.787275 0.000000 -0.616603
vn -0.787275 0.000000 -0.616603
vn -0.012297 0.037956 -0.999204
vn -0.009377 0.000000 -0.999956
vn -0.015238 -0.000000 -0.999884
vn -0.009377 0.000000 -0.999956
vn -0.015238 -0.000000 -0.999884
vn -0.015238 -0.000000 -0.999884
vn -0.009377 0.000000 -0.999956
vn -0.015238 -0.000000 -0.999884
vn -0.009377 0.000000 -0.999956
vn -0.015238 -0.000000 -0.999884
vn -0.009377 0.000000 -0.999956
vn -0.012221 -0.116944 -0.993063
vn -0.015238 -0.000000 -0.999884
vn -0.009377 0.000000 -0.999956
vn -0.024676 0.019350 -0.999508
vn -0.023469 0.000000 -0.999725
vn -0.030056 -0.000000 -0.999548
vn -0.030056 -0.000000 -0.999548
vn -0.023469 0.000000 -0.999725
vn -0.030056 -0.000000 -0.999548
vn -0.023469 0.000000 -0.999725
vn -0.030056 -0.000000 -0.999548
vn -0.023469 0.000000 -0.999725
vn -0.024603 -0.079101 -0.996563
vn -0.030056 -0.000000 -0.999548
vn -0.023469 0.000000 -0.999725
vn -0.037825 0.023513 -0.999008
vn -0.037802 0.000000 -0.999285
vn -0.044670 -0.000000 -0.999002
vn -0.037802 0.000000 -0.999285
vn -0.044670 -0.000000 -0.999002
vn -0.037802 0.000000 -0.999285
vn -0.044670 -0.000000 -0.999002
vn -0.037802 0.000000 -0.999285
vn -0.037802 0.000000 -0.999285
vn -0.037802 0.000000 -0.999285
vn -0.037802 0.000000 -0.999285
vn -0.044670 -0.000000 -0.999002
vn -0.037802 0.000000 -0.999285
vn -0.037835 -0.002354 -0.999281
vn -0.044670 -0.000000 -0.999002
vn -0.037802 0.000000 -0.999285
vn -0.051666 0.061409 -0.996775
vn -0.050535 0.000000 -0.998722
vn -0.058013 -0.000000 -0.998316
vn -0.050535 0.000000 -0.998722
vn -0.058013 -0.000000 -0.998316
vn -0.050499 -0.000648 -0.998724
vn -0.050499 0.000000 -0.998724
vn -0.058013 -0.000000 -0.998316
vn -0.050499 0.000000 -0.998724
vn -0.058013 -0.000000 -0.998316
vn -0.050499 0.000000 -0.998724
vn -0.050499 0.000000 -0.998724
vn -0.050499 0.000000 -0.998724
vn -0.058013 -0.000000 -0.998316
vn -0.058013 -0.000000 -0.998316
vn -0.050499 0.000669 -0.998724
vn -0.050499 0.000000 -0.998724
vn -0.058013 -0.000000 -0.998316
vn -0.050535 0.000000 -0.998722
vn -0.051646 -0.067528 -0.996380
vn -0.058013 -0.000000 -0.998316
vn -0.050535 0.000000 -0.998722
vn -0.067466 0.015589 -0.997600
vn -0.067176 0.000000 -0.997741
vn -0.076035 -0.000000 -0.997105
vn -0.067176 0.000000 -0.997741
vn -0.076035 -0.000000 -0.997105
vn -0.067176 0.000000 -0.997741
vn -0.067176 0.000000 -0.997741
vn -0.076035 -0.000000 -0.997105
vn -0.076035 -0.000000 -0.997105
vn -0.067176 0.000000 -0.997741
vn -0.076035 -0.000000 -0.997105
vn -0.076035 -0.000000 -0.997105
vn -0.067176 0.000000 -0.997741
vn -0.076035 -0.000000 -0.997105
vn -0.067176 0.000000 -0.997741
vn -0.067464 -0.017148 -0.997574
vn -0.076035 -0.000000 -0.997105
vn -0.067176 0.000000 -0.997741
vn -0.105889 0.008145 -0.994345
vn -0.095506 0.000000 -0.995429
vn -0.106281 -0.000000 -0.994336
vn -0.095506 0.000000 -0.995429
vn -0.106281 -0.000000 -0.994336
vn -0.095506 0.000000 -0.995429
vn -0.106281 -0.000000 -0.994336
vn -0.106281 -0.000000 -0.994336
vn -0.095506 0.000000 -0.995429
vn -0.106281 -0.000000 -0.994336
vn -0.095506 0.000000 -0.995429
vn -0.106281 -0.000000 -0.994336
vn -0.095506 0.000000 -0.995429
vn -0.105877 -0.017104 -0.994232
vn -0.106281 -0.000000 -0.994336
vn -0.095506 0.000000 -0.995429
vn -0.129574 0.036672 -0.990891
vn -0.123591 0.000000 -0.992333
vn -0.136326 -0.000000 -0.990664
vn -0.123591 0.000000 -0.992333
vn -0.136326 -0.000000 -0.990664
vn -0.136326 -0.000000 -0.990664
vn -0.123591 0.000000 -0.992333
vn -0.136326 -0.000000 -0.990664
vn -0.123591 0.000000 -0.992333
vn -0.136326 -0.000000 -0.990664
vn -0.123591 0.000000 -0.992333
vn -0.128830 -0.113034 -0.985204
vn -0.136326 -0.000000 -0.990664
vn -0.123591 0.000000 -0.992333
vn -0.159071 0.053159 -0.985835
vn -0.154307 0.000000 -0.988023
vn -0.171715 -0.000000 -0.985147
vn -0.154307 0.000000 -0.988023
vn -0.171715 -0.000000 -0.985147
vn -0.154307 0.000000 -0.988023
vn -0.171715 -0.000000 -0.985147
vn -0.154307 0.000000 -0.988023
vn -0.171715 -0.000000 -0.985147
vn -0.171715 -0.000000 -0.985147
vn -0.154307 0.000000 -0.988023
vn -0.171715 -0.000000 -0.985147
vn -0.154307 0.000000 -0.988023
vn -0.158310 -0.111104 -0.981119
vn -0.171715 -0.000000 -0.985147
vn -0.154307 0.000000 -0.988023
vn -0.195926 0.042107 -0.979714
vn -0.186071 0.000000 -0.982536
vn -0.206204 -0.000000 -0.978509
vn -0.186071 0.000000 -0.982536
vn -0.206204 -0.000000 -0.978509
vn -0.186071 0.000000 -0.982536
vn -0.206204 -0.000000 -0.978509
vn -0.206204 -0.000000 -0.978509
vn -0.186071 0.000000 -0.982536
vn -0.206204 -0.000000 -0.978509
vn -0.186071 0.000000 -0.982536
vn -0.194448 -0.129549 -0.972321
vn -0.206204 -0.000000 -0.978509
vn -0.186071 0.000000 -0.982536
vn -0.239275 0.020906 -0.970727
vn -0.222781 0.000000 -0.974869
vn -0.244920 -0.000000 -0.969543
vn -0.222781 0.000000 -0.974869
vn -0.244920 -0.000000 -0.969543
vn -0.244920 -0.000000 -0.969543
vn -0.222781 0.000000 -0.974869
vn -0.244920 -0.000000 -0.969543
vn -0.222781 0.000000 -0.974869
vn -0.238453 -0.085423 -0.967390
vn -0.244920 -0.000000 -0.969543
vn -0.222781 0.000000 -0.974869
vn -0.287618 0.072125 -0.955025
vn -0.268306 0.000000 -0.963334
vn -0.294136 -0.000000 -0.955764
vn -0.268306 0.000000 -0.963334
vn -0.294136 -0.000000 -0.955764
vn -0.268306 0.000000 -0.963334
vn -0.294136 -0.000000 -0.955764
vn -0.268306 0.000000 -0.963334
vn -0.294136 -0.000000 -0.955764
vn -0.268306 0.000000 -0.963334
vn -0.294136 -0.000000 -0.955764
vn -0.294136 -0.000000 -0.955764
vn -0.268306 0.000000 -0.963334
vn -0.294136 -0.000000 -0.955764
vn -0.268306 0.000000 -0.963334
vn -0.287461 -0.079301 -0.954504
vn -0.294136 -0.000000 -0.955764
vn -0.268306 0.000000 -0.963334
vn -0.352472 0.058881 -0.933968
vn -0.333189 0.000000 -0.942860
vn -0.371285 -0.000000 -0.928519
vn -0.333190 0.000000 -0.942860
vn -0.371285 -0.000000 -0.928519
vn -0.333190 0.000000 -0.942860
vn -0.371285 -0.000000 -0.928519
vn -0.333190 0.000000 -0.942860
vn -0.371285 -0.000000 -0.928519
vn -0.371285 -0.000000 -0.928519
vn -0.333189 0.000000 -0.942860
vn -0.371285 -0.000000 -0.928519
vn -0.333190 0.000000 -0.942860
vn -0.371285 -0.000000 -0.928519
vn -0.333190 0.000000 -0.942860
vn -0.350407 -0.122931 -0.928495
vn -0.441412 0.039096 -0.896452
vn -0.425365 0.000000 -0.905022
vn -0.475458 -0.000000 -0.879739
vn -0.425365 0.000000 -0.905022
vn -0.475458 -0.000000 -0.879739
vn -0.475458 -0.000000 -0.879739
vn -0.425365 0.000000 -0.905022
vn -0.475458 -0.000000 -0.879739
vn -0.425365 0.000000 -0.905022
vn -0.475458 -0.000000 -0.879739
vn -0.425365 0.000000 -0.905022
vn -0.438536 -0.120410 -0.890611
vn -0.475458 -0.000000 -0.879739
vn -0.425365 0.000000 -0.905022
vn -0.663135 0.029503 -0.747918
vn -0.616291 0.000000 -0.787518
vn -0.672153 -0.000000 -0.740412
vn -0.616291 0.000000 -0.787518
vn -0.672153 -0.000000 -0.740412
vn -0.616291 0.000000 -0.787518
vn -0.672154 -0.000000 -0.740412
vn -0.616291 0.000000 -0.787518
vn -0.672153 -0.000000 -0.740412
vn -0.616291 0.000000 -0.787518
vn -0.672153 -0.000000 -0.740412
vn -0.672153 -0.000000 -0.740412
vn -0.616291 0.000000 -0.787518
vn -0.672153 -0.000000 -0.740412
vn -0.616291 0.000000 -0.787518
vn -0.663075 -0.032453 -0.747849
vn -0.672153 -0.000000 -0.740412
vn -0.616291 0.000000 -0.787518
vn 0.999991 0.000000 -0.004164
vn 0.999991 0.000000 -0.004164
vn -0.004164 0.000000 -0.999991
vn -0.004164 0.000000 -0.999991
vn -0.999991 0.000000 0.004164
vn -0.999991 0.000000 0.004164
vn 0.019359 0.000000 -0.999813
vn 0.019359 0.000000 -0.999813
vn 0.068908 0.000000 -0.997623
vn 0.068908 0.000000 -0.997623
vn 0.068908 0.000000 -0.997623
vn 0.068908 0.000000 -0.997623
vn 0.066894 0.062944 -0.995773
vn 0.067571 0.002997 -0.997710
vn 0.067463 0.000000 -0.997722
vn 0.065329 0.000000 -0.997864
vn 0.067462 0.000000 -0.997722
vn 0.065329 0.000000 -0.997864
vn 0.065329 0.000000 -0.997864
vn 0.065329 0.000000 -0.997864
vn 0.067463 0.000000 -0.997722
vn 0.067463 0.000000 -0.997722
vn 0.065329 0.000000 -0.997864
vn 0.065329 0.000000 -0.997864
vn 0.067463 0.000000 -0.997722
vn 0.067463 0.000000 -0.997722
vn 0.067463 0.000000 -0.997722
vn 0.067463 0.000000 -0.997722
vn 0.065329 0.000000 -0.997864
vn 0.066866 -0.069215 -0.995358
vn 0.067463 0.000000 -0.997722
vn 0.067453 -0.016529 -0.997586
vn 0.067463 0.000000 -0.997722
vn 0.065329 0.000000 -0.997864
vn 0.061350 0.063179 -0.996115
vn 0.063306 0.000000 -0.997994
vn 0.059983 0.000000 -0.998199
vn 0.063306 0.000000 -0.997994
vn 0.059983 0.000000 -0.998199
vn 0.063306 0.000000 -0.997994
vn 0.059983 0.000000 -0.998199
vn 0.059983 0.000000 -0.998199
vn 0.063306 0.000000 -0.997994
vn 0.059983 0.000000 -0.998199
vn 0.063306 0.000000 -0.997994
vn 0.059983 0.000000 -0.998199
vn 0.063306 0.000000 -0.997994
vn 0.060937 -0.131786 -0.989403
vn 0.059983 0.000000 -0.998199
vn 0.063306 0.000000 -0.997994
vn 0.054324 0.017201 -0.998375
vn 0.057919 0.000000 -0.998321
vn 0.054319 0.000000 -0.998524
vn 0.057919 0.000000 -0.998321
vn 0.054319 0.000000 -0.998524
vn 0.057919 0.000000 -0.998321
vn 0.054319 0.000000 -0.998524
vn 0.054319 0.000000 -0.998524
vn 0.057919 0.000000 -0.998321
vn 0.054319 0.000000 -0.998524
vn 0.057919 0.000000 -0.998321
vn 0.054319 0.000000 -0.998524
vn 0.057919 0.000000 -0.998321
vn 0.054319 0.000000 -0.998524
vn 0.057919 0.000000 -0.998321
vn 0.054319 0.000000 -0.998524
vn 0.057919 0.000000 -0.998321
vn 0.054332 -0.001722 -0.998521
vn 0.054319 0.000000 -0.998524
vn 0.057919 0.000000 -0.998321
vn 0.050117 0.000000 -0.998743
vn 0.050117 0.000000 -0.998743
vn 0.050117 0.000000 -0.998743
vn 0.050117 0.000000 -0.998743
vn 0.050117 0.000000 -0.998743
vn 0.050117 0.000000 -0.998743
vn 0.050117 0.000000 -0.998743
vn 0.050117 0.000000 -0.998743
vn 0.042171 0.421881 -0.905670
vn 0.046896 0.030631 -0.998430
vn 0.042781 0.000000 -0.999084
vn 0.046602 0.000000 -0.998914
vn 0.046602 0.000000 -0.998914
vn 0.042781 0.000000 -0.999084
vn 0.046602 0.000000 -0.998914
vn 0.046602 0.000000 -0.998914
vn 0.046602 0.000000 -0.998914
vn 0.042781 0.000000 -0.999084
vn 0.046602 0.000000 -0.998914
vn 0.042781 0.000000 -0.999084
vn 0.042781 0.000000 -0.999084
vn 0.046602 0.000000 -0.998914
vn 0.046602 0.000000 -0.998914
vn 0.046602 0.000000 -0.998914
vn 0.042781 0.000000 -0.999084
vn 0.046602 0.000000 -0.998914
vn 0.046602 0.000000 -0.998914
vn 0.042781 0.000000 -0.999084
vn 0.046602 0.000000 -0.998914
vn 0.046602 0.000000 -0.998914
vn 0.042781 0.000000 -0.999084
vn 0.046463 -0.046520 -0.997836
vn 0.046570 -0.037024 -0.998229
vn 0.046602 0.000000 -0.998914
vn 0.046602 0.000000 -0.998914
vn 0.042781 0.000000 -0.999084
vn 0.038065 0.018234 -0.999109
vn 0.038922 0.000000 -0.999242
vn 0.034530 0.000000 -0.999404
vn 0.034530 0.000000 -0.999404
vn 0.038922 0.000000 -0.999242
vn 0.034530 0.000000 -0.999404
vn 0.038922 0.000000 -0.999242
vn 0.034530 0.000000 -0.999404
vn 0.038922 0.000000 -0.999242
vn 0.037965 -0.074566 -0.996493
vn 0.034530 0.000000 -0.999404
vn 0.038922 0.000000 -0.999242
vn 0.029047 0.003794 -0.999571
vn 0.029245 0.000000 -0.999572
vn 0.024427 0.000000 -0.999702
vn 0.024427 0.000000 -0.999702
vn 0.029245 0.000000 -0.999572
vn 0.024427 0.000000 -0.999702
vn 0.029245 0.000000 -0.999572
vn 0.029042 -0.019344 -0.999391
vn 0.024427 0.000000 -0.999702
vn 0.029245 0.000000 -0.999572
vn 0.010541 0.030481 -0.999480
vn 0.008784 0.000000 -0.999961
vn 0.012616 0.000000 -0.999920
vn 0.012616 0.000000 -0.999920
vn 0.012616 0.000000 -0.999920
vn 0.008784 0.000000 -0.999961
vn 0.008784 0.000000 -0.999961
vn 0.008784 0.000000 -0.999961
vn 0.012616 0.000000 -0.999920
vn 0.008784 0.000000 -0.999961
vn 0.012616 0.000000 -0.999920
vn 0.008784 0.000000 -0.999961
vn 0.012616 0.000000 -0.999920
vn 0.010524 -0.063911 -0.997900
vn 0.008784 0.000000 -0.999961
vn 0.012616 0.000000 -0.999920
vn 0.002487 0.003506 -0.999991
vn -0.001523 -0.000000 -0.999999
vn 0.002772 0.000000 -0.999996
vn 0.002772 0.000000 -0.999996
vn -0.001523 -0.000000 -0.999999
vn -0.001523 -0.000000 -0.999999
vn 0.002772 0.000000 -0.999996
vn 0.002487 -0.017880 -0.999837
vn -0.001523 -0.000000 -0.999999
vn 0.002772 0.000000 -0.999996
vn 0.997594 -0.000000 0.069321
vn 0.997594 0.000000 0.069321
vn 0.069323 0.000000 -0.997594
vn 0.069323 0.000000 -0.997594
vn -0.997594 0.000000 -0.069323
vn -0.997594 0.000000 -0.069323
vn 0.034312 0.000000 -0.999411
vn 0.034312 0.000000 -0.999411
vn 0.060566 0.000000 -0.998164
vn 0.060566 0.000000 -0.998164
vn -0.001066 -0.036610 -0.999329
vn -0.005671 0.000000 -0.999984
vn 0.001217 0.000000 -0.999999
vn -0.005671 0.000000 -0.999984
vn 0.001217 0.000000 -0.999999
vn 0.001217 0.000000 -0.999999
vn -0.005671 0.000000 -0.999984
vn 0.001217 0.000000 -0.999999
vn -0.005671 0.000000 -0.999984
vn 0.001217 0.000000 -0.999999
vn -0.005671 0.000000 -0.999984
vn -0.001060 0.112845 -0.993612
vn 0.001217 0.000000 -0.999999
vn -0.005671 0.000000 -0.999984
vn 0.011564 -0.062613 -0.997971
vn 0.010427 0.000000 -0.999946
vn 0.016206 0.000000 -0.999869
vn 0.016206 0.000000 -0.999869
vn 0.010427 0.000000 -0.999946
vn 0.016206 0.000000 -0.999869
vn 0.010427 0.000000 -0.999946
vn 0.016206 0.000000 -0.999869
vn 0.010427 0.000000 -0.999946
vn 0.010427 0.000000 -0.999946
vn 0.016206 0.000000 -0.999869
vn 0.016206 0.000000 -0.999869
vn 0.010427 0.000000 -0.999946
vn 0.016206 0.000000 -0.999869
vn 0.010427 0.000000 -0.999946
vn 0.011559 0.068851 -0.997560
vn 0.016206 0.000000 -0.999869
vn 0.010427 0.000000 -0.999946
vn 0.023253 -0.074998 -0.996913
vn 0.022111 0.000000 -0.999756
vn 0.027795 0.000000 -0.999614
vn 0.022111 0.000000 -0.999756
vn 0.027795 0.000000 -0.999614
vn 0.022111 0.000000 -0.999756
vn 0.027795 0.000000 -0.999614
vn 0.022111 0.000000 -0.999756
vn 0.027795 0.000000 -0.999614
vn 0.027795 0.000000 -0.999614
vn 0.022111 0.000000 -0.999756
vn 0.027795 0.000000 -0.999614
vn 0.022111 0.000000 -0.999756
vn 0.027795 0.000000 -0.999614
vn 0.022111 0.000000 -0.999756
vn 0.027795 0.000000 -0.999614
vn 0.022111 0.000000 -0.999756
vn 0.023239 0.082455 -0.996324
vn 0.044215 -0.023538 -0.998745
vn 0.040648 0.000000 -0.999174
vn 0.045439 0.000000 -0.998967
vn 0.040648 0.000000 -0.999174
vn 0.045439 0.000000 -0.998967
vn 0.045439 0.000000 -0.998967
vn 0.040648 0.000000 -0.999174
vn 0.045439 0.000000 -0.998967
vn 0.040648 0.000000 -0.999174
vn 0.044023 0.096087 -0.994399
vn 0.045439 0.000000 -0.998967
vn 0.040648 0.000000 -0.999174
vn 0.049664 0.000000 -0.998766
vn 0.049664 0.000000 -0.998766
vn 0.049664 0.000000 -0.998766
vn 0.049664 0.000000 -0.998766
vn 0.049664 0.000000 -0.998766
vn 0.053011 -0.032951 -0.998050
vn 0.052893 -0.019328 -0.998413
vn 0.056655 0.000000 -0.998394
vn 0.053584 0.000000 -0.998563
vn 0.053584 0.000000 -0.998563
vn 0.056655 0.000000 -0.998394
vn 0.053584 0.000000 -0.998563
vn 0.056655 0.000000 -0.998394
vn 0.056655 0.000000 -0.998394
vn 0.053584 0.000000 -0.998563
vn 0.056655 0.000000 -0.998394
vn 0.053584 0.000000 -0.998563
vn 0.053584 0.000000 -0.998563
vn 0.053584 0.000000 -0.998563
vn 0.053584 0.000000 -0.998563
vn 0.056655 0.000000 -0.998394
vn 0.053584 0.000000 -0.998563
vn 0.056655 0.000000 -0.998394
vn 0.053584 0.000000 -0.998563
vn 0.056655 0.000000 -0.998394
vn 0.053584 0.000000 -0.998563
vn 0.049857 0.341212 -0.938663
vn 0.052626 0.075994 -0.995719
vn 0.056655 0.000000 -0.998394
vn 0.053584 0.000000 -0.998563
vn 0.065875 -0.028255 -0.997428
vn 0.064755 0.000000 -0.997901
vn 0.066777 0.000000 -0.997768
vn 0.064755 0.000000 -0.997901
vn 0.066777 0.000000 -0.997768
vn 0.064755 0.000000 -0.997901
vn 0.066777 0.000000 -0.997768
vn 0.066777 0.000000 -0.997768
vn 0.064755 0.000000 -0.997901
vn 0.066777 0.000000 -0.997768
vn 0.064755 0.000000 -0.997901
vn 0.066777 0.000000 -0.997768
vn 0.064755 0.000000 -0.997901
vn 0.065785 0.059258 -0.996073
vn 0.066777 0.000000 -0.997768
vn 0.064755 0.000000 -0.997901
vn 0.069266 -0.008954 -0.997558
vn 0.068919 0.000000 -0.997622
vn 0.070153 0.000000 -0.997536
vn 0.070153 0.000000 -0.997536
vn 0.068919 0.000000 -0.997622
vn 0.070153 0.000000 -0.997536
vn 0.068919 0.000000 -0.997622
vn 0.070153 0.000000 -0.997536
vn 0.068919 0.000000 -0.997622
vn 0.069222 0.036690 -0.996926
vn 0.070153 0.000000 -0.997536
vn 0.068919 0.000000 -0.997622
vn 0.070703 0.000000 -0.997497
vn 0.070703 0.000000 -0.997497
vn 0.070703 0.000000 -0.997497
vn 0.070703 0.000000 -0.997497
vn 0.070703 0.000000 -0.997497
vn 0.070703 0.000000 -0.997497
vn 0.070703 0.000000 -0.997497
vn 0.070803 -0.003673 -0.997483
vn 0.070550 0.032944 -0.996964
vn 0.070837 0.000000 -0.997488
vn 0.070132 0.000000 -0.997538
vn 0.070837 0.000000 -0.997488
vn 0.070837 0.000000 -0.997488
vn 0.070132 0.000000 -0.997538
vn 0.070837 0.000000 -0.997488
vn 0.070132 0.000000 -0.997538
vn 0.070837 0.000000 -0.997488
vn 0.070132 0.000000 -0.997538
vn 0.070837 0.000000 -0.997488
vn 0.070132 0.000000 -0.997538
vn 0.070837 0.000000 -0.997488
vn 0.070132 0.000000 -0.997538
vn 0.070837 0.000000 -0.997488
vn 0.070837 0.000000 -0.997488
vn 0.070837 0.000000 -0.997488
vn 0.070837 0.000000 -0.997488
vn 0.070132 0.000000 -0.997538
vn 0.070542 -0.036238 -0.996850
vn 0.070833 0.010265 -0.997435
vn 0.070837 0.000000 -0.997488
vn 0.070837 0.000000 -0.997488
vn 0.070132 0.000000 -0.997538
vn 0.999931 0.000000 -0.011720
vn 0.999931 0.000000 -0.011720
vn -0.011723 0.000000 -0.999931
vn -0.011723 0.000000 -0.999931
vn -0.941861 0.000000 0.336003
vn -0.941861 0.000000 0.336003
vn -0.979344 0.000000 0.202203
vn -0.979344 0.000000 0.202203
vn -0.997918 0.000000 0.064499
vn -0.997918 0.000000 0.064499
vn -0.977278 -0.000000 -0.211962
vn -0.997225 -0.000000 -0.074450
vn -0.997225 0.000000 -0.074450
vn -0.977278 -0.000000 -0.211962
vn -0.881528 -0.000000 -0.472132
vn -0.938463 -0.000000 -0.345380
vn -0.938463 0.000000 -0.345380
vn -0.881528 -0.000000 -0.472132
vn -0.718029 -0.000000 -0.696014
vn -0.807573 -0.000000 -0.589767
vn -0.807573 0.000000 -0.589767
vn -0.718029 -0.000000 -0.696014
vn -0.499341 -0.000000 -0.866406
vn -0.614618 -0.000000 -0.788825
vn -0.614618 0.000000 -0.788825
vn -0.499341 -0.000000 -0.866406
vn -0.242279 -0.000000 -0.970207
vn -0.374424 -0.000000 -0.927258
vn -0.374424 0.000000 -0.927258
vn -0.242279 -0.000000 -0.970207
vn 0.033407 0.000000 -0.999442
vn -0.105453 -0.000000 -0.994424
vn -0.105453 0.000000 -0.994424
vn 0.033407 0.000000 -0.999442
vn -0.930055 0.000000 0.367420
vn -0.930055 0.000000 0.367420
vn -0.954058 0.000000 0.299623
vn -0.954058 0.000000 0.299623
vn -0.973125 0.000000 0.230276
vn -0.973125 0.000000 0.230276
vn -0.987160 0.000000 0.159737
vn -0.987160 0.000000 0.159737
vn -0.996087 0.000000 0.088375
vn -0.996087 0.000000 0.088375
vn -0.999863 0.000000 0.016552
vn -0.999863 0.000000 0.016552
vn -0.998467 0.000000 -0.055355
vn -0.998467 -0.000000 -0.055355
vn -0.991906 0.000000 -0.126974
vn -0.991906 -0.000000 -0.126974
vn -0.980214 0.000000 -0.197940
vn -0.980214 -0.000000 -0.197940
vn -0.963453 0.000000 -0.267879
vn -0.963453 -0.000000 -0.267879
vn -0.941707 0.000000 -0.336433
vn -0.941707 -0.000000 -0.336433
vn -0.915091 0.000000 -0.403246
vn -0.915091 -0.000000 -0.403246
vn -0.883742 0.000000 -0.467975
vn -0.883742 -0.000000 -0.467975
vn -0.095141 0.000000 0.995464
vn -0.095141 0.000000 0.995464
vn -0.231005 0.000000 0.972952
vn -0.231005 0.000000 0.972952
vn -0.362489 0.000000 0.931988
vn -0.362489 0.000000 0.931988
vn -0.487097 0.000000 0.873348
vn -0.487097 0.000000 0.873348
vn -0.602468 0.000000 0.798143
vn -0.602468 0.000000 0.798143
vn -0.706411 0.000000 0.707801
vn -0.706411 0.000000 0.707801
vn -0.796958 0.000000 0.604035
vn -0.796958 0.000000 0.604035
vn -0.872388 0.000000 0.488814
vn -0.872388 0.000000 0.488814
vn -0.931274 0.000000 0.364321
vn -0.931274 0.000000 0.364321
vn -0.972496 0.000000 0.232918
vn -0.972496 0.000000 0.232918
vn -0.995275 0.000000 0.097098
vn -0.995275 0.000000 0.097098
vn -0.999177 -0.000000 -0.040563
vn -0.999177 0.000000 -0.040563
vn -0.984129 -0.000000 -0.177456
vn -0.984129 0.000000 -0.177456
vn -0.950415 -0.000000 -0.310984
vn -0.950415 0.000000 -0.310984
vn -0.898677 -0.000000 -0.438611
vn -0.898677 0.000000 -0.438611
vn -0.023659 0.000000 0.999720
vn -0.023659 0.000000 0.999720
vn -0.018002 0.000000 0.999838
vn -0.018002 0.000000 0.999838
vn -0.009717 0.000000 0.999953
vn -0.009717 0.000000 0.999953
vn 0.001612 0.000000 0.999999
vn 0.001612 0.000000 0.999999
vn 0.013702 0.000000 0.999906
vn 0.013702 0.000000 0.999906
vn 0.026420 0.063116 0.997656
vn 0.028432 -0.000000 0.999596
vn 0.021936 0.000000 0.999759
vn 0.028432 -0.000000 0.999596
vn 0.028432 -0.000000 0.999596
vn 0.021936 0.000000 0.999759
vn 0.021936 0.000000 0.999759
vn 0.028432 -0.000000 0.999596
vn 0.021936 0.000000 0.999759
vn 0.021936 0.000000 0.999759
vn 0.028432 -0.000000 0.999596
vn 0.026420 -0.063110 0.997657
vn 0.021936 0.000000 0.999759
vn 0.028432 -0.000000 0.999596
vn 0.039917 0.029249 0.998775
vn 0.044465 -0.000000 0.999011
vn 0.044465 -0.000000 0.999011
vn 0.037442 0.000000 0.999299
vn 0.037442 0.000000 0.999299
vn 0.044465 -0.000000 0.999011
vn 0.037442 0.000000 0.999299
vn 0.039841 -0.068114 0.996882
vn 0.044465 -0.000000 0.999011
vn 0.037442 0.000000 0.999299
vn 0.054298 0.040097 0.997719
vn 0.057235 -0.000000 0.998361
vn 0.057235 -0.000000 0.998361
vn 0.049806 0.000000 0.998759
vn 0.057235 -0.000000 0.998361
vn 0.049806 0.000000 0.998759
vn 0.049806 0.000000 0.998759
vn 0.057235 -0.000000 0.998361
vn 0.049806 0.000000 0.998759
vn 0.054221 -0.066730 0.996297
vn 0.057235 -0.000000 0.998361
vn 0.049806 0.000000 0.998759
vn 0.070313 0.044664 0.996525
vn 0.063678 0.000000 0.997971
vn 0.072067 -0.000000 0.997400
vn 0.072067 -0.000000 0.997400
vn 0.063678 0.000000 0.997970
vn 0.072067 -0.000000 0.997400
vn 0.072067 -0.000000 0.997400
vn 0.063678 0.000000 0.997971
vn 0.063678 0.000000 0.997970
vn 0.072067 -0.000000 0.997400
vn 0.063678 0.000000 0.997971
vn 0.070313 -0.044660 0.996525
vn 0.072067 -0.000000 0.997400
vn 0.063678 0.000000 0.997971
vn 0.088251 0.078440 0.993005
vn 0.080296 0.000000 0.996771
vn 0.089545 -0.000000 0.995983
vn 0.080296 0.000000 0.996771
vn 0.089545 -0.000000 0.995983
vn 0.080296 0.000000 0.996771
vn 0.089545 -0.000000 0.995983
vn 0.089545 -0.000000 0.995983
vn 0.080296 0.000000 0.996771
vn 0.080296 0.000000 0.996771
vn 0.089545 -0.000000 0.995983
vn 0.089545 -0.000000 0.995983
vn 0.080296 0.000000 0.996771
vn 0.088493 -0.026216 0.995732
vn 0.089545 -0.000000 0.995983
vn 0.080296 0.000000 0.996771
vn 0.109111 0.036118 0.993373
vn 0.100168 0.000000 0.994971
vn 0.110941 -0.000000 0.993827
vn 0.100168 0.000000 0.994971
vn 0.110941 -0.000000 0.993827
vn 0.110941 -0.000000 0.993827
vn 0.100168 0.000000 0.994971
vn 0.100168 0.000000 0.994971
vn 0.110941 -0.000000 0.993827
vn 0.110941 -0.000000 0.993827
vn 0.100168 0.000000 0.994971
vn 0.109111 -0.036115 0.993373
vn 0.110941 -0.000000 0.993827
vn 0.100168 0.000000 0.994971
vn 0.132894 0.038225 0.990393
vn 0.127086 0.000000 0.991892
vn 0.140018 -0.000000 0.990149
vn 0.140018 -0.000000 0.990149
vn 0.127086 0.000000 0.991892
vn 0.127086 0.000000 0.991892
vn 0.140018 -0.000000 0.990149
vn 0.140018 -0.000000 0.990149
vn 0.127086 0.000000 0.991892
vn 0.132721 -0.063623 0.989109
vn 0.140018 -0.000000 0.990149
vn 0.127086 0.000000 0.991892
vn 0.159379 0.027018 0.986848
vn 0.152457 0.000000 0.988310
vn 0.165817 -0.000000 0.986157
vn 0.165817 -0.000000 0.986157
vn 0.152457 0.000000 0.988310
vn 0.152457 0.000000 0.988310
vn 0.165817 -0.000000 0.986157
vn 0.165817 -0.000000 0.986157
vn 0.152457 0.000000 0.988310
vn 0.159276 -0.045000 0.986208
vn 0.165817 -0.000000 0.986157
vn 0.152457 0.000000 0.988310
vn 0.192347 0.038298 0.980579
vn 0.184716 0.000000 0.982792
vn 0.204366 -0.000000 0.978895
vn 0.204366 -0.000000 0.978895
vn 0.184716 0.000000 0.982792
vn 0.204366 -0.000000 0.978895
vn 0.184716 0.000000 0.982792
vn 0.184716 0.000000 0.982792
vn 0.204366 -0.000000 0.978895
vn 0.192097 -0.063745 0.979303
vn 0.204366 -0.000000 0.978895
vn 0.184716 0.000000 0.982792
vn 0.794075 0.000000 -0.607820
vn 0.794075 0.000000 -0.607820
vn 0.895230 0.000000 -0.445605
vn 0.895230 0.000000 -0.445605
vn 0.963673 0.000000 -0.267086
vn 0.963673 0.000000 -0.267086
vn 0.996888 0.000000 -0.078831
vn 0.996888 0.000000 -0.078831
vn 0.993673 0.000000 0.112311
vn 0.993673 0.000000 0.112311
vn 0.954141 0.000000 0.299358
vn 0.954141 0.000000 0.299358
vn 0.879734 0.000000 0.475466
vn 0.879734 0.000000 0.475466
vn 0.773183 0.000000 0.634183
vn 0.773183 0.000000 0.634183
vn 0.480233 0.000000 0.877141
vn 0.638370 0.000000 0.769730
vn 0.638370 0.000000 0.769730
vn 0.304527 0.000000 0.952504
vn 0.480233 0.000000 0.877141
vn 0.304527 0.000000 0.952504
vn 0.713604 0.000000 -0.700549
vn 0.713604 0.000000 -0.700549
vn 0.678123 0.000000 -0.734948
vn 0.678123 0.000000 -0.734948
vn 0.525813 0.000000 -0.850600
vn 0.525813 0.000000 -0.850600
vn 0.293109 0.000000 -0.956079
vn 0.293109 0.000000 -0.956079
vn 0.208014 0.000000 -0.978126
vn 0.208014 0.000000 -0.978126
vn 0.189678 0.000000 -0.981846
vn 0.189678 0.000000 -0.981846
vn 0.172262 0.000000 -0.985051
vn 0.172262 0.000000 -0.985051
vn 0.155506 0.000000 -0.987835
vn 0.155506 0.000000 -0.987835
vn 0.140641 0.000000 -0.990061
vn 0.140641 0.000000 -0.990061
vn 0.125962 0.000000 -0.992035
vn 0.125962 0.000000 -0.992035
vn 0.110342 0.000000 -0.993894
vn 0.110342 0.000000 -0.993894
vn 0.638492 0.078061 -0.765659
vn 0.637521 0.000000 -0.770433
vn 0.658222 0.000000 -0.752824
vn 0.658222 0.000000 -0.752824
vn 0.637521 0.000000 -0.770433
vn 0.658222 0.000000 -0.752824
vn 0.637521 0.000000 -0.770433
vn 0.637521 0.000000 -0.770433
vn 0.658222 0.000000 -0.752824
vn 0.640228 -0.026089 -0.767741
vn 0.658222 0.000000 -0.752824
vn 0.637521 0.000000 -0.770433
vn 0.600049 0.031535 -0.799341
vn 0.589697 0.000000 -0.807625
vn 0.609283 0.000000 -0.792953
vn 0.609283 0.000000 -0.792953
vn 0.589697 0.000000 -0.807625
vn 0.599519 -0.052511 -0.798636
vn 0.609283 0.000000 -0.792953
vn 0.589697 0.000000 -0.807625
vn 0.562131 0.015978 -0.826894
vn 0.565021 0.000000 -0.825077
vn 0.565021 0.000000 -0.825077
vn 0.546721 0.000000 -0.837315
vn 0.546721 0.000000 -0.837315
vn 0.562003 -0.026623 -0.826706
vn 0.565021 0.000000 -0.825077
vn 0.546721 0.000000 -0.837315
vn 0.490797 0.025530 -0.870900
vn 0.490244 0.000000 -0.871585
vn 0.507522 0.000000 -0.861639
vn 0.490244 0.000000 -0.871585
vn 0.507522 0.000000 -0.861639
vn 0.507522 0.000000 -0.861639
vn 0.490244 0.000000 -0.871585
vn 0.490244 0.000000 -0.871585
vn 0.507522 0.000000 -0.861639
vn 0.507522 0.000000 -0.861639
vn 0.490244 0.000000 -0.871585
vn 0.490797 -0.025525 -0.870900
vn 0.490244 0.000000 -0.871585
vn 0.507522 0.000000 -0.861639
vn 0.455127 0.085083 -0.886352
vn 0.454442 0.000000 -0.890776
vn 0.471843 0.000000 -0.881683
vn 0.471843 0.000000 -0.881683
vn 0.454443 0.000000 -0.890776
vn 0.471843 0.000000 -0.881683
vn 0.454442 0.000000 -0.890776
vn 0.454442 0.000000 -0.890776
vn 0.471843 0.000000 -0.881683
vn 0.456598 -0.028451 -0.889218
vn 0.454442 0.000000 -0.890776
vn 0.471843 0.000000 -0.881683
vn 0.423805 0.061229 -0.903681
vn 0.438285 0.000000 -0.898836
vn 0.422941 0.000000 -0.906157
vn 0.438285 0.000000 -0.898836
vn 0.422941 0.000000 -0.906157
vn 0.438285 0.000000 -0.898836
vn 0.422941 0.000000 -0.906157
vn 0.438285 0.000000 -0.898836
vn 0.422941 0.000000 -0.906157
vn 0.424513 -0.020442 -0.905191
vn 0.422941 0.000000 -0.906157
vn 0.438285 0.000000 -0.898836
vn 0.394632 0.048115 -0.917578
vn 0.408472 0.000000 -0.912771
vn 0.393875 0.000000 -0.919164
vn 0.408472 0.000000 -0.912771
vn 0.393875 0.000000 -0.919164
vn 0.408472 0.000000 -0.912771
vn 0.408472 0.000000 -0.912771
vn 0.395039 -0.016053 -0.918524
vn 0.393875 0.000000 -0.919164
vn 0.408472 0.000000 -0.912771
vn 0.380699 0.000000 -0.924699
vn 0.393704 -0.001356 -0.919236
vn 0.380699 0.000000 -0.924699
vn 0.393704 0.001356 -0.919236
vn 0.393704 0.000000 -0.919237
vn 0.393704 0.000000 -0.919237
vn 0.380699 0.000000 -0.924699
vn 0.380699 0.000000 -0.924699
vn 0.366252 0.059144 -0.928634
vn 0.368194 0.006479 -0.929727
vn 0.368201 0.000000 -0.929746
vn 0.354752 0.000000 -0.934960
vn 0.368201 0.000000 -0.929746
vn 0.368201 0.000000 -0.929746
vn 0.354752 0.000000 -0.934960
vn 0.368201 0.000000 -0.929746
vn 0.368201 0.000000 -0.929746
vn 0.354752 0.000000 -0.934960
vn 0.368201 0.000000 -0.929746
vn 0.354752 0.000000 -0.934960
vn 0.368201 0.000000 -0.929746
vn 0.368201 0.000000 -0.929746
vn 0.367860 -0.006650 -0.929858
vn 0.366823 -0.019744 -0.930081
vn 0.354752 0.000000 -0.934960
vn 0.368201 0.000000 -0.929746
vn 0.330419 0.000000 -0.943834
vn 0.339853 0.024346 -0.940163
vn 0.330419 0.000000 -0.943834
vn 0.343459 0.000000 -0.939168
vn 0.343459 0.000000 -0.939168
vn 0.339674 -0.040555 -0.939668
vn 0.330419 0.000000 -0.943834
vn 0.343459 0.000000 -0.939168
vn 0.309316 0.000000 -0.950959
vn 0.315939 0.021925 -0.948526
vn 0.320129 0.000000 -0.947374
vn 0.320129 0.000000 -0.947374
vn 0.309316 0.000000 -0.950959
vn 0.320129 0.000000 -0.947374
vn 0.315804 -0.036524 -0.948121
vn 0.309316 0.000000 -0.950959
vn 0.269669 0.030398 -0.962473
vn 0.267819 0.000000 -0.963469
vn 0.279294 0.000000 -0.960206
vn 0.267819 0.000000 -0.963469
vn 0.267819 0.000000 -0.963469
vn 0.279294 0.000000 -0.960205
vn 0.279294 0.000000 -0.960206
vn 0.269669 -0.030399 -0.962473
vn 0.267819 0.000000 -0.963469
vn 0.279294 0.000000 -0.960205
vn 0.242241 0.000000 -0.970216
vn 0.247772 0.031248 -0.968314
vn 0.242241 0.000000 -0.970216
vn 0.252819 0.000000 -0.967514
vn 0.252819 0.000000 -0.967514
vn 0.247558 -0.052033 -0.967475
vn 0.242241 0.000000 -0.970216
vn 0.252819 0.000000 -0.967514
vn 0.219548 0.000000 -0.975602
vn 0.227346 0.019864 -0.973611
vn 0.229378 0.000000 -0.973337
vn 0.219548 0.000000 -0.975602
vn 0.229378 0.000000 -0.973337
vn 0.227266 -0.033095 -0.973270
vn 0.219548 0.000000 -0.975602
vn 0.229378 0.000000 -0.973337
vn -0.737277 0.000000 0.675591
vn -0.737277 0.000000 0.675591
vn -0.793353 0.000000 0.608761
vn -0.793353 0.000000 0.608761
vn -0.843391 0.000000 0.537300
vn -0.843391 0.000000 0.537300
vn -0.887011 0.000000 0.461749
vn -0.887011 0.000000 0.461749
vn -0.923880 0.000000 0.382683
vn -0.953717 0.000000 0.300706
vn -0.923880 0.000000 0.382683
vn -0.976296 0.000000 0.216439
vn -0.953717 0.000000 0.300706
vn -0.976296 0.000000 0.216439
vn -0.991445 0.000000 0.130526
vn -0.999048 0.000000 0.043620
vn -0.991445 0.000000 0.130526
vn -0.999048 0.000000 0.043620
vn -0.999048 0.000000 -0.043620
vn -0.991445 -0.000000 -0.130526
vn -0.999048 -0.000000 -0.043620
vn -0.991445 0.000000 -0.130526
vn -0.976296 0.000000 -0.216439
vn -0.953717 -0.000000 -0.300706
vn -0.976296 0.000000 -0.216439
vn -0.953717 0.000000 -0.300706
vn -0.923880 0.000000 -0.382683
vn -0.887011 -0.000000 -0.461749
vn -0.923880 0.000000 -0.382683
vn -0.887011 0.000000 -0.461749
vn -0.843391 0.000000 -0.537300
vn -0.843391 0.000000 -0.537300
vn -0.793353 0.000000 -0.608761
vn -0.793353 0.000000 -0.608761
vn -0.737277 -0.000000 -0.675591
vn -0.737277 0.000000 -0.675591
vn -0.589070 0.000000 0.808082
vn -0.589070 0.000000 0.808082
vn -0.650756 0.000000 0.759287
vn -0.650756 0.000000 0.759287
vn -0.708417 0.000000 0.705794
vn -0.708417 0.000000 0.705794
vn 0.485983 0.000000 0.873968
vn 0.485983 0.000000 0.873968
vn 0.410413 0.000000 0.911900
vn 0.410413 -0.000000 0.911900
vn 0.331907 0.000000 0.943312
vn 0.331907 -0.000000 0.943312
vn 0.251030 0.000000 0.967979
vn 0.251030 -0.000000 0.967979
vn 0.168357 0.000000 0.985726
vn 0.084481 0.000000 0.996425
vn 0.168357 -0.000000 0.985726
vn 0.084481 0.000000 0.996425
vn -0.000000 0.000000 1.000000
vn -0.084481 0.000000 0.996425
vn 0.000000 0.000000 1.000000
vn -0.084481 0.000000 0.996425
vn -0.168357 0.000000 0.985726
vn -0.168357 0.000000 0.985726
vn -0.251030 0.000000 0.967979
vn -0.331907 0.000000 0.943312
vn -0.251030 0.000000 0.967979
vn -0.331907 0.000000 0.943312
vn -0.410413 0.000000 0.911900
vn -0.410413 0.000000 0.911900
vn -0.485983 0.000000 0.873968
vn -0.485983 0.000000 0.873968
vn 0.708417 0.000000 0.705794
vn 0.708417 0.000000 0.705794
vn 0.650756 0.000000 0.759287
vn 0.650756 -0.000000 0.759287
vn 0.589070 0.000000 0.808082
vn 0.589070 -0.000000 0.808082
vn 0.737277 0.000000 -0.675591
vn 0.737277 0.000000 -0.675591
vn 0.793353 0.000000 -0.608761
vn 0.843391 0.000000 -0.537300
vn 0.793353 0.000000 -0.608761
vn 0.843391 0.000000 -0.537300
vn 0.887011 0.000000 -0.461749
vn 0.887011 0.000000 -0.461749
vn 0.923880 0.000000 -0.382683
vn 0.923880 0.000000 -0.382683
vn 0.953717 0.000000 -0.300706
vn 0.953717 0.000000 -0.300706
vn 0.976296 0.000000 -0.216439
vn 0.976296 0.000000 -0.216439
vn 0.991445 0.000000 -0.130526
vn 0.999048 0.000000 -0.043620
vn 0.991445 0.000000 -0.130526
vn 0.999048 0.000000 -0.043620
vn 0.999048 0.000000 0.043620
vn 0.999048 0.000000 0.043620
vn 0.991445 0.000000 0.130526
vn 0.976296 0.000000 0.216439
vn 0.991445 -0.000000 0.130526
vn 0.976296 0.000000 0.216439
vn 0.953717 0.000000 0.300706
vn 0.923880 0.000000 0.382683
vn 0.953717 -0.000000 0.300706
vn 0.923880 0.000000 0.382683
vn 0.887011 -0.000000 0.461749
vn 0.887011 0.000000 0.461749
vn 0.843391 -0.000000 0.537300
vn 0.843391 0.000000 0.537300
vn 0.793353 -0.000000 0.608761
vn 0.793353 0.000000 0.608761
vn 0.737277 -0.000000 0.675591
vn 0.737277 0.000000 0.675591
vn 0.589070 0.000000 -0.808082
vn 0.589070 0.000000 -0.808082
vn 0.650756 0.000000 -0.759287
vn 0.708417 0.000000 -0.705794
vn 0.650756 0.000000 -0.759287
vn 0.708417 0.000000 -0.705794
vn -0.485983 0.000000 -0.873968
vn -0.485983 0.000000 -0.873968
vn -0.410413 0.000000 -0.911900
vn -0.331907 -0.000000 -0.943312
vn -0.410413 0.000000 -0.911900
vn -0.331907 0.000000 -0.943312
vn -0.251030 0.000000 -0.967979
vn -0.251030 0.000000 -0.967979
vn -0.168357 0.000000 -0.985726
vn -0.084481 -0.000000 -0.996425
vn -0.168357 0.000000 -0.985726
vn -0.084481 0.000000 -0.996425
vn -0.000000 0.000000 -1.000000
vn 0.000000 0.000000 -1.000000
vn 0.084481 0.000000 -0.996425
vn 0.168357 0.000000 -0.985726
vn 0.084481 0.000000 -0.996425
vn 0.168357 0.000000 -0.985726
vn 0.251030 0.000000 -0.967979
vn 0.251030 0.000000 -0.967979
vn 0.331907 0.000000 -0.943312
vn 0.410413 0.000000 -0.911900
vn 0.331907 0.000000 -0.943312
vn 0.485983 0.000000 -0.873968
vn 0.410413 0.000000 -0.911900
vn 0.485983 0.000000 -0.873968
vn -0.708417 0.000000 -0.705794
vn -0.708417 0.000000 -0.705794
vn -0.650756 0.000000 -0.759287
vn -0.589070 -0.000000 -0.808082
vn -0.650756 0.000000 -0.759287
vn -0.589070 0.000000 -0.808082
vn -0.998102 -0.000000 -0.061578
vn -0.998102 0.000000 -0.061578
vn -0.982974 0.000000 -0.183745
vn -0.982974 0.000000 -0.183745
vn -0.952943 0.000000 -0.303150
vn -0.952943 0.000000 -0.303150
vn -0.908466 0.000000 -0.417958
vn -0.908466 0.000000 -0.417958
vn -0.850217 -0.000000 -0.526433
vn -0.850217 0.000000 -0.526433
vn -0.779082 0.000000 -0.626922
vn -0.779082 0.000000 -0.626922
vn -0.696131 0.000000 -0.717915
vn -0.696131 0.000000 -0.717915
vn -0.602636 0.000000 -0.798016
vn -0.602636 0.000000 -0.798016
vn -0.499999 -0.000000 -0.866026
vn -0.499999 0.000000 -0.866026
vn -0.389786 0.000000 -0.920905
vn -0.389786 0.000000 -0.920905
vn -0.273664 0.000000 -0.961825
vn -0.273664 0.000000 -0.961825
vn -0.153392 0.000000 -0.988165
vn -0.153392 0.000000 -0.988165
vn -0.030795 -0.000000 -0.999526
vn -0.030795 0.000000 -0.999526
vn 0.092268 0.000000 -0.995734
vn 0.092268 0.000000 -0.995734
vn 0.213932 0.000000 -0.976849
vn 0.213932 0.000000 -0.976849
vn 0.332355 0.000000 -0.943154
vn 0.332355 0.000000 -0.943154
vn 0.445739 0.000000 -0.895163
vn 0.445739 0.000000 -0.895163
vn 0.552366 0.000000 -0.833602
vn 0.650617 0.000000 -0.759406
vn 0.552366 0.000000 -0.833602
vn 0.650617 0.000000 -0.759406
vn 0.739009 0.000000 -0.673696
vn 0.739009 0.000000 -0.673696
vn 0.816195 0.000000 -0.577776
vn 0.816195 0.000000 -0.577776
vn 0.881014 0.000000 -0.473091
vn 0.881014 0.000000 -0.473091
vn 0.932471 0.000000 -0.361244
vn 0.932471 0.000000 -0.361244
vn 0.969797 0.000000 -0.243914
vn 0.969797 0.000000 -0.243914
vn 0.992420 0.000000 -0.122890
vn 0.992420 0.000000 -0.122890
vn 1.000000 -0.000000 0.000000
vn 1.000000 0.000000 0.000000
vn 0.992420 -0.000000 0.122890
vn 0.992420 0.000000 0.122890
vn 0.969797 -0.000000 0.243914
vn 0.969797 0.000000 0.243914
vn 0.932471 -0.000000 0.361244
vn 0.932471 0.000000 0.361244
vn 0.881014 -0.000000 0.473091
vn 0.881014 0.000000 0.473091
vn 0.816195 -0.000000 0.577776
vn 0.816195 0.000000 0.577776
vn 0.739009 -0.000000 0.673696
vn 0.739009 0.000000 0.673696
vn 0.650617 -0.000000 0.759406
vn 0.650617 0.000000 0.759406
vn 0.552365 -0.000000 0.833602
vn 0.552365 0.000000 0.833602
vn 0.445740 -0.000000 0.895163
vn 0.445740 0.000000 0.895163
vn 0.332355 -0.000000 0.943154
vn 0.332355 0.000000 0.943154
vn 0.213932 -0.000000 0.976849
vn 0.213932 0.000000 0.976849
vn 0.092268 -0.000000 0.995734
vn 0.092268 0.000000 0.995734
vn -0.030795 0.000000 0.999526
vn -0.030795 0.000000 0.999526
vn -0.153392 0.000000 0.988165
vn -0.153392 0.000000 0.988165
vn -0.273664 0.000000 0.961825
vn -0.273664 0.000000 0.961825
vn -0.389786 0.000000 0.920905
vn -0.389786 0.000000 0.920905
vn -0.499999 0.000000 0.866026
vn -0.499999 0.000000 0.866026
vn -0.602636 0.000000 0.798016
vn -0.602636 0.000000 0.798016
vn -0.696131 0.000000 0.717915
vn -0.696131 0.000000 0.717915
vn -0.779082 0.000000 0.626922
vn -0.779082 0.000000 0.626922
vn -0.850217 0.000000 0.526433
vn -0.850217 0.000000 0.526433
vn -0.908466 0.000000 0.417958
vn -0.908466 0.000000 0.417958
vn -0.952943 0.000000 0.303150
vn -0.982974 0.000000 0.183745
vn -0.952943 0.000000 0.303150
vn -0.982974 0.000000 0.183745
vn -0.998102 0.000000 0.061578
vn -0.998102 0.000000 0.061578
vn -0.118960 0.000000 0.992899
vn -0.118960 0.000000 0.992899
vn -0.319606 0.000000 0.947551
vn -0.319606 0.000000 0.947551
vn -0.506723 0.000000 0.862109
vn -0.506723 0.000000 0.862109
vn -0.672420 0.000000 0.740170
vn -0.672420 0.000000 0.740170
vn -0.809631 0.000000 0.586939
vn -0.809631 0.000000 0.586939
vn -0.912602 0.000000 0.408849
vn -0.912602 0.000000 0.408849
vn -0.976953 0.000000 0.213454
vn -0.976953 0.000000 0.213454
vn -0.999959 0.000000 0.009061
vn -0.999959 0.000000 0.009061
vn -0.980649 -0.000000 -0.195773
vn -0.980649 0.000000 -0.195773
vn -0.919860 -0.000000 -0.392247
vn -0.919860 0.000000 -0.392247
vn -0.820117 -0.000000 -0.572195
vn -0.820117 0.000000 -0.572195
vn -0.685683 -0.000000 -0.727900
vn -0.685683 0.000000 -0.727900
vn -0.522254 -0.000000 -0.852790
vn -0.522254 0.000000 -0.852790
vn -0.336697 -0.000000 -0.941613
vn -0.336697 0.000000 -0.941613
vn -0.021742 0.000000 0.999764
vn -0.021742 0.000000 0.999764
vn -0.031573 0.000000 0.999501
vn -0.031573 0.000000 0.999501
vn -0.147097 -0.000000 -0.989122
vn 0.000154 0.000000 -1.000000
vn -0.147097 -0.000000 -0.989122
vn 0.000154 0.000000 -1.000000
vn 0.147399 0.000000 -0.989077
vn 0.147399 0.000000 -0.989077
vn 0.291430 0.000000 -0.956592
vn 0.291430 0.000000 -0.956592
vn 0.429114 0.000000 -0.903250
vn 0.429114 0.000000 -0.903250
vn 0.557439 0.000000 -0.830218
vn 0.557439 0.000000 -0.830218
vn 0.673614 0.000000 -0.739084
vn 0.673614 0.000000 -0.739084
vn 0.775093 0.000000 -0.631847
vn 0.775093 0.000000 -0.631847
vn 0.859682 0.000000 -0.510830
vn 0.859682 0.000000 -0.510830
vn 0.925529 0.000000 -0.378676
vn 0.925529 0.000000 -0.378676
vn 0.971202 0.000000 -0.238256
vn 0.971202 0.000000 -0.238256
vn 0.995698 0.000000 -0.092658
vn 0.995698 0.000000 -0.092658
vn 0.998488 0.000000 0.054976
vn 0.998488 0.000000 0.054976
vn 0.979512 0.000000 0.201384
vn 0.979512 0.000000 0.201384
vn 0.939180 0.000000 0.343425
vn 0.939180 0.000000 0.343425
vn 0.878370 0.000000 0.477982
vn 0.878370 0.000000 0.477982
vn 0.798412 0.000000 0.602112
vn 0.798412 0.000000 0.602112
vn 0.701059 0.000000 0.713103
vn 0.701059 0.000000 0.713103
vn 0.588414 0.000000 0.808559
vn 0.588414 0.000000 0.808559
vn 0.462935 0.000000 0.886392
vn 0.462935 0.000000 0.886392
vn 0.327369 0.000000 0.944897
vn 0.327369 0.000000 0.944897
vn 0.184668 0.000000 0.982801
vn 0.184668 0.000000 0.982801
vn 0.037940 0.000000 0.999280
vn 0.037940 0.000000 0.999280
vn -0.224526 -0.000000 -0.974468
vn -0.224526 0.000000 -0.974468
vn -0.233700 0.000000 -0.972309
vn -0.233700 -0.000000 -0.972309
vn -0.980181 0.000000 0.198106
vn -0.998164 0.000000 0.060561
vn -0.980181 0.000000 0.198106
vn -0.998164 0.000000 0.060561
vn -0.996942 -0.000000 -0.078150
vn -0.996942 0.000000 -0.078150
vn -0.976537 -0.000000 -0.215348
vn -0.976537 0.000000 -0.215348
vn -0.880107 -0.000000 -0.474776
vn -0.937342 -0.000000 -0.348412
vn -0.937342 0.000000 -0.348412
vn -0.880107 -0.000000 -0.474776
vn -0.716266 -0.000000 -0.697827
vn -0.805941 -0.000000 -0.591995
vn -0.805941 0.000000 -0.591995
vn -0.716266 -0.000000 -0.697827
vn -0.612805 -0.000000 -0.790234
vn -0.612805 0.000000 -0.790234
vn -0.497559 -0.000000 -0.867430
vn -0.497559 0.000000 -0.867430
vn -0.372738 -0.000000 -0.927937
vn -0.372738 0.000000 -0.927937
vn -0.240743 -0.000000 -0.970589
vn -0.240743 0.000000 -0.970589
vn -0.974353 0.000000 0.225024
vn -0.974353 0.000000 0.225024
vn -0.989762 0.000000 0.142731
vn -0.989762 0.000000 0.142731
vn -0.998232 0.000000 0.059446
vn -0.998232 0.000000 0.059446
vn -0.999706 0.000000 -0.024266
vn -0.999706 -0.000000 -0.024266
vn -0.994172 0.000000 -0.107805
vn -0.994172 -0.000000 -0.107805
vn -0.130031 0.000000 0.991510
vn -0.130031 0.000000 0.991510
vn -0.265467 0.000000 0.964120
vn -0.265467 0.000000 0.964120
vn -0.395827 0.000000 0.918325
vn -0.395827 0.000000 0.918325
vn -0.518638 0.000000 0.854994
vn -0.518638 0.000000 0.854994
vn -0.732388 0.000000 0.680887
vn -0.631547 0.000000 0.775338
vn -0.631547 0.000000 0.775338
vn -0.732388 0.000000 0.680887
vn -0.819256 0.000000 0.573428
vn -0.819256 0.000000 0.573428
vn -0.890481 0.000000 0.455021
vn -0.890481 0.000000 0.455021
vn -0.944702 0.000000 0.327930
vn -0.944702 0.000000 0.327930
vn -0.980887 0.000000 0.194578
vn -0.980887 0.000000 0.194578
vn -0.998345 0.000000 0.057505
vn -0.998345 0.000000 0.057505
vn -0.996742 -0.000000 -0.080658
vn -0.996742 0.000000 -0.080658
vn -0.066448 0.000000 0.997790
vn -0.066448 0.000000 0.997790
vn -0.070242 0.000000 0.997530
vn -0.070242 0.000000 0.997530
vn -0.063110 -0.013307 0.997918
vn -0.064158 0.000000 0.997940
vn -0.062352 0.000000 0.998054
vn -0.062352 0.000000 0.998054
vn -0.064158 0.000000 0.997940
vn -0.064158 0.000000 0.997940
vn -0.062352 0.000000 0.998054
vn -0.064158 0.000000 0.997940
vn -0.062352 0.000000 0.998054
vn -0.063100 0.022174 0.997761
vn -0.064158 0.000000 0.997940
vn -0.062352 0.000000 0.998054
vn -0.069564 -0.015192 0.997462
vn -0.068539 0.000000 0.997648
vn -0.070067 0.000000 0.997542
vn -0.070067 0.000000 0.997542
vn -0.068539 0.000000 0.997648
vn -0.068539 0.000000 0.997648
vn -0.070067 0.000000 0.997542
vn -0.069529 0.035427 0.996951
vn -0.070067 0.000000 0.997542
vn -0.068539 0.000000 0.997648
vn -0.066360 0.003695 0.997789
vn -0.068265 0.000000 0.997667
vn -0.066224 0.000000 0.997805
vn -0.066224 0.000000 0.997805
vn -0.068265 0.000000 0.997667
vn -0.066356 -0.011085 0.997734
vn -0.066224 0.000000 0.997805
vn -0.068265 0.000000 0.997667
vn -0.060971 0.040411 0.997321
vn -0.062754 0.000000 0.998029
vn -0.062754 0.000000 0.998029
vn -0.059622 0.000000 0.998221
vn -0.059622 0.000000 0.998221
vn -0.062754 0.000000 0.998029
vn -0.059622 0.000000 0.998221
vn -0.059622 0.000000 0.998221
vn -0.062754 0.000000 0.998029
vn -0.060882 -0.067252 0.995877
vn -0.059622 0.000000 0.998221
vn -0.062754 0.000000 0.998029
vn 0.933487 0.000000 -0.358610
vn 0.973855 0.000000 -0.227173
vn 0.933487 0.000000 -0.358610
vn 0.973855 0.000000 -0.227173
vn 0.995811 0.000000 -0.091440
vn 0.995811 0.000000 -0.091440
vn 0.998940 0.000000 0.046021
vn 0.998940 0.000000 0.046021
vn 0.983185 0.000000 0.182612
vn 0.983185 0.000000 0.182612
vn 0.948842 0.000000 0.315751
vn 0.948842 0.000000 0.315751
vn 0.827331 0.000000 0.561715
vn 0.896561 0.000000 0.442920
vn 0.896561 0.000000 0.442920
vn 0.827331 0.000000 0.561715
vn 0.742459 0.000000 0.669891
vn 0.742459 0.000000 0.669891
vn 0.643552 0.000000 0.765403
vn 0.643552 0.000000 0.765403
vn 0.532477 0.000000 0.846445
vn 0.532477 0.000000 0.846445
vn 0.411334 0.000000 0.911484
vn 0.411334 0.000000 0.911484
vn 0.282417 0.000000 0.959292
vn 0.282417 0.000000 0.959292
vn 0.148161 0.000000 0.988963
vn 0.148161 0.000000 0.988963
vn 0.011102 0.000000 0.999938
vn 0.011102 0.000000 0.999938
vn 0.921423 0.000000 -0.388560
vn 0.921423 0.000000 -0.388560
vn 0.947317 0.000000 -0.320297
vn 0.947317 0.000000 -0.320297
vn 0.968161 0.000000 -0.250327
vn 0.968161 0.000000 -0.250327
vn 0.983845 0.000000 -0.179023
vn 0.983845 0.000000 -0.179023
vn 0.994284 0.000000 -0.106765
vn 0.994284 0.000000 -0.106765
vn 0.999236 -0.000000 0.039071
vn 0.999424 0.000000 -0.033937
vn 0.999424 0.000000 -0.033937
vn 0.999236 0.000000 0.039071
vn 0.993723 0.000000 0.111872
vn 0.993723 0.000000 0.111872
vn 0.966862 -0.000000 0.255298
vn 0.982912 0.000000 0.184077
vn 0.982912 0.000000 0.184077
vn 0.966862 0.000000 0.255298
vn 0.945659 0.000000 0.325161
vn 0.945659 0.000000 0.325161
vn 0.919415 0.000000 0.393289
vn 0.919415 0.000000 0.393289
vn 0.888270 0.000000 0.459322
vn 0.888270 0.000000 0.459322
vn 0.070997 0.000000 -0.997477
vn 0.070997 0.000000 -0.997477
vn 0.341749 0.000000 -0.939791
vn 0.208379 0.000000 -0.978048
vn 0.208379 0.000000 -0.978048
vn 0.341749 0.000000 -0.939791
vn 0.468542 0.000000 -0.883442
vn 0.468542 0.000000 -0.883442
vn 0.692798 0.000000 -0.721132
vn 0.586313 0.000000 -0.810085
vn 0.586313 0.000000 -0.810085
vn 0.692798 0.000000 -0.721132
vn 0.863960 0.000000 -0.503560
vn 0.785944 0.000000 -0.618298
vn 0.785944 0.000000 -0.618298
vn 0.925345 0.000000 -0.379126
vn 0.863960 0.000000 -0.503560
vn 0.925345 0.000000 -0.379126
vn 0.968915 0.000000 -0.247395
vn 0.968915 0.000000 -0.247395
vn 0.993831 0.000000 -0.110903
vn 0.993831 0.000000 -0.110903
vn 0.999615 0.000000 0.027727
vn 0.999615 0.000000 0.027727
vn 0.953711 0.000000 0.300725
vn 0.986156 0.000000 0.165822
vn 0.986156 0.000000 0.165822
vn 0.953711 0.000000 0.300725
vn 0.902906 0.000000 0.429838
vn 0.902906 0.000000 0.429838
vn -0.004380 -0.000000 -0.999990
vn -0.004380 0.000000 -0.999990
vn -0.118814 -0.000000 -0.992917
vn -0.118814 0.000000 -0.992917
vn -0.131106 -0.000000 -0.991368
vn -0.131106 0.000000 -0.991368
vn -0.143221 -0.000000 -0.989691
vn -0.143221 0.000000 -0.989691
vn -0.155238 -0.000000 -0.987877
vn -0.155238 0.000000 -0.987877
vn -0.167075 -0.000000 -0.985944
vn -0.167075 0.000000 -0.985944
vn -0.016158 0.034322 -0.999280
vn -0.014016 -0.000000 -0.999902
vn -0.019835 0.000000 -0.999803
vn -0.014016 0.000000 -0.999902
vn -0.019835 0.000000 -0.999803
vn -0.019835 0.000000 -0.999803
vn -0.014016 0.000000 -0.999902
vn -0.016158 -0.034322 -0.999280
vn -0.014016 0.000000 -0.999902
vn -0.019835 0.000000 -0.999803
vn -0.028672 0.049302 -0.998372
vn -0.025631 -0.000000 -0.999672
vn -0.032330 0.000000 -0.999477
vn -0.025631 0.000000 -0.999671
vn -0.032330 0.000000 -0.999477
vn -0.025631 0.000000 -0.999671
vn -0.032330 0.000000 -0.999477
vn -0.028672 -0.049302 -0.998372
vn -0.032330 0.000000 -0.999477
vn -0.025631 0.000000 -0.999671
vn -0.041988 0.028360 -0.998716
vn -0.037998 -0.000000 -0.999278
vn -0.044610 0.000000 -0.999004
vn -0.037998 0.000000 -0.999278
vn -0.044610 0.000000 -0.999004
vn -0.041958 -0.047232 -0.998002
vn -0.044610 0.000000 -0.999004
vn -0.037998 0.000000 -0.999278
vn -0.055157 0.021804 -0.998240
vn -0.050183 -0.000000 -0.998740
vn -0.050183 0.000000 -0.998740
vn -0.056747 0.000000 -0.998389
vn -0.056747 0.000000 -0.998389
vn -0.055134 -0.036324 -0.997818
vn -0.056747 0.000000 -0.998389
vn -0.050183 0.000000 -0.998740
vn -0.062207 -0.000000 -0.998063
vn -0.062207 0.000000 -0.998063
vn -0.067666 0.005654 -0.997692
vn -0.068091 0.047557 -0.996545
vn -0.074042 0.000000 -0.997255
vn -0.068111 0.000000 -0.997678
vn -0.068111 0.000000 -0.997678
vn -0.074042 0.000000 -0.997255
vn -0.068111 0.000000 -0.997678
vn -0.074042 0.000000 -0.997255
vn -0.074042 0.000000 -0.997255
vn -0.068104 -0.014263 -0.997576
vn -0.068111 -0.000000 -0.997678
vn -0.074042 0.000000 -0.997255
vn -0.068160 -0.015867 -0.997548
vn -0.068111 0.000000 -0.997678
vn -0.080993 0.038502 -0.995971
vn -0.079363 0.000000 -0.996846
vn -0.085773 0.000000 -0.996315
vn -0.079363 -0.000000 -0.996846
vn -0.079363 0.000000 -0.996846
vn -0.085773 0.000000 -0.996315
vn -0.085773 0.000000 -0.996315
vn -0.080993 -0.038502 -0.995971
vn -0.079363 0.000000 -0.996846
vn -0.085773 0.000000 -0.996315
vn -0.093682 0.048911 -0.994400
vn -0.090974 0.000000 -0.995853
vn -0.097285 0.000000 -0.995257
vn -0.090974 -0.000000 -0.995853
vn -0.090974 0.000000 -0.995853
vn -0.097285 0.000000 -0.995257
vn -0.097285 0.000000 -0.995256
vn -0.093682 -0.048911 -0.994400
vn -0.090974 0.000000 -0.995853
vn -0.097285 0.000000 -0.995257
vn -0.106310 0.027515 -0.993952
vn -0.102371 -0.000000 -0.994746
vn -0.102371 0.000000 -0.994746
vn -0.108631 0.000000 -0.994082
vn -0.108631 0.000000 -0.994082
vn -0.106239 -0.045826 -0.993284
vn -0.102371 0.000000 -0.994746
vn -0.108631 0.000000 -0.994082
g MeshExport
f 1//1 2//1 3//1
f 4//2 2//2 1//2
f 5//3 6//3 7//3
f 7//4 6//4 8//4
f 8//5 6//5 9//5
f 9//6 6//6 5//6
f 9//7 10//7 11//7
f 9//8 12//8 10//8
f 10//9 12//9 11//9
f 5//10 13//10 9//10
f 11//11 13//11 14//11
f 9//12 13//12 12//12
f 12//13 13//13 11//13
f 13//14 15//14 14//14
f 5//15 15//15 13//15
f 15//16 16//16 14//16
f 5//17 16//17 15//17
f 5//18 17//18 16//18
f 16//19 17//19 14//19
f 14//20 18//20 5//20
f 17//21 18//21 14//21
f 5//22 18//22 17//22
f 11//23 19//23 20//23
f 14//24 19//24 11//24
f 20//25 19//25 21//25
f 19//26 22//26 21//26
f 14//27 22//27 19//27
f 22//28 23//28 21//28
f 14//29 23//29 22//29
f 23//30 24//30 21//30
f 14//31 24//31 23//31
f 21//32 25//32 14//32
f 24//33 25//33 21//33
f 14//34 25//34 24//34
f 20//35 26//35 1//35
f 20//36 27//36 26//36
f 26//37 27//37 1//37
f 20//38 28//38 27//38
f 27//39 28//39 1//39
f 21//40 29//40 20//40
f 1//41 29//41 4//41
f 20//42 29//42 28//42
f 28//43 29//43 1//43
f 29//44 30//44 4//44
f 21//45 30//45 29//45
f 30//46 31//46 4//46
f 21//47 31//47 30//47
f 31//48 32//48 4//48
f 21//49 32//49 31//49
f 4//50 33//50 21//50
f 32//51 33//51 4//51
f 21//52 33//52 32//52
f 3//53 34//53 35//53
f 3//54 36//54 34//54
f 34//55 36//55 35//55
f 3//56 37//56 36//56
f 36//57 37//57 35//57
f 2//58 38//58 3//58
f 35//59 38//59 39//59
f 3//60 38//60 37//60
f 37//61 38//61 35//61
f 38//62 40//62 39//62
f 2//63 40//63 38//63
f 40//64 41//64 39//64
f 2//65 41//65 40//65
f 41//66 42//66 39//66
f 2//67 42//67 41//67
f 39//68 43//68 2//68
f 42//69 43//69 39//69
f 2//70 43//70 42//70
f 35//71 44//71 45//71
f 35//72 46//72 44//72
f 44//73 46//73 45//73
f 45//74 47//74 48//74
f 46//75 47//75 45//75
f 35//76 47//76 46//76
f 39//77 47//77 35//77
f 39//78 49//78 47//78
f 47//79 49//79 48//79
f 49//80 50//80 48//80
f 39//81 50//81 49//81
f 50//82 51//82 48//82
f 39//83 51//83 50//83
f 48//84 52//84 39//84
f 51//85 52//85 48//85
f 39//86 52//86 51//86
f 53//87 54//87 55//87
f 55//88 54//88 56//88
f 56//89 54//89 57//89
f 57//90 54//90 58//90
f 58//91 54//91 59//91
f 54//92 60//92 61//92
f 54//93 62//93 60//93
f 63//94 64//94 53//94
f 63//95 65//95 64//95
f 66//96 65//96 63//96
f 64//97 67//97 53//97
f 53//98 67//98 54//98
f 66//99 68//99 65//99
f 67//100 69//100 54//100
f 66//101 70//101 68//101
f 71//102 70//102 66//102
f 69//103 72//103 54//103
f 72//104 73//104 54//104
f 62//105 73//105 74//105
f 54//106 73//106 62//106
f 73//107 75//107 74//107
f 74//108 75//108 76//108
f 76//109 77//109 78//109
f 75//110 77//110 76//110
f 71//111 79//111 70//111
f 77//112 80//112 78//112
f 80//113 81//113 78//113
f 71//114 82//114 79//114
f 83//115 82//115 71//115
f 81//116 84//116 78//116
f 81//117 85//117 84//117
f 85//118 86//118 84//118
f 87//119 88//119 83//119
f 83//120 88//120 82//120
f 85//121 89//121 86//121
f 89//122 90//122 86//122
f 89//123 91//123 90//123
f 92//124 93//124 87//124
f 87//125 93//125 88//125
f 91//126 94//126 90//126
f 91//127 95//127 94//127
f 96//128 97//128 92//128
f 92//129 97//129 93//129
f 95//130 98//130 94//130
f 95//131 99//131 98//131
f 99//132 100//132 98//132
f 99//133 101//133 100//133
f 102//134 103//134 96//134
f 96//135 103//135 97//135
f 101//136 104//136 100//136
f 101//137 105//137 104//137
f 105//138 106//138 104//138
f 105//139 107//139 106//139
f 108//140 109//140 102//140
f 102//141 109//141 103//141
f 107//142 110//142 106//142
f 107//143 111//143 110//143
f 112//144 113//144 108//144
f 108//145 113//145 109//145
f 114//146 115//146 111//146
f 111//147 115//147 110//147
f 114//148 116//148 115//148
f 117//149 116//149 114//149
f 118//150 119//150 112//150
f 112//151 119//151 113//151
f 117//152 120//152 116//152
f 121//153 120//153 117//153
f 121//154 122//154 120//154
f 123//155 122//155 121//155
f 124//156 125//156 118//156
f 118//157 126//157 119//157
f 125//158 126//158 118//158
f 125//159 127//159 126//159
f 123//160 128//160 122//160
f 129//161 128//161 123//161
f 129//162 130//162 128//162
f 129//163 131//163 130//163
f 130//164 132//164 128//164
f 133//165 134//165 135//165
f 127//166 134//166 126//166
f 135//167 134//167 127//167
f 131//168 136//168 130//168
f 131//169 137//169 136//169
f 138//170 139//170 137//170
f 137//171 139//171 136//171
f 136//172 139//172 140//172
f 141//173 142//173 133//173
f 133//174 142//174 134//174
f 143//175 144//175 138//175
f 138//176 144//176 139//176
f 145//177 146//177 141//177
f 141//178 146//178 142//178
f 145//179 147//179 146//179
f 148//180 149//180 143//180
f 143//181 149//181 144//181
f 145//182 150//182 147//182
f 145//183 151//183 150//183
f 145//184 152//184 151//184
f 153//185 152//185 154//185
f 151//186 152//186 153//186
f 152//187 155//187 154//187
f 152//188 156//188 155//188
f 152//189 157//189 156//189
f 158//190 159//190 148//190
f 148//191 159//191 149//191
f 152//192 160//192 157//192
f 161//193 162//193 158//193
f 158//194 162//194 159//194
f 163//195 164//195 165//195
f 164//196 166//196 165//196
f 167//197 166//197 168//197
f 165//198 166//198 167//198
f 166//199 169//199 168//199
f 168//200 169//200 170//200
f 163//201 171//201 164//201
f 160//202 171//202 163//202
f 152//203 171//203 160//203
f 170//204 172//204 173//204
f 169//205 172//205 170//205
f 152//206 174//206 171//206
f 173//207 175//207 176//207
f 176//208 175//208 177//208
f 172//209 175//209 173//209
f 152//210 178//210 174//210
f 175//211 179//211 177//211
f 177//212 179//212 180//212
f 181//213 182//213 152//213
f 152//214 182//214 178//214
f 180//215 183//215 184//215
f 179//216 183//216 180//216
f 181//217 185//217 182//217
f 161//218 186//218 162//218
f 187//219 186//219 161//219
f 183//220 188//220 184//220
f 184//221 188//221 189//221
f 181//222 190//222 185//222
f 188//223 191//223 189//223
f 189//224 191//224 192//224
f 181//225 193//225 190//225
f 191//226 194//226 192//226
f 192//227 194//227 195//227
f 195//228 194//228 196//228
f 181//229 197//229 193//229
f 187//230 198//230 186//230
f 194//231 199//231 196//231
f 196//232 199//232 200//232
f 181//233 201//233 197//233
f 199//234 202//234 200//234
f 200//235 202//235 203//235
f 181//236 204//236 201//236
f 202//237 205//237 203//237
f 203//238 205//238 206//238
f 181//239 207//239 204//239
f 198//240 208//240 186//240
f 181//241 209//241 207//241
f 205//242 210//242 206//242
f 206//243 210//243 211//243
f 211//244 210//244 212//244
f 209//245 213//245 207//245
f 212//246 214//246 215//246
f 210//247 214//247 212//247
f 209//248 216//248 213//248
f 198//249 217//249 208//249
f 214//250 218//250 215//250
f 215//251 218//251 219//251
f 209//252 220//252 216//252
f 218//253 221//253 219//253
f 219//254 221//254 222//254
f 209//255 223//255 220//255
f 224//256 225//256 217//256
f 226//257 225//257 224//257
f 227//258 225//258 226//258
f 228//259 225//259 227//259
f 217//260 225//260 208//260
f 221//261 229//261 222//261
f 230//262 229//262 231//262
f 222//263 229//263 230//263
f 209//264 232//264 223//264
f 231//265 233//265 234//265
f 229//266 233//266 231//266
f 209//267 235//267 232//267
f 234//268 236//268 237//268
f 233//269 236//269 234//269
f 237//270 238//270 239//270
f 236//271 238//271 237//271
f 240//272 241//272 228//272
f 242//273 241//273 240//273
f 243//274 241//274 242//274
f 239//275 241//275 243//275
f 228//276 241//276 225//276
f 238//277 241//277 239//277
f 244//278 241//278 238//278
f 245//279 246//279 209//279
f 209//280 247//280 245//280
f 246//281 248//281 209//281
f 209//282 248//282 235//282
f 249//283 250//283 209//283
f 209//284 250//284 247//284
f 248//285 251//285 235//285
f 235//286 251//286 252//286
f 249//287 253//287 250//287
f 252//288 254//288 255//288
f 251//289 254//289 252//289
f 249//290 256//290 253//290
f 254//291 257//291 255//291
f 249//292 258//292 256//292
f 255//293 259//293 260//293
f 257//294 259//294 255//294
f 249//295 261//295 258//295
f 260//296 262//296 263//296
f 259//297 262//297 260//297
f 263//298 264//298 265//298
f 262//299 264//299 263//299
f 264//300 266//300 265//300
f 267//301 268//301 269//301
f 269//302 268//302 270//302
f 270//303 268//303 271//303
f 271//304 268//304 244//304
f 244//305 268//305 241//305
f 266//306 272//306 265//306
f 265//307 272//307 273//307
f 272//308 274//308 273//308
f 273//309 274//309 275//309
f 275//310 276//310 277//310
f 274//311 276//311 275//311
f 277//312 278//312 279//312
f 276//313 278//313 277//313
f 279//314 280//314 281//314
f 278//315 280//315 279//315
f 267//316 282//316 268//316
f 283//317 282//317 284//317
f 284//318 282//318 285//318
f 285//319 282//319 286//319
f 286//320 282//320 267//320
f 280//321 287//321 281//321
f 281//322 288//322 289//322
f 287//323 288//323 281//323
f 289//324 290//324 291//324
f 288//325 290//325 289//325
f 292//326 293//326 249//326
f 249//327 293//327 261//327
f 291//328 294//328 295//328
f 290//329 294//329 291//329
f 295//330 296//330 297//330
f 294//331 296//331 295//331
f 297//332 298//332 299//332
f 296//333 298//333 297//333
f 283//334 300//334 282//334
f 301//335 300//335 302//335
f 302//336 300//336 303//336
f 303//337 300//337 304//337
f 304//338 300//338 283//338
f 298//339 305//339 299//339
f 299//340 306//340 307//340
f 305//341 306//341 299//341
f 307//342 308//342 309//342
f 306//343 308//343 307//343
f 309//344 310//344 311//344
f 308//345 310//345 309//345
f 310//346 312//346 311//346
f 312//347 313//347 311//347
f 311//348 313//348 314//348
f 314//349 315//349 316//349
f 313//350 315//350 314//350
f 315//351 317//351 316//351
f 318//352 319//352 320//352
f 320//353 319//353 301//353
f 301//354 319//354 300//354
f 321//355 322//355 317//355
f 323//356 322//356 321//356
f 316//357 322//357 324//357
f 324//358 322//358 318//358
f 318//359 322//359 319//359
f 317//360 322//360 316//360
f 323//361 325//361 322//361
f 322//362 326//362 319//362
f 325//363 327//363 322//363
f 328//364 327//364 325//364
f 329//365 327//365 328//365
f 329//366 330//366 327//366
f 330//367 331//367 327//367
f 331//368 332//368 327//368
f 332//369 333//369 327//369
f 334//370 335//370 292//370
f 292//371 335//371 293//371
f 334//372 336//372 335//372
f 336//373 337//373 335//373
f 338//374 339//374 340//374
f 332//375 339//375 333//375
f 340//376 339//376 332//376
f 341//377 342//377 338//377
f 338//378 342//378 339//378
f 343//379 344//379 341//379
f 341//380 344//380 342//380
f 345//381 346//381 343//381
f 343//382 346//382 344//382
f 347//383 348//383 337//383
f 347//384 349//384 348//384
f 350//385 351//385 345//385
f 345//386 351//386 346//386
f 350//387 352//387 351//387
f 352//388 353//388 351//388
f 352//389 354//389 353//389
f 354//390 355//390 353//390
f 354//391 356//391 355//391
f 357//392 358//392 349//392
f 349//393 358//393 348//393
f 356//394 359//394 355//394
f 360//395 359//395 356//395
f 361//396 362//396 357//396
f 357//397 362//397 358//397
f 360//398 363//398 359//398
f 364//399 363//399 360//399
f 364//400 365//400 363//400
f 364//401 366//401 365//401
f 361//402 367//402 362//402
f 361//403 368//403 367//403
f 366//404 369//404 365//404
f 370//405 371//405 372//405
f 373//406 371//406 370//406
f 374//407 371//407 373//407
f 368//408 371//408 374//408
f 361//409 371//409 368//409
f 369//410 375//410 365//410
f 366//411 376//411 369//411
f 371//412 377//412 372//412
f 366//413 378//413 376//413
f 371//414 379//414 377//414
f 378//415 380//415 376//415
f 371//416 381//416 379//416
f 382//417 381//417 371//417
f 379//418 381//418 383//418
f 371//419 384//419 382//419
f 381//420 385//420 383//420
f 383//421 385//421 386//421
f 378//422 387//422 380//422
f 388//423 387//423 378//423
f 371//424 389//424 384//424
f 385//425 390//425 386//425
f 386//426 390//426 391//426
f 371//427 392//427 389//427
f 390//428 393//428 391//428
f 391//429 393//429 394//429
f 371//430 395//430 392//430
f 393//431 396//431 394//431
f 394//432 396//432 397//432
f 371//433 398//433 395//433
f 396//434 399//434 397//434
f 397//435 399//435 400//435
f 400//436 399//436 401//436
f 371//437 402//437 398//437
f 402//438 403//438 398//438
f 399//439 404//439 401//439
f 401//440 404//440 405//440
f 402//441 406//441 403//441
f 405//442 407//442 408//442
f 408//443 407//443 409//443
f 404//444 407//444 405//444
f 402//445 410//445 406//445
f 407//446 411//446 409//446
f 409//447 411//447 412//447
f 402//448 413//448 410//448
f 411//449 414//449 412//449
f 412//450 414//450 415//450
f 402//451 416//451 413//451
f 388//452 417//452 387//452
f 418//453 417//453 419//453
f 420//454 417//454 418//454
f 419//455 417//455 388//455
f 414//456 421//456 415//456
f 415//457 421//457 422//457
f 402//458 423//458 416//458
f 421//459 424//459 422//459
f 422//460 424//460 425//460
f 402//461 426//461 423//461
f 424//462 427//462 425//462
f 425//463 427//463 428//463
f 426//464 429//464 430//464
f 402//465 429//465 426//465
f 431//466 432//466 433//466
f 433//467 432//467 434//467
f 434//468 432//468 427//468
f 427//469 432//469 428//469
f 420//470 432//470 417//470
f 435//471 432//471 420//471
f 436//472 432//472 435//472
f 437//473 432//473 436//473
f 438//474 432//474 437//474
f 428//475 432//475 438//475
f 430//476 439//476 440//476
f 429//477 439//477 430//477
f 429//478 441//478 439//478
f 440//479 442//479 443//479
f 439//480 442//480 440//480
f 429//481 444//481 441//481
f 443//482 445//482 446//482
f 442//483 445//483 443//483
f 429//484 447//484 444//484
f 446//485 448//485 449//485
f 445//486 448//486 446//486
f 429//487 450//487 447//487
f 448//488 451//488 449//488
f 429//489 452//489 450//489
f 449//490 453//490 454//490
f 451//491 453//491 449//491
f 455//492 456//492 457//492
f 457//493 456//493 458//493
f 458//494 456//494 459//494
f 459//495 456//495 460//495
f 460//496 456//496 461//496
f 461//497 456//497 431//497
f 431//498 456//498 432//498
f 429//499 462//499 452//499
f 454//500 463//500 464//500
f 453//501 463//501 454//501
f 463//502 465//502 464//502
f 464//503 465//503 466//503
f 465//504 467//504 466//504
f 466//505 467//505 468//505
f 429//506 469//506 462//506
f 467//507 470//507 468//507
f 468//508 470//508 471//508
f 470//509 472//509 471//509
f 471//510 472//510 473//510
f 474//511 475//511 455//511
f 476//512 475//512 472//512
f 477//513 475//513 476//513
f 472//514 475//514 473//514
f 455//515 475//515 456//515
f 473//516 475//516 478//516
f 478//517 475//517 479//517
f 479//518 475//518 480//518
f 480//519 475//519 481//519
f 481//520 475//520 474//520
f 477//521 482//521 475//521
f 469//522 483//522 462//522
f 469//523 484//523 483//523
f 482//524 485//524 475//524
f 486//525 485//525 482//525
f 487//526 485//526 486//526
f 488//527 485//527 487//527
f 489//528 485//528 488//528
f 484//529 490//529 483//529
f 484//530 491//530 490//530
f 484//531 492//531 491//531
f 484//532 493//532 492//532
f 494//533 493//533 495//533
f 492//534 493//534 494//534
f 493//535 496//535 495//535
f 493//536 497//536 496//536
f 498//537 499//537 489//537
f 489//538 499//538 485//538
f 493//539 500//539 497//539
f 498//540 501//540 499//540
f 502//541 503//541 501//541
f 504//542 503//542 502//542
f 505//543 503//543 504//543
f 506//544 503//544 505//544
f 507//545 503//545 506//545
f 501//546 503//546 499//546
f 508//547 509//547 493//547
f 48//548 39//548 510//548
f 510//549 511//549 509//549
f 507//550 511//550 503//550
f 512//551 511//551 507//551
f 500//552 511//552 512//552
f 493//553 511//553 500//553
f 509//554 511//554 493//554
f 39//555 513//555 510//555
f 510//556 513//556 511//556
f 2//557 513//557 39//557
f 2//558 514//558 513//558
f 4//559 514//559 2//559
f 21//560 515//560 4//560
f 4//561 515//561 514//561
f 21//562 516//562 515//562
f 14//563 516//563 21//563
f 14//564 517//564 516//564
f 5//565 517//565 14//565
f 7//566 518//566 5//566
f 518//567 519//567 5//567
f 5//568 520//568 517//568
f 519//569 520//569 5//569
f 518//570 521//570 519//570
f 348//571 335//571 337//571
f 45//572 510//572 522//572
f 48//573 510//573 45//573
f 523//574 524//574 525//574
f 523//575 525//575 526//575
f 523//576 526//576 527//576
f 523//577 527//577 528//577
f 523//578 528//578 529//578
f 530//579 523//579 531//579
f 532//580 523//580 530//580
f 533//581 534//581 524//581
f 535//582 534//582 533//582
f 535//583 536//583 534//583
f 537//584 533//584 524//584
f 537//585 524//585 523//585
f 538//586 536//586 535//586
f 539//587 537//587 523//587
f 540//588 536//588 538//588
f 540//589 541//589 536//589
f 542//590 539//590 523//590
f 543//591 542//591 523//591
f 543//592 532//592 544//592
f 543//593 523//593 532//593
f 545//594 543//594 544//594
f 545//595 544//595 546//595
f 547//596 545//596 546//596
f 547//597 546//597 548//597
f 549//598 541//598 540//598
f 550//599 547//599 548//599
f 551//600 550//600 548//600
f 552//601 541//601 549//601
f 552//602 553//602 541//602
f 554//603 551//603 548//603
f 555//604 551//604 554//604
f 556//605 555//605 554//605
f 557//606 558//606 553//606
f 557//607 553//607 552//607
f 559//608 555//608 556//608
f 560//609 559//609 556//609
f 561//610 559//610 560//610
f 562//611 563//611 558//611
f 562//612 558//612 557//612
f 564//613 561//613 560//613
f 565//614 561//614 564//614
f 566//615 567//615 563//615
f 566//616 563//616 562//616
f 568//617 565//617 564//617
f 569//618 565//618 568//618
f 570//619 569//619 568//619
f 571//620 569//620 570//620
f 572//621 573//621 567//621
f 572//622 567//622 566//622
f 574//623 571//623 570//623
f 575//624 571//624 574//624
f 576//625 575//625 574//625
f 577//626 575//626 576//626
f 578//627 579//627 573//627
f 578//628 573//628 572//628
f 580//629 577//629 576//629
f 581//630 577//630 580//630
f 582//631 583//631 579//631
f 582//632 579//632 578//632
f 584//633 585//633 581//633
f 584//634 581//634 580//634
f 586//635 585//635 584//635
f 586//636 587//636 585//636
f 588//637 589//637 583//637
f 588//638 583//638 582//638
f 590//639 587//639 586//639
f 590//640 591//640 587//640
f 592//641 591//641 590//641
f 592//642 593//642 591//642
f 594//643 595//643 589//643
f 596//644 589//644 588//644
f 596//645 594//645 589//645
f 597//646 594//646 596//646
f 598//647 593//647 592//647
f 598//648 599//648 593//648
f 600//649 599//649 598//649
f 601//650 599//650 600//650
f 602//651 600//651 598//651
f 603//652 604//652 605//652
f 603//653 597//653 596//653
f 603//654 605//654 597//654
f 606//655 601//655 600//655
f 607//656 601//656 606//656
f 608//657 609//657 607//657
f 608//658 607//658 606//658
f 608//659 606//659 610//659
f 611//660 612//660 604//660
f 611//661 604//661 603//661
f 613//662 614//662 609//662
f 613//663 609//663 608//663
f 615//664 616//664 612//664
f 615//665 612//665 611//665
f 617//666 616//666 615//666
f 618//667 619//667 614//667
f 618//668 614//668 613//668
f 620//669 616//669 617//669
f 621//670 616//670 620//670
f 622//671 616//671 621//671
f 622//672 623//672 624//672
f 622//673 621//673 623//673
f 625//674 622//674 624//674
f 626//675 622//675 625//675
f 627//676 622//676 626//676
f 628//677 629//677 619//677
f 628//678 619//678 618//678
f 630//679 622//679 627//679
f 631//680 632//680 629//680
f 631//681 629//681 628//681
f 633//682 634//682 635//682
f 636//683 637//683 638//683
f 636//684 635//684 637//684
f 636//685 633//685 635//685
f 639//686 636//686 638//686
f 639//687 638//687 640//687
f 641//688 634//688 633//688
f 641//689 630//689 634//689
f 641//690 622//690 630//690
f 642//691 639//691 640//691
f 642//692 640//692 643//692
f 644//693 622//693 641//693
f 645//694 643//694 646//694
f 645//695 642//695 643//695
f 645//696 646//696 647//696
f 648//697 622//697 644//697
f 649//698 647//698 650//698
f 649//699 645//699 647//699
f 651//700 652//700 622//700
f 651//701 622//701 648//701
f 653//702 649//702 650//702
f 653//703 650//703 654//703
f 655//704 652//704 651//704
f 656//705 632//705 631//705
f 656//706 657//706 632//706
f 658//707 653//707 654//707
f 658//708 654//708 659//708
f 660//709 652//709 655//709
f 661//710 658//710 659//710
f 661//711 659//711 662//711
f 663//712 652//712 660//712
f 664//713 661//713 662//713
f 664//714 662//714 665//714
f 664//715 665//715 666//715
f 667//716 652//716 663//716
f 668//717 657//717 656//717
f 669//718 664//718 666//718
f 669//719 666//719 670//719
f 671//720 652//720 667//720
f 672//721 669//721 670//721
f 672//722 670//722 673//722
f 674//723 652//723 671//723
f 675//724 672//724 673//724
f 675//725 673//725 676//725
f 677//726 652//726 674//726
f 678//727 668//727 656//727
f 679//728 652//728 677//728
f 680//729 675//729 676//729
f 680//730 676//730 681//730
f 680//731 681//731 682//731
f 683//732 679//732 677//732
f 684//733 680//733 682//733
f 684//734 682//734 685//734
f 686//735 679//735 683//735
f 687//736 668//736 678//736
f 688//737 684//737 685//737
f 688//738 685//738 689//738
f 690//739 679//739 686//739
f 691//740 688//740 689//740
f 691//741 689//741 692//741
f 693//742 679//742 690//742
f 694//743 695//743 687//743
f 694//744 696//744 695//744
f 694//745 697//745 696//745
f 694//746 687//746 678//746
f 694//747 698//747 697//747
f 699//748 691//748 692//748
f 699//749 700//749 701//749
f 699//750 692//750 700//750
f 702//751 679//751 693//751
f 703//752 701//752 704//752
f 703//753 699//753 701//753
f 705//754 679//754 702//754
f 706//755 704//755 707//755
f 706//756 703//756 704//756
f 708//757 707//757 709//757
f 708//758 706//758 707//758
f 710//759 711//759 698//759
f 710//760 712//760 711//760
f 710//761 713//761 712//761
f 710//762 709//762 713//762
f 710//763 698//763 694//763
f 710//764 708//764 709//764
f 710//765 714//765 708//765
f 715//766 716//766 679//766
f 717//767 679//767 716//767
f 718//768 715//768 679//768
f 718//769 679//769 705//769
f 719//770 720//770 679//770
f 719//771 679//771 717//771
f 721//772 718//772 705//772
f 721//773 705//773 722//773
f 723//774 720//774 719//774
f 724//775 722//775 725//775
f 724//776 721//776 722//776
f 726//777 720//777 723//777
f 727//778 724//778 725//778
f 728//779 720//779 726//779
f 729//780 725//780 730//780
f 729//781 727//781 725//781
f 731//782 720//782 728//782
f 732//783 730//783 733//783
f 732//784 729//784 730//784
f 734//785 733//785 735//785
f 734//786 732//786 733//786
f 736//787 734//787 735//787
f 737//788 738//788 739//788
f 737//789 739//789 740//789
f 737//790 740//790 741//790
f 737//791 741//791 714//791
f 737//792 714//792 710//792
f 742//793 736//793 735//793
f 742//794 735//794 743//794
f 744//795 742//795 743//795
f 744//796 743//796 745//796
f 746//797 745//797 747//797
f 746//798 744//798 745//798
f 748//799 747//799 749//799
f 748//800 746//800 747//800
f 750//801 749//801 751//801
f 750//802 748//802 749//802
f 752//803 738//803 737//803
f 752//804 753//804 754//804
f 752//805 754//805 755//805
f 752//806 755//806 756//806
f 752//807 756//807 738//807
f 757//808 750//808 751//808
f 758//809 751//809 759//809
f 758//810 757//810 751//810
f 760//811 759//811 761//811
f 760//812 758//812 759//812
f 762//813 763//813 720//813
f 762//814 720//814 731//814
f 764//815 761//815 765//815
f 764//816 760//816 761//816
f 766//817 765//817 767//817
f 766//818 764//818 765//818
f 768//819 767//819 769//819
f 768//820 766//820 767//820
f 770//821 753//821 752//821
f 770//822 771//822 772//822
f 770//823 772//823 773//823
f 770//824 773//824 774//824
f 770//825 774//825 753//825
f 775//826 768//826 769//826
f 776//827 769//827 777//827
f 776//828 775//828 769//828
f 778//829 777//829 779//829
f 778//830 776//830 777//830
f 780//831 779//831 781//831
f 780//832 778//832 779//832
f 782//833 780//833 781//833
f 783//834 781//834 784//834
f 783//835 782//835 781//835
f 785//836 784//836 786//836
f 785//837 783//837 784//837
f 787//838 785//838 786//838
f 788//839 789//839 790//839
f 788//840 790//840 771//840
f 788//841 771//841 770//841
f 791//842 787//842 786//842
f 791//843 792//843 787//843
f 791//844 793//844 792//844
f 791//845 789//845 788//845
f 791//846 786//846 794//846
f 791//847 794//847 789//847
f 795//848 793//848 791//848
f 796//849 791//849 788//849
f 797//850 798//850 795//850
f 797//851 799//851 798//851
f 797//852 795//852 791//852
f 800//853 799//853 797//853
f 801//854 800//854 797//854
f 802//855 801//855 797//855
f 803//856 802//856 797//856
f 804//857 805//857 763//857
f 804//858 763//858 762//858
f 806//859 805//859 804//859
f 807//860 806//860 804//860
f 808//861 809//861 810//861
f 808//862 802//862 803//862
f 808//863 810//863 802//863
f 811//864 812//864 809//864
f 811//865 809//865 808//865
f 813//866 814//866 812//866
f 813//867 812//867 811//867
f 815//868 816//868 814//868
f 815//869 814//869 813//869
f 817//870 818//870 807//870
f 819//871 818//871 817//871
f 820//872 821//872 816//872
f 820//873 816//873 815//873
f 822//874 821//874 820//874
f 823//875 822//875 820//875
f 824//876 822//876 823//876
f 825//877 824//877 823//877
f 826//878 824//878 825//878
f 827//879 828//879 819//879
f 827//880 819//880 817//880
f 829//881 826//881 825//881
f 829//882 830//882 826//882
f 831//883 832//883 828//883
f 831//884 828//884 827//884
f 833//885 830//885 829//885
f 833//886 834//886 830//886
f 835//887 834//887 833//887
f 836//888 834//888 835//888
f 837//889 832//889 831//889
f 838//890 832//890 837//890
f 839//891 836//891 835//891
f 840//892 841//892 842//892
f 840//893 843//893 841//893
f 840//894 844//894 843//894
f 840//895 838//895 844//895
f 840//896 832//896 838//896
f 845//897 839//897 835//897
f 846//898 836//898 839//898
f 847//899 840//899 842//899
f 848//900 836//900 846//900
f 849//901 840//901 847//901
f 850//902 848//902 846//902
f 851//903 840//903 849//903
f 851//904 852//904 840//904
f 851//905 849//905 853//905
f 854//906 840//906 852//906
f 855//907 851//907 853//907
f 855//908 853//908 856//908
f 857//909 848//909 850//909
f 857//910 858//910 848//910
f 859//911 840//911 854//911
f 860//912 855//912 856//912
f 860//913 856//913 861//913
f 862//914 840//914 859//914
f 863//915 860//915 861//915
f 863//916 861//916 864//916
f 865//917 840//917 862//917
f 866//918 864//918 867//918
f 866//919 863//919 864//919
f 868//920 840//920 865//920
f 869//921 866//921 867//921
f 869//922 867//922 870//922
f 869//923 870//923 871//923
f 872//924 840//924 868//924
f 873//925 872//925 868//925
f 874//926 869//926 871//926
f 874//927 871//927 875//927
f 876//928 872//928 873//928
f 877//929 875//929 878//929
f 877//930 878//930 879//930
f 877//931 874//931 875//931
f 880//932 872//932 876//932
f 881//933 877//933 879//933
f 881//934 879//934 882//934
f 883//935 872//935 880//935
f 884//936 881//936 882//936
f 884//937 882//937 885//937
f 886//938 872//938 883//938
f 887//939 858//939 857//939
f 887//940 888//940 889//940
f 887//941 890//941 888//941
f 887//942 889//942 858//942
f 891//943 884//943 885//943
f 891//944 885//944 892//944
f 893//945 872//945 886//945
f 894//946 891//946 892//946
f 894//947 892//947 895//947
f 896//948 872//948 893//948
f 897//949 894//949 895//949
f 897//950 895//950 898//950
f 899//951 896//951 900//951
f 899//952 872//952 896//952
f 901//953 902//953 903//953
f 901//954 903//954 904//954
f 901//955 904//955 897//955
f 901//956 897//956 898//956
f 901//957 890//957 887//957
f 901//958 905//958 890//958
f 901//959 906//959 905//959
f 901//960 907//960 906//960
f 901//961 908//961 907//961
f 901//962 898//962 908//962
f 909//963 900//963 910//963
f 909//964 899//964 900//964
f 911//965 899//965 909//965
f 912//966 910//966 913//966
f 912//967 909//967 910//967
f 914//968 899//968 911//968
f 915//969 913//969 916//969
f 915//970 912//970 913//970
f 917//971 899//971 914//971
f 918//972 916//972 919//972
f 918//973 915//973 916//973
f 920//974 899//974 917//974
f 921//975 918//975 919//975
f 922//976 899//976 920//976
f 923//977 919//977 924//977
f 923//978 921//978 919//978
f 925//979 926//979 927//979
f 925//980 927//980 928//980
f 925//981 928//981 929//981
f 925//982 929//982 930//982
f 925//983 930//983 931//983
f 925//984 931//984 902//984
f 925//985 902//985 901//985
f 932//986 899//986 922//986
f 933//987 923//987 924//987
f 933//988 924//988 934//988
f 935//989 934//989 936//989
f 935//990 933//990 934//990
f 937//991 935//991 936//991
f 937//992 936//992 938//992
f 939//993 899//993 932//993
f 940//994 937//994 938//994
f 940//995 938//995 941//995
f 942//996 940//996 941//996
f 942//997 941//997 943//997
f 944//998 945//998 926//998
f 944//999 946//999 942//999
f 944//1000 947//1000 946//1000
f 944//1001 942//1001 943//1001
f 944//1002 926//1002 925//1002
f 944//1003 943//1003 948//1003
f 944//1004 948//1004 949//1004
f 944//1005 949//1005 950//1005
f 944//1006 950//1006 951//1006
f 944//1007 951//1007 945//1007
f 952//1008 947//1008 944//1008
f 953//1009 939//1009 932//1009
f 954//1010 939//1010 953//1010
f 955//1011 952//1011 944//1011
f 955//1012 956//1012 952//1012
f 955//1013 957//1013 956//1013
f 955//1014 958//1014 957//1014
f 955//1015 959//1015 958//1015
f 960//1016 954//1016 953//1016
f 961//1017 954//1017 960//1017
f 962//1018 954//1018 961//1018
f 963//1019 954//1019 962//1019
f 963//1020 964//1020 965//1020
f 963//1021 962//1021 964//1021
f 966//1022 963//1022 965//1022
f 967//1023 963//1023 966//1023
f 968//1024 959//1024 955//1024
f 968//1025 969//1025 959//1025
f 970//1026 963//1026 967//1026
f 971//1027 969//1027 968//1027
f 972//1028 973//1028 971//1028
f 972//1029 974//1029 973//1029
f 972//1030 975//1030 974//1030
f 972//1031 976//1031 975//1031
f 972//1032 977//1032 976//1032
f 972//1033 971//1033 968//1033
f 978//1034 979//1034 963//1034
f 35//1035 45//1035 522//1035
f 980//1036 522//1036 978//1036
f 980//1037 981//1037 977//1037
f 980//1038 970//1038 981//1038
f 980//1039 963//1039 970//1039
f 980//1040 977//1040 972//1040
f 980//1041 978//1041 963//1041
f 982//1042 35//1042 522//1042
f 982//1043 522//1043 980//1043
f 982//1044 3//1044 35//1044
f 983//1045 3//1045 982//1045
f 983//1046 1//1046 3//1046
f 984//1047 20//1047 1//1047
f 984//1048 1//1048 983//1048
f 985//1049 20//1049 984//1049
f 985//1050 11//1050 20//1050
f 986//1051 11//1051 985//1051
f 986//1052 9//1052 11//1052
f 987//1053 8//1053 9//1053
f 988//1054 987//1054 9//1054
f 989//1055 9//1055 986//1055
f 989//1056 988//1056 9//1056
f 990//1057 987//1057 988//1057
f 804//1058 817//1058 807//1058
f 518//1059 7//1059 987//1059
f 987//1060 7//1060 8//1060
f 521//1061 518//1061 990//1061
f 990//1062 518//1062 987//1062
f 519//1063 521//1063 988//1063
f 988//1064 521//1064 990//1064
f 520//1065 519//1065 988//1065
f 520//1066 988//1066 989//1066
f 968//1067 503//1067 972//1067
f 499//1068 503//1068 968//1068
f 516//1069 986//1069 985//1069
f 516//1070 517//1070 986//1070
f 850//1071 991//1071 857//1071
f 850//1072 992//1072 991//1072
f 991//1073 992//1073 857//1073
f 850//1074 993//1074 992//1074
f 992//1075 993//1075 857//1075
f 380//1076 994//1076 850//1076
f 857//1077 994//1077 387//1077
f 850//1078 994//1078 993//1078
f 993//1079 994//1079 857//1079
f 994//1080 995//1080 387//1080
f 380//1081 995//1081 994//1081
f 995//1082 996//1082 387//1082
f 380//1083 996//1083 995//1083
f 387//1084 997//1084 380//1084
f 996//1085 997//1085 387//1085
f 380//1086 997//1086 996//1086
f 857//1087 998//1087 887//1087
f 857//1088 999//1088 998//1088
f 998//1089 999//1089 887//1089
f 387//1090 1000//1090 857//1090
f 857//1091 1000//1091 999//1091
f 887//1092 1000//1092 417//1092
f 999//1093 1000//1093 887//1093
f 387//1094 1001//1094 1000//1094
f 1000//1095 1001//1095 417//1095
f 1001//1096 1002//1096 417//1096
f 387//1097 1002//1097 1001//1097
f 417//1098 1003//1098 387//1098
f 1002//1099 1003//1099 417//1099
f 387//1100 1003//1100 1002//1100
f 887//1101 1004//1101 901//1101
f 887//1102 1005//1102 1004//1102
f 1004//1103 1005//1103 901//1103
f 1005//1104 1006//1104 901//1104
f 887//1105 1006//1105 1005//1105
f 1006//1106 1007//1106 901//1106
f 887//1107 1007//1107 1006//1107
f 417//1108 1007//1108 887//1108
f 901//1109 1007//1109 432//1109
f 1007//1110 1008//1110 432//1110
f 417//1111 1008//1111 1007//1111
f 1008//1112 1009//1112 432//1112
f 417//1113 1009//1113 1008//1113
f 432//1114 1010//1114 417//1114
f 1009//1115 1010//1115 432//1115
f 417//1116 1010//1116 1009//1116
f 901//1117 1011//1117 925//1117
f 901//1118 1012//1118 1011//1118
f 1011//1119 1012//1119 925//1119
f 901//1120 1013//1120 1012//1120
f 1012//1121 1013//1121 925//1121
f 432//1122 1013//1122 901//1122
f 925//1123 1013//1123 456//1123
f 432//1124 1014//1124 1013//1124
f 1013//1125 1014//1125 456//1125
f 1014//1126 1015//1126 456//1126
f 432//1127 1015//1127 1014//1127
f 456//1128 1016//1128 432//1128
f 1015//1129 1016//1129 456//1129
f 432//1130 1016//1130 1015//1130
f 925//1131 1017//1131 944//1131
f 925//1132 1018//1132 1017//1132
f 1017//1133 1018//1133 944//1133
f 925//1134 1019//1134 1018//1134
f 1018//1135 1019//1135 944//1135
f 925//1136 1020//1136 1019//1136
f 1019//1137 1020//1137 944//1137
f 456//1138 1020//1138 925//1138
f 944//1139 1020//1139 475//1139
f 456//1140 1021//1140 1020//1140
f 1020//1141 1021//1141 475//1141
f 1021//1142 1022//1142 475//1142
f 456//1143 1022//1143 1021//1143
f 475//1144 1023//1144 456//1144
f 1022//1145 1023//1145 475//1145
f 456//1146 1023//1146 1022//1146
f 944//1147 1024//1147 955//1147
f 944//1148 1025//1148 1024//1148
f 1024//1149 1025//1149 955//1149
f 944//1150 1026//1150 1025//1150
f 1025//1151 1026//1151 955//1151
f 475//1152 1027//1152 944//1152
f 955//1153 1027//1153 485//1153
f 944//1154 1027//1154 1026//1154
f 1026//1155 1027//1155 955//1155
f 475//1156 1028//1156 1027//1156
f 1027//1157 1028//1157 485//1157
f 1028//1158 1029//1158 485//1158
f 475//1159 1029//1159 1028//1159
f 485//1160 1030//1160 475//1160
f 1029//1161 1030//1161 485//1161
f 475//1162 1030//1162 1029//1162
f 955//1163 1031//1163 968//1163
f 955//1164 1032//1164 1031//1164
f 1031//1165 1032//1165 968//1165
f 485//1166 1033//1166 955//1166
f 968//1167 1033//1167 499//1167
f 955//1168 1033//1168 1032//1168
f 1032//1169 1033//1169 968//1169
f 1033//1170 1034//1170 499//1170
f 485//1171 1034//1171 1033//1171
f 1034//1172 1035//1172 499//1172
f 485//1173 1035//1173 1034//1173
f 499//1174 1036//1174 485//1174
f 1035//1175 1036//1175 499//1175
f 485//1176 1036//1176 1035//1176
f 972//1177 1037//1177 980//1177
f 1037//1178 1038//1178 980//1178
f 972//1179 1038//1179 1037//1179
f 972//1180 1039//1180 1038//1180
f 1038//1181 1039//1181 980//1181
f 972//1182 1040//1182 1039//1182
f 1039//1183 1040//1183 980//1183
f 972//1184 1041//1184 1040//1184
f 1040//1185 1041//1185 980//1185
f 972//1186 1042//1186 1041//1186
f 1041//1187 1042//1187 980//1187
f 503//1188 1042//1188 972//1188
f 980//1189 1042//1189 511//1189
f 1042//1190 1043//1190 511//1190
f 503//1191 1043//1191 1042//1191
f 1043//1192 1044//1192 511//1192
f 503//1193 1044//1193 1043//1193
f 511//1194 1045//1194 503//1194
f 1044//1195 1045//1195 511//1195
f 503//1196 1045//1196 1044//1196
f 980//1197 1046//1197 982//1197
f 511//1198 1046//1198 980//1198
f 982//1199 1046//1199 513//1199
f 511//1200 1047//1200 1046//1200
f 1046//1201 1047//1201 513//1201
f 1047//1202 1048//1202 513//1202
f 511//1203 1048//1203 1047//1203
f 513//1204 1049//1204 511//1204
f 1048//1205 1049//1205 513//1205
f 511//1206 1049//1206 1048//1206
f 982//1207 1050//1207 983//1207
f 982//1208 1051//1208 1050//1208
f 1050//1209 1051//1209 983//1209
f 982//1210 1052//1210 1051//1210
f 1051//1211 1052//1211 983//1211
f 982//1212 1053//1212 1052//1212
f 1052//1213 1053//1213 983//1213
f 513//1214 1053//1214 982//1214
f 983//1215 1053//1215 514//1215
f 513//1216 1054//1216 1053//1216
f 1053//1217 1054//1217 514//1217
f 1054//1218 1055//1218 514//1218
f 513//1219 1055//1219 1054//1219
f 514//1220 1056//1220 513//1220
f 1055//1221 1056//1221 514//1221
f 513//1222 1056//1222 1055//1222
f 983//1223 1057//1223 984//1223
f 983//1224 1058//1224 1057//1224
f 1057//1225 1058//1225 984//1225
f 983//1226 1059//1226 1058//1226
f 1058//1227 1059//1227 984//1227
f 514//1228 1059//1228 983//1228
f 984//1229 1059//1229 515//1229
f 514//1230 1060//1230 1059//1230
f 1059//1231 1060//1231 515//1231
f 1060//1232 1061//1232 515//1232
f 514//1233 1061//1233 1060//1233
f 515//1234 1062//1234 514//1234
f 1061//1235 1062//1235 515//1235
f 514//1236 1062//1236 1061//1236
f 984//1237 1063//1237 985//1237
f 984//1238 1064//1238 1063//1238
f 1063//1239 1064//1239 985//1239
f 984//1240 1065//1240 1064//1240
f 1064//1241 1065//1241 985//1241
f 515//1242 1065//1242 984//1242
f 985//1243 1065//1243 516//1243
f 515//1244 1066//1244 1065//1244
f 1065//1245 1066//1245 516//1245
f 1066//1246 1067//1246 516//1246
f 515//1247 1067//1247 1066//1247
f 516//1248 1068//1248 515//1248
f 1067//1249 1068//1249 516//1249
f 515//1250 1068//1250 1067//1250
f 986//1251 1069//1251 989//1251
f 986//1252 1070//1252 1069//1252
f 1069//1253 1070//1253 989//1253
f 989//1254 1071//1254 520//1254
f 517//1255 1071//1255 986//1255
f 1070//1256 1071//1256 989//1256
f 986//1257 1071//1257 1070//1257
f 517//1258 1072//1258 1071//1258
f 1071//1259 1072//1259 520//1259
f 1072//1260 1073//1260 520//1260
f 517//1261 1073//1261 1072//1261
f 1073//1262 1074//1262 520//1262
f 517//1263 1074//1263 1073//1263
f 520//1264 1074//1264 517//1264
f 376//1265 850//1265 846//1265
f 376//1266 380//1266 850//1266
f 369//1267 376//1267 839//1267
f 839//1268 376//1268 846//1268
f 845//1269 369//1269 839//1269
f 375//1270 369//1270 845//1270
f 829//1271 363//1271 833//1271
f 359//1272 363//1272 829//1272
f 803//1273 1075//1273 1076//1273
f 803//1274 1077//1274 1075//1274
f 803//1275 1078//1275 1077//1275
f 333//1276 1079//1276 803//1276
f 803//1277 1079//1277 1078//1277
f 333//1278 1080//1278 1079//1278
f 333//1279 1081//1279 1080//1279
f 333//1280 1082//1280 1081//1280
f 803//1281 1083//1281 808//1281
f 1076//1282 1083//1282 803//1282
f 1076//1283 1084//1283 1083//1283
f 1083//1284 1084//1284 808//1284
f 1075//1285 1084//1285 1076//1285
f 1077//1286 1085//1286 1075//1286
f 1084//1287 1085//1287 808//1287
f 1075//1288 1085//1288 1084//1288
f 1085//1289 1086//1289 808//1289
f 1077//1290 1086//1290 1085//1290
f 1078//1291 1086//1291 1077//1291
f 1079//1292 1087//1292 1078//1292
f 808//1293 1087//1293 339//1293
f 1086//1294 1087//1294 808//1294
f 1078//1295 1087//1295 1086//1295
f 1080//1296 1088//1296 1079//1296
f 1087//1297 1088//1297 339//1297
f 1079//1298 1088//1298 1087//1298
f 1088//1299 1089//1299 339//1299
f 1081//1300 1089//1300 1080//1300
f 1080//1301 1089//1301 1088//1301
f 339//1302 1090//1302 333//1302
f 333//1303 1090//1303 1082//1303
f 1082//1304 1090//1304 1081//1304
f 1089//1305 1090//1305 339//1305
f 1081//1306 1090//1306 1089//1306
f 808//1307 1091//1307 811//1307
f 808//1308 1092//1308 1091//1308
f 1091//1309 1092//1309 811//1309
f 339//1310 1093//1310 808//1310
f 811//1311 1093//1311 342//1311
f 808//1312 1093//1312 1092//1312
f 1092//1313 1093//1313 811//1313
f 1093//1314 1094//1314 342//1314
f 339//1315 1094//1315 1093//1315
f 1094//1316 1095//1316 342//1316
f 339//1317 1095//1317 1094//1317
f 342//1318 1096//1318 339//1318
f 1095//1319 1096//1319 342//1319
f 339//1320 1096//1320 1095//1320
f 811//1321 1097//1321 813//1321
f 811//1322 1098//1322 1097//1322
f 1097//1323 1098//1323 813//1323
f 811//1324 1099//1324 1098//1324
f 1098//1325 1099//1325 813//1325
f 342//1326 1099//1326 811//1326
f 813//1327 1099//1327 344//1327
f 342//1328 1100//1328 1099//1328
f 1099//1329 1100//1329 344//1329
f 1100//1330 1101//1330 344//1330
f 342//1331 1101//1331 1100//1331
f 344//1332 1102//1332 342//1332
f 1101//1333 1102//1333 344//1333
f 342//1334 1102//1334 1101//1334
f 813//1335 1103//1335 815//1335
f 813//1336 1104//1336 1103//1336
f 1103//1337 1104//1337 815//1337
f 344//1338 1104//1338 813//1338
f 815//1339 1104//1339 346//1339
f 344//1340 1105//1340 1104//1340
f 1104//1341 1105//1341 346//1341
f 1105//1342 1106//1342 346//1342
f 344//1343 1106//1343 1105//1343
f 346//1344 1107//1344 344//1344
f 1106//1345 1107//1345 346//1345
f 344//1346 1107//1346 1106//1346
f 815//1347 1108//1347 820//1347
f 815//1348 1109//1348 1108//1348
f 1108//1349 1109//1349 820//1349
f 815//1350 1110//1350 1109//1350
f 1109//1351 1110//1351 820//1351
f 815//1352 1111//1352 1110//1352
f 1110//1353 1111//1353 820//1353
f 346//1354 1112//1354 815//1354
f 820//1355 1112//1355 351//1355
f 815//1356 1112//1356 1111//1356
f 1111//1357 1112//1357 820//1357
f 346//1358 1113//1358 1112//1358
f 1112//1359 1113//1359 351//1359
f 1113//1360 1114//1360 351//1360
f 346//1361 1114//1361 1113//1361
f 351//1362 1115//1362 346//1362
f 1114//1363 1115//1363 351//1363
f 346//1364 1115//1364 1114//1364
f 820//1365 1116//1365 823//1365
f 351//1366 1117//1366 820//1366
f 823//1367 1117//1367 353//1367
f 820//1368 1117//1368 1116//1368
f 1116//1369 1117//1369 823//1369
f 1117//1370 1118//1370 353//1370
f 351//1371 1118//1371 1117//1371
f 1118//1372 1119//1372 353//1372
f 351//1373 1119//1373 1118//1373
f 353//1374 1120//1374 351//1374
f 1119//1375 1120//1375 353//1375
f 351//1376 1120//1376 1119//1376
f 823//1377 1121//1377 825//1377
f 353//1378 1121//1378 823//1378
f 825//1379 1121//1379 355//1379
f 1121//1380 1122//1380 355//1380
f 353//1381 1122//1381 1121//1381
f 1122//1382 1123//1382 355//1382
f 353//1383 1123//1383 1122//1383
f 355//1384 1124//1384 353//1384
f 1123//1385 1124//1385 355//1385
f 353//1386 1124//1386 1123//1386
f 825//1387 1125//1387 829//1387
f 355//1388 1126//1388 825//1388
f 829//1389 1126//1389 359//1389
f 825//1390 1126//1390 1125//1390
f 1125//1391 1126//1391 829//1391
f 1126//1392 1127//1392 359//1392
f 355//1393 1127//1393 1126//1393
f 1127//1394 1128//1394 359//1394
f 355//1395 1128//1395 1127//1395
f 1128//1396 1129//1396 359//1396
f 355//1397 1129//1397 1128//1397
f 359//1398 1129//1398 355//1398
f 833//1399 1130//1399 835//1399
f 833//1400 1131//1400 1130//1400
f 1130//1401 1131//1401 835//1401
f 1131//1402 1132//1402 835//1402
f 833//1403 1132//1403 1131//1403
f 1132//1404 1133//1404 835//1404
f 833//1405 1133//1405 1132//1405
f 1133//1406 1134//1406 835//1406
f 833//1407 1134//1407 1133//1407
f 363//1408 1134//1408 833//1408
f 835//1409 1134//1409 365//1409
f 1134//1410 1135//1410 365//1410
f 363//1411 1135//1411 1134//1411
f 1135//1412 1136//1412 365//1412
f 363//1413 1136//1413 1135//1413
f 365//1414 1137//1414 363//1414
f 1136//1415 1137//1415 365//1415
f 363//1416 1137//1416 1136//1416
f 835//1417 1138//1417 845//1417
f 835//1418 1139//1418 1138//1418
f 1138//1419 1139//1419 845//1419
f 1139//1420 1140//1420 845//1420
f 835//1421 1140//1421 1139//1421
f 1140//1422 1141//1422 845//1422
f 835//1423 1141//1423 1140//1423
f 845//1424 1142//1424 375//1424
f 1141//1425 1142//1425 845//1425
f 835//1426 1142//1426 1141//1426
f 365//1427 1142//1427 835//1427
f 365//1428 1143//1428 1142//1428
f 1142//1429 1143//1429 375//1429
f 1143//1430 1144//1430 375//1430
f 365//1431 1144//1431 1143//1431
f 375//1432 1145//1432 365//1432
f 1144//1433 1145//1433 375//1433
f 365//1434 1145//1434 1144//1434
f 327//1435 803//1435 797//1435
f 327//1436 333//1436 803//1436
f 322//1437 327//1437 791//1437
f 791//1438 327//1438 797//1438
f 796//1439 322//1439 791//1439
f 326//1440 322//1440 796//1440
f 610//1441 1146//1441 608//1441
f 610//1442 1147//1442 1146//1442
f 1146//1443 1147//1443 608//1443
f 610//1444 1148//1444 1147//1444
f 1147//1445 1148//1445 608//1445
f 140//1446 1149//1446 610//1446
f 608//1447 1149//1447 139//1447
f 610//1448 1149//1448 1148//1448
f 1148//1449 1149//1449 608//1449
f 1149//1450 1150//1450 139//1450
f 140//1451 1150//1451 1149//1451
f 1150//1452 1151//1452 139//1452
f 140//1453 1151//1453 1150//1453
f 139//1454 1152//1454 140//1454
f 1151//1455 1152//1455 139//1455
f 140//1456 1152//1456 1151//1456
f 608//1457 1153//1457 613//1457
f 608//1458 1154//1458 1153//1458
f 1153//1459 1154//1459 613//1459
f 139//1460 1154//1460 608//1460
f 613//1461 1154//1461 144//1461
f 1154//1462 1155//1462 144//1462
f 139//1463 1155//1463 1154//1463
f 1155//1464 1156//1464 144//1464
f 139//1465 1156//1465 1155//1465
f 144//1466 1157//1466 139//1466
f 1156//1467 1157//1467 144//1467
f 139//1468 1157//1468 1156//1468
f 613//1469 1158//1469 618//1469
f 613//1470 1159//1470 1158//1470
f 1158//1471 1159//1471 618//1471
f 613//1472 1160//1472 1159//1472
f 1159//1473 1160//1473 618//1473
f 1160//1474 1161//1474 618//1474
f 144//1475 1161//1475 613//1475
f 618//1476 1161//1476 149//1476
f 613//1477 1161//1477 1160//1477
f 1161//1478 1162//1478 149//1478
f 144//1479 1162//1479 1161//1479
f 1162//1480 1163//1480 149//1480
f 144//1481 1163//1481 1162//1481
f 149//1482 1164//1482 144//1482
f 1163//1483 1164//1483 149//1483
f 144//1484 1164//1484 1163//1484
f 618//1485 1165//1485 628//1485
f 618//1486 1166//1486 1165//1486
f 1165//1487 1166//1487 628//1487
f 149//1488 1166//1488 618//1488
f 628//1489 1166//1489 159//1489
f 149//1490 1167//1490 1166//1490
f 1166//1491 1167//1491 159//1491
f 1167//1492 1168//1492 159//1492
f 149//1493 1168//1493 1167//1493
f 159//1494 1169//1494 149//1494
f 1168//1495 1169//1495 159//1495
f 149//1496 1169//1496 1168//1496
f 628//1497 1170//1497 631//1497
f 628//1498 1171//1498 1170//1498
f 1170//1499 1171//1499 631//1499
f 628//1500 1172//1500 1171//1500
f 1171//1501 1172//1501 631//1501
f 159//1502 1172//1502 628//1502
f 631//1503 1172//1503 162//1503
f 159//1504 1173//1504 1172//1504
f 1172//1505 1173//1505 162//1505
f 1173//1506 1174//1506 162//1506
f 159//1507 1174//1507 1173//1507
f 162//1508 1175//1508 159//1508
f 1174//1509 1175//1509 162//1509
f 159//1510 1175//1510 1174//1510
f 631//1511 1176//1511 656//1511
f 631//1512 1177//1512 1176//1512
f 1176//1513 1177//1513 656//1513
f 631//1514 1178//1514 1177//1514
f 1177//1515 1178//1515 656//1515
f 631//1516 1179//1516 1178//1516
f 1178//1517 1179//1517 656//1517
f 162//1518 1179//1518 631//1518
f 656//1519 1179//1519 186//1519
f 162//1520 1180//1520 1179//1520
f 1179//1521 1180//1521 186//1521
f 1180//1522 1181//1522 186//1522
f 162//1523 1181//1523 1180//1523
f 186//1524 1182//1524 162//1524
f 1181//1525 1182//1525 186//1525
f 162//1526 1182//1526 1181//1526
f 656//1527 1183//1527 678//1527
f 656//1528 1184//1528 1183//1528
f 1183//1529 1184//1529 678//1529
f 186//1530 1185//1530 656//1530
f 678//1531 1185//1531 208//1531
f 656//1532 1185//1532 1184//1532
f 1184//1533 1185//1533 678//1533
f 1185//1534 1186//1534 208//1534
f 186//1535 1186//1535 1185//1535
f 1186//1536 1187//1536 208//1536
f 186//1537 1187//1537 1186//1537
f 208//1538 1188//1538 186//1538
f 1187//1539 1188//1539 208//1539
f 186//1540 1188//1540 1187//1540
f 678//1541 1189//1541 694//1541
f 678//1542 1190//1542 1189//1542
f 1189//1543 1190//1543 694//1543
f 678//1544 1191//1544 1190//1544
f 1190//1545 1191//1545 694//1545
f 208//1546 1192//1546 678//1546
f 694//1547 1192//1547 225//1547
f 678//1548 1192//1548 1191//1548
f 1191//1549 1192//1549 694//1549
f 1192//1550 1193//1550 225//1550
f 208//1551 1193//1551 1192//1551
f 1193//1552 1194//1552 225//1552
f 208//1553 1194//1553 1193//1553
f 1194//1554 1195//1554 225//1554
f 208//1555 1195//1555 1194//1555
f 225//1556 1195//1556 208//1556
f 694//1557 1196//1557 710//1557
f 694//1558 1197//1558 1196//1558
f 1196//1559 1197//1559 710//1559
f 1197//1560 1198//1560 710//1560
f 694//1561 1198//1561 1197//1561
f 1198//1562 1199//1562 710//1562
f 694//1563 1199//1563 1198//1563
f 225//1564 1199//1564 694//1564
f 710//1565 1199//1565 241//1565
f 1199//1566 1200//1566 241//1566
f 225//1567 1200//1567 1199//1567
f 1200//1568 1201//1568 241//1568
f 225//1569 1201//1569 1200//1569
f 241//1570 1202//1570 225//1570
f 1201//1571 1202//1571 241//1571
f 225//1572 1202//1572 1201//1572
f 710//1573 1203//1573 737//1573
f 710//1574 1204//1574 1203//1574
f 1203//1575 1204//1575 737//1575
f 710//1576 1205//1576 1204//1576
f 1204//1577 1205//1577 737//1577
f 710//1578 1206//1578 1205//1578
f 1205//1579 1206//1579 737//1579
f 241//1580 1206//1580 710//1580
f 737//1581 1206//1581 268//1581
f 241//1582 1207//1582 1206//1582
f 1206//1583 1207//1583 268//1583
f 1207//1584 1208//1584 268//1584
f 241//1585 1208//1585 1207//1585
f 268//1586 1209//1586 241//1586
f 1208//1587 1209//1587 268//1587
f 241//1588 1209//1588 1208//1588
f 737//1589 1210//1589 752//1589
f 737//1590 1211//1590 1210//1590
f 1210//1591 1211//1591 752//1591
f 737//1592 1212//1592 1211//1592
f 1211//1593 1212//1593 752//1593
f 737//1594 1213//1594 1212//1594
f 1212//1595 1213//1595 752//1595
f 737//1596 1214//1596 1213//1596
f 1213//1597 1214//1597 752//1597
f 268//1598 1214//1598 737//1598
f 752//1599 1214//1599 282//1599
f 268//1600 1215//1600 1214//1600
f 1214//1601 1215//1601 282//1601
f 1215//1602 1216//1602 282//1602
f 268//1603 1216//1603 1215//1603
f 282//1604 1217//1604 268//1604
f 1216//1605 1217//1605 282//1605
f 268//1606 1217//1606 1216//1606
f 752//1607 1218//1607 770//1607
f 752//1608 1219//1608 1218//1608
f 1218//1609 1219//1609 770//1609
f 752//1610 1220//1610 1219//1610
f 1219//1611 1220//1611 770//1611
f 282//1612 1220//1612 752//1612
f 770//1613 1220//1613 300//1613
f 282//1614 1221//1614 1220//1614
f 1220//1615 1221//1615 300//1615
f 1221//1616 1222//1616 300//1616
f 282//1617 1222//1617 1221//1617
f 300//1618 1223//1618 282//1618
f 1222//1619 1223//1619 300//1619
f 282//1620 1223//1620 1222//1620
f 770//1621 1224//1621 788//1621
f 300//1622 1225//1622 770//1622
f 788//1623 1225//1623 319//1623
f 770//1624 1225//1624 1224//1624
f 1224//1625 1225//1625 788//1625
f 1225//1626 1226//1626 319//1626
f 300//1627 1226//1627 1225//1627
f 1226//1628 1227//1628 319//1628
f 300//1629 1227//1629 1226//1629
f 319//1630 1228//1630 300//1630
f 1227//1631 1228//1631 319//1631
f 300//1632 1228//1632 1227//1632
f 788//1633 1229//1633 796//1633
f 788//1634 1230//1634 1229//1634
f 1229//1635 1230//1635 796//1635
f 796//1636 1230//1636 326//1636
f 319//1637 1230//1637 788//1637
f 1230//1638 1231//1638 326//1638
f 319//1639 1231//1639 1230//1639
f 1231//1640 1232//1640 326//1640
f 319//1641 1232//1641 1231//1641
f 326//1642 1233//1642 319//1642
f 1232//1643 1233//1643 326//1643
f 319//1644 1233//1644 1232//1644
f 136//1645 610//1645 606//1645
f 136//1646 140//1646 610//1646
f 130//1647 136//1647 600//1647
f 600//1648 136//1648 606//1648
f 602//1649 130//1649 600//1649
f 132//1650 130//1650 602//1650
f 62//1651 544//1651 532//1651
f 62//1652 74//1652 544//1652
f 106//1653 580//1653 576//1653
f 106//1654 110//1654 580//1654
f 61//1655 1234//1655 531//1655
f 531//1656 1235//1656 530//1656
f 531//1657 1236//1657 1235//1657
f 1235//1658 1236//1658 530//1658
f 1236//1659 1237//1659 530//1659
f 531//1660 1237//1660 1236//1660
f 1237//1661 1238//1661 530//1661
f 531//1662 1238//1662 1237//1662
f 1234//1663 1238//1663 531//1663
f 1238//1664 1239//1664 530//1664
f 1234//1665 1239//1665 1238//1665
f 1239//1666 1240//1666 60//1666
f 1234//1667 1240//1667 1239//1667
f 1240//1668 1241//1668 60//1668
f 1234//1669 1241//1669 1240//1669
f 1241//1670 1242//1670 60//1670
f 1234//1671 1242//1671 1241//1671
f 60//1672 1243//1672 61//1672
f 1242//1673 1243//1673 60//1673
f 1234//1674 1243//1674 1242//1674
f 61//1675 1243//1675 1234//1675
f 530//1676 1244//1676 532//1676
f 530//1677 1245//1677 1244//1677
f 1244//1678 1245//1678 532//1678
f 1245//1679 1246//1679 532//1679
f 530//1680 1246//1680 1245//1680
f 530//1681 1247//1681 1246//1681
f 1246//1682 1247//1682 532//1682
f 530//1683 1248//1683 1247//1683
f 1247//1684 1248//1684 532//1684
f 532//1685 1248//1685 62//1685
f 1239//1686 1248//1686 530//1686
f 60//1687 1248//1687 1239//1687
f 1248//1688 1249//1688 62//1688
f 60//1689 1249//1689 1248//1689
f 1249//1690 1250//1690 62//1690
f 60//1691 1250//1691 1249//1691
f 62//1692 1251//1692 60//1692
f 1250//1693 1251//1693 62//1693
f 60//1694 1251//1694 1250//1694
f 544//1695 1252//1695 546//1695
f 544//1696 1253//1696 1252//1696
f 1252//1697 1253//1697 546//1697
f 544//1698 1254//1698 1253//1698
f 1253//1699 1254//1699 546//1699
f 544//1700 1255//1700 1254//1700
f 1254//1701 1255//1701 546//1701
f 74//1702 1255//1702 544//1702
f 546//1703 1255//1703 76//1703
f 74//1704 1256//1704 1255//1704
f 1255//1705 1256//1705 76//1705
f 1256//1706 1257//1706 76//1706
f 74//1707 1257//1707 1256//1707
f 76//1708 1258//1708 74//1708
f 1257//1709 1258//1709 76//1709
f 74//1710 1258//1710 1257//1710
f 546//1711 1259//1711 548//1711
f 546//1712 1260//1712 1259//1712
f 1259//1713 1260//1713 548//1713
f 546//1714 1261//1714 1260//1714
f 1260//1715 1261//1715 548//1715
f 76//1716 1261//1716 546//1716
f 548//1717 1261//1717 78//1717
f 76//1718 1262//1718 1261//1718
f 1261//1719 1262//1719 78//1719
f 1262//1720 1263//1720 78//1720
f 76//1721 1263//1721 1262//1721
f 78//1722 1264//1722 76//1722
f 1263//1723 1264//1723 78//1723
f 76//1724 1264//1724 1263//1724
f 548//1725 1265//1725 1266//1725
f 548//1726 1267//1726 1265//1726
f 78//1727 1268//1727 548//1727
f 548//1728 1268//1728 1267//1728
f 78//1729 1269//1729 1268//1729
f 78//1730 1270//1730 1269//1730
f 78//1731 1271//1731 1270//1731
f 548//1732 1272//1732 554//1732
f 1266//1733 1272//1733 548//1733
f 1266//1734 1273//1734 1272//1734
f 1272//1735 1273//1735 554//1735
f 1266//1736 1274//1736 1273//1736
f 1265//1737 1274//1737 1266//1737
f 1273//1738 1274//1738 554//1738
f 1265//1739 1275//1739 1274//1739
f 1267//1740 1275//1740 1265//1740
f 1268//1741 1275//1741 1267//1741
f 1274//1742 1275//1742 554//1742
f 1275//1743 1276//1743 554//1743
f 554//1744 1276//1744 84//1744
f 1268//1745 1276//1745 1275//1745
f 1276//1746 1277//1746 84//1746
f 1268//1747 1277//1747 1276//1747
f 1269//1748 1277//1748 1268//1748
f 1277//1749 1278//1749 84//1749
f 1269//1750 1278//1750 1277//1750
f 1270//1751 1278//1751 1269//1751
f 84//1752 1279//1752 78//1752
f 1278//1753 1279//1753 84//1753
f 1270//1754 1279//1754 1278//1754
f 78//1755 1279//1755 1271//1755
f 1271//1756 1279//1756 1270//1756
f 554//1757 1280//1757 556//1757
f 554//1758 1281//1758 1280//1758
f 1280//1759 1281//1759 556//1759
f 1281//1760 1282//1760 556//1760
f 554//1761 1282//1761 1281//1761
f 554//1762 1283//1762 1282//1762
f 554//1763 1284//1763 1283//1763
f 84//1764 1284//1764 554//1764
f 84//1765 1285//1765 1284//1765
f 1285//1766 1286//1766 86//1766
f 84//1767 1286//1767 1285//1767
f 86//1768 1287//1768 84//1768
f 1286//1769 1287//1769 86//1769
f 84//1770 1287//1770 1286//1770
f 556//1771 1288//1771 560//1771
f 560//1772 1288//1772 1289//1772
f 1282//1773 1290//1773 556//1773
f 556//1774 1290//1774 1288//1774
f 1283//1775 1291//1775 1282//1775
f 1282//1776 1291//1776 1290//1776
f 1284//1777 1292//1777 1283//1777
f 1283//1778 1292//1778 1291//1778
f 86//1779 1293//1779 1285//1779
f 1285//1780 1293//1780 1284//1780
f 1284//1781 1293//1781 1292//1781
f 90//1782 1294//1782 86//1782
f 86//1783 1294//1783 1293//1783
f 90//1784 1295//1784 1294//1784
f 560//1785 1296//1785 564//1785
f 1289//1786 1296//1786 560//1786
f 1288//1787 1296//1787 1289//1787
f 1288//1788 1297//1788 1296//1788
f 1296//1789 1297//1789 564//1789
f 1290//1790 1298//1790 1288//1790
f 1288//1791 1298//1791 1297//1791
f 1297//1792 1298//1792 564//1792
f 1291//1793 1299//1793 1290//1793
f 1290//1794 1299//1794 1298//1794
f 1298//1795 1299//1795 564//1795
f 1292//1796 1300//1796 1291//1796
f 1293//1797 1300//1797 1292//1797
f 1291//1798 1300//1798 1299//1798
f 1299//1799 1300//1799 564//1799
f 564//1800 1300//1800 94//1800
f 1293//1801 1301//1801 1300//1801
f 1300//1802 1301//1802 94//1802
f 1301//1803 1302//1803 94//1803
f 1294//1804 1302//1804 1293//1804
f 1295//1805 1302//1805 1294//1805
f 1293//1806 1302//1806 1301//1806
f 94//1807 1303//1807 90//1807
f 90//1808 1303//1808 1295//1808
f 1302//1809 1303//1809 94//1809
f 1295//1810 1303//1810 1302//1810
f 564//1811 1304//1811 568//1811
f 564//1812 1305//1812 1304//1812
f 1304//1813 1305//1813 568//1813
f 564//1814 1306//1814 1305//1814
f 1305//1815 1306//1815 568//1815
f 94//1816 1307//1816 564//1816
f 568//1817 1307//1817 98//1817
f 564//1818 1307//1818 1306//1818
f 1306//1819 1307//1819 568//1819
f 1307//1820 1308//1820 98//1820
f 94//1821 1308//1821 1307//1821
f 1308//1822 1309//1822 98//1822
f 94//1823 1309//1823 1308//1823
f 1309//1824 1310//1824 98//1824
f 94//1825 1310//1825 1309//1825
f 98//1826 1310//1826 94//1826
f 568//1827 1311//1827 570//1827
f 568//1828 1312//1828 1311//1828
f 1311//1829 1312//1829 570//1829
f 1312//1830 1313//1830 570//1830
f 568//1831 1313//1831 1312//1831
f 1313//1832 1314//1832 570//1832
f 568//1833 1314//1833 1313//1833
f 98//1834 1314//1834 568//1834
f 570//1835 1314//1835 100//1835
f 1314//1836 1315//1836 100//1836
f 98//1837 1315//1837 1314//1837
f 1315//1838 1316//1838 100//1838
f 98//1839 1316//1839 1315//1839
f 100//1840 1317//1840 98//1840
f 1316//1841 1317//1841 100//1841
f 98//1842 1317//1842 1316//1842
f 570//1843 1318//1843 574//1843
f 570//1844 1319//1844 1318//1844
f 1318//1845 1319//1845 574//1845
f 570//1846 1320//1846 1319//1846
f 1319//1847 1320//1847 574//1847
f 570//1848 1321//1848 1320//1848
f 1320//1849 1321//1849 574//1849
f 100//1850 1321//1850 570//1850
f 574//1851 1321//1851 104//1851
f 100//1852 1322//1852 1321//1852
f 1321//1853 1322//1853 104//1853
f 1322//1854 1323//1854 104//1854
f 100//1855 1323//1855 1322//1855
f 104//1856 1324//1856 100//1856
f 1323//1857 1324//1857 104//1857
f 100//1858 1324//1858 1323//1858
f 574//1859 1325//1859 576//1859
f 574//1860 1326//1860 1325//1860
f 1325//1861 1326//1861 576//1861
f 574//1862 1327//1862 1326//1862
f 1326//1863 1327//1863 576//1863
f 574//1864 1328//1864 1327//1864
f 1327//1865 1328//1865 576//1865
f 104//1866 1328//1866 574//1866
f 576//1867 1328//1867 106//1867
f 104//1868 1329//1868 1328//1868
f 1328//1869 1329//1869 106//1869
f 1329//1870 1330//1870 106//1870
f 104//1871 1330//1871 1329//1871
f 106//1872 1331//1872 104//1872
f 1330//1873 1331//1873 106//1873
f 104//1874 1331//1874 1330//1874
f 580//1875 1332//1875 584//1875
f 110//1876 1333//1876 580//1876
f 584//1877 1333//1877 115//1877
f 580//1878 1333//1878 1332//1878
f 1332//1879 1333//1879 584//1879
f 110//1880 1334//1880 1333//1880
f 1333//1881 1334//1881 115//1881
f 1334//1882 1335//1882 115//1882
f 110//1883 1335//1883 1334//1883
f 115//1884 1336//1884 110//1884
f 1335//1885 1336//1885 115//1885
f 110//1886 1336//1886 1335//1886
f 584//1887 1337//1887 586//1887
f 584//1888 1338//1888 1337//1888
f 1337//1889 1338//1889 586//1889
f 584//1890 1339//1890 1338//1890
f 1338//1891 1339//1891 586//1891
f 584//1892 1340//1892 1339//1892
f 115//1893 1341//1893 584//1893
f 584//1894 1341//1894 1340//1894
f 115//1895 1342//1895 1341//1895
f 1342//1896 1343//1896 116//1896
f 115//1897 1343//1897 1342//1897
f 1343//1898 1344//1898 116//1898
f 115//1899 1344//1899 1343//1899
f 116//1900 1344//1900 115//1900
f 586//1901 1345//1901 590//1901
f 1345//1902 1346//1902 590//1902
f 586//1903 1346//1903 1345//1903
f 586//1904 1347//1904 1346//1904
f 1339//1905 1347//1905 586//1905
f 1346//1906 1347//1906 590//1906
f 1347//1907 1348//1907 590//1907
f 1339//1908 1348//1908 1347//1908
f 1340//1909 1348//1909 1339//1909
f 1348//1910 1349//1910 590//1910
f 1341//1911 1349//1911 1340//1911
f 1340//1912 1349//1912 1348//1912
f 590//1913 1349//1913 120//1913
f 1342//1914 1350//1914 1341//1914
f 116//1915 1350//1915 1342//1915
f 1341//1916 1350//1916 1349//1916
f 1349//1917 1350//1917 120//1917
f 116//1918 1351//1918 1350//1918
f 1350//1919 1351//1919 120//1919
f 120//1920 1352//1920 116//1920
f 1351//1921 1352//1921 120//1921
f 116//1922 1352//1922 1351//1922
f 590//1923 1353//1923 592//1923
f 590//1924 1354//1924 1353//1924
f 1353//1925 1354//1925 592//1925
f 590//1926 1355//1926 1354//1926
f 1354//1927 1355//1927 592//1927
f 120//1928 1356//1928 590//1928
f 592//1929 1356//1929 122//1929
f 590//1930 1356//1930 1355//1930
f 1355//1931 1356//1931 592//1931
f 120//1932 1357//1932 1356//1932
f 1356//1933 1357//1933 122//1933
f 1357//1934 1358//1934 122//1934
f 120//1935 1358//1935 1357//1935
f 122//1936 1359//1936 120//1936
f 1358//1937 1359//1937 122//1937
f 120//1938 1359//1938 1358//1938
f 592//1939 1360//1939 598//1939
f 592//1940 1361//1940 1360//1940
f 1360//1941 1361//1941 598//1941
f 592//1942 1362//1942 1361//1942
f 1361//1943 1362//1943 598//1943
f 122//1944 1363//1944 592//1944
f 598//1945 1363//1945 128//1945
f 592//1946 1363//1946 1362//1946
f 1362//1947 1363//1947 598//1947
f 1363//1948 1364//1948 128//1948
f 122//1949 1364//1949 1363//1949
f 1364//1950 1365//1950 128//1950
f 122//1951 1365//1951 1364//1951
f 128//1952 1366//1952 122//1952
f 1365//1953 1366//1953 128//1953
f 122//1954 1366//1954 1365//1954
f 598//1955 1367//1955 602//1955
f 598//1956 1368//1956 1367//1956
f 1367//1957 1368//1957 602//1957
f 128//1958 1369//1958 598//1958
f 602//1959 1369//1959 132//1959
f 598//1960 1369//1960 1368//1960
f 1368//1961 1369//1961 602//1961
f 1369//1962 1370//1962 132//1962
f 128//1963 1370//1963 1369//1963
f 1370//1964 1371//1964 132//1964
f 128//1965 1371//1965 1370//1965
f 132//1966 1372//1966 128//1966
f 1371//1967 1372//1967 132//1967
f 128//1968 1372//1968 1371//1968
f 54//1969 531//1969 523//1969
f 54//1970 61//1970 531//1970
f 529//1971 54//1971 523//1971
f 59//1972 54//1972 529//1972
f 567//1973 92//1973 563//1973
f 96//1974 92//1974 567//1974
f 526//1975 57//1975 527//1975
f 56//1976 57//1976 526//1976
f 58//1977 529//1977 528//1977
f 58//1978 59//1978 529//1978
f 595//1979 1373//1979 589//1979
f 124//1980 1374//1980 595//1980
f 589//1981 1374//1981 118//1981
f 595//1982 1374//1982 1373//1982
f 1373//1983 1374//1983 589//1983
f 1374//1984 1375//1984 118//1984
f 124//1985 1375//1985 1374//1985
f 1375//1986 1376//1986 118//1986
f 124//1987 1376//1987 1375//1987
f 1376//1988 1377//1988 118//1988
f 124//1989 1377//1989 1376//1989
f 118//1990 1378//1990 124//1990
f 1377//1991 1378//1991 118//1991
f 124//1992 1378//1992 1377//1992
f 589//1993 1379//1993 583//1993
f 118//1994 1379//1994 589//1994
f 583//1995 1379//1995 112//1995
f 1379//1996 1380//1996 112//1996
f 118//1997 1380//1997 1379//1997
f 1380//1998 1381//1998 112//1998
f 118//1999 1381//1999 1380//1999
f 1381//2000 1382//2000 112//2000
f 118//2001 1382//2001 1381//2001
f 112//2002 1383//2002 118//2002
f 1382//2003 1383//2003 112//2003
f 118//2004 1383//2004 1382//2004
f 583//2005 1384//2005 579//2005
f 583//2006 1385//2006 1384//2006
f 1384//2007 1385//2007 579//2007
f 583//2008 1386//2008 1385//2008
f 1385//2009 1386//2009 579//2009
f 583//2010 1387//2010 1386//2010
f 1386//2011 1387//2011 579//2011
f 583//2012 1388//2012 1387//2012
f 112//2013 1388//2013 583//2013
f 112//2014 1389//2014 1388//2014
f 112//2015 1390//2015 1389//2015
f 1390//2016 1391//2016 108//2016
f 112//2017 1391//2017 1390//2017
f 108//2018 1392//2018 112//2018
f 1391//2019 1392//2019 108//2019
f 112//2020 1392//2020 1391//2020
f 579//2021 1393//2021 573//2021
f 579//2022 1394//2022 1393//2022
f 1393//2023 1394//2023 573//2023
f 579//2024 1395//2024 1394//2024
f 1394//2025 1395//2025 573//2025
f 1387//2026 1395//2026 579//2026
f 1388//2027 1396//2027 1387//2027
f 1395//2028 1396//2028 573//2028
f 1387//2029 1396//2029 1395//2029
f 573//2030 1396//2030 102//2030
f 1388//2031 1397//2031 1396//2031
f 1389//2032 1397//2032 1388//2032
f 1390//2033 1397//2033 1389//2033
f 1396//2034 1397//2034 102//2034
f 1397//2035 1398//2035 102//2035
f 108//2036 1398//2036 1390//2036
f 1390//2037 1398//2037 1397//2037
f 1398//2038 1399//2038 102//2038
f 108//2039 1399//2039 1398//2039
f 102//2040 1400//2040 108//2040
f 1399//2041 1400//2041 102//2041
f 108//2042 1400//2042 1399//2042
f 573//2043 1401//2043 567//2043
f 573//2044 1402//2044 1401//2044
f 1401//2045 1402//2045 567//2045
f 573//2046 1403//2046 1402//2046
f 1402//2047 1403//2047 567//2047
f 102//2048 1404//2048 573//2048
f 573//2049 1404//2049 1403//2049
f 1403//2050 1404//2050 567//2050
f 567//2051 1404//2051 96//2051
f 102//2052 1405//2052 1404//2052
f 1404//2053 1405//2053 96//2053
f 1405//2054 1406//2054 96//2054
f 102//2055 1406//2055 1405//2055
f 1406//2056 1407//2056 96//2056
f 102//2057 1407//2057 1406//2057
f 96//2058 1408//2058 102//2058
f 1407//2059 1408//2059 96//2059
f 102//2060 1408//2060 1407//2060
f 563//2061 1409//2061 558//2061
f 563//2062 1410//2062 1409//2062
f 1409//2063 1410//2063 558//2063
f 92//2064 1411//2064 563//2064
f 558//2065 1411//2065 87//2065
f 563//2066 1411//2066 1410//2066
f 1410//2067 1411//2067 558//2067
f 1411//2068 1412//2068 87//2068
f 92//2069 1412//2069 1411//2069
f 1412//2070 1413//2070 87//2070
f 92//2071 1413//2071 1412//2071
f 1413//2072 1414//2072 87//2072
f 92//2073 1414//2073 1413//2073
f 87//2074 1415//2074 92//2074
f 1414//2075 1415//2075 87//2075
f 92//2076 1415//2076 1414//2076
f 558//2077 1416//2077 553//2077
f 87//2078 1417//2078 558//2078
f 553//2079 1417//2079 83//2079
f 558//2080 1417//2080 1416//2080
f 1416//2081 1417//2081 553//2081
f 1417//2082 1418//2082 83//2082
f 87//2083 1418//2083 1417//2083
f 1418//2084 1419//2084 83//2084
f 87//2085 1419//2085 1418//2085
f 1419//2086 1420//2086 83//2086
f 87//2087 1420//2087 1419//2087
f 83//2088 1421//2088 87//2088
f 1420//2089 1421//2089 83//2089
f 87//2090 1421//2090 1420//2090
f 553//2091 1422//2091 541//2091
f 553//2092 1423//2092 1422//2092
f 1422//2093 1423//2093 541//2093
f 553//2094 1424//2094 1423//2094
f 1423//2095 1424//2095 541//2095
f 83//2096 1424//2096 553//2096
f 541//2097 1424//2097 71//2097
f 83//2098 1425//2098 1424//2098
f 1424//2099 1425//2099 71//2099
f 1425//2100 1426//2100 71//2100
f 83//2101 1426//2101 1425//2101
f 1426//2102 1427//2102 71//2102
f 83//2103 1427//2103 1426//2103
f 71//2104 1428//2104 83//2104
f 1427//2105 1428//2105 71//2105
f 83//2106 1428//2106 1427//2106
f 541//2107 1429//2107 536//2107
f 541//2108 1430//2108 1429//2108
f 1429//2109 1430//2109 536//2109
f 71//2110 1430//2110 541//2110
f 536//2111 1430//2111 66//2111
f 71//2112 1431//2112 1430//2112
f 1430//2113 1431//2113 66//2113
f 1431//2114 1432//2114 66//2114
f 71//2115 1432//2115 1431//2115
f 1432//2116 1433//2116 66//2116
f 71//2117 1433//2117 1432//2117
f 66//2118 1434//2118 71//2118
f 1433//2119 1434//2119 66//2119
f 71//2120 1434//2120 1433//2120
f 536//2121 1435//2121 534//2121
f 66//2122 1435//2122 536//2122
f 534//2123 1435//2123 63//2123
f 66//2124 1436//2124 1435//2124
f 1435//2125 1436//2125 63//2125
f 1436//2126 1437//2126 63//2126
f 66//2127 1437//2127 1436//2127
f 1437//2128 1438//2128 63//2128
f 66//2129 1438//2129 1437//2129
f 63//2130 1439//2130 66//2130
f 1438//2131 1439//2131 63//2131
f 66//2132 1439//2132 1438//2132
f 534//2133 1440//2133 524//2133
f 534//2134 1441//2134 1440//2134
f 1440//2135 1441//2135 524//2135
f 534//2136 1442//2136 1441//2136
f 1441//2137 1442//2137 524//2137
f 534//2138 1443//2138 1442//2138
f 1442//2139 1443//2139 524//2139
f 63//2140 1443//2140 534//2140
f 524//2141 1443//2141 53//2141
f 63//2142 1444//2142 1443//2142
f 1443//2143 1444//2143 53//2143
f 1444//2144 1445//2144 53//2144
f 63//2145 1445//2145 1444//2145
f 1445//2146 1446//2146 53//2146
f 63//2147 1446//2147 1445//2147
f 53//2148 1447//2148 63//2148
f 1446//2149 1447//2149 53//2149
f 63//2150 1447//2150 1446//2150
f 524//2151 1448//2151 525//2151
f 524//2152 1449//2152 1448//2152
f 1448//2153 1449//2153 525//2153
f 53//2154 1450//2154 524//2154
f 525//2155 1450//2155 55//2155
f 524//2156 1450//2156 1449//2156
f 1449//2157 1450//2157 525//2157
f 53//2158 1451//2158 1450//2158
f 1450//2159 1451//2159 55//2159
f 1451//2160 1452//2160 55//2160
f 53//2161 1452//2161 1451//2161
f 1452//2162 1453//2162 55//2162
f 53//2163 1453//2163 1452//2163
f 1453//2164 1454//2164 55//2164
f 53//2165 1454//2165 1453//2165
f 55//2166 1454//2166 53//2166
f 525//2167 1455//2167 526//2167
f 525//2168 1456//2168 1455//2168
f 1455//2169 1456//2169 526//2169
f 55//2170 1456//2170 525//2170
f 526//2171 1456//2171 56//2171
f 1456//2172 1457//2172 56//2172
f 55//2173 1457//2173 1456//2173
f 1457//2174 1458//2174 56//2174
f 55//2175 1458//2175 1457//2175
f 1458//2176 1459//2176 56//2176
f 55//2177 1459//2177 1458//2177
f 56//2178 1460//2178 55//2178
f 1459//2179 1460//2179 56//2179
f 55//2180 1460//2180 1459//2180
f 527//2181 1461//2181 528//2181
f 527//2182 1462//2182 1461//2182
f 1461//2183 1462//2183 528//2183
f 527//2184 1463//2184 1462//2184
f 1462//2185 1463//2185 528//2185
f 57//2186 1464//2186 527//2186
f 528//2187 1464//2187 58//2187
f 527//2188 1464//2188 1463//2188
f 1463//2189 1464//2189 528//2189
f 57//2190 1465//2190 1464//2190
f 1464//2191 1465//2191 58//2191
f 1465//2192 1466//2192 58//2192
f 57//2193 1466//2193 1465//2193
f 1466//2194 1467//2194 58//2194
f 57//2195 1467//2195 1466//2195
f 58//2196 1468//2196 57//2196
f 1467//2197 1468//2197 58//2197
f 57//2198 1468//2198 1467//2198
f 125//2199 595//2199 594//2199
f 125//2200 124//2200 595//2200
f 127//2201 125//2201 594//2201
f 127//2202 594//2202 597//2202
f 605//2203 127//2203 597//2203
f 135//2204 127//2204 605//2204
f 616//2205 141//2205 612//2205
f 145//2206 141//2206 616//2206
f 334//2207 1469//2207 805//2207
f 334//2208 1470//2208 1469//2208
f 334//2209 1471//2209 1470//2209
f 334//2210 1472//2210 1471//2210
f 805//2211 1473//2211 763//2211
f 1469//2212 1473//2212 805//2212
f 1469//2213 1474//2213 1473//2213
f 1473//2214 1474//2214 763//2214
f 1469//2215 1475//2215 1474//2215
f 1474//2216 1475//2216 763//2216
f 1475//2217 1476//2217 763//2217
f 763//2218 1476//2218 292//2218
f 1469//2219 1476//2219 1475//2219
f 1469//2220 1477//2220 1476//2220
f 1476//2221 1477//2221 292//2221
f 1477//2222 1478//2222 292//2222
f 1469//2223 1478//2223 1477//2223
f 1470//2224 1478//2224 1469//2224
f 1471//2225 1479//2225 1470//2225
f 1470//2226 1479//2226 1478//2226
f 1478//2227 1479//2227 292//2227
f 292//2228 1480//2228 334//2228
f 1471//2229 1480//2229 1479//2229
f 334//2230 1480//2230 1472//2230
f 1472//2231 1480//2231 1471//2231
f 1479//2232 1480//2232 292//2232
f 763//2233 1481//2233 720//2233
f 763//2234 1482//2234 1481//2234
f 1481//2235 1482//2235 720//2235
f 292//2236 1483//2236 763//2236
f 720//2237 1483//2237 249//2237
f 763//2238 1483//2238 1482//2238
f 1482//2239 1483//2239 720//2239
f 1483//2240 1484//2240 249//2240
f 292//2241 1484//2241 1483//2241
f 1484//2242 1485//2242 249//2242
f 292//2243 1485//2243 1484//2243
f 1485//2244 1486//2244 249//2244
f 292//2245 1486//2245 1485//2245
f 249//2246 1487//2246 292//2246
f 1486//2247 1487//2247 249//2247
f 292//2248 1487//2248 1486//2248
f 720//2249 1488//2249 679//2249
f 720//2250 1489//2250 1488//2250
f 1488//2251 1489//2251 679//2251
f 720//2252 1490//2252 1489//2252
f 1489//2253 1490//2253 679//2253
f 720//2254 1491//2254 1490//2254
f 1490//2255 1491//2255 679//2255
f 1491//2256 1492//2256 679//2256
f 249//2257 1492//2257 720//2257
f 679//2258 1492//2258 209//2258
f 720//2259 1492//2259 1491//2259
f 1492//2260 1493//2260 209//2260
f 249//2261 1493//2261 1492//2261
f 1493//2262 1494//2262 209//2262
f 249//2263 1494//2263 1493//2263
f 1494//2264 1495//2264 209//2264
f 249//2265 1495//2265 1494//2265
f 209//2266 1496//2266 249//2266
f 1495//2267 1496//2267 209//2267
f 249//2268 1496//2268 1495//2268
f 679//2269 1497//2269 1498//2269
f 679//2270 1499//2270 1497//2270
f 679//2271 1500//2271 1499//2271
f 209//2272 1500//2272 679//2272
f 209//2273 1501//2273 1500//2273
f 209//2274 1502//2274 1501//2274
f 209//2275 1503//2275 1502//2275
f 209//2276 1504//2276 1503//2276
f 679//2277 1505//2277 652//2277
f 1498//2278 1505//2278 679//2278
f 1505//2279 1506//2279 652//2279
f 1498//2280 1506//2280 1505//2280
f 1497//2281 1507//2281 1498//2281
f 1506//2282 1507//2282 652//2282
f 1498//2283 1507//2283 1506//2283
f 1499//2284 1508//2284 1497//2284
f 1500//2285 1508//2285 1499//2285
f 1507//2286 1508//2286 652//2286
f 1497//2287 1508//2287 1507//2287
f 652//2288 1509//2288 181//2288
f 1508//2289 1509//2289 652//2289
f 1500//2290 1509//2290 1508//2290
f 1501//2291 1510//2291 1500//2291
f 1500//2292 1510//2292 1509//2292
f 1509//2293 1510//2293 181//2293
f 1502//2294 1511//2294 1501//2294
f 1501//2295 1511//2295 1510//2295
f 1510//2296 1511//2296 181//2296
f 1503//2297 1512//2297 1502//2297
f 1502//2298 1512//2298 1511//2298
f 1511//2299 1512//2299 181//2299
f 181//2300 1513//2300 209//2300
f 209//2301 1513//2301 1504//2301
f 1504//2302 1513//2302 1503//2302
f 1503//2303 1513//2303 1512//2303
f 1512//2304 1513//2304 181//2304
f 652//2305 1514//2305 622//2305
f 181//2306 1514//2306 652//2306
f 622//2307 1514//2307 152//2307
f 1514//2308 1515//2308 152//2308
f 181//2309 1515//2309 1514//2309
f 1515//2310 1516//2310 152//2310
f 181//2311 1516//2311 1515//2311
f 1516//2312 1517//2312 152//2312
f 181//2313 1517//2313 1516//2313
f 152//2314 1518//2314 181//2314
f 1517//2315 1518//2315 152//2315
f 181//2316 1518//2316 1517//2316
f 622//2317 1519//2317 616//2317
f 152//2318 1519//2318 622//2318
f 616//2319 1519//2319 145//2319
f 1519//2320 1520//2320 145//2320
f 152//2321 1520//2321 1519//2321
f 1520//2322 1521//2322 145//2322
f 152//2323 1521//2323 1520//2323
f 145//2324 1522//2324 152//2324
f 1521//2325 1522//2325 145//2325
f 152//2326 1522//2326 1521//2326
f 612//2327 1523//2327 604//2327
f 1523//2328 1524//2328 604//2328
f 612//2329 1524//2329 1523//2329
f 612//2330 1525//2330 1524//2330
f 141//2331 1525//2331 612//2331
f 604//2332 1525//2332 133//2332
f 1524//2333 1525//2333 604//2333
f 1525//2334 1526//2334 133//2334
f 141//2335 1526//2335 1525//2335
f 1526//2336 1527//2336 133//2336
f 141//2337 1527//2337 1526//2337
f 1527//2338 1528//2338 133//2338
f 141//2339 1528//2339 1527//2339
f 133//2340 1529//2340 141//2340
f 1528//2341 1529//2341 133//2341
f 141//2342 1529//2342 1528//2342
f 604//2343 1530//2343 605//2343
f 605//2344 1530//2344 135//2344
f 133//2345 1530//2345 604//2345
f 133//2346 1531//2346 1530//2346
f 1530//2347 1531//2347 135//2347
f 1531//2348 1532//2348 135//2348
f 133//2349 1532//2349 1531//2349
f 135//2350 1533//2350 133//2350
f 1532//2351 1533//2351 135//2351
f 133//2352 1533//2352 1532//2352
f 336//2353 805//2353 806//2353
f 336//2354 334//2354 805//2354
f 337//2355 336//2355 806//2355
f 337//2356 806//2356 807//2356
f 818//2357 337//2357 807//2357
f 347//2358 337//2358 818//2358
f 469//2359 899//2359 939//2359
f 469//2360 429//2360 899//2360
f 371//2361 832//2361 840//2361
f 371//2362 361//2362 832//2362
f 979//2363 1534//2363 963//2363
f 508//2364 1535//2364 979//2364
f 963//2365 1535//2365 493//2365
f 979//2366 1535//2366 1534//2366
f 1534//2367 1535//2367 963//2367
f 1535//2368 1536//2368 493//2368
f 508//2369 1536//2369 1535//2369
f 1536//2370 1537//2370 493//2370
f 508//2371 1537//2371 1536//2371
f 1537//2372 1538//2372 493//2372
f 508//2373 1538//2373 1537//2373
f 493//2374 1539//2374 508//2374
f 1538//2375 1539//2375 493//2375
f 508//2376 1539//2376 1538//2376
f 963//2377 1540//2377 954//2377
f 963//2378 1541//2378 1540//2378
f 1540//2379 1541//2379 954//2379
f 1541//2380 1542//2380 954//2380
f 963//2381 1542//2381 1541//2381
f 1542//2382 1543//2382 954//2382
f 493//2383 1543//2383 963//2383
f 954//2384 1543//2384 484//2384
f 963//2385 1543//2385 1542//2385
f 493//2386 1544//2386 1543//2386
f 1543//2387 1544//2387 484//2387
f 1544//2388 1545//2388 484//2388
f 493//2389 1545//2389 1544//2389
f 1545//2390 1546//2390 484//2390
f 493//2391 1546//2391 1545//2391
f 484//2392 1547//2392 493//2392
f 1546//2393 1547//2393 484//2393
f 493//2394 1547//2394 1546//2394
f 954//2395 1548//2395 939//2395
f 954//2396 1549//2396 1548//2396
f 1548//2397 1549//2397 939//2397
f 954//2398 1550//2398 1549//2398
f 1549//2399 1550//2399 939//2399
f 484//2400 1551//2400 954//2400
f 939//2401 1551//2401 469//2401
f 954//2402 1551//2402 1550//2402
f 1550//2403 1551//2403 939//2403
f 1551//2404 1552//2404 469//2404
f 484//2405 1552//2405 1551//2405
f 1552//2406 1553//2406 469//2406
f 484//2407 1553//2407 1552//2407
f 1553//2408 1554//2408 469//2408
f 484//2409 1554//2409 1553//2409
f 1554//2410 1555//2410 469//2410
f 484//2411 1555//2411 1554//2411
f 469//2412 1555//2412 484//2412
f 899//2413 1556//2413 872//2413
f 429//2414 1556//2414 899//2414
f 872//2415 1556//2415 402//2415
f 429//2416 1557//2416 1556//2416
f 1556//2417 1557//2417 402//2417
f 1557//2418 1558//2418 402//2418
f 429//2419 1558//2419 1557//2419
f 1558//2420 1559//2420 402//2420
f 429//2421 1559//2421 1558//2421
f 402//2422 1560//2422 429//2422
f 1559//2423 1560//2423 402//2423
f 429//2424 1560//2424 1559//2424
f 402//2425 1561//2425 872//2425
f 402//2426 1562//2426 1561//2426
f 402//2427 1563//2427 1562//2427
f 402//2428 1564//2428 1563//2428
f 402//2429 1565//2429 1564//2429
f 872//2430 1566//2430 840//2430
f 1561//2431 1566//2431 872//2431
f 1566//2432 1567//2432 840//2432
f 1561//2433 1567//2433 1566//2433
f 1561//2434 1568//2434 1567//2434
f 1567//2435 1568//2435 840//2435
f 1561//2436 1569//2436 1568//2436
f 1568//2437 1569//2437 840//2437
f 840//2438 1569//2438 371//2438
f 1562//2439 1570//2439 1561//2439
f 1569//2440 1570//2440 371//2440
f 1561//2441 1570//2441 1569//2441
f 1563//2442 1571//2442 1562//2442
f 1564//2443 1571//2443 1563//2443
f 1562//2444 1571//2444 1570//2444
f 1570//2445 1571//2445 371//2445
f 1564//2446 1572//2446 1571//2446
f 1571//2447 1572//2447 371//2447
f 1565//2448 1573//2448 1564//2448
f 1572//2449 1573//2449 371//2449
f 1564//2450 1573//2450 1572//2450
f 371//2451 1574//2451 402//2451
f 402//2452 1574//2452 1565//2452
f 1573//2453 1574//2453 371//2453
f 1565//2454 1574//2454 1573//2454
f 832//2455 1575//2455 828//2455
f 832//2456 1576//2456 1575//2456
f 1575//2457 1576//2457 828//2457
f 361//2458 1577//2458 832//2458
f 828//2459 1577//2459 357//2459
f 832//2460 1577//2460 1576//2460
f 1576//2461 1577//2461 828//2461
f 1577//2462 1578//2462 357//2462
f 361//2463 1578//2463 1577//2463
f 1578//2464 1579//2464 357//2464
f 361//2465 1579//2465 1578//2465
f 1579//2466 1580//2466 357//2466
f 361//2467 1580//2467 1579//2467
f 357//2468 1581//2468 361//2468
f 1580//2469 1581//2469 357//2469
f 361//2470 1581//2470 1580//2470
f 828//2471 1582//2471 819//2471
f 357//2472 1582//2472 828//2472
f 819//2473 1582//2473 349//2473
f 1582//2474 1583//2474 349//2474
f 357//2475 1583//2475 1582//2475
f 1583//2476 1584//2476 349//2476
f 357//2477 1584//2477 1583//2477
f 1584//2478 1585//2478 349//2478
f 357//2479 1585//2479 1584//2479
f 349//2480 1586//2480 357//2480
f 1585//2481 1586//2481 349//2481
f 357//2482 1586//2482 1585//2482
f 819//2483 1587//2483 1588//2483
f 349//2484 1589//2484 819//2484
f 819//2485 1589//2485 1587//2485
f 349//2486 1590//2486 1589//2486
f 349//2487 1591//2487 1590//2487
f 349//2488 1592//2488 1591//2488
f 349//2489 1593//2489 1592//2489
f 1588//2490 1594//2490 819//2490
f 819//2491 1594//2491 818//2491
f 1588//2492 1595//2492 1594//2492
f 1594//2493 1595//2493 818//2493
f 1589//2494 1596//2494 1587//2494
f 1588//2495 1596//2495 1595//2495
f 1595//2496 1596//2496 818//2496
f 1587//2497 1596//2497 1588//2497
f 818//2498 1597//2498 347//2498
f 1589//2499 1597//2499 1596//2499
f 1596//2500 1597//2500 818//2500
f 1590//2501 1598//2501 1589//2501
f 1597//2502 1598//2502 347//2502
f 1589//2503 1598//2503 1597//2503
f 1598//2504 1599//2504 347//2504
f 1591//2505 1599//2505 1590//2505
f 1590//2506 1599//2506 1598//2506
f 1592//2507 1600//2507 1591//2507
f 1591//2508 1600//2508 1599//2508
f 1599//2509 1600//2509 347//2509
f 347//2510 1601//2510 349//2510
f 349//2511 1601//2511 1593//2511
f 1593//2512 1601//2512 1592//2512
f 1592//2513 1601//2513 1600//2513
f 1600//2514 1601//2514 347//2514
f 509//2515 979//2515 978//2515
f 509//2516 508//2516 979//2516
f 510//2517 509//2517 978//2517
f 510//2518 978//2518 522//2518
f 689//2519 685//2519 215//2519
f 689//2520 215//2520 219//2520
f 692//2521 219//2521 222//2521
f 692//2522 689//2522 219//2522
f 700//2523 222//2523 230//2523
f 700//2524 692//2524 222//2524
f 701//2525 231//2525 234//2525
f 701//2526 230//2526 231//2526
f 701//2527 700//2527 230//2527
f 704//2528 701//2528 234//2528
f 707//2529 237//2529 239//2529
f 707//2530 234//2530 237//2530
f 707//2531 704//2531 234//2531
f 709//2532 707//2532 239//2532
f 713//2533 243//2533 242//2533
f 713//2534 239//2534 243//2534
f 713//2535 709//2535 239//2535
f 712//2536 713//2536 242//2536
f 711//2537 240//2537 228//2537
f 711//2538 242//2538 240//2538
f 711//2539 712//2539 242//2539
f 698//2540 711//2540 228//2540
f 697//2541 227//2541 226//2541
f 697//2542 228//2542 227//2542
f 697//2543 698//2543 228//2543
f 696//2544 697//2544 226//2544
f 695//2545 224//2545 217//2545
f 695//2546 226//2546 224//2546
f 695//2547 696//2547 226//2547
f 687//2548 695//2548 217//2548
f 215//2549 685//2549 212//2549
f 685//2550 682//2550 212//2550
f 212//2551 681//2551 211//2551
f 682//2552 681//2552 212//2552
f 211//2553 676//2553 206//2553
f 681//2554 676//2554 211//2554
f 206//2555 673//2555 203//2555
f 676//2556 673//2556 206//2556
f 203//2557 670//2557 200//2557
f 673//2558 670//2558 203//2558
f 200//2559 666//2559 196//2559
f 670//2560 666//2560 200//2560
f 196//2561 665//2561 195//2561
f 666//2562 665//2562 196//2562
f 195//2563 662//2563 192//2563
f 665//2564 662//2564 195//2564
f 192//2565 659//2565 189//2565
f 662//2566 659//2566 192//2566
f 189//2567 654//2567 184//2567
f 659//2568 654//2568 189//2568
f 184//2569 650//2569 180//2569
f 654//2570 650//2570 184//2570
f 180//2571 647//2571 177//2571
f 650//2572 647//2572 180//2572
f 177//2573 646//2573 176//2573
f 647//2574 646//2574 177//2574
f 620//2575 617//2575 147//2575
f 620//2576 147//2576 150//2576
f 621//2577 150//2577 151//2577
f 621//2578 620//2578 150//2578
f 623//2579 151//2579 153//2579
f 623//2580 621//2580 151//2580
f 624//2581 153//2581 154//2581
f 624//2582 623//2582 153//2582
f 625//2583 154//2583 155//2583
f 625//2584 624//2584 154//2584
f 626//2585 155//2585 156//2585
f 626//2586 625//2586 155//2586
f 627//2587 156//2587 157//2587
f 627//2588 626//2588 156//2588
f 630//2589 157//2589 160//2589
f 630//2590 627//2590 157//2590
f 634//2591 160//2591 163//2591
f 634//2592 630//2592 160//2592
f 635//2593 163//2593 165//2593
f 635//2594 634//2594 163//2594
f 637//2595 165//2595 167//2595
f 637//2596 635//2596 165//2596
f 638//2597 167//2597 168//2597
f 638//2598 637//2598 167//2598
f 640//2599 168//2599 170//2599
f 640//2600 638//2600 168//2600
f 643//2601 170//2601 173//2601
f 643//2602 640//2602 170//2602
f 646//2603 173//2603 176//2603
f 646//2604 643//2604 173//2604
f 617//2605 615//2605 147//2605
f 147//2606 615//2606 146//2606
f 146//2607 611//2607 142//2607
f 615//2608 611//2608 146//2608
f 142//2609 603//2609 134//2609
f 611//2610 603//2610 142//2610
f 134//2611 596//2611 126//2611
f 603//2612 596//2612 134//2612
f 126//2613 588//2613 119//2613
f 596//2614 588//2614 126//2614
f 119//2615 1602//2615 113//2615
f 1602//2616 1603//2616 113//2616
f 119//2617 1603//2617 1602//2617
f 113//2618 1604//2618 582//2618
f 1603//2619 1604//2619 113//2619
f 119//2620 1604//2620 1603//2620
f 119//2621 1605//2621 1604//2621
f 1604//2622 1605//2622 582//2622
f 588//2623 1605//2623 119//2623
f 588//2624 1606//2624 1605//2624
f 1605//2625 1606//2625 582//2625
f 582//2626 1607//2626 588//2626
f 588//2627 1607//2627 1606//2627
f 1606//2628 1607//2628 582//2628
f 113//2629 1608//2629 109//2629
f 109//2630 1608//2630 578//2630
f 1608//2631 1609//2631 578//2631
f 582//2632 1609//2632 113//2632
f 113//2633 1609//2633 1608//2633
f 1609//2634 1610//2634 578//2634
f 582//2635 1610//2635 1609//2635
f 578//2636 1611//2636 582//2636
f 1610//2637 1611//2637 578//2637
f 582//2638 1611//2638 1610//2638
f 109//2639 1612//2639 103//2639
f 1612//2640 1613//2640 103//2640
f 103//2641 1613//2641 572//2641
f 109//2642 1613//2642 1612//2642
f 1613//2643 1614//2643 572//2643
f 578//2644 1614//2644 109//2644
f 109//2645 1614//2645 1613//2645
f 1614//2646 1615//2646 572//2646
f 578//2647 1615//2647 1614//2647
f 572//2648 1616//2648 578//2648
f 1615//2649 1616//2649 572//2649
f 578//2650 1616//2650 1615//2650
f 103//2651 1617//2651 97//2651
f 103//2652 1618//2652 1617//2652
f 1617//2653 1618//2653 97//2653
f 1618//2654 1619//2654 97//2654
f 103//2655 1619//2655 1618//2655
f 97//2656 1619//2656 566//2656
f 1619//2657 1620//2657 566//2657
f 103//2658 1620//2658 1619//2658
f 572//2659 1620//2659 103//2659
f 1620//2660 1621//2660 566//2660
f 572//2661 1621//2661 1620//2661
f 566//2662 1622//2662 572//2662
f 1621//2663 1622//2663 566//2663
f 572//2664 1622//2664 1621//2664
f 97//2665 1623//2665 93//2665
f 97//2666 1624//2666 1623//2666
f 1623//2667 1624//2667 93//2667
f 97//2668 1625//2668 1624//2668
f 1624//2669 1625//2669 93//2669
f 97//2670 1626//2670 1625//2670
f 1625//2671 1626//2671 93//2671
f 93//2672 1626//2672 562//2672
f 97//2673 1627//2673 1626//2673
f 566//2674 1627//2674 97//2674
f 1626//2675 1627//2675 562//2675
f 1627//2676 1628//2676 562//2676
f 566//2677 1628//2677 1627//2677
f 562//2678 1629//2678 566//2678
f 1628//2679 1629//2679 562//2679
f 566//2680 1629//2680 1628//2680
f 93//2681 1630//2681 88//2681
f 93//2682 1631//2682 1630//2682
f 1630//2683 1631//2683 88//2683
f 93//2684 1632//2684 1631//2684
f 1631//2685 1632//2685 88//2685
f 88//2686 1632//2686 557//2686
f 93//2687 1633//2687 1632//2687
f 562//2688 1633//2688 93//2688
f 1632//2689 1633//2689 557//2689
f 1633//2690 1634//2690 557//2690
f 562//2691 1634//2691 1633//2691
f 557//2692 1635//2692 562//2692
f 1634//2693 1635//2693 557//2693
f 562//2694 1635//2694 1634//2694
f 88//2695 1636//2695 82//2695
f 88//2696 1637//2696 1636//2696
f 1636//2697 1637//2697 82//2697
f 82//2698 1637//2698 552//2698
f 88//2699 1638//2699 1637//2699
f 557//2700 1638//2700 88//2700
f 1637//2701 1638//2701 552//2701
f 1638//2702 1639//2702 552//2702
f 557//2703 1639//2703 1638//2703
f 552//2704 1640//2704 557//2704
f 1639//2705 1640//2705 552//2705
f 557//2706 1640//2706 1639//2706
f 82//2707 1641//2707 79//2707
f 82//2708 1642//2708 1641//2708
f 1641//2709 1642//2709 79//2709
f 79//2710 1642//2710 549//2710
f 82//2711 1643//2711 1642//2711
f 552//2712 1643//2712 82//2712
f 1642//2713 1643//2713 549//2713
f 1643//2714 1644//2714 549//2714
f 552//2715 1644//2715 1643//2715
f 549//2716 1645//2716 552//2716
f 1644//2717 1645//2717 549//2717
f 552//2718 1645//2718 1644//2718
f 79//2719 1646//2719 70//2719
f 79//2720 1647//2720 1646//2720
f 1646//2721 1647//2721 70//2721
f 70//2722 1648//2722 540//2722
f 549//2723 1648//2723 79//2723
f 1647//2724 1648//2724 70//2724
f 79//2725 1648//2725 1647//2725
f 549//2726 1649//2726 1648//2726
f 1648//2727 1649//2727 540//2727
f 540//2728 1650//2728 549//2728
f 1649//2729 1650//2729 540//2729
f 549//2730 1650//2730 1649//2730
f 550//2731 551//2731 81//2731
f 550//2732 81//2732 80//2732
f 547//2733 80//2733 77//2733
f 547//2734 550//2734 80//2734
f 545//2735 77//2735 75//2735
f 545//2736 547//2736 77//2736
f 543//2737 75//2737 73//2737
f 543//2738 545//2738 75//2738
f 542//2739 73//2739 72//2739
f 542//2740 543//2740 73//2740
f 539//2741 72//2741 69//2741
f 539//2742 542//2742 72//2742
f 537//2743 69//2743 67//2743
f 537//2744 539//2744 69//2744
f 533//2745 67//2745 64//2745
f 533//2746 537//2746 67//2746
f 535//2747 65//2747 68//2747
f 535//2748 64//2748 65//2748
f 535//2749 533//2749 64//2749
f 538//2750 68//2750 70//2750
f 538//2751 535//2751 68//2751
f 540//2752 538//2752 70//2752
f 551//2753 555//2753 81//2753
f 81//2754 555//2754 85//2754
f 85//2755 559//2755 89//2755
f 555//2756 559//2756 85//2756
f 99//2757 571//2757 101//2757
f 569//2758 571//2758 99//2758
f 593//2759 599//2759 123//2759
f 123//2760 599//2760 129//2760
f 609//2761 614//2761 138//2761
f 138//2762 614//2762 143//2762
f 614//2763 619//2763 143//2763
f 143//2764 619//2764 148//2764
f 148//2765 629//2765 158//2765
f 619//2766 629//2766 148//2766
f 158//2767 632//2767 161//2767
f 629//2768 632//2768 158//2768
f 161//2769 657//2769 187//2769
f 632//2770 657//2770 161//2770
f 187//2771 668//2771 198//2771
f 657//2772 668//2772 187//2772
f 668//2773 217//2773 198//2773
f 668//2774 687//2774 217//2774
f 89//2775 1651//2775 91//2775
f 1651//2776 1652//2776 91//2776
f 89//2777 1652//2777 1651//2777
f 89//2778 1653//2778 1652//2778
f 1652//2779 1653//2779 91//2779
f 559//2780 1653//2780 89//2780
f 91//2781 1653//2781 561//2781
f 1653//2782 1654//2782 561//2782
f 559//2783 1654//2783 1653//2783
f 561//2784 1655//2784 559//2784
f 559//2785 1655//2785 1654//2785
f 1654//2786 1655//2786 561//2786
f 91//2787 1656//2787 95//2787
f 95//2788 1656//2788 565//2788
f 91//2789 1657//2789 1656//2789
f 561//2790 1657//2790 91//2790
f 1656//2791 1657//2791 565//2791
f 565//2792 1658//2792 561//2792
f 561//2793 1658//2793 1657//2793
f 1657//2794 1658//2794 565//2794
f 95//2795 1659//2795 99//2795
f 95//2796 1660//2796 1659//2796
f 565//2797 1660//2797 95//2797
f 99//2798 1660//2798 569//2798
f 1659//2799 1660//2799 99//2799
f 569//2800 1661//2800 565//2800
f 565//2801 1661//2801 1660//2801
f 1660//2802 1661//2802 569//2802
f 101//2803 1662//2803 105//2803
f 1662//2804 1663//2804 105//2804
f 101//2805 1663//2805 1662//2805
f 1663//2806 1664//2806 105//2806
f 101//2807 1664//2807 1663//2807
f 571//2808 1664//2808 101//2808
f 105//2809 1664//2809 575//2809
f 1664//2810 1665//2810 575//2810
f 571//2811 1665//2811 1664//2811
f 571//2812 1666//2812 1665//2812
f 1665//2813 1666//2813 575//2813
f 575//2814 1667//2814 571//2814
f 1666//2815 1667//2815 575//2815
f 571//2816 1667//2816 1666//2816
f 105//2817 1668//2817 107//2817
f 1668//2818 1669//2818 107//2818
f 105//2819 1669//2819 1668//2819
f 105//2820 1670//2820 1669//2820
f 1669//2821 1670//2821 107//2821
f 575//2822 1670//2822 105//2822
f 107//2823 1670//2823 577//2823
f 1670//2824 1671//2824 577//2824
f 575//2825 1671//2825 1670//2825
f 577//2826 1672//2826 575//2826
f 1671//2827 1672//2827 577//2827
f 575//2828 1672//2828 1671//2828
f 107//2829 1673//2829 111//2829
f 107//2830 1674//2830 1673//2830
f 1673//2831 1674//2831 111//2831
f 107//2832 1675//2832 1674//2832
f 1674//2833 1675//2833 111//2833
f 577//2834 1675//2834 107//2834
f 111//2835 1675//2835 581//2835
f 577//2836 1676//2836 1675//2836
f 1675//2837 1676//2837 581//2837
f 581//2838 1677//2838 577//2838
f 1676//2839 1677//2839 581//2839
f 577//2840 1677//2840 1676//2840
f 111//2841 1678//2841 114//2841
f 111//2842 1679//2842 1678//2842
f 1678//2843 1679//2843 114//2843
f 111//2844 1680//2844 1679//2844
f 1679//2845 1680//2845 114//2845
f 581//2846 1680//2846 111//2846
f 581//2847 1681//2847 1680//2847
f 585//2848 1682//2848 581//2848
f 1681//2849 1682//2849 585//2849
f 581//2850 1682//2850 1681//2850
f 114//2851 1683//2851 1684//2851
f 1680//2852 1685//2852 114//2852
f 114//2853 1685//2853 1683//2853
f 585//2854 1686//2854 1681//2854
f 1681//2855 1686//2855 1680//2855
f 1680//2856 1686//2856 1685//2856
f 585//2857 1687//2857 1686//2857
f 585//2858 1688//2858 1687//2858
f 114//2859 1689//2859 117//2859
f 1684//2860 1689//2860 114//2860
f 1683//2861 1689//2861 1684//2861
f 1689//2862 1690//2862 117//2862
f 1683//2863 1690//2863 1689//2863
f 1686//2864 1691//2864 1685//2864
f 1690//2865 1691//2865 117//2865
f 1683//2866 1691//2866 1690//2866
f 1685//2867 1691//2867 1683//2867
f 1691//2868 1692//2868 117//2868
f 1686//2869 1692//2869 1691//2869
f 117//2870 1692//2870 587//2870
f 1687//2871 1693//2871 1686//2871
f 1688//2872 1693//2872 1687//2872
f 585//2873 1693//2873 1688//2873
f 587//2874 1693//2874 585//2874
f 1692//2875 1693//2875 587//2875
f 1686//2876 1693//2876 1692//2876
f 121//2877 1694//2877 591//2877
f 117//2878 1694//2878 121//2878
f 1694//2879 1695//2879 591//2879
f 117//2880 1695//2880 1694//2880
f 587//2881 1695//2881 117//2881
f 591//2882 1696//2882 587//2882
f 1695//2883 1696//2883 591//2883
f 587//2884 1696//2884 1695//2884
f 123//2885 1697//2885 593//2885
f 121//2886 1697//2886 123//2886
f 591//2887 1698//2887 121//2887
f 121//2888 1698//2888 1697//2888
f 1697//2889 1698//2889 593//2889
f 591//2890 1699//2890 1698//2890
f 593//2891 1699//2891 591//2891
f 1698//2892 1699//2892 593//2892
f 129//2893 1700//2893 131//2893
f 131//2894 1701//2894 601//2894
f 129//2895 1701//2895 1700//2895
f 1700//2896 1701//2896 131//2896
f 1701//2897 1702//2897 601//2897
f 599//2898 1702//2898 129//2898
f 129//2899 1702//2899 1701//2899
f 601//2900 1703//2900 599//2900
f 1702//2901 1703//2901 601//2901
f 599//2902 1703//2902 1702//2902
f 137//2903 1704//2903 607//2903
f 131//2904 1704//2904 137//2904
f 1704//2905 1705//2905 607//2905
f 601//2906 1705//2906 131//2906
f 131//2907 1705//2907 1704//2907
f 607//2908 1706//2908 601//2908
f 1705//2909 1706//2909 607//2909
f 601//2910 1706//2910 1705//2910
f 138//2911 1707//2911 609//2911
f 137//2912 1707//2912 138//2912
f 607//2913 1708//2913 137//2913
f 1707//2914 1708//2914 609//2914
f 137//2915 1708//2915 1707//2915
f 609//2916 1709//2916 607//2916
f 1708//2917 1709//2917 609//2917
f 607//2918 1709//2918 1708//2918
f 722//2919 252//2919 725//2919
f 252//2920 255//2920 725//2920
f 725//2921 260//2921 730//2921
f 255//2922 260//2922 725//2922
f 730//2923 263//2923 733//2923
f 260//2924 263//2924 730//2924
f 733//2925 265//2925 735//2925
f 263//2926 265//2926 733//2926
f 735//2927 273//2927 743//2927
f 743//2928 273//2928 745//2928
f 265//2929 273//2929 735//2929
f 745//2930 275//2930 747//2930
f 273//2931 275//2931 745//2931
f 275//2932 277//2932 747//2932
f 747//2933 279//2933 749//2933
f 749//2934 279//2934 751//2934
f 277//2935 279//2935 747//2935
f 279//2936 281//2936 751//2936
f 751//2937 289//2937 759//2937
f 759//2938 289//2938 761//2938
f 281//2939 289//2939 751//2939
f 289//2940 291//2940 761//2940
f 761//2941 295//2941 765//2941
f 765//2942 295//2942 767//2942
f 291//2943 295//2943 761//2943
f 295//2944 297//2944 767//2944
f 767//2945 299//2945 769//2945
f 769//2946 299//2946 777//2946
f 297//2947 299//2947 767//2947
f 299//2948 307//2948 777//2948
f 307//2949 309//2949 777//2949
f 777//2950 309//2950 779//2950
f 309//2951 311//2951 779//2951
f 779//2952 311//2952 781//2952
f 781//2953 311//2953 784//2953
f 311//2954 314//2954 784//2954
f 693//2955 223//2955 702//2955
f 223//2956 232//2956 702//2956
f 702//2957 235//2957 705//2957
f 232//2958 235//2958 702//2958
f 705//2959 252//2959 722//2959
f 235//2960 252//2960 705//2960
f 644//2961 174//2961 648//2961
f 174//2962 178//2962 648//2962
f 648//2963 182//2963 651//2963
f 178//2964 182//2964 648//2964
f 651//2965 185//2965 655//2965
f 182//2966 185//2966 651//2966
f 655//2967 190//2967 660//2967
f 185//2968 190//2968 655//2968
f 660//2969 193//2969 663//2969
f 663//2970 193//2970 667//2970
f 190//2971 193//2971 660//2971
f 193//2972 197//2972 667//2972
f 667//2973 201//2973 671//2973
f 671//2974 201//2974 674//2974
f 197//2975 201//2975 667//2975
f 201//2976 204//2976 674//2976
f 674//2977 207//2977 677//2977
f 204//2978 207//2978 674//2978
f 677//2979 213//2979 683//2979
f 683//2980 213//2980 686//2980
f 207//2981 213//2981 677//2981
f 213//2982 216//2982 686//2982
f 686//2983 220//2983 690//2983
f 216//2984 220//2984 686//2984
f 690//2985 223//2985 693//2985
f 220//2986 223//2986 690//2986
f 636//2987 166//2987 633//2987
f 166//2988 164//2988 633//2988
f 633//2989 171//2989 641//2989
f 164//2990 171//2990 633//2990
f 641//2991 174//2991 644//2991
f 171//2992 174//2992 641//2992
f 236//2993 233//2993 706//2993
f 706//2994 233//2994 703//2994
f 703//2995 229//2995 699//2995
f 699//2996 229//2996 691//2996
f 233//2997 229//2997 703//2997
f 229//2998 221//2998 691//2998
f 691//2999 218//2999 688//2999
f 221//3000 218//3000 691//3000
f 688//3001 214//3001 684//3001
f 218//3002 214//3002 688//3002
f 684//3003 210//3003 680//3003
f 214//3004 210//3004 684//3004
f 680//3005 205//3005 675//3005
f 210//3006 205//3006 680//3006
f 675//3007 202//3007 672//3007
f 672//3008 202//3008 669//3008
f 205//3009 202//3009 675//3009
f 202//3010 199//3010 669//3010
f 669//3011 194//3011 664//3011
f 199//3012 194//3012 669//3012
f 664//3013 191//3013 661//3013
f 661//3014 191//3014 658//3014
f 194//3015 191//3015 664//3015
f 191//3016 188//3016 658//3016
f 658//3017 183//3017 653//3017
f 653//3018 183//3018 649//3018
f 188//3019 183//3019 658//3019
f 183//3020 179//3020 649//3020
f 179//3021 175//3021 649//3021
f 649//3022 175//3022 645//3022
f 175//3023 172//3023 645//3023
f 645//3024 172//3024 642//3024
f 172//3025 169//3025 642//3025
f 642//3026 169//3026 639//3026
f 169//3027 166//3027 639//3027
f 639//3028 166//3028 636//3028
f 271//3029 244//3029 741//3029
f 741//3030 244//3030 714//3030
f 714//3031 238//3031 708//3031
f 708//3032 238//3032 706//3032
f 244//3033 238//3033 714//3033
f 238//3034 236//3034 706//3034
f 318//3035 320//3035 789//3035
f 789//3036 320//3036 790//3036
f 790//3037 301//3037 771//3037
f 771//3038 301//3038 772//3038
f 320//3039 301//3039 790//3039
f 301//3040 302//3040 772//3040
f 772//3041 303//3041 773//3041
f 302//3042 303//3042 772//3042
f 773//3043 304//3043 774//3043
f 774//3044 304//3044 753//3044
f 303//3045 304//3045 773//3045
f 304//3046 283//3046 753//3046
f 753//3047 284//3047 754//3047
f 283//3048 284//3048 753//3048
f 754//3049 285//3049 755//3049
f 755//3050 285//3050 756//3050
f 284//3051 285//3051 754//3051
f 285//3052 286//3052 756//3052
f 756//3053 267//3053 738//3053
f 286//3054 267//3054 756//3054
f 738//3055 269//3055 739//3055
f 739//3056 269//3056 740//3056
f 267//3057 269//3057 738//3057
f 740//3058 270//3058 741//3058
f 269//3059 270//3059 740//3059
f 270//3060 271//3060 741//3060
f 314//3061 316//3061 784//3061
f 784//3062 316//3062 786//3062
f 786//3063 324//3063 794//3063
f 794//3064 324//3064 789//3064
f 316//3065 324//3065 786//3065
f 324//3066 318//3066 789//3066
f 934//3067 464//3067 936//3067
f 464//3068 466//3068 936//3068
f 466//3069 468//3069 936//3069
f 936//3070 468//3070 938//3070
f 468//3071 471//3071 938//3071
f 938//3072 471//3072 941//3072
f 471//3073 473//3073 941//3073
f 941//3074 473//3074 943//3074
f 943//3075 473//3075 948//3075
f 473//3076 478//3076 948//3076
f 478//3077 479//3077 948//3077
f 948//3078 479//3078 949//3078
f 479//3079 480//3079 949//3079
f 949//3080 480//3080 950//3080
f 480//3081 481//3081 950//3081
f 950//3082 481//3082 951//3082
f 951//3083 481//3083 945//3083
f 481//3084 474//3084 945//3084
f 474//3085 455//3085 945//3085
f 945//3086 455//3086 926//3086
f 455//3087 457//3087 926//3087
f 926//3088 457//3088 927//3088
f 457//3089 458//3089 927//3089
f 927//3090 458//3090 928//3090
f 928//3091 458//3091 929//3091
f 458//3092 459//3092 929//3092
f 459//3093 460//3093 929//3093
f 929//3094 460//3094 930//3094
f 930//3095 461//3095 931//3095
f 460//3096 461//3096 930//3096
f 931//3097 431//3097 902//3097
f 461//3098 431//3098 931//3098
f 902//3099 431//3099 903//3099
f 431//3100 433//3100 903//3100
f 903//3101 434//3101 904//3101
f 904//3102 434//3102 897//3102
f 433//3103 434//3103 903//3103
f 434//3104 427//3104 897//3104
f 897//3105 424//3105 894//3105
f 427//3106 424//3106 897//3106
f 894//3107 421//3107 891//3107
f 424//3108 421//3108 894//3108
f 891//3109 414//3109 884//3109
f 421//3110 414//3110 891//3110
f 884//3111 411//3111 881//3111
f 414//3112 411//3112 884//3112
f 411//3113 407//3113 881//3113
f 881//3114 407//3114 877//3114
f 407//3115 404//3115 877//3115
f 877//3116 404//3116 874//3116
f 404//3117 399//3117 874//3117
f 874//3118 399//3118 869//3118
f 399//3119 396//3119 869//3119
f 869//3120 396//3120 866//3120
f 396//3121 393//3121 866//3121
f 866//3122 393//3122 863//3122
f 393//3123 390//3123 863//3123
f 863//3124 390//3124 860//3124
f 390//3125 385//3125 860//3125
f 860//3126 385//3126 855//3126
f 385//3127 381//3127 855//3127
f 855//3128 381//3128 851//3128
f 381//3129 382//3129 851//3129
f 851//3130 382//3130 852//3130
f 382//3131 384//3131 852//3131
f 852//3132 384//3132 854//3132
f 384//3133 389//3133 854//3133
f 854//3134 389//3134 859//3134
f 389//3135 392//3135 859//3135
f 859//3136 392//3136 862//3136
f 392//3137 395//3137 862//3137
f 862//3138 395//3138 865//3138
f 395//3139 398//3139 865//3139
f 865//3140 398//3140 868//3140
f 398//3141 403//3141 868//3141
f 868//3142 403//3142 873//3142
f 403//3143 406//3143 873//3143
f 873//3144 406//3144 876//3144
f 406//3145 410//3145 876//3145
f 876//3146 410//3146 880//3146
f 410//3147 413//3147 880//3147
f 880//3148 413//3148 883//3148
f 883//3149 413//3149 886//3149
f 413//3150 416//3150 886//3150
f 416//3151 423//3151 886//3151
f 886//3152 423//3152 893//3152
f 893//3153 423//3153 896//3153
f 423//3154 426//3154 896//3154
f 426//3155 430//3155 896//3155
f 896//3156 430//3156 900//3156
f 900//3157 430//3157 910//3157
f 430//3158 440//3158 910//3158
f 910//3159 440//3159 913//3159
f 440//3160 443//3160 913//3160
f 443//3161 446//3161 913//3161
f 913//3162 446//3162 916//3162
f 916//3163 449//3163 919//3163
f 919//3164 449//3164 924//3164
f 446//3165 449//3165 916//3165
f 449//3166 454//3166 924//3166
f 924//3167 464//3167 934//3167
f 454//3168 464//3168 924//3168
f 961//3169 960//3169 490//3169
f 961//3170 490//3170 491//3170
f 962//3171 491//3171 492//3171
f 962//3172 961//3172 491//3172
f 964//3173 492//3173 494//3173
f 964//3174 962//3174 492//3174
f 965//3175 494//3175 495//3175
f 965//3176 964//3176 494//3176
f 966//3177 495//3177 496//3177
f 966//3178 965//3178 495//3178
f 967//3179 496//3179 497//3179
f 967//3180 966//3180 496//3180
f 970//3181 497//3181 500//3181
f 970//3182 967//3182 497//3182
f 981//3183 500//3183 512//3183
f 981//3184 970//3184 500//3184
f 977//3185 512//3185 507//3185
f 977//3186 981//3186 512//3186
f 976//3187 507//3187 506//3187
f 976//3188 977//3188 507//3188
f 975//3189 506//3189 505//3189
f 975//3190 976//3190 506//3190
f 974//3191 505//3191 504//3191
f 974//3192 975//3192 505//3192
f 973//3193 504//3193 502//3193
f 973//3194 974//3194 504//3194
f 971//3195 502//3195 501//3195
f 971//3196 973//3196 502//3196
f 960//3197 483//3197 490//3197
f 960//3198 953//3198 483//3198
f 953//3199 462//3199 483//3199
f 953//3200 932//3200 462//3200
f 959//3201 489//3201 488//3201
f 958//3202 488//3202 487//3202
f 958//3203 959//3203 488//3203
f 957//3204 958//3204 487//3204
f 956//3205 487//3205 486//3205
f 956//3206 957//3206 487//3206
f 952//3207 486//3207 482//3207
f 952//3208 956//3208 486//3208
f 947//3209 482//3209 477//3209
f 947//3210 952//3210 482//3210
f 946//3211 477//3211 476//3211
f 946//3212 947//3212 477//3212
f 942//3213 476//3213 472//3213
f 942//3214 946//3214 476//3214
f 940//3215 472//3215 470//3215
f 940//3216 942//3216 472//3216
f 937//3217 470//3217 467//3217
f 937//3218 940//3218 470//3218
f 935//3219 467//3219 465//3219
f 935//3220 937//3220 467//3220
f 933//3221 465//3221 463//3221
f 933//3222 935//3222 465//3222
f 923//3223 463//3223 453//3223
f 923//3224 933//3224 463//3224
f 921//3225 923//3225 453//3225
f 921//3226 453//3226 451//3226
f 918//3227 921//3227 451//3227
f 918//3228 451//3228 448//3228
f 915//3229 918//3229 448//3229
f 915//3230 448//3230 445//3230
f 912//3231 915//3231 445//3231
f 912//3232 445//3232 442//3232
f 909//3233 912//3233 442//3233
f 909//3234 442//3234 439//3234
f 911//3235 909//3235 439//3235
f 911//3236 439//3236 441//3236
f 914//3237 911//3237 441//3237
f 914//3238 441//3238 444//3238
f 917//3239 444//3239 447//3239
f 917//3240 914//3240 444//3240
f 920//3241 447//3241 450//3241
f 920//3242 917//3242 447//3242
f 922//3243 450//3243 452//3243
f 922//3244 920//3244 450//3244
f 932//3245 452//3245 462//3245
f 932//3246 922//3246 452//3246
f 959//3247 969//3247 489//3247
f 489//3248 969//3248 498//3248
f 498//3249 971//3249 501//3249
f 969//3250 971//3250 498//3250
f 882//3251 879//3251 409//3251
f 882//3252 412//3252 415//3252
f 882//3253 409//3253 412//3253
f 885//3254 882//3254 415//3254
f 892//3255 415//3255 422//3255
f 892//3256 885//3256 415//3256
f 895//3257 422//3257 425//3257
f 895//3258 892//3258 422//3258
f 898//3259 428//3259 438//3259
f 898//3260 425//3260 428//3260
f 898//3261 895//3261 425//3261
f 908//3262 898//3262 438//3262
f 907//3263 437//3263 436//3263
f 907//3264 438//3264 437//3264
f 907//3265 908//3265 438//3265
f 906//3266 907//3266 436//3266
f 905//3267 436//3267 435//3267
f 905//3268 906//3268 436//3268
f 890//3269 435//3269 420//3269
f 890//3270 905//3270 435//3270
f 888//3271 420//3271 418//3271
f 888//3272 890//3272 420//3272
f 889//3273 418//3273 419//3273
f 889//3274 888//3274 418//3274
f 879//3275 878//3275 409//3275
f 409//3276 878//3276 408//3276
f 408//3277 875//3277 405//3277
f 878//3278 875//3278 408//3278
f 405//3279 871//3279 401//3279
f 875//3280 871//3280 405//3280
f 401//3281 870//3281 400//3281
f 871//3282 870//3282 401//3282
f 400//3283 867//3283 397//3283
f 870//3284 867//3284 400//3284
f 838//3285 837//3285 367//3285
f 838//3286 367//3286 368//3286
f 844//3287 368//3287 374//3287
f 844//3288 838//3288 368//3288
f 843//3289 374//3289 373//3289
f 843//3290 844//3290 374//3290
f 841//3291 373//3291 370//3291
f 841//3292 843//3292 373//3292
f 842//3293 372//3293 377//3293
f 842//3294 370//3294 372//3294
f 842//3295 841//3295 370//3295
f 847//3296 842//3296 377//3296
f 849//3297 377//3297 379//3297
f 849//3298 847//3298 377//3298
f 853//3299 379//3299 383//3299
f 853//3300 849//3300 379//3300
f 856//3301 383//3301 386//3301
f 856//3302 853//3302 383//3302
f 861//3303 386//3303 391//3303
f 861//3304 856//3304 386//3304
f 864//3305 391//3305 394//3305
f 864//3306 861//3306 391//3306
f 867//3307 394//3307 397//3307
f 867//3308 864//3308 394//3308
f 831//3309 358//3309 362//3309
f 831//3310 827//3310 358//3310
f 817//3311 335//3311 348//3311
f 817//3312 804//3312 335//3312
f 367//3313 1710//3313 362//3313
f 1710//3314 1711//3314 362//3314
f 367//3315 1711//3315 1710//3315
f 837//3316 1712//3316 367//3316
f 1711//3317 1712//3317 362//3317
f 362//3318 1712//3318 831//3318
f 367//3319 1712//3319 1711//3319
f 1712//3320 1713//3320 831//3320
f 837//3321 1713//3321 1712//3321
f 831//3322 1714//3322 837//3322
f 1713//3323 1714//3323 831//3323
f 837//3324 1714//3324 1713//3324
f 358//3325 1715//3325 348//3325
f 827//3326 1715//3326 358//3326
f 1715//3327 1716//3327 348//3327
f 348//3328 1716//3328 817//3328
f 827//3329 1716//3329 1715//3329
f 827//3330 1717//3330 1716//3330
f 1716//3331 1717//3331 817//3331
f 817//3332 1718//3332 827//3332
f 1717//3333 1718//3333 817//3333
f 827//3334 1718//3334 1717//3334
f 335//3335 1719//3335 293//3335
f 804//3336 1719//3336 335//3336
f 293//3337 1719//3337 762//3337
f 1719//3338 1720//3338 762//3338
f 804//3339 1720//3339 1719//3339
f 762//3340 1721//3340 804//3340
f 1720//3341 1721//3341 762//3341
f 804//3342 1721//3342 1720//3342
f 293//3343 1722//3343 261//3343
f 762//3344 1723//3344 293//3344
f 293//3345 1723//3345 1722//3345
f 1722//3346 1723//3346 261//3346
f 261//3347 1724//3347 731//3347
f 762//3348 1724//3348 1723//3348
f 1723//3349 1724//3349 261//3349
f 1724//3350 1725//3350 731//3350
f 762//3351 1725//3351 1724//3351
f 731//3352 1726//3352 762//3352
f 1725//3353 1726//3353 731//3353
f 762//3354 1726//3354 1725//3354
f 736//3355 266//3355 264//3355
f 734//3356 264//3356 262//3356
f 734//3357 736//3357 264//3357
f 732//3358 734//3358 262//3358
f 729//3359 262//3359 259//3359
f 729//3360 732//3360 262//3360
f 727//3361 259//3361 257//3361
f 727//3362 729//3362 259//3362
f 724//3363 257//3363 254//3363
f 724//3364 727//3364 257//3364
f 721//3365 254//3365 251//3365
f 721//3366 724//3366 254//3366
f 718//3367 248//3367 246//3367
f 718//3368 251//3368 248//3368
f 718//3369 721//3369 251//3369
f 715//3370 718//3370 246//3370
f 716//3371 246//3371 245//3371
f 716//3372 715//3372 246//3372
f 717//3373 245//3373 247//3373
f 717//3374 716//3374 245//3374
f 719//3375 247//3375 250//3375
f 719//3376 717//3376 247//3376
f 723//3377 250//3377 253//3377
f 723//3378 719//3378 250//3378
f 726//3379 253//3379 256//3379
f 726//3380 723//3380 253//3380
f 728//3381 256//3381 258//3381
f 728//3382 726//3382 256//3382
f 731//3383 258//3383 261//3383
f 731//3384 728//3384 258//3384
f 736//3385 742//3385 266//3385
f 266//3386 742//3386 272//3386
f 272//3387 744//3387 274//3387
f 742//3388 744//3388 272//3388
f 274//3389 746//3389 276//3389
f 744//3390 746//3390 274//3390
f 276//3391 748//3391 278//3391
f 746//3392 748//3392 276//3392
f 278//3393 750//3393 280//3393
f 748//3394 750//3394 278//3394
f 287//3395 757//3395 288//3395
f 280//3396 757//3396 287//3396
f 750//3397 757//3397 280//3397
f 757//3398 758//3398 288//3398
f 288//3399 760//3399 290//3399
f 758//3400 760//3400 288//3400
f 294//3401 764//3401 296//3401
f 290//3402 764//3402 294//3402
f 760//3403 764//3403 290//3403
f 764//3404 766//3404 296//3404
f 296//3405 768//3405 298//3405
f 766//3406 768//3406 296//3406
f 298//3407 775//3407 305//3407
f 768//3408 775//3408 298//3408
f 305//3409 776//3409 306//3409
f 775//3410 776//3410 305//3410
f 810//3411 340//3411 332//3411
f 802//3412 810//3412 332//3412
f 801//3413 331//3413 330//3413
f 801//3414 332//3414 331//3414
f 801//3415 802//3415 332//3415
f 800//3416 801//3416 330//3416
f 799//3417 330//3417 329//3417
f 799//3418 800//3418 330//3418
f 798//3419 328//3419 325//3419
f 798//3420 329//3420 328//3420
f 798//3421 799//3421 329//3421
f 795//3422 798//3422 325//3422
f 793//3423 323//3423 321//3423
f 793//3424 325//3424 323//3424
f 793//3425 795//3425 325//3425
f 792//3426 321//3426 317//3426
f 792//3427 793//3427 321//3427
f 787//3428 792//3428 317//3428
f 785//3429 317//3429 315//3429
f 785//3430 787//3430 317//3430
f 783//3431 315//3431 313//3431
f 783//3432 785//3432 315//3432
f 782//3433 313//3433 312//3433
f 782//3434 783//3434 313//3434
f 780//3435 310//3435 308//3435
f 780//3436 312//3436 310//3436
f 780//3437 782//3437 312//3437
f 778//3438 780//3438 308//3438
f 776//3439 308//3439 306//3439
f 776//3440 778//3440 308//3440
f 810//3441 338//3441 340//3441
f 810//3442 809//3442 338//3442
f 830//3443 364//3443 360//3443
f 830//3444 834//3444 364//3444
f 834//3445 366//3445 364//3445
f 834//3446 836//3446 366//3446
f 836//3447 378//3447 366//3447
f 836//3448 848//3448 378//3448
f 848//3449 388//3449 378//3449
f 848//3450 858//3450 388//3450
f 858//3451 419//3451 388//3451
f 858//3452 889//3452 419//3452
f 338//3453 1727//3453 341//3453
f 809//3454 1728//3454 338//3454
f 1727//3455 1728//3455 341//3455
f 338//3456 1728//3456 1727//3456
f 341//3457 1729//3457 812//3457
f 1728//3458 1729//3458 341//3458
f 809//3459 1729//3459 1728//3459
f 812//3460 1730//3460 809//3460
f 809//3461 1730//3461 1729//3461
f 1729//3462 1730//3462 812//3462
f 341//3463 1731//3463 343//3463
f 812//3464 1732//3464 341//3464
f 1731//3465 1732//3465 343//3465
f 341//3466 1732//3466 1731//3466
f 1732//3467 1733//3467 343//3467
f 812//3468 1733//3468 1732//3468
f 343//3469 1733//3469 814//3469
f 814//3470 1734//3470 812//3470
f 1733//3471 1734//3471 814//3471
f 812//3472 1734//3472 1733//3472
f 343//3473 1735//3473 345//3473
f 814//3474 1735//3474 343//3474
f 345//3475 1736//3475 816//3475
f 814//3476 1736//3476 1735//3476
f 1735//3477 1736//3477 345//3477
f 816//3478 1737//3478 814//3478
f 1736//3479 1737//3479 816//3479
f 814//3480 1737//3480 1736//3480
f 345//3481 1738//3481 350//3481
f 816//3482 1738//3482 345//3482
f 816//3483 1739//3483 1738//3483
f 1738//3484 1739//3484 350//3484
f 350//3485 1739//3485 821//3485
f 821//3486 1740//3486 816//3486
f 1739//3487 1740//3487 821//3487
f 816//3488 1740//3488 1739//3488
f 821//3489 1741//3489 350//3489
f 821//3490 1742//3490 1741//3490
f 1741//3491 1743//3491 350//3491
f 350//3492 1743//3492 352//3492
f 1743//3493 1744//3493 352//3493
f 1741//3494 1744//3494 1743//3494
f 1741//3495 1745//3495 1744//3495
f 1744//3496 1745//3496 352//3496
f 1741//3497 1746//3497 1745//3497
f 1745//3498 1746//3498 352//3498
f 352//3499 1746//3499 822//3499
f 821//3500 1747//3500 1742//3500
f 1742//3501 1747//3501 1741//3501
f 1746//3502 1747//3502 822//3502
f 822//3503 1747//3503 821//3503
f 1741//3504 1747//3504 1746//3504
f 352//3505 1748//3505 354//3505
f 352//3506 1749//3506 1748//3506
f 1748//3507 1749//3507 354//3507
f 822//3508 1749//3508 352//3508
f 822//3509 1750//3509 1749//3509
f 1749//3510 1750//3510 354//3510
f 354//3511 1750//3511 824//3511
f 824//3512 1751//3512 822//3512
f 822//3513 1751//3513 1750//3513
f 1750//3514 1751//3514 824//3514
f 354//3515 1752//3515 356//3515
f 354//3516 1753//3516 1752//3516
f 1752//3517 1753//3517 356//3517
f 824//3518 1753//3518 354//3518
f 824//3519 1754//3519 1753//3519
f 1753//3520 1754//3520 356//3520
f 356//3521 1754//3521 826//3521
f 826//3522 1755//3522 824//3522
f 824//3523 1755//3523 1754//3523
f 1754//3524 1755//3524 826//3524
f 356//3525 1756//3525 360//3525
f 826//3526 1756//3526 356//3526
f 826//3527 1757//3527 1756//3527
f 1756//3528 1757//3528 360//3528
f 360//3529 1757//3529 830//3529
f 830//3530 1758//3530 826//3530
f 826//3531 1758//3531 1757//3531
f 1757//3532 1758//3532 830//3532
g MeshExport001
g MeshExport002
g MeshExport003
g MeshExport004
g MeshExport005
g MeshExport006
g MeshExport007
g MeshExport008
f 1759//3533 1760//3533 1761//3533
f 1762//3534 1760//3534 1759//3534
f 1763//3535 1764//3535 1765//3535
f 1765//3536 1764//3536 1766//3536
f 1766//3537 1764//3537 1767//3537
f 1767//3538 1764//3538 1763//3538
f 1767//3539 1768//3539 1769//3539
f 1767//3540 1770//3540 1768//3540
f 1768//3541 1770//3541 1769//3541
f 1763//3542 1771//3542 1767//3542
f 1769//3543 1771//3543 1772//3543
f 1767//3544 1771//3544 1770//3544
f 1770//3545 1771//3545 1769//3545
f 1771//3546 1773//3546 1772//3546
f 1763//3547 1773//3547 1771//3547
f 1773//3548 1774//3548 1772//3548
f 1763//3549 1774//3549 1773//3549
f 1763//3550 1775//3550 1774//3550
f 1774//3551 1775//3551 1772//3551
f 1772//3552 1776//3552 1763//3552
f 1775//3553 1776//3553 1772//3553
f 1763//3554 1776//3554 1775//3554
f 1769//3555 1777//3555 1778//3555
f 1772//3556 1777//3556 1769//3556
f 1778//3557 1777//3557 1779//3557
f 1777//3558 1780//3558 1779//3558
f 1772//3559 1780//3559 1777//3559
f 1780//3560 1781//3560 1779//3560
f 1772//3561 1781//3561 1780//3561
f 1781//3562 1782//3562 1779//3562
f 1772//3563 1782//3563 1781//3563
f 1779//3564 1783//3564 1772//3564
f 1782//3565 1783//3565 1779//3565
f 1772//3566 1783//3566 1782//3566
f 1778//3567 1784//3567 1759//3567
f 1778//3568 1785//3568 1784//3568
f 1784//3569 1785//3569 1759//3569
f 1778//3570 1786//3570 1785//3570
f 1785//3571 1786//3571 1759//3571
f 1779//3572 1787//3572 1778//3572
f 1759//3573 1787//3573 1762//3573
f 1778//3574 1787//3574 1786//3574
f 1786//3575 1787//3575 1759//3575
f 1787//3576 1788//3576 1762//3576
f 1779//3577 1788//3577 1787//3577
f 1788//3578 1789//3578 1762//3578
f 1779//3579 1789//3579 1788//3579
f 1789//3580 1790//3580 1762//3580
f 1779//3581 1790//3581 1789//3581
f 1762//3582 1791//3582 1779//3582
f 1790//3583 1791//3583 1762//3583
f 1779//3584 1791//3584 1790//3584
f 1761//3585 1792//3585 1793//3585
f 1761//3586 1794//3586 1792//3586
f 1792//3587 1794//3587 1793//3587
f 1761//3588 1795//3588 1794//3588
f 1794//3589 1795//3589 1793//3589
f 1760//3590 1796//3590 1761//3590
f 1793//3591 1796//3591 1797//3591
f 1761//3592 1796//3592 1795//3592
f 1795//3593 1796//3593 1793//3593
f 1796//3594 1798//3594 1797//3594
f 1760//3595 1798//3595 1796//3595
f 1798//3596 1799//3596 1797//3596
f 1760//3597 1799//3597 1798//3597
f 1799//3598 1800//3598 1797//3598
f 1760//3599 1800//3599 1799//3599
f 1797//3600 1801//3600 1760//3600
f 1800//3601 1801//3601 1797//3601
f 1760//3602 1801//3602 1800//3602
f 1793//3603 1802//3603 1803//3603
f 1793//3604 1804//3604 1802//3604
f 1802//3605 1804//3605 1803//3605
f 1803//3606 1805//3606 1806//3606
f 1804//3607 1805//3607 1803//3607
f 1793//3608 1805//3608 1804//3608
f 1797//3609 1805//3609 1793//3609
f 1797//3610 1807//3610 1805//3610
f 1805//3611 1807//3611 1806//3611
f 1807//3612 1808//3612 1806//3612
f 1797//3613 1808//3613 1807//3613
f 1808//3614 1809//3614 1806//3614
f 1797//3615 1809//3615 1808//3615
f 1806//3616 1810//3616 1797//3616
f 1809//3617 1810//3617 1806//3617
f 1797//3618 1810//3618 1809//3618
f 1811//3619 1812//3619 1813//3619
f 1813//3620 1812//3620 1814//3620
f 1814//3621 1812//3621 1815//3621
f 1815//3622 1812//3622 1816//3622
f 1816//3623 1812//3623 1817//3623
f 1812//3624 1818//3624 1819//3624
f 1812//3625 1820//3625 1818//3625
f 1821//3626 1822//3626 1811//3626
f 1821//3627 1823//3627 1822//3627
f 1824//3628 1823//3628 1821//3628
f 1822//3629 1825//3629 1811//3629
f 1811//3630 1825//3630 1812//3630
f 1824//3631 1826//3631 1823//3631
f 1825//3632 1827//3632 1812//3632
f 1824//3633 1828//3633 1826//3633
f 1829//3634 1828//3634 1824//3634
f 1827//3635 1830//3635 1812//3635
f 1830//3636 1831//3636 1812//3636
f 1820//3637 1831//3637 1832//3637
f 1812//3638 1831//3638 1820//3638
f 1831//3639 1833//3639 1832//3639
f 1832//3640 1833//3640 1834//3640
f 1834//3641 1835//3641 1836//3641
f 1833//3642 1835//3642 1834//3642
f 1829//3643 1837//3643 1828//3643
f 1835//3644 1838//3644 1836//3644
f 1838//3645 1839//3645 1836//3645
f 1829//3646 1840//3646 1837//3646
f 1841//3647 1840//3647 1829//3647
f 1839//3648 1842//3648 1836//3648
f 1839//3649 1843//3649 1842//3649
f 1843//3650 1844//3650 1842//3650
f 1845//3651 1846//3651 1841//3651
f 1841//3652 1846//3652 1840//3652
f 1843//3653 1847//3653 1844//3653
f 1847//3654 1848//3654 1844//3654
f 1847//3655 1849//3655 1848//3655
f 1850//3656 1851//3656 1845//3656
f 1845//3657 1851//3657 1846//3657
f 1849//3658 1852//3658 1848//3658
f 1849//3659 1853//3659 1852//3659
f 1854//3660 1855//3660 1850//3660
f 1850//3661 1855//3661 1851//3661
f 1853//3662 1856//3662 1852//3662
f 1853//3663 1857//3663 1856//3663
f 1857//3664 1858//3664 1856//3664
f 1857//3665 1859//3665 1858//3665
f 1860//3666 1861//3666 1854//3666
f 1854//3667 1861//3667 1855//3667
f 1859//3668 1862//3668 1858//3668
f 1859//3669 1863//3669 1862//3669
f 1863//3670 1864//3670 1862//3670
f 1863//3671 1865//3671 1864//3671
f 1866//3672 1867//3672 1860//3672
f 1860//3673 1867//3673 1861//3673
f 1865//3674 1868//3674 1864//3674
f 1865//3675 1869//3675 1868//3675
f 1870//3676 1871//3676 1866//3676
f 1866//3677 1871//3677 1867//3677
f 1872//3678 1873//3678 1869//3678
f 1869//3679 1873//3679 1868//3679
f 1872//3680 1874//3680 1873//3680
f 1875//3681 1874//3681 1872//3681
f 1876//3682 1877//3682 1870//3682
f 1870//3683 1877//3683 1871//3683
f 1875//3684 1878//3684 1874//3684
f 1879//3685 1878//3685 1875//3685
f 1879//3686 1880//3686 1878//3686
f 1881//3687 1880//3687 1879//3687
f 1882//3688 1883//3688 1876//3688
f 1876//3689 1884//3689 1877//3689
f 1883//3690 1884//3690 1876//3690
f 1883//3691 1885//3691 1884//3691
f 1881//3692 1886//3692 1880//3692
f 1887//3693 1886//3693 1881//3693
f 1887//3694 1888//3694 1886//3694
f 1887//3695 1889//3695 1888//3695
f 1888//3696 1890//3696 1886//3696
f 1891//3697 1892//3697 1893//3697
f 1885//3698 1892//3698 1884//3698
f 1893//3699 1892//3699 1885//3699
f 1889//3700 1894//3700 1888//3700
f 1889//3701 1895//3701 1894//3701
f 1896//3702 1897//3702 1895//3702
f 1895//3703 1897//3703 1894//3703
f 1894//3704 1897//3704 1898//3704
f 1899//3705 1900//3705 1891//3705
f 1891//3706 1900//3706 1892//3706
f 1901//3707 1902//3707 1896//3707
f 1896//3708 1902//3708 1897//3708
f 1903//3709 1904//3709 1899//3709
f 1899//3710 1904//3710 1900//3710
f 1903//3711 1905//3711 1904//3711
f 1906//3712 1907//3712 1901//3712
f 1901//3713 1907//3713 1902//3713
f 1903//3714 1908//3714 1905//3714
f 1903//3715 1909//3715 1908//3715
f 1903//3716 1910//3716 1909//3716
f 1911//3717 1910//3717 1912//3717
f 1909//3718 1910//3718 1911//3718
f 1910//3719 1913//3719 1912//3719
f 1910//3720 1914//3720 1913//3720
f 1910//3721 1915//3721 1914//3721
f 1916//3722 1917//3722 1906//3722
f 1906//3723 1917//3723 1907//3723
f 1910//3724 1918//3724 1915//3724
f 1919//3725 1920//3725 1916//3725
f 1916//3726 1920//3726 1917//3726
f 1921//3727 1922//3727 1923//3727
f 1922//3728 1924//3728 1923//3728
f 1925//3729 1924//3729 1926//3729
f 1923//3730 1924//3730 1925//3730
f 1924//3731 1927//3731 1926//3731
f 1926//3732 1927//3732 1928//3732
f 1921//3733 1929//3733 1922//3733
f 1918//3734 1929//3734 1921//3734
f 1910//3735 1929//3735 1918//3735
f 1928//3736 1930//3736 1931//3736
f 1927//3737 1930//3737 1928//3737
f 1910//3738 1932//3738 1929//3738
f 1931//3739 1933//3739 1934//3739
f 1934//3740 1933//3740 1935//3740
f 1930//3741 1933//3741 1931//3741
f 1910//3742 1936//3742 1932//3742
f 1933//3743 1937//3743 1935//3743
f 1935//3744 1937//3744 1938//3744
f 1939//3745 1940//3745 1910//3745
f 1910//3746 1940//3746 1936//3746
f 1938//3747 1941//3747 1942//3747
f 1937//3748 1941//3748 1938//3748
f 1939//3749 1943//3749 1940//3749
f 1919//3750 1944//3750 1920//3750
f 1945//3751 1944//3751 1919//3751
f 1941//3752 1946//3752 1942//3752
f 1942//3753 1946//3753 1947//3753
f 1939//3754 1948//3754 1943//3754
f 1946//3755 1949//3755 1947//3755
f 1947//3756 1949//3756 1950//3756
f 1939//3757 1951//3757 1948//3757
f 1949//3758 1952//3758 1950//3758
f 1950//3759 1952//3759 1953//3759
f 1953//3760 1952//3760 1954//3760
f 1939//3761 1955//3761 1951//3761
f 1945//3762 1956//3762 1944//3762
f 1952//3763 1957//3763 1954//3763
f 1954//3764 1957//3764 1958//3764
f 1939//3765 1959//3765 1955//3765
f 1957//3766 1960//3766 1958//3766
f 1958//3767 1960//3767 1961//3767
f 1939//3768 1962//3768 1959//3768
f 1960//3769 1963//3769 1961//3769
f 1961//3770 1963//3770 1964//3770
f 1939//3771 1965//3771 1962//3771
f 1956//3772 1966//3772 1944//3772
f 1939//3773 1967//3773 1965//3773
f 1963//3774 1968//3774 1964//3774
f 1964//3775 1968//3775 1969//3775
f 1969//3776 1968//3776 1970//3776
f 1967//3777 1971//3777 1965//3777
f 1970//3778 1972//3778 1973//3778
f 1968//3779 1972//3779 1970//3779
f 1967//3780 1974//3780 1971//3780
f 1956//3781 1975//3781 1966//3781
f 1972//3782 1976//3782 1973//3782
f 1973//3783 1976//3783 1977//3783
f 1967//3784 1978//3784 1974//3784
f 1976//3785 1979//3785 1977//3785
f 1977//3786 1979//3786 1980//3786
f 1967//3787 1981//3787 1978//3787
f 1982//3788 1983//3788 1975//3788
f 1984//3789 1983//3789 1982//3789
f 1985//3790 1983//3790 1984//3790
f 1986//3791 1983//3791 1985//3791
f 1975//3792 1983//3792 1966//3792
f 1979//3793 1987//3793 1980//3793
f 1988//3794 1987//3794 1989//3794
f 1980//3795 1987//3795 1988//3795
f 1967//3796 1990//3796 1981//3796
f 1989//3797 1991//3797 1992//3797
f 1987//3798 1991//3798 1989//3798
f 1967//3799 1993//3799 1990//3799
f 1992//3800 1994//3800 1995//3800
f 1991//3801 1994//3801 1992//3801
f 1995//3802 1996//3802 1997//3802
f 1994//3803 1996//3803 1995//3803
f 1998//3804 1999//3804 1986//3804
f 2000//3805 1999//3805 1998//3805
f 2001//3806 1999//3806 2000//3806
f 1997//3807 1999//3807 2001//3807
f 1986//3808 1999//3808 1983//3808
f 1996//3809 1999//3809 1997//3809
f 2002//3810 1999//3810 1996//3810
f 2003//3811 2004//3811 1967//3811
f 1967//3812 2005//3812 2003//3812
f 2004//3813 2006//3813 1967//3813
f 1967//3814 2006//3814 1993//3814
f 2007//3815 2008//3815 1967//3815
f 1967//3816 2008//3816 2005//3816
f 2006//3817 2009//3817 1993//3817
f 1993//3818 2009//3818 2010//3818
f 2007//3819 2011//3819 2008//3819
f 2010//3820 2012//3820 2013//3820
f 2009//3821 2012//3821 2010//3821
f 2007//3822 2014//3822 2011//3822
f 2012//3823 2015//3823 2013//3823
f 2007//3824 2016//3824 2014//3824
f 2013//3825 2017//3825 2018//3825
f 2015//3826 2017//3826 2013//3826
f 2007//3827 2019//3827 2016//3827
f 2018//3828 2020//3828 2021//3828
f 2017//3829 2020//3829 2018//3829
f 2021//3830 2022//3830 2023//3830
f 2020//3831 2022//3831 2021//3831
f 2022//3832 2024//3832 2023//3832
f 2025//3833 2026//3833 2027//3833
f 2027//3834 2026//3834 2028//3834
f 2028//3835 2026//3835 2029//3835
f 2029//3836 2026//3836 2002//3836
f 2002//3837 2026//3837 1999//3837
f 2024//3838 2030//3838 2023//3838
f 2023//3839 2030//3839 2031//3839
f 2030//3840 2032//3840 2031//3840
f 2031//3841 2032//3841 2033//3841
f 2033//3842 2034//3842 2035//3842
f 2032//3843 2034//3843 2033//3843
f 2035//3844 2036//3844 2037//3844
f 2034//3845 2036//3845 2035//3845
f 2037//3846 2038//3846 2039//3846
f 2036//3847 2038//3847 2037//3847
f 2025//3848 2040//3848 2026//3848
f 2041//3849 2040//3849 2042//3849
f 2042//3850 2040//3850 2043//3850
f 2043//3851 2040//3851 2044//3851
f 2044//3852 2040//3852 2025//3852
f 2038//3853 2045//3853 2039//3853
f 2039//3854 2046//3854 2047//3854
f 2045//3855 2046//3855 2039//3855
f 2047//3856 2048//3856 2049//3856
f 2046//3857 2048//3857 2047//3857
f 2050//3858 2051//3858 2007//3858
f 2007//3859 2051//3859 2019//3859
f 2049//3860 2052//3860 2053//3860
f 2048//3861 2052//3861 2049//3861
f 2053//3862 2054//3862 2055//3862
f 2052//3863 2054//3863 2053//3863
f 2055//3864 2056//3864 2057//3864
f 2054//3865 2056//3865 2055//3865
f 2041//3866 2058//3866 2040//3866
f 2059//3867 2058//3867 2060//3867
f 2060//3868 2058//3868 2061//3868
f 2061//3869 2058//3869 2062//3869
f 2062//3870 2058//3870 2041//3870
f 2056//3871 2063//3871 2057//3871
f 2057//3872 2064//3872 2065//3872
f 2063//3873 2064//3873 2057//3873
f 2065//3874 2066//3874 2067//3874
f 2064//3875 2066//3875 2065//3875
f 2067//3876 2068//3876 2069//3876
f 2066//3877 2068//3877 2067//3877
f 2068//3878 2070//3878 2069//3878
f 2070//3879 2071//3879 2069//3879
f 2069//3880 2071//3880 2072//3880
f 2072//3881 2073//3881 2074//3881
f 2071//3882 2073//3882 2072//3882
f 2073//3883 2075//3883 2074//3883
f 2076//3884 2077//3884 2078//3884
f 2078//3885 2077//3885 2059//3885
f 2059//3886 2077//3886 2058//3886
f 2079//3887 2080//3887 2075//3887
f 2081//3888 2080//3888 2079//3888
f 2074//3889 2080//3889 2082//3889
f 2082//3890 2080//3890 2076//3890
f 2076//3891 2080//3891 2077//3891
f 2075//3892 2080//3892 2074//3892
f 2081//3893 2083//3893 2080//3893
f 2080//3894 2084//3894 2077//3894
f 2083//3895 2085//3895 2080//3895
f 2086//3896 2085//3896 2083//3896
f 2087//3897 2085//3897 2086//3897
f 2087//3898 2088//3898 2085//3898
f 2088//3899 2089//3899 2085//3899
f 2089//3900 2090//3900 2085//3900
f 2090//3901 2091//3901 2085//3901
f 2092//3902 2093//3902 2050//3902
f 2050//3903 2093//3903 2051//3903
f 2092//3904 2094//3904 2093//3904
f 2094//3905 2095//3905 2093//3905
f 2096//3906 2097//3906 2098//3906
f 2090//3907 2097//3907 2091//3907
f 2098//3908 2097//3908 2090//3908
f 2099//3909 2100//3909 2096//3909
f 2096//3910 2100//3910 2097//3910
f 2101//3911 2102//3911 2099//3911
f 2099//3912 2102//3912 2100//3912
f 2103//3913 2104//3913 2101//3913
f 2101//3914 2104//3914 2102//3914
f 2105//3915 2106//3915 2095//3915
f 2105//3916 2107//3916 2106//3916
f 2108//3917 2109//3917 2103//3917
f 2103//3918 2109//3918 2104//3918
f 2108//3919 2110//3919 2109//3919
f 2110//3920 2111//3920 2109//3920
f 2110//3921 2112//3921 2111//3921
f 2112//3922 2113//3922 2111//3922
f 2112//3923 2114//3923 2113//3923
f 2115//3924 2116//3924 2107//3924
f 2107//3925 2116//3925 2106//3925
f 2114//3926 2117//3926 2113//3926
f 2118//3927 2117//3927 2114//3927
f 2119//3928 2120//3928 2115//3928
f 2115//3929 2120//3929 2116//3929
f 2118//3930 2121//3930 2117//3930
f 2122//3931 2121//3931 2118//3931
f 2122//3932 2123//3932 2121//3932
f 2122//3933 2124//3933 2123//3933
f 2119//3934 2125//3934 2120//3934
f 2119//3935 2126//3935 2125//3935
f 2124//3936 2127//3936 2123//3936
f 2128//3937 2129//3937 2130//3937
f 2131//3938 2129//3938 2128//3938
f 2132//3939 2129//3939 2131//3939
f 2126//3940 2129//3940 2132//3940
f 2119//3941 2129//3941 2126//3941
f 2127//3942 2133//3942 2123//3942
f 2124//3943 2134//3943 2127//3943
f 2129//3944 2135//3944 2130//3944
f 2124//3945 2136//3945 2134//3945
f 2129//3946 2137//3946 2135//3946
f 2136//3947 2138//3947 2134//3947
f 2129//3948 2139//3948 2137//3948
f 2140//3949 2139//3949 2129//3949
f 2137//3950 2139//3950 2141//3950
f 2129//3951 2142//3951 2140//3951
f 2139//3952 2143//3952 2141//3952
f 2141//3953 2143//3953 2144//3953
f 2136//3954 2145//3954 2138//3954
f 2146//3955 2145//3955 2136//3955
f 2129//3956 2147//3956 2142//3956
f 2143//3957 2148//3957 2144//3957
f 2144//3958 2148//3958 2149//3958
f 2129//3959 2150//3959 2147//3959
f 2148//3960 2151//3960 2149//3960
f 2149//3961 2151//3961 2152//3961
f 2129//3962 2153//3962 2150//3962
f 2151//3963 2154//3963 2152//3963
f 2152//3964 2154//3964 2155//3964
f 2129//3965 2156//3965 2153//3965
f 2154//3966 2157//3966 2155//3966
f 2155//3967 2157//3967 2158//3967
f 2158//3968 2157//3968 2159//3968
f 2129//3969 2160//3969 2156//3969
f 2160//3970 2161//3970 2156//3970
f 2157//3971 2162//3971 2159//3971
f 2159//3972 2162//3972 2163//3972
f 2160//3973 2164//3973 2161//3973
f 2163//3974 2165//3974 2166//3974
f 2166//3975 2165//3975 2167//3975
f 2162//3976 2165//3976 2163//3976
f 2160//3977 2168//3977 2164//3977
f 2165//3978 2169//3978 2167//3978
f 2167//3979 2169//3979 2170//3979
f 2160//3980 2171//3980 2168//3980
f 2169//3981 2172//3981 2170//3981
f 2170//3982 2172//3982 2173//3982
f 2160//3983 2174//3983 2171//3983
f 2146//3984 2175//3984 2145//3984
f 2176//3985 2175//3985 2177//3985
f 2178//3986 2175//3986 2176//3986
f 2177//3987 2175//3987 2146//3987
f 2172//3988 2179//3988 2173//3988
f 2173//3989 2179//3989 2180//3989
f 2160//3990 2181//3990 2174//3990
f 2179//3991 2182//3991 2180//3991
f 2180//3992 2182//3992 2183//3992
f 2160//3993 2184//3993 2181//3993
f 2182//3994 2185//3994 2183//3994
f 2183//3995 2185//3995 2186//3995
f 2184//3996 2187//3996 2188//3996
f 2160//3997 2187//3997 2184//3997
f 2189//3998 2190//3998 2191//3998
f 2191//3999 2190//3999 2192//3999
f 2192//4000 2190//4000 2185//4000
f 2185//4001 2190//4001 2186//4001
f 2178//4002 2190//4002 2175//4002
f 2193//4003 2190//4003 2178//4003
f 2194//4004 2190//4004 2193//4004
f 2195//4005 2190//4005 2194//4005
f 2196//4006 2190//4006 2195//4006
f 2186//4007 2190//4007 2196//4007
f 2188//4008 2197//4008 2198//4008
f 2187//4009 2197//4009 2188//4009
f 2187//4010 2199//4010 2197//4010
f 2198//4011 2200//4011 2201//4011
f 2197//4012 2200//4012 2198//4012
f 2187//4013 2202//4013 2199//4013
f 2201//4014 2203//4014 2204//4014
f 2200//4015 2203//4015 2201//4015
f 2187//4016 2205//4016 2202//4016
f 2204//4017 2206//4017 2207//4017
f 2203//4018 2206//4018 2204//4018
f 2187//4019 2208//4019 2205//4019
f 2206//4020 2209//4020 2207//4020
f 2187//4021 2210//4021 2208//4021
f 2207//4022 2211//4022 2212//4022
f 2209//4023 2211//4023 2207//4023
f 2213//4024 2214//4024 2215//4024
f 2215//4025 2214//4025 2216//4025
f 2216//4026 2214//4026 2217//4026
f 2217//4027 2214//4027 2218//4027
f 2218//4028 2214//4028 2219//4028
f 2219//4029 2214//4029 2189//4029
f 2189//4030 2214//4030 2190//4030
f 2187//4031 2220//4031 2210//4031
f 2212//4032 2221//4032 2222//4032
f 2211//4033 2221//4033 2212//4033
f 2221//4034 2223//4034 2222//4034
f 2222//4035 2223//4035 2224//4035
f 2223//4036 2225//4036 2224//4036
f 2224//4037 2225//4037 2226//4037
f 2187//4038 2227//4038 2220//4038
f 2225//4039 2228//4039 2226//4039
f 2226//4040 2228//4040 2229//4040
f 2228//4041 2230//4041 2229//4041
f 2229//4042 2230//4042 2231//4042
f 2232//4043 2233//4043 2213//4043
f 2234//4044 2233//4044 2230//4044
f 2235//4045 2233//4045 2234//4045
f 2230//4046 2233//4046 2231//4046
f 2213//4047 2233//4047 2214//4047
f 2231//4048 2233//4048 2236//4048
f 2236//4049 2233//4049 2237//4049
f 2237//4050 2233//4050 2238//4050
f 2238//4051 2233//4051 2239//4051
f 2239//4052 2233//4052 2232//4052
f 2235//4053 2240//4053 2233//4053
f 2227//4054 2241//4054 2220//4054
f 2227//4055 2242//4055 2241//4055
f 2240//4056 2243//4056 2233//4056
f 2244//4057 2243//4057 2240//4057
f 2245//4058 2243//4058 2244//4058
f 2246//4059 2243//4059 2245//4059
f 2247//4060 2243//4060 2246//4060
f 2242//4061 2248//4061 2241//4061
f 2242//4062 2249//4062 2248//4062
f 2242//4063 2250//4063 2249//4063
f 2242//4064 2251//4064 2250//4064
f 2252//4065 2251//4065 2253//4065
f 2250//4066 2251//4066 2252//4066
f 2251//4067 2254//4067 2253//4067
f 2251//4068 2255//4068 2254//4068
f 2256//4069 2257//4069 2247//4069
f 2247//4070 2257//4070 2243//4070
f 2251//4071 2258//4071 2255//4071
f 2256//4072 2259//4072 2257//4072
f 2260//4073 2261//4073 2259//4073
f 2262//4074 2261//4074 2260//4074
f 2263//4075 2261//4075 2262//4075
f 2264//4076 2261//4076 2263//4076
f 2265//4077 2261//4077 2264//4077
f 2259//4078 2261//4078 2257//4078
f 2266//4079 2267//4079 2251//4079
f 1806//4080 1797//4080 2268//4080
f 2268//4081 2269//4081 2267//4081
f 2265//4082 2269//4082 2261//4082
f 2270//4083 2269//4083 2265//4083
f 2258//4084 2269//4084 2270//4084
f 2251//4085 2269//4085 2258//4085
f 2267//4086 2269//4086 2251//4086
f 1797//4087 2271//4087 2268//4087
f 2268//4088 2271//4088 2269//4088
f 1760//4089 2271//4089 1797//4089
f 1760//4090 2272//4090 2271//4090
f 1762//4091 2272//4091 1760//4091
f 1779//4092 2273//4092 1762//4092
f 1762//4093 2273//4093 2272//4093
f 1779//4094 2274//4094 2273//4094
f 1772//4095 2274//4095 1779//4095
f 1772//4096 2275//4096 2274//4096
f 1763//4097 2275//4097 1772//4097
f 1765//4098 2276//4098 1763//4098
f 2276//4099 2277//4099 1763//4099
f 1763//4100 2278//4100 2275//4100
f 2277//4101 2278//4101 1763//4101
f 2276//4102 2279//4102 2277//4102
f 2106//4103 2093//4103 2095//4103
f 1803//4104 2268//4104 2280//4104
f 1806//4105 2268//4105 1803//4105
f 2281//4106 2282//4106 2283//4106
f 2281//4107 2283//4107 2284//4107
f 2281//4108 2284//4108 2285//4108
f 2281//4109 2285//4109 2286//4109
f 2281//4110 2286//4110 2287//4110
f 2288//4111 2281//4111 2289//4111
f 2290//4112 2281//4112 2288//4112
f 2291//4113 2292//4113 2282//4113
f 2293//4114 2292//4114 2291//4114
f 2293//4115 2294//4115 2292//4115
f 2295//4116 2291//4116 2282//4116
f 2295//4117 2282//4117 2281//4117
f 2296//4118 2294//4118 2293//4118
f 2297//4119 2295//4119 2281//4119
f 2298//4120 2294//4120 2296//4120
f 2298//4121 2299//4121 2294//4121
f 2300//4122 2297//4122 2281//4122
f 2301//4123 2300//4123 2281//4123
f 2301//4124 2290//4124 2302//4124
f 2301//4125 2281//4125 2290//4125
f 2303//4126 2301//4126 2302//4126
f 2303//4127 2302//4127 2304//4127
f 2305//4128 2303//4128 2304//4128
f 2305//4129 2304//4129 2306//4129
f 2307//4130 2299//4130 2298//4130
f 2308//4131 2305//4131 2306//4131
f 2309//4132 2308//4132 2306//4132
f 2310//4133 2299//4133 2307//4133
f 2310//4134 2311//4134 2299//4134
f 2312//4135 2309//4135 2306//4135
f 2313//4136 2309//4136 2312//4136
f 2314//4137 2313//4137 2312//4137
f 2315//4138 2316//4138 2311//4138
f 2315//4139 2311//4139 2310//4139
f 2317//4140 2313//4140 2314//4140
f 2318//4141 2317//4141 2314//4141
f 2319//4142 2317//4142 2318//4142
f 2320//4143 2321//4143 2316//4143
f 2320//4144 2316//4144 2315//4144
f 2322//4145 2319//4145 2318//4145
f 2323//4146 2319//4146 2322//4146
f 2324//4147 2325//4147 2321//4147
f 2324//4148 2321//4148 2320//4148
f 2326//4149 2323//4149 2322//4149
f 2327//4150 2323//4150 2326//4150
f 2328//4151 2327//4151 2326//4151
f 2329//4152 2327//4152 2328//4152
f 2330//4153 2331//4153 2325//4153
f 2330//4154 2325//4154 2324//4154
f 2332//4155 2329//4155 2328//4155
f 2333//4156 2329//4156 2332//4156
f 2334//4157 2333//4157 2332//4157
f 2335//4158 2333//4158 2334//4158
f 2336//4159 2337//4159 2331//4159
f 2336//4160 2331//4160 2330//4160
f 2338//4161 2335//4161 2334//4161
f 2339//4162 2335//4162 2338//4162
f 2340//4163 2341//4163 2337//4163
f 2340//4164 2337//4164 2336//4164
f 2342//4165 2343//4165 2339//4165
f 2342//4166 2339//4166 2338//4166
f 2344//4167 2343//4167 2342//4167
f 2344//4168 2345//4168 2343//4168
f 2346//4169 2347//4169 2341//4169
f 2346//4170 2341//4170 2340//4170
f 2348//4171 2345//4171 2344//4171
f 2348//4172 2349//4172 2345//4172
f 2350//4173 2349//4173 2348//4173
f 2350//4174 2351//4174 2349//4174
f 2352//4175 2353//4175 2347//4175
f 2354//4176 2347//4176 2346//4176
f 2354//4177 2352//4177 2347//4177
f 2355//4178 2352//4178 2354//4178
f 2356//4179 2351//4179 2350//4179
f 2356//4180 2357//4180 2351//4180
f 2358//4181 2357//4181 2356//4181
f 2359//4182 2357//4182 2358//4182
f 2360//4183 2358//4183 2356//4183
f 2361//4184 2362//4184 2363//4184
f 2361//4185 2355//4185 2354//4185
f 2361//4186 2363//4186 2355//4186
f 2364//4187 2359//4187 2358//4187
f 2365//4188 2359//4188 2364//4188
f 2366//4189 2367//4189 2365//4189
f 2366//4190 2365//4190 2364//4190
f 2366//4191 2364//4191 2368//4191
f 2369//4192 2370//4192 2362//4192
f 2369//4193 2362//4193 2361//4193
f 2371//4194 2372//4194 2367//4194
f 2371//4195 2367//4195 2366//4195
f 2373//4196 2374//4196 2370//4196
f 2373//4197 2370//4197 2369//4197
f 2375//4198 2374//4198 2373//4198
f 2376//4199 2377//4199 2372//4199
f 2376//4200 2372//4200 2371//4200
f 2378//4201 2374//4201 2375//4201
f 2379//4202 2374//4202 2378//4202
f 2380//4203 2374//4203 2379//4203
f 2380//4204 2381//4204 2382//4204
f 2380//4205 2379//4205 2381//4205
f 2383//4206 2380//4206 2382//4206
f 2384//4207 2380//4207 2383//4207
f 2385//4208 2380//4208 2384//4208
f 2386//4209 2387//4209 2377//4209
f 2386//4210 2377//4210 2376//4210
f 2388//4211 2380//4211 2385//4211
f 2389//4212 2390//4212 2387//4212
f 2389//4213 2387//4213 2386//4213
f 2391//4214 2392//4214 2393//4214
f 2394//4215 2395//4215 2396//4215
f 2394//4216 2393//4216 2395//4216
f 2394//4217 2391//4217 2393//4217
f 2397//4218 2394//4218 2396//4218
f 2397//4219 2396//4219 2398//4219
f 2399//4220 2392//4220 2391//4220
f 2399//4221 2388//4221 2392//4221
f 2399//4222 2380//4222 2388//4222
f 2400//4223 2397//4223 2398//4223
f 2400//4224 2398//4224 2401//4224
f 2402//4225 2380//4225 2399//4225
f 2403//4226 2401//4226 2404//4226
f 2403//4227 2400//4227 2401//4227
f 2403//4228 2404//4228 2405//4228
f 2406//4229 2380//4229 2402//4229
f 2407//4230 2405//4230 2408//4230
f 2407//4231 2403//4231 2405//4231
f 2409//4232 2410//4232 2380//4232
f 2409//4233 2380//4233 2406//4233
f 2411//4234 2407//4234 2408//4234
f 2411//4235 2408//4235 2412//4235
f 2413//4236 2410//4236 2409//4236
f 2414//4237 2390//4237 2389//4237
f 2414//4238 2415//4238 2390//4238
f 2416//4239 2411//4239 2412//4239
f 2416//4240 2412//4240 2417//4240
f 2418//4241 2410//4241 2413//4241
f 2419//4242 2416//4242 2417//4242
f 2419//4243 2417//4243 2420//4243
f 2421//4244 2410//4244 2418//4244
f 2422//4245 2419//4245 2420//4245
f 2422//4246 2420//4246 2423//4246
f 2422//4247 2423//4247 2424//4247
f 2425//4248 2410//4248 2421//4248
f 2426//4249 2415//4249 2414//4249
f 2427//4250 2422//4250 2424//4250
f 2427//4251 2424//4251 2428//4251
f 2429//4252 2410//4252 2425//4252
f 2430//4253 2427//4253 2428//4253
f 2430//4254 2428//4254 2431//4254
f 2432//4255 2410//4255 2429//4255
f 2433//4256 2430//4256 2431//4256
f 2433//4257 2431//4257 2434//4257
f 2435//4258 2410//4258 2432//4258
f 2436//4259 2426//4259 2414//4259
f 2437//4260 2410//4260 2435//4260
f 2438//4261 2433//4261 2434//4261
f 2438//4262 2434//4262 2439//4262
f 2438//4263 2439//4263 2440//4263
f 2441//4264 2437//4264 2435//4264
f 2442//4265 2438//4265 2440//4265
f 2442//4266 2440//4266 2443//4266
f 2444//4267 2437//4267 2441//4267
f 2445//4268 2426//4268 2436//4268
f 2446//4269 2442//4269 2443//4269
f 2446//4270 2443//4270 2447//4270
f 2448//4271 2437//4271 2444//4271
f 2449//4272 2446//4272 2447//4272
f 2449//4273 2447//4273 2450//4273
f 2451//4274 2437//4274 2448//4274
f 2452//4275 2453//4275 2445//4275
f 2452//4276 2454//4276 2453//4276
f 2452//4277 2455//4277 2454//4277
f 2452//4278 2445//4278 2436//4278
f 2452//4279 2456//4279 2455//4279
f 2457//4280 2449//4280 2450//4280
f 2457//4281 2458//4281 2459//4281
f 2457//4282 2450//4282 2458//4282
f 2460//4283 2437//4283 2451//4283
f 2461//4284 2459//4284 2462//4284
f 2461//4285 2457//4285 2459//4285
f 2463//4286 2437//4286 2460//4286
f 2464//4287 2462//4287 2465//4287
f 2464//4288 2461//4288 2462//4288
f 2466//4289 2465//4289 2467//4289
f 2466//4290 2464//4290 2465//4290
f 2468//4291 2469//4291 2456//4291
f 2468//4292 2470//4292 2469//4292
f 2468//4293 2471//4293 2470//4293
f 2468//4294 2467//4294 2471//4294
f 2468//4295 2456//4295 2452//4295
f 2468//4296 2466//4296 2467//4296
f 2468//4297 2472//4297 2466//4297
f 2473//4298 2474//4298 2437//4298
f 2475//4299 2437//4299 2474//4299
f 2476//4300 2473//4300 2437//4300
f 2476//4301 2437//4301 2463//4301
f 2477//4302 2478//4302 2437//4302
f 2477//4303 2437//4303 2475//4303
f 2479//4304 2476//4304 2463//4304
f 2479//4305 2463//4305 2480//4305
f 2481//4306 2478//4306 2477//4306
f 2482//4307 2480//4307 2483//4307
f 2482//4308 2479//4308 2480//4308
f 2484//4309 2478//4309 2481//4309
f 2485//4310 2482//4310 2483//4310
f 2486//4311 2478//4311 2484//4311
f 2487//4312 2483//4312 2488//4312
f 2487//4313 2485//4313 2483//4313
f 2489//4314 2478//4314 2486//4314
f 2490//4315 2488//4315 2491//4315
f 2490//4316 2487//4316 2488//4316
f 2492//4317 2491//4317 2493//4317
f 2492//4318 2490//4318 2491//4318
f 2494//4319 2492//4319 2493//4319
f 2495//4320 2496//4320 2497//4320
f 2495//4321 2497//4321 2498//4321
f 2495//4322 2498//4322 2499//4322
f 2495//4323 2499//4323 2472//4323
f 2495//4324 2472//4324 2468//4324
f 2500//4325 2494//4325 2493//4325
f 2500//4326 2493//4326 2501//4326
f 2502//4327 2500//4327 2501//4327
f 2502//4328 2501//4328 2503//4328
f 2504//4329 2503//4329 2505//4329
f 2504//4330 2502//4330 2503//4330
f 2506//4331 2505//4331 2507//4331
f 2506//4332 2504//4332 2505//4332
f 2508//4333 2507//4333 2509//4333
f 2508//4334 2506//4334 2507//4334
f 2510//4335 2496//4335 2495//4335
f 2510//4336 2511//4336 2512//4336
f 2510//4337 2512//4337 2513//4337
f 2510//4338 2513//4338 2514//4338
f 2510//4339 2514//4339 2496//4339
f 2515//4340 2508//4340 2509//4340
f 2516//4341 2509//4341 2517//4341
f 2516//4342 2515//4342 2509//4342
f 2518//4343 2517//4343 2519//4343
f 2518//4344 2516//4344 2517//4344
f 2520//4345 2521//4345 2478//4345
f 2520//4346 2478//4346 2489//4346
f 2522//4347 2519//4347 2523//4347
f 2522//4348 2518//4348 2519//4348
f 2524//4349 2523//4349 2525//4349
f 2524//4350 2522//4350 2523//4350
f 2526//4351 2525//4351 2527//4351
f 2526//4352 2524//4352 2525//4352
f 2528//4353 2511//4353 2510//4353
f 2528//4354 2529//4354 2530//4354
f 2528//4355 2530//4355 2531//4355
f 2528//4356 2531//4356 2532//4356
f 2528//4357 2532//4357 2511//4357
f 2533//4358 2526//4358 2527//4358
f 2534//4359 2527//4359 2535//4359
f 2534//4360 2533//4360 2527//4360
f 2536//4361 2535//4361 2537//4361
f 2536//4362 2534//4362 2535//4362
f 2538//4363 2537//4363 2539//4363
f 2538//4364 2536//4364 2537//4364
f 2540//4365 2538//4365 2539//4365
f 2541//4366 2539//4366 2542//4366
f 2541//4367 2540//4367 2539//4367
f 2543//4368 2542//4368 2544//4368
f 2543//4369 2541//4369 2542//4369
f 2545//4370 2543//4370 2544//4370
f 2546//4371 2547//4371 2548//4371
f 2546//4372 2548//4372 2529//4372
f 2546//4373 2529//4373 2528//4373
f 2549//4374 2545//4374 2544//4374
f 2549//4375 2550//4375 2545//4375
f 2549//4376 2551//4376 2550//4376
f 2549//4377 2547//4377 2546//4377
f 2549//4378 2544//4378 2552//4378
f 2549//4379 2552//4379 2547//4379
f 2553//4380 2551//4380 2549//4380
f 2554//4381 2549//4381 2546//4381
f 2555//4382 2556//4382 2553//4382
f 2555//4383 2557//4383 2556//4383
f 2555//4384 2553//4384 2549//4384
f 2558//4385 2557//4385 2555//4385
f 2559//4386 2558//4386 2555//4386
f 2560//4387 2559//4387 2555//4387
f 2561//4388 2560//4388 2555//4388
f 2562//4389 2563//4389 2521//4389
f 2562//4390 2521//4390 2520//4390
f 2564//4391 2563//4391 2562//4391
f 2565//4392 2564//4392 2562//4392
f 2566//4393 2567//4393 2568//4393
f 2566//4394 2560//4394 2561//4394
f 2566//4395 2568//4395 2560//4395
f 2569//4396 2570//4396 2567//4396
f 2569//4397 2567//4397 2566//4397
f 2571//4398 2572//4398 2570//4398
f 2571//4399 2570//4399 2569//4399
f 2573//4400 2574//4400 2572//4400
f 2573//4401 2572//4401 2571//4401
f 2575//4402 2576//4402 2565//4402
f 2577//4403 2576//4403 2575//4403
f 2578//4404 2579//4404 2574//4404
f 2578//4405 2574//4405 2573//4405
f 2580//4406 2579//4406 2578//4406
f 2581//4407 2580//4407 2578//4407
f 2582//4408 2580//4408 2581//4408
f 2583//4409 2582//4409 2581//4409
f 2584//4410 2582//4410 2583//4410
f 2585//4411 2586//4411 2577//4411
f 2585//4412 2577//4412 2575//4412
f 2587//4413 2584//4413 2583//4413
f 2587//4414 2588//4414 2584//4414
f 2589//4415 2590//4415 2586//4415
f 2589//4416 2586//4416 2585//4416
f 2591//4417 2588//4417 2587//4417
f 2591//4418 2592//4418 2588//4418
f 2593//4419 2592//4419 2591//4419
f 2594//4420 2592//4420 2593//4420
f 2595//4421 2590//4421 2589//4421
f 2596//4422 2590//4422 2595//4422
f 2597//4423 2594//4423 2593//4423
f 2598//4424 2599//4424 2600//4424
f 2598//4425 2601//4425 2599//4425
f 2598//4426 2602//4426 2601//4426
f 2598//4427 2596//4427 2602//4427
f 2598//4428 2590//4428 2596//4428
f 2603//4429 2597//4429 2593//4429
f 2604//4430 2594//4430 2597//4430
f 2605//4431 2598//4431 2600//4431
f 2606//4432 2594//4432 2604//4432
f 2607//4433 2598//4433 2605//4433
f 2608//4434 2606//4434 2604//4434
f 2609//4435 2598//4435 2607//4435
f 2609//4436 2610//4436 2598//4436
f 2609//4437 2607//4437 2611//4437
f 2612//4438 2598//4438 2610//4438
f 2613//4439 2609//4439 2611//4439
f 2613//4440 2611//4440 2614//4440
f 2615//4441 2606//4441 2608//4441
f 2615//4442 2616//4442 2606//4442
f 2617//4443 2598//4443 2612//4443
f 2618//4444 2613//4444 2614//4444
f 2618//4445 2614//4445 2619//4445
f 2620//4446 2598//4446 2617//4446
f 2621//4447 2618//4447 2619//4447
f 2621//4448 2619//4448 2622//4448
f 2623//4449 2598//4449 2620//4449
f 2624//4450 2622//4450 2625//4450
f 2624//4451 2621//4451 2622//4451
f 2626//4452 2598//4452 2623//4452
f 2627//4453 2624//4453 2625//4453
f 2627//4454 2625//4454 2628//4454
f 2627//4455 2628//4455 2629//4455
f 2630//4456 2598//4456 2626//4456
f 2631//4457 2630//4457 2626//4457
f 2632//4458 2627//4458 2629//4458
f 2632//4459 2629//4459 2633//4459
f 2634//4460 2630//4460 2631//4460
f 2635//4461 2633//4461 2636//4461
f 2635//4462 2636//4462 2637//4462
f 2635//4463 2632//4463 2633//4463
f 2638//4464 2630//4464 2634//4464
f 2639//4465 2635//4465 2637//4465
f 2639//4466 2637//4466 2640//4466
f 2641//4467 2630//4467 2638//4467
f 2642//4468 2639//4468 2640//4468
f 2642//4469 2640//4469 2643//4469
f 2644//4470 2630//4470 2641//4470
f 2645//4471 2616//4471 2615//4471
f 2645//4472 2646//4472 2647//4472
f 2645//4473 2648//4473 2646//4473
f 2645//4474 2647//4474 2616//4474
f 2649//4475 2642//4475 2643//4475
f 2649//4476 2643//4476 2650//4476
f 2651//4477 2630//4477 2644//4477
f 2652//4478 2649//4478 2650//4478
f 2652//4479 2650//4479 2653//4479
f 2654//4480 2630//4480 2651//4480
f 2655//4481 2652//4481 2653//4481
f 2655//4482 2653//4482 2656//4482
f 2657//4483 2654//4483 2658//4483
f 2657//4484 2630//4484 2654//4484
f 2659//4485 2660//4485 2661//4485
f 2659//4486 2661//4486 2662//4486
f 2659//4487 2662//4487 2655//4487
f 2659//4488 2655//4488 2656//4488
f 2659//4489 2648//4489 2645//4489
f 2659//4490 2663//4490 2648//4490
f 2659//4491 2664//4491 2663//4491
f 2659//4492 2665//4492 2664//4492
f 2659//4493 2666//4493 2665//4493
f 2659//4494 2656//4494 2666//4494
f 2667//4495 2658//4495 2668//4495
f 2667//4496 2657//4496 2658//4496
f 2669//4497 2657//4497 2667//4497
f 2670//4498 2668//4498 2671//4498
f 2670//4499 2667//4499 2668//4499
f 2672//4500 2657//4500 2669//4500
f 2673//4501 2671//4501 2674//4501
f 2673//4502 2670//4502 2671//4502
f 2675//4503 2657//4503 2672//4503
f 2676//4504 2674//4504 2677//4504
f 2676//4505 2673//4505 2674//4505
f 2678//4506 2657//4506 2675//4506
f 2679//4507 2676//4507 2677//4507
f 2680//4508 2657//4508 2678//4508
f 2681//4509 2677//4509 2682//4509
f 2681//4510 2679//4510 2677//4510
f 2683//4511 2684//4511 2685//4511
f 2683//4512 2685//4512 2686//4512
f 2683//4513 2686//4513 2687//4513
f 2683//4514 2687//4514 2688//4514
f 2683//4515 2688//4515 2689//4515
f 2683//4516 2689//4516 2660//4516
f 2683//4517 2660//4517 2659//4517
f 2690//4518 2657//4518 2680//4518
f 2691//4519 2681//4519 2682//4519
f 2691//4520 2682//4520 2692//4520
f 2693//4521 2692//4521 2694//4521
f 2693//4522 2691//4522 2692//4522
f 2695//4523 2693//4523 2694//4523
f 2695//4524 2694//4524 2696//4524
f 2697//4525 2657//4525 2690//4525
f 2698//4526 2695//4526 2696//4526
f 2698//4527 2696//4527 2699//4527
f 2700//4528 2698//4528 2699//4528
f 2700//4529 2699//4529 2701//4529
f 2702//4530 2703//4530 2684//4530
f 2702//4531 2704//4531 2700//4531
f 2702//4532 2705//4532 2704//4532
f 2702//4533 2700//4533 2701//4533
f 2702//4534 2684//4534 2683//4534
f 2702//4535 2701//4535 2706//4535
f 2702//4536 2706//4536 2707//4536
f 2702//4537 2707//4537 2708//4537
f 2702//4538 2708//4538 2709//4538
f 2702//4539 2709//4539 2703//4539
f 2710//4540 2705//4540 2702//4540
f 2711//4541 2697//4541 2690//4541
f 2712//4542 2697//4542 2711//4542
f 2713//4543 2710//4543 2702//4543
f 2713//4544 2714//4544 2710//4544
f 2713//4545 2715//4545 2714//4545
f 2713//4546 2716//4546 2715//4546
f 2713//4547 2717//4547 2716//4547
f 2718//4548 2712//4548 2711//4548
f 2719//4549 2712//4549 2718//4549
f 2720//4550 2712//4550 2719//4550
f 2721//4551 2712//4551 2720//4551
f 2721//4552 2722//4552 2723//4552
f 2721//4553 2720//4553 2722//4553
f 2724//4554 2721//4554 2723//4554
f 2725//4555 2721//4555 2724//4555
f 2726//4556 2717//4556 2713//4556
f 2726//4557 2727//4557 2717//4557
f 2728//4558 2721//4558 2725//4558
f 2729//4559 2727//4559 2726//4559
f 2730//4560 2731//4560 2729//4560
f 2730//4561 2732//4561 2731//4561
f 2730//4562 2733//4562 2732//4562
f 2730//4563 2734//4563 2733//4563
f 2730//4564 2735//4564 2734//4564
f 2730//4565 2729//4565 2726//4565
f 2736//4566 2737//4566 2721//4566
f 1793//4567 1803//4567 2280//4567
f 2738//4568 2280//4568 2736//4568
f 2738//4569 2739//4569 2735//4569
f 2738//4570 2728//4570 2739//4570
f 2738//4571 2721//4571 2728//4571
f 2738//4572 2735//4572 2730//4572
f 2738//4573 2736//4573 2721//4573
f 2740//4574 1793//4574 2280//4574
f 2740//4575 2280//4575 2738//4575
f 2740//4576 1761//4576 1793//4576
f 2741//4577 1761//4577 2740//4577
f 2741//4578 1759//4578 1761//4578
f 2742//4579 1778//4579 1759//4579
f 2742//4580 1759//4580 2741//4580
f 2743//4581 1778//4581 2742//4581
f 2743//4582 1769//4582 1778//4582
f 2744//4583 1769//4583 2743//4583
f 2744//4584 1767//4584 1769//4584
f 2745//4585 1766//4585 1767//4585
f 2746//4586 2745//4586 1767//4586
f 2747//4587 1767//4587 2744//4587
f 2747//4588 2746//4588 1767//4588
f 2748//4589 2745//4589 2746//4589
f 2562//4590 2575//4590 2565//4590
f 2276//4591 1765//4591 2745//4591
f 2745//4592 1765//4592 1766//4592
f 2279//4593 2276//4593 2748//4593
f 2748//4594 2276//4594 2745//4594
f 2277//4595 2279//4595 2746//4595
f 2746//4596 2279//4596 2748//4596
f 2278//4597 2277//4597 2746//4597
f 2278//4598 2746//4598 2747//4598
f 2726//4599 2261//4599 2730//4599
f 2257//4600 2261//4600 2726//4600
f 2274//4601 2744//4601 2743//4601
f 2274//4602 2275//4602 2744//4602
f 2608//4603 2749//4603 2615//4603
f 2608//4604 2750//4604 2749//4604
f 2749//4605 2750//4605 2615//4605
f 2608//4606 2751//4606 2750//4606
f 2750//4607 2751//4607 2615//4607
f 2138//4608 2752//4608 2608//4608
f 2615//4609 2752//4609 2145//4609
f 2608//4610 2752//4610 2751//4610
f 2751//4611 2752//4611 2615//4611
f 2752//4612 2753//4612 2145//4612
f 2138//4613 2753//4613 2752//4613
f 2753//4614 2754//4614 2145//4614
f 2138//4615 2754//4615 2753//4615
f 2145//4616 2755//4616 2138//4616
f 2754//4617 2755//4617 2145//4617
f 2138//4618 2755//4618 2754//4618
f 2615//4619 2756//4619 2645//4619
f 2615//4620 2757//4620 2756//4620
f 2756//4621 2757//4621 2645//4621
f 2145//4622 2758//4622 2615//4622
f 2615//4623 2758//4623 2757//4623
f 2645//4624 2758//4624 2175//4624
f 2757//4625 2758//4625 2645//4625
f 2145//4626 2759//4626 2758//4626
f 2758//4627 2759//4627 2175//4627
f 2759//4628 2760//4628 2175//4628
f 2145//4629 2760//4629 2759//4629
f 2175//4630 2761//4630 2145//4630
f 2760//4631 2761//4631 2175//4631
f 2145//4632 2761//4632 2760//4632
f 2645//4633 2762//4633 2659//4633
f 2645//4634 2763//4634 2762//4634
f 2762//4635 2763//4635 2659//4635
f 2763//4636 2764//4636 2659//4636
f 2645//4637 2764//4637 2763//4637
f 2764//4638 2765//4638 2659//4638
f 2645//4639 2765//4639 2764//4639
f 2175//4640 2765//4640 2645//4640
f 2659//4641 2765//4641 2190//4641
f 2765//4642 2766//4642 2190//4642
f 2175//4643 2766//4643 2765//4643
f 2766//4644 2767//4644 2190//4644
f 2175//4645 2767//4645 2766//4645
f 2190//4646 2768//4646 2175//4646
f 2767//4647 2768//4647 2190//4647
f 2175//4648 2768//4648 2767//4648
f 2659//4649 2769//4649 2683//4649
f 2659//4650 2770//4650 2769//4650
f 2769//4651 2770//4651 2683//4651
f 2659//4652 2771//4652 2770//4652
f 2770//4653 2771//4653 2683//4653
f 2190//4654 2771//4654 2659//4654
f 2683//4655 2771//4655 2214//4655
f 2190//4656 2772//4656 2771//4656
f 2771//4657 2772//4657 2214//4657
f 2772//4658 2773//4658 2214//4658
f 2190//4659 2773//4659 2772//4659
f 2214//4660 2774//4660 2190//4660
f 2773//4661 2774//4661 2214//4661
f 2190//4662 2774//4662 2773//4662
f 2683//4663 2775//4663 2702//4663
f 2683//4664 2776//4664 2775//4664
f 2775//4665 2776//4665 2702//4665
f 2683//4666 2777//4666 2776//4666
f 2776//4667 2777//4667 2702//4667
f 2683//4668 2778//4668 2777//4668
f 2777//4669 2778//4669 2702//4669
f 2214//4670 2778//4670 2683//4670
f 2702//4671 2778//4671 2233//4671
f 2214//4672 2779//4672 2778//4672
f 2778//4673 2779//4673 2233//4673
f 2779//4674 2780//4674 2233//4674
f 2214//4675 2780//4675 2779//4675
f 2233//4676 2781//4676 2214//4676
f 2780//4677 2781//4677 2233//4677
f 2214//4678 2781//4678 2780//4678
f 2702//4679 2782//4679 2713//4679
f 2702//4680 2783//4680 2782//4680
f 2782//4681 2783//4681 2713//4681
f 2702//4682 2784//4682 2783//4682
f 2783//4683 2784//4683 2713//4683
f 2233//4684 2785//4684 2702//4684
f 2713//4685 2785//4685 2243//4685
f 2702//4686 2785//4686 2784//4686
f 2784//4687 2785//4687 2713//4687
f 2233//4688 2786//4688 2785//4688
f 2785//4689 2786//4689 2243//4689
f 2786//4690 2787//4690 2243//4690
f 2233//4691 2787//4691 2786//4691
f 2243//4692 2788//4692 2233//4692
f 2787//4693 2788//4693 2243//4693
f 2233//4694 2788//4694 2787//4694
f 2713//4695 2789//4695 2726//4695
f 2713//4696 2790//4696 2789//4696
f 2789//4697 2790//4697 2726//4697
f 2243//4698 2791//4698 2713//4698
f 2726//4699 2791//4699 2257//4699
f 2713//4700 2791//4700 2790//4700
f 2790//4701 2791//4701 2726//4701
f 2791//4702 2792//4702 2257//4702
f 2243//4703 2792//4703 2791//4703
f 2792//4704 2793//4704 2257//4704
f 2243//4705 2793//4705 2792//4705
f 2257//4706 2794//4706 2243//4706
f 2793//4707 2794//4707 2257//4707
f 2243//4708 2794//4708 2793//4708
f 2730//4709 2795//4709 2738//4709
f 2795//4710 2796//4710 2738//4710
f 2730//4711 2796//4711 2795//4711
f 2730//4712 2797//4712 2796//4712
f 2796//4713 2797//4713 2738//4713
f 2730//4714 2798//4714 2797//4714
f 2797//4715 2798//4715 2738//4715
f 2730//4716 2799//4716 2798//4716
f 2798//4717 2799//4717 2738//4717
f 2730//4718 2800//4718 2799//4718
f 2799//4719 2800//4719 2738//4719
f 2261//4720 2800//4720 2730//4720
f 2738//4721 2800//4721 2269//4721
f 2800//4722 2801//4722 2269//4722
f 2261//4723 2801//4723 2800//4723
f 2801//4724 2802//4724 2269//4724
f 2261//4725 2802//4725 2801//4725
f 2269//4726 2803//4726 2261//4726
f 2802//4727 2803//4727 2269//4727
f 2261//4728 2803//4728 2802//4728
f 2738//4729 2804//4729 2740//4729
f 2269//4730 2804//4730 2738//4730
f 2740//4731 2804//4731 2271//4731
f 2269//4732 2805//4732 2804//4732
f 2804//4733 2805//4733 2271//4733
f 2805//4734 2806//4734 2271//4734
f 2269//4735 2806//4735 2805//4735
f 2271//4736 2807//4736 2269//4736
f 2806//4737 2807//4737 2271//4737
f 2269//4738 2807//4738 2806//4738
f 2740//4739 2808//4739 2741//4739
f 2740//4740 2809//4740 2808//4740
f 2808//4741 2809//4741 2741//4741
f 2740//4742 2810//4742 2809//4742
f 2809//4743 2810//4743 2741//4743
f 2740//4744 2811//4744 2810//4744
f 2810//4745 2811//4745 2741//4745
f 2271//4746 2811//4746 2740//4746
f 2741//4747 2811//4747 2272//4747
f 2271//4748 2812//4748 2811//4748
f 2811//4749 2812//4749 2272//4749
f 2812//4750 2813//4750 2272//4750
f 2271//4751 2813//4751 2812//4751
f 2272//4752 2814//4752 2271//4752
f 2813//4753 2814//4753 2272//4753
f 2271//4754 2814//4754 2813//4754
f 2741//4755 2815//4755 2742//4755
f 2741//4756 2816//4756 2815//4756
f 2815//4757 2816//4757 2742//4757
f 2741//4758 2817//4758 2816//4758
f 2816//4759 2817//4759 2742//4759
f 2272//4760 2817//4760 2741//4760
f 2742//4761 2817//4761 2273//4761
f 2272//4762 2818//4762 2817//4762
f 2817//4763 2818//4763 2273//4763
f 2818//4764 2819//4764 2273//4764
f 2272//4765 2819//4765 2818//4765
f 2273//4766 2820//4766 2272//4766
f 2819//4767 2820//4767 2273//4767
f 2272//4768 2820//4768 2819//4768
f 2742//4769 2821//4769 2743//4769
f 2742//4770 2822//4770 2821//4770
f 2821//4771 2822//4771 2743//4771
f 2742//4772 2823//4772 2822//4772
f 2822//4773 2823//4773 2743//4773
f 2273//4774 2823//4774 2742//4774
f 2743//4775 2823//4775 2274//4775
f 2273//4776 2824//4776 2823//4776
f 2823//4777 2824//4777 2274//4777
f 2824//4778 2825//4778 2274//4778
f 2273//4779 2825//4779 2824//4779
f 2274//4780 2826//4780 2273//4780
f 2825//4781 2826//4781 2274//4781
f 2273//4782 2826//4782 2825//4782
f 2744//4783 2827//4783 2747//4783
f 2744//4784 2828//4784 2827//4784
f 2827//4785 2828//4785 2747//4785
f 2747//4786 2829//4786 2278//4786
f 2275//4787 2829//4787 2744//4787
f 2828//4788 2829//4788 2747//4788
f 2744//4789 2829//4789 2828//4789
f 2275//4790 2830//4790 2829//4790
f 2829//4791 2830//4791 2278//4791
f 2830//4792 2831//4792 2278//4792
f 2275//4793 2831//4793 2830//4793
f 2831//4794 2832//4794 2278//4794
f 2275//4795 2832//4795 2831//4795
f 2278//4796 2832//4796 2275//4796
f 2134//4797 2608//4797 2604//4797
f 2134//4798 2138//4798 2608//4798
f 2127//4799 2134//4799 2597//4799
f 2597//4800 2134//4800 2604//4800
f 2603//4801 2127//4801 2597//4801
f 2133//4802 2127//4802 2603//4802
f 2587//4803 2121//4803 2591//4803
f 2117//4804 2121//4804 2587//4804
f 2561//4805 2833//4805 2834//4805
f 2561//4806 2835//4806 2833//4806
f 2561//4807 2836//4807 2835//4807
f 2091//4808 2837//4808 2561//4808
f 2561//4809 2837//4809 2836//4809
f 2091//4810 2838//4810 2837//4810
f 2091//4811 2839//4811 2838//4811
f 2091//4812 2840//4812 2839//4812
f 2561//4813 2841//4813 2566//4813
f 2834//4814 2841//4814 2561//4814
f 2834//4815 2842//4815 2841//4815
f 2841//4816 2842//4816 2566//4816
f 2833//4817 2842//4817 2834//4817
f 2835//4818 2843//4818 2833//4818
f 2842//4819 2843//4819 2566//4819
f 2833//4820 2843//4820 2842//4820
f 2843//4821 2844//4821 2566//4821
f 2835//4822 2844//4822 2843//4822
f 2836//4823 2844//4823 2835//4823
f 2837//4824 2845//4824 2836//4824
f 2566//4825 2845//4825 2097//4825
f 2844//4826 2845//4826 2566//4826
f 2836//4827 2845//4827 2844//4827
f 2838//4828 2846//4828 2837//4828
f 2845//4829 2846//4829 2097//4829
f 2837//4830 2846//4830 2845//4830
f 2846//4831 2847//4831 2097//4831
f 2839//4832 2847//4832 2838//4832
f 2838//4833 2847//4833 2846//4833
f 2097//4834 2848//4834 2091//4834
f 2091//4835 2848//4835 2840//4835
f 2840//4836 2848//4836 2839//4836
f 2847//4837 2848//4837 2097//4837
f 2839//4838 2848//4838 2847//4838
f 2566//4839 2849//4839 2569//4839
f 2566//4840 2850//4840 2849//4840
f 2849//4841 2850//4841 2569//4841
f 2097//4842 2851//4842 2566//4842
f 2569//4843 2851//4843 2100//4843
f 2566//4844 2851//4844 2850//4844
f 2850//4845 2851//4845 2569//4845
f 2851//4846 2852//4846 2100//4846
f 2097//4847 2852//4847 2851//4847
f 2852//4848 2853//4848 2100//4848
f 2097//4849 2853//4849 2852//4849
f 2100//4850 2854//4850 2097//4850
f 2853//4851 2854//4851 2100//4851
f 2097//4852 2854//4852 2853//4852
f 2569//4853 2855//4853 2571//4853
f 2569//4854 2856//4854 2855//4854
f 2855//4855 2856//4855 2571//4855
f 2569//4856 2857//4856 2856//4856
f 2856//4857 2857//4857 2571//4857
f 2100//4858 2857//4858 2569//4858
f 2571//4859 2857//4859 2102//4859
f 2100//4860 2858//4860 2857//4860
f 2857//4861 2858//4861 2102//4861
f 2858//4862 2859//4862 2102//4862
f 2100//4863 2859//4863 2858//4863
f 2102//4864 2860//4864 2100//4864
f 2859//4865 2860//4865 2102//4865
f 2100//4866 2860//4866 2859//4866
f 2571//4867 2861//4867 2573//4867
f 2571//4868 2862//4868 2861//4868
f 2861//4869 2862//4869 2573//4869
f 2102//4870 2862//4870 2571//4870
f 2573//4871 2862//4871 2104//4871
f 2102//4872 2863//4872 2862//4872
f 2862//4873 2863//4873 2104//4873
f 2863//4874 2864//4874 2104//4874
f 2102//4875 2864//4875 2863//4875
f 2104//4876 2865//4876 2102//4876
f 2864//4877 2865//4877 2104//4877
f 2102//4878 2865//4878 2864//4878
f 2573//4879 2866//4879 2578//4879
f 2573//4880 2867//4880 2866//4880
f 2866//4881 2867//4881 2578//4881
f 2573//4882 2868//4882 2867//4882
f 2867//4883 2868//4883 2578//4883
f 2573//4884 2869//4884 2868//4884
f 2868//4885 2869//4885 2578//4885
f 2104//4886 2870//4886 2573//4886
f 2578//4887 2870//4887 2109//4887
f 2573//4888 2870//4888 2869//4888
f 2869//4889 2870//4889 2578//4889
f 2104//4890 2871//4890 2870//4890
f 2870//4891 2871//4891 2109//4891
f 2871//4892 2872//4892 2109//4892
f 2104//4893 2872//4893 2871//4893
f 2109//4894 2873//4894 2104//4894
f 2872//4895 2873//4895 2109//4895
f 2104//4896 2873//4896 2872//4896
f 2578//4897 2874//4897 2581//4897
f 2109//4898 2875//4898 2578//4898
f 2581//4899 2875//4899 2111//4899
f 2578//4900 2875//4900 2874//4900
f 2874//4901 2875//4901 2581//4901
f 2875//4902 2876//4902 2111//4902
f 2109//4903 2876//4903 2875//4903
f 2876//4904 2877//4904 2111//4904
f 2109//4905 2877//4905 2876//4905
f 2111//4906 2878//4906 2109//4906
f 2877//4907 2878//4907 2111//4907
f 2109//4908 2878//4908 2877//4908
f 2581//4909 2879//4909 2583//4909
f 2111//4910 2879//4910 2581//4910
f 2583//4911 2879//4911 2113//4911
f 2879//4912 2880//4912 2113//4912
f 2111//4913 2880//4913 2879//4913
f 2880//4914 2881//4914 2113//4914
f 2111//4915 2881//4915 2880//4915
f 2113//4916 2882//4916 2111//4916
f 2881//4917 2882//4917 2113//4917
f 2111//4918 2882//4918 2881//4918
f 2583//4919 2883//4919 2587//4919
f 2113//4920 2884//4920 2583//4920
f 2587//4921 2884//4921 2117//4921
f 2583//4922 2884//4922 2883//4922
f 2883//4923 2884//4923 2587//4923
f 2884//4924 2885//4924 2117//4924
f 2113//4925 2885//4925 2884//4925
f 2885//4926 2886//4926 2117//4926
f 2113//4927 2886//4927 2885//4927
f 2886//4928 2887//4928 2117//4928
f 2113//4929 2887//4929 2886//4929
f 2117//4930 2887//4930 2113//4930
f 2591//4931 2888//4931 2593//4931
f 2591//4932 2889//4932 2888//4932
f 2888//4933 2889//4933 2593//4933
f 2889//4934 2890//4934 2593//4934
f 2591//4935 2890//4935 2889//4935
f 2890//4936 2891//4936 2593//4936
f 2591//4937 2891//4937 2890//4937
f 2891//4938 2892//4938 2593//4938
f 2591//4939 2892//4939 2891//4939
f 2121//4940 2892//4940 2591//4940
f 2593//4941 2892//4941 2123//4941
f 2892//4942 2893//4942 2123//4942
f 2121//4943 2893//4943 2892//4943
f 2893//4944 2894//4944 2123//4944
f 2121//4945 2894//4945 2893//4945
f 2123//4946 2895//4946 2121//4946
f 2894//4947 2895//4947 2123//4947
f 2121//4948 2895//4948 2894//4948
f 2593//4949 2896//4949 2603//4949
f 2593//4950 2897//4950 2896//4950
f 2896//4951 2897//4951 2603//4951
f 2897//4952 2898//4952 2603//4952
f 2593//4953 2898//4953 2897//4953
f 2898//4954 2899//4954 2603//4954
f 2593//4955 2899//4955 2898//4955
f 2603//4956 2900//4956 2133//4956
f 2899//4957 2900//4957 2603//4957
f 2593//4958 2900//4958 2899//4958
f 2123//4959 2900//4959 2593//4959
f 2123//4960 2901//4960 2900//4960
f 2900//4961 2901//4961 2133//4961
f 2901//4962 2902//4962 2133//4962
f 2123//4963 2902//4963 2901//4963
f 2133//4964 2903//4964 2123//4964
f 2902//4965 2903//4965 2133//4965
f 2123//4966 2903//4966 2902//4966
f 2085//4967 2561//4967 2555//4967
f 2085//4968 2091//4968 2561//4968
f 2080//4969 2085//4969 2549//4969
f 2549//4970 2085//4970 2555//4970
f 2554//4971 2080//4971 2549//4971
f 2084//4972 2080//4972 2554//4972
f 2368//4973 2904//4973 2366//4973
f 2368//4974 2905//4974 2904//4974
f 2904//4975 2905//4975 2366//4975
f 2368//4976 2906//4976 2905//4976
f 2905//4977 2906//4977 2366//4977
f 1898//4978 2907//4978 2368//4978
f 2366//4979 2907//4979 1897//4979
f 2368//4980 2907//4980 2906//4980
f 2906//4981 2907//4981 2366//4981
f 2907//4982 2908//4982 1897//4982
f 1898//4983 2908//4983 2907//4983
f 2908//4984 2909//4984 1897//4984
f 1898//4985 2909//4985 2908//4985
f 1897//4986 2910//4986 1898//4986
f 2909//4987 2910//4987 1897//4987
f 1898//4988 2910//4988 2909//4988
f 2366//4989 2911//4989 2371//4989
f 2366//4990 2912//4990 2911//4990
f 2911//4991 2912//4991 2371//4991
f 1897//4992 2912//4992 2366//4992
f 2371//4993 2912//4993 1902//4993
f 2912//4994 2913//4994 1902//4994
f 1897//4995 2913//4995 2912//4995
f 2913//4996 2914//4996 1902//4996
f 1897//4997 2914//4997 2913//4997
f 1902//4998 2915//4998 1897//4998
f 2914//4999 2915//4999 1902//4999
f 1897//5000 2915//5000 2914//5000
f 2371//5001 2916//5001 2376//5001
f 2371//5002 2917//5002 2916//5002
f 2916//5003 2917//5003 2376//5003
f 2371//5004 2918//5004 2917//5004
f 2917//5005 2918//5005 2376//5005
f 2918//5006 2919//5006 2376//5006
f 1902//5007 2919//5007 2371//5007
f 2376//5008 2919//5008 1907//5008
f 2371//5009 2919//5009 2918//5009
f 2919//5010 2920//5010 1907//5010
f 1902//5011 2920//5011 2919//5011
f 2920//5012 2921//5012 1907//5012
f 1902//5013 2921//5013 2920//5013
f 1907//5014 2922//5014 1902//5014
f 2921//5015 2922//5015 1907//5015
f 1902//5016 2922//5016 2921//5016
f 2376//5017 2923//5017 2386//5017
f 2376//5018 2924//5018 2923//5018
f 2923//5019 2924//5019 2386//5019
f 1907//5020 2924//5020 2376//5020
f 2386//5021 2924//5021 1917//5021
f 1907//5022 2925//5022 2924//5022
f 2924//5023 2925//5023 1917//5023
f 2925//5024 2926//5024 1917//5024
f 1907//5025 2926//5025 2925//5025
f 1917//5026 2927//5026 1907//5026
f 2926//5027 2927//5027 1917//5027
f 1907//5028 2927//5028 2926//5028
f 2386//5029 2928//5029 2389//5029
f 2386//5030 2929//5030 2928//5030
f 2928//5031 2929//5031 2389//5031
f 2386//5032 2930//5032 2929//5032
f 2929//5033 2930//5033 2389//5033
f 1917//5034 2930//5034 2386//5034
f 2389//5035 2930//5035 1920//5035
f 1917//5036 2931//5036 2930//5036
f 2930//5037 2931//5037 1920//5037
f 2931//5038 2932//5038 1920//5038
f 1917//5039 2932//5039 2931//5039
f 1920//5040 2933//5040 1917//5040
f 2932//5041 2933//5041 1920//5041
f 1917//5042 2933//5042 2932//5042
f 2389//5043 2934//5043 2414//5043
f 2389//5044 2935//5044 2934//5044
f 2934//5045 2935//5045 2414//5045
f 2389//5046 2936//5046 2935//5046
f 2935//5047 2936//5047 2414//5047
f 2389//5048 2937//5048 2936//5048
f 2936//5049 2937//5049 2414//5049
f 1920//5050 2937//5050 2389//5050
f 2414//5051 2937//5051 1944//5051
f 1920//5052 2938//5052 2937//5052
f 2937//5053 2938//5053 1944//5053
f 2938//5054 2939//5054 1944//5054
f 1920//5055 2939//5055 2938//5055
f 1944//5056 2940//5056 1920//5056
f 2939//5057 2940//5057 1944//5057
f 1920//5058 2940//5058 2939//5058
f 2414//5059 2941//5059 2436//5059
f 2414//5060 2942//5060 2941//5060
f 2941//5061 2942//5061 2436//5061
f 1944//5062 2943//5062 2414//5062
f 2436//5063 2943//5063 1966//5063
f 2414//5064 2943//5064 2942//5064
f 2942//5065 2943//5065 2436//5065
f 2943//5066 2944//5066 1966//5066
f 1944//5067 2944//5067 2943//5067
f 2944//5068 2945//5068 1966//5068
f 1944//5069 2945//5069 2944//5069
f 1966//5070 2946//5070 1944//5070
f 2945//5071 2946//5071 1966//5071
f 1944//5072 2946//5072 2945//5072
f 2436//5073 2947//5073 2452//5073
f 2436//5074 2948//5074 2947//5074
f 2947//5075 2948//5075 2452//5075
f 2436//5076 2949//5076 2948//5076
f 2948//5077 2949//5077 2452//5077
f 1966//5078 2950//5078 2436//5078
f 2452//5079 2950//5079 1983//5079
f 2436//5080 2950//5080 2949//5080
f 2949//5081 2950//5081 2452//5081
f 2950//5082 2951//5082 1983//5082
f 1966//5083 2951//5083 2950//5083
f 2951//5084 2952//5084 1983//5084
f 1966//5085 2952//5085 2951//5085
f 2952//5086 2953//5086 1983//5086
f 1966//5087 2953//5087 2952//5087
f 1983//5088 2953//5088 1966//5088
f 2452//5089 2954//5089 2468//5089
f 2452//5090 2955//5090 2954//5090
f 2954//5091 2955//5091 2468//5091
f 2955//5092 2956//5092 2468//5092
f 2452//5093 2956//5093 2955//5093
f 2956//5094 2957//5094 2468//5094
f 2452//5095 2957//5095 2956//5095
f 1983//5096 2957//5096 2452//5096
f 2468//5097 2957//5097 1999//5097
f 2957//5098 2958//5098 1999//5098
f 1983//5099 2958//5099 2957//5099
f 2958//5100 2959//5100 1999//5100
f 1983//5101 2959//5101 2958//5101
f 1999//5102 2960//5102 1983//5102
f 2959//5103 2960//5103 1999//5103
f 1983//5104 2960//5104 2959//5104
f 2468//5105 2961//5105 2495//5105
f 2468//5106 2962//5106 2961//5106
f 2961//5107 2962//5107 2495//5107
f 2468//5108 2963//5108 2962//5108
f 2962//5109 2963//5109 2495//5109
f 2468//5110 2964//5110 2963//5110
f 2963//5111 2964//5111 2495//5111
f 1999//5112 2964//5112 2468//5112
f 2495//5113 2964//5113 2026//5113
f 1999//5114 2965//5114 2964//5114
f 2964//5115 2965//5115 2026//5115
f 2965//5116 2966//5116 2026//5116
f 1999//5117 2966//5117 2965//5117
f 2026//5118 2967//5118 1999//5118
f 2966//5119 2967//5119 2026//5119
f 1999//5120 2967//5120 2966//5120
f 2495//5121 2968//5121 2510//5121
f 2495//5122 2969//5122 2968//5122
f 2968//5123 2969//5123 2510//5123
f 2495//5124 2970//5124 2969//5124
f 2969//5125 2970//5125 2510//5125
f 2495//5126 2971//5126 2970//5126
f 2970//5127 2971//5127 2510//5127
f 2495//5128 2972//5128 2971//5128
f 2971//5129 2972//5129 2510//5129
f 2026//5130 2972//5130 2495//5130
f 2510//5131 2972//5131 2040//5131
f 2026//5132 2973//5132 2972//5132
f 2972//5133 2973//5133 2040//5133
f 2973//5134 2974//5134 2040//5134
f 2026//5135 2974//5135 2973//5135
f 2040//5136 2975//5136 2026//5136
f 2974//5137 2975//5137 2040//5137
f 2026//5138 2975//5138 2974//5138
f 2510//5139 2976//5139 2528//5139
f 2510//5140 2977//5140 2976//5140
f 2976//5141 2977//5141 2528//5141
f 2510//5142 2978//5142 2977//5142
f 2977//5143 2978//5143 2528//5143
f 2040//5144 2978//5144 2510//5144
f 2528//5145 2978//5145 2058//5145
f 2040//5146 2979//5146 2978//5146
f 2978//5147 2979//5147 2058//5147
f 2979//5148 2980//5148 2058//5148
f 2040//5149 2980//5149 2979//5149
f 2058//5150 2981//5150 2040//5150
f 2980//5151 2981//5151 2058//5151
f 2040//5152 2981//5152 2980//5152
f 2528//5153 2982//5153 2546//5153
f 2058//5154 2983//5154 2528//5154
f 2546//5155 2983//5155 2077//5155
f 2528//5156 2983//5156 2982//5156
f 2982//5157 2983//5157 2546//5157
f 2983//5158 2984//5158 2077//5158
f 2058//5159 2984//5159 2983//5159
f 2984//5160 2985//5160 2077//5160
f 2058//5161 2985//5161 2984//5161
f 2077//5162 2986//5162 2058//5162
f 2985//5163 2986//5163 2077//5163
f 2058//5164 2986//5164 2985//5164
f 2546//5165 2987//5165 2554//5165
f 2546//5166 2988//5166 2987//5166
f 2987//5167 2988//5167 2554//5167
f 2554//5168 2988//5168 2084//5168
f 2077//5169 2988//5169 2546//5169
f 2988//5170 2989//5170 2084//5170
f 2077//5171 2989//5171 2988//5171
f 2989//5172 2990//5172 2084//5172
f 2077//5173 2990//5173 2989//5173
f 2084//5174 2991//5174 2077//5174
f 2990//5175 2991//5175 2084//5175
f 2077//5176 2991//5176 2990//5176
f 1894//5177 2368//5177 2364//5177
f 1894//5178 1898//5178 2368//5178
f 1888//5179 1894//5179 2358//5179
f 2358//5180 1894//5180 2364//5180
f 2360//5181 1888//5181 2358//5181
f 1890//5182 1888//5182 2360//5182
f 1820//5183 2302//5183 2290//5183
f 1820//5184 1832//5184 2302//5184
f 1864//5185 2338//5185 2334//5185
f 1864//5186 1868//5186 2338//5186
f 1819//5187 2992//5187 2289//5187
f 2289//5188 2993//5188 2288//5188
f 2289//5189 2994//5189 2993//5189
f 2993//5190 2994//5190 2288//5190
f 2994//5191 2995//5191 2288//5191
f 2289//5192 2995//5192 2994//5192
f 2995//5193 2996//5193 2288//5193
f 2289//5194 2996//5194 2995//5194
f 2992//5195 2996//5195 2289//5195
f 2996//5196 2997//5196 2288//5196
f 2992//5197 2997//5197 2996//5197
f 2997//5198 2998//5198 1818//5198
f 2992//5199 2998//5199 2997//5199
f 2998//5200 2999//5200 1818//5200
f 2992//5201 2999//5201 2998//5201
f 2999//5202 3000//5202 1818//5202
f 2992//5203 3000//5203 2999//5203
f 1818//5204 3001//5204 1819//5204
f 3000//5205 3001//5205 1818//5205
f 2992//5206 3001//5206 3000//5206
f 1819//5207 3001//5207 2992//5207
f 2288//5208 3002//5208 2290//5208
f 2288//5209 3003//5209 3002//5209
f 3002//5210 3003//5210 2290//5210
f 3003//5211 3004//5211 2290//5211
f 2288//5212 3004//5212 3003//5212
f 2288//5213 3005//5213 3004//5213
f 3004//5214 3005//5214 2290//5214
f 2288//5215 3006//5215 3005//5215
f 3005//5216 3006//5216 2290//5216
f 2290//5217 3006//5217 1820//5217
f 2997//5218 3006//5218 2288//5218
f 1818//5219 3006//5219 2997//5219
f 3006//5220 3007//5220 1820//5220
f 1818//5221 3007//5221 3006//5221
f 3007//5222 3008//5222 1820//5222
f 1818//5223 3008//5223 3007//5223
f 1820//5224 3009//5224 1818//5224
f 3008//5225 3009//5225 1820//5225
f 1818//5226 3009//5226 3008//5226
f 2302//5227 3010//5227 2304//5227
f 2302//5228 3011//5228 3010//5228
f 3010//5229 3011//5229 2304//5229
f 2302//5230 3012//5230 3011//5230
f 3011//5231 3012//5231 2304//5231
f 2302//5232 3013//5232 3012//5232
f 3012//5233 3013//5233 2304//5233
f 1832//5234 3013//5234 2302//5234
f 2304//5235 3013//5235 1834//5235
f 1832//5236 3014//5236 3013//5236
f 3013//5237 3014//5237 1834//5237
f 3014//5238 3015//5238 1834//5238
f 1832//5239 3015//5239 3014//5239
f 1834//5240 3016//5240 1832//5240
f 3015//5241 3016//5241 1834//5241
f 1832//5242 3016//5242 3015//5242
f 2304//5243 3017//5243 2306//5243
f 2304//5244 3018//5244 3017//5244
f 3017//5245 3018//5245 2306//5245
f 2304//5246 3019//5246 3018//5246
f 3018//5247 3019//5247 2306//5247
f 1834//5248 3019//5248 2304//5248
f 2306//5249 3019//5249 1836//5249
f 1834//5250 3020//5250 3019//5250
f 3019//5251 3020//5251 1836//5251
f 3020//5252 3021//5252 1836//5252
f 1834//5253 3021//5253 3020//5253
f 1836//5254 3022//5254 1834//5254
f 3021//5255 3022//5255 1836//5255
f 1834//5256 3022//5256 3021//5256
f 2306//5257 3023//5257 3024//5257
f 2306//5258 3025//5258 3023//5258
f 1836//5259 3026//5259 2306//5259
f 2306//5260 3026//5260 3025//5260
f 1836//5261 3027//5261 3026//5261
f 1836//5262 3028//5262 3027//5262
f 1836//5263 3029//5263 3028//5263
f 2306//5264 3030//5264 2312//5264
f 3024//5265 3030//5265 2306//5265
f 3024//5266 3031//5266 3030//5266
f 3030//5267 3031//5267 2312//5267
f 3024//5268 3032//5268 3031//5268
f 3023//5269 3032//5269 3024//5269
f 3031//5270 3032//5270 2312//5270
f 3023//5271 3033//5271 3032//5271
f 3025//5272 3033//5272 3023//5272
f 3026//5273 3033//5273 3025//5273
f 3032//5274 3033//5274 2312//5274
f 3033//5275 3034//5275 2312//5275
f 2312//5276 3034//5276 1842//5276
f 3026//5277 3034//5277 3033//5277
f 3034//5278 3035//5278 1842//5278
f 3026//5279 3035//5279 3034//5279
f 3027//5280 3035//5280 3026//5280
f 3035//5281 3036//5281 1842//5281
f 3027//5282 3036//5282 3035//5282
f 3028//5283 3036//5283 3027//5283
f 1842//5284 3037//5284 1836//5284
f 3036//5285 3037//5285 1842//5285
f 3028//5286 3037//5286 3036//5286
f 1836//5287 3037//5287 3029//5287
f 3029//5288 3037//5288 3028//5288
f 2312//5289 3038//5289 2314//5289
f 2312//5290 3039//5290 3038//5290
f 3038//5291 3039//5291 2314//5291
f 3039//5292 3040//5292 2314//5292
f 2312//5293 3040//5293 3039//5293
f 2312//5294 3041//5294 3040//5294
f 2312//5295 3042//5295 3041//5295
f 1842//5296 3042//5296 2312//5296
f 1842//5297 3043//5297 3042//5297
f 3043//5298 3044//5298 1844//5298
f 1842//5299 3044//5299 3043//5299
f 1844//5300 3045//5300 1842//5300
f 3044//5301 3045//5301 1844//5301
f 1842//5302 3045//5302 3044//5302
f 2314//5303 3046//5303 2318//5303
f 2318//5304 3046//5304 3047//5304
f 3040//5305 3048//5305 2314//5305
f 2314//5306 3048//5306 3046//5306
f 3041//5307 3049//5307 3040//5307
f 3040//5308 3049//5308 3048//5308
f 3042//5309 3050//5309 3041//5309
f 3041//5310 3050//5310 3049//5310
f 1844//5311 3051//5311 3043//5311
f 3043//5312 3051//5312 3042//5312
f 3042//5313 3051//5313 3050//5313
f 1848//5314 3052//5314 1844//5314
f 1844//5315 3052//5315 3051//5315
f 1848//5316 3053//5316 3052//5316
f 2318//5317 3054//5317 2322//5317
f 3047//5318 3054//5318 2318//5318
f 3046//5319 3054//5319 3047//5319
f 3046//5320 3055//5320 3054//5320
f 3054//5321 3055//5321 2322//5321
f 3048//5322 3056//5322 3046//5322
f 3046//5323 3056//5323 3055//5323
f 3055//5324 3056//5324 2322//5324
f 3049//5325 3057//5325 3048//5325
f 3048//5326 3057//5326 3056//5326
f 3056//5327 3057//5327 2322//5327
f 3050//5328 3058//5328 3049//5328
f 3051//5329 3058//5329 3050//5329
f 3049//5330 3058//5330 3057//5330
f 3057//5331 3058//5331 2322//5331
f 2322//5332 3058//5332 1852//5332
f 3051//5333 3059//5333 3058//5333
f 3058//5334 3059//5334 1852//5334
f 3059//5335 3060//5335 1852//5335
f 3052//5336 3060//5336 3051//5336
f 3053//5337 3060//5337 3052//5337
f 3051//5338 3060//5338 3059//5338
f 1852//5339 3061//5339 1848//5339
f 1848//5340 3061//5340 3053//5340
f 3060//5341 3061//5341 1852//5341
f 3053//5342 3061//5342 3060//5342
f 2322//5343 3062//5343 2326//5343
f 2322//5344 3063//5344 3062//5344
f 3062//5345 3063//5345 2326//5345
f 2322//5346 3064//5346 3063//5346
f 3063//5347 3064//5347 2326//5347
f 1852//5348 3065//5348 2322//5348
f 2326//5349 3065//5349 1856//5349
f 2322//5350 3065//5350 3064//5350
f 3064//5351 3065//5351 2326//5351
f 3065//5352 3066//5352 1856//5352
f 1852//5353 3066//5353 3065//5353
f 3066//5354 3067//5354 1856//5354
f 1852//5355 3067//5355 3066//5355
f 3067//5356 3068//5356 1856//5356
f 1852//5357 3068//5357 3067//5357
f 1856//5358 3068//5358 1852//5358
f 2326//5359 3069//5359 2328//5359
f 2326//5360 3070//5360 3069//5360
f 3069//5361 3070//5361 2328//5361
f 3070//5362 3071//5362 2328//5362
f 2326//5363 3071//5363 3070//5363
f 3071//5364 3072//5364 2328//5364
f 2326//5365 3072//5365 3071//5365
f 1856//5366 3072//5366 2326//5366
f 2328//5367 3072//5367 1858//5367
f 3072//5368 3073//5368 1858//5368
f 1856//5369 3073//5369 3072//5369
f 3073//5370 3074//5370 1858//5370
f 1856//5371 3074//5371 3073//5371
f 1858//5372 3075//5372 1856//5372
f 3074//5373 3075//5373 1858//5373
f 1856//5374 3075//5374 3074//5374
f 2328//5375 3076//5375 2332//5375
f 2328//5376 3077//5376 3076//5376
f 3076//5377 3077//5377 2332//5377
f 2328//5378 3078//5378 3077//5378
f 3077//5379 3078//5379 2332//5379
f 2328//5380 3079//5380 3078//5380
f 3078//5381 3079//5381 2332//5381
f 1858//5382 3079//5382 2328//5382
f 2332//5383 3079//5383 1862//5383
f 1858//5384 3080//5384 3079//5384
f 3079//5385 3080//5385 1862//5385
f 3080//5386 3081//5386 1862//5386
f 1858//5387 3081//5387 3080//5387
f 1862//5388 3082//5388 1858//5388
f 3081//5389 3082//5389 1862//5389
f 1858//5390 3082//5390 3081//5390
f 2332//5391 3083//5391 2334//5391
f 2332//5392 3084//5392 3083//5392
f 3083//5393 3084//5393 2334//5393
f 2332//5394 3085//5394 3084//5394
f 3084//5395 3085//5395 2334//5395
f 2332//5396 3086//5396 3085//5396
f 3085//5397 3086//5397 2334//5397
f 1862//5398 3086//5398 2332//5398
f 2334//5399 3086//5399 1864//5399
f 1862//5400 3087//5400 3086//5400
f 3086//5401 3087//5401 1864//5401
f 3087//5402 3088//5402 1864//5402
f 1862//5403 3088//5403 3087//5403
f 1864//5404 3089//5404 1862//5404
f 3088//5405 3089//5405 1864//5405
f 1862//5406 3089//5406 3088//5406
f 2338//5407 3090//5407 2342//5407
f 1868//5408 3091//5408 2338//5408
f 2342//5409 3091//5409 1873//5409
f 2338//5410 3091//5410 3090//5410
f 3090//5411 3091//5411 2342//5411
f 1868//5412 3092//5412 3091//5412
f 3091//5413 3092//5413 1873//5413
f 3092//5414 3093//5414 1873//5414
f 1868//5415 3093//5415 3092//5415
f 1873//5416 3094//5416 1868//5416
f 3093//5417 3094//5417 1873//5417
f 1868//5418 3094//5418 3093//5418
f 2342//5419 3095//5419 2344//5419
f 2342//5420 3096//5420 3095//5420
f 3095//5421 3096//5421 2344//5421
f 2342//5422 3097//5422 3096//5422
f 3096//5423 3097//5423 2344//5423
f 2342//5424 3098//5424 3097//5424
f 1873//5425 3099//5425 2342//5425
f 2342//5426 3099//5426 3098//5426
f 1873//5427 3100//5427 3099//5427
f 3100//5428 3101//5428 1874//5428
f 1873//5429 3101//5429 3100//5429
f 3101//5430 3102//5430 1874//5430
f 1873//5431 3102//5431 3101//5431
f 1874//5432 3102//5432 1873//5432
f 2344//5433 3103//5433 2348//5433
f 3103//5434 3104//5434 2348//5434
f 2344//5435 3104//5435 3103//5435
f 2344//5436 3105//5436 3104//5436
f 3097//5437 3105//5437 2344//5437
f 3104//5438 3105//5438 2348//5438
f 3105//5439 3106//5439 2348//5439
f 3097//5440 3106//5440 3105//5440
f 3098//5441 3106//5441 3097//5441
f 3106//5442 3107//5442 2348//5442
f 3099//5443 3107//5443 3098//5443
f 3098//5444 3107//5444 3106//5444
f 2348//5445 3107//5445 1878//5445
f 3100//5446 3108//5446 3099//5446
f 1874//5447 3108//5447 3100//5447
f 3099//5448 3108//5448 3107//5448
f 3107//5449 3108//5449 1878//5449
f 1874//5450 3109//5450 3108//5450
f 3108//5451 3109//5451 1878//5451
f 1878//5452 3110//5452 1874//5452
f 3109//5453 3110//5453 1878//5453
f 1874//5454 3110//5454 3109//5454
f 2348//5455 3111//5455 2350//5455
f 2348//5456 3112//5456 3111//5456
f 3111//5457 3112//5457 2350//5457
f 2348//5458 3113//5458 3112//5458
f 3112//5459 3113//5459 2350//5459
f 1878//5460 3114//5460 2348//5460
f 2350//5461 3114//5461 1880//5461
f 2348//5462 3114//5462 3113//5462
f 3113//5463 3114//5463 2350//5463
f 1878//5464 3115//5464 3114//5464
f 3114//5465 3115//5465 1880//5465
f 3115//5466 3116//5466 1880//5466
f 1878//5467 3116//5467 3115//5467
f 1880//5468 3117//5468 1878//5468
f 3116//5469 3117//5469 1880//5469
f 1878//5470 3117//5470 3116//5470
f 2350//5471 3118//5471 2356//5471
f 2350//5472 3119//5472 3118//5472
f 3118//5473 3119//5473 2356//5473
f 2350//5474 3120//5474 3119//5474
f 3119//5475 3120//5475 2356//5475
f 1880//5476 3121//5476 2350//5476
f 2356//5477 3121//5477 1886//5477
f 2350//5478 3121//5478 3120//5478
f 3120//5479 3121//5479 2356//5479
f 3121//5480 3122//5480 1886//5480
f 1880//5481 3122//5481 3121//5481
f 3122//5482 3123//5482 1886//5482
f 1880//5483 3123//5483 3122//5483
f 1886//5484 3124//5484 1880//5484
f 3123//5485 3124//5485 1886//5485
f 1880//5486 3124//5486 3123//5486
f 2356//5487 3125//5487 2360//5487
f 2356//5488 3126//5488 3125//5488
f 3125//5489 3126//5489 2360//5489
f 1886//5490 3127//5490 2356//5490
f 2360//5491 3127//5491 1890//5491
f 2356//5492 3127//5492 3126//5492
f 3126//5493 3127//5493 2360//5493
f 3127//5494 3128//5494 1890//5494
f 1886//5495 3128//5495 3127//5495
f 3128//5496 3129//5496 1890//5496
f 1886//5497 3129//5497 3128//5497
f 1890//5498 3130//5498 1886//5498
f 3129//5499 3130//5499 1890//5499
f 1886//5500 3130//5500 3129//5500
f 1812//5501 2289//5501 2281//5501
f 1812//5502 1819//5502 2289//5502
f 2287//5503 1812//5503 2281//5503
f 1817//5504 1812//5504 2287//5504
f 2325//5505 1850//5505 2321//5505
f 1854//5506 1850//5506 2325//5506
f 2284//5507 1815//5507 2285//5507
f 1814//5508 1815//5508 2284//5508
f 1816//5509 2287//5509 2286//5509
f 1816//5510 1817//5510 2287//5510
f 2353//5511 3131//5511 2347//5511
f 1882//5512 3132//5512 2353//5512
f 2347//5513 3132//5513 1876//5513
f 2353//5514 3132//5514 3131//5514
f 3131//5515 3132//5515 2347//5515
f 3132//5516 3133//5516 1876//5516
f 1882//5517 3133//5517 3132//5517
f 3133//5518 3134//5518 1876//5518
f 1882//5519 3134//5519 3133//5519
f 3134//5520 3135//5520 1876//5520
f 1882//5521 3135//5521 3134//5521
f 1876//5522 3136//5522 1882//5522
f 3135//5523 3136//5523 1876//5523
f 1882//5524 3136//5524 3135//5524
f 2347//5525 3137//5525 2341//5525
f 1876//5526 3137//5526 2347//5526
f 2341//5527 3137//5527 1870//5527
f 3137//5528 3138//5528 1870//5528
f 1876//5529 3138//5529 3137//5529
f 3138//5530 3139//5530 1870//5530
f 1876//5531 3139//5531 3138//5531
f 3139//5532 3140//5532 1870//5532
f 1876//5533 3140//5533 3139//5533
f 1870//5534 3141//5534 1876//5534
f 3140//5535 3141//5535 1870//5535
f 1876//5536 3141//5536 3140//5536
f 2341//5537 3142//5537 2337//5537
f 2341//5538 3143//5538 3142//5538
f 3142//5539 3143//5539 2337//5539
f 2341//5540 3144//5540 3143//5540
f 3143//5541 3144//5541 2337//5541
f 2341//5542 3145//5542 3144//5542
f 3144//5543 3145//5543 2337//5543
f 2341//5544 3146//5544 3145//5544
f 1870//5545 3146//5545 2341//5545
f 1870//5546 3147//5546 3146//5546
f 1870//5547 3148//5547 3147//5547
f 3148//5548 3149//5548 1866//5548
f 1870//5549 3149//5549 3148//5549
f 1866//5550 3150//5550 1870//5550
f 3149//5551 3150//5551 1866//5551
f 1870//5552 3150//5552 3149//5552
f 2337//5553 3151//5553 2331//5553
f 2337//5554 3152//5554 3151//5554
f 3151//5555 3152//5555 2331//5555
f 2337//5556 3153//5556 3152//5556
f 3152//5557 3153//5557 2331//5557
f 3145//5558 3153//5558 2337//5558
f 3146//5559 3154//5559 3145//5559
f 3153//5560 3154//5560 2331//5560
f 3145//5561 3154//5561 3153//5561
f 2331//5562 3154//5562 1860//5562
f 3146//5563 3155//5563 3154//5563
f 3147//5564 3155//5564 3146//5564
f 3148//5565 3155//5565 3147//5565
f 3154//5566 3155//5566 1860//5566
f 3155//5567 3156//5567 1860//5567
f 1866//5568 3156//5568 3148//5568
f 3148//5569 3156//5569 3155//5569
f 3156//5570 3157//5570 1860//5570
f 1866//5571 3157//5571 3156//5571
f 1860//5572 3158//5572 1866//5572
f 3157//5573 3158//5573 1860//5573
f 1866//5574 3158//5574 3157//5574
f 2331//5575 3159//5575 2325//5575
f 2331//5576 3160//5576 3159//5576
f 3159//5577 3160//5577 2325//5577
f 2331//5578 3161//5578 3160//5578
f 3160//5579 3161//5579 2325//5579
f 1860//5580 3162//5580 2331//5580
f 2331//5581 3162//5581 3161//5581
f 3161//5582 3162//5582 2325//5582
f 2325//5583 3162//5583 1854//5583
f 1860//5584 3163//5584 3162//5584
f 3162//5585 3163//5585 1854//5585
f 3163//5586 3164//5586 1854//5586
f 1860//5587 3164//5587 3163//5587
f 3164//5588 3165//5588 1854//5588
f 1860//5589 3165//5589 3164//5589
f 1854//5590 3166//5590 1860//5590
f 3165//5591 3166//5591 1854//5591
f 1860//5592 3166//5592 3165//5592
f 2321//5593 3167//5593 2316//5593
f 2321//5594 3168//5594 3167//5594
f 3167//5595 3168//5595 2316//5595
f 1850//5596 3169//5596 2321//5596
f 2316//5597 3169//5597 1845//5597
f 2321//5598 3169//5598 3168//5598
f 3168//5599 3169//5599 2316//5599
f 3169//5600 3170//5600 1845//5600
f 1850//5601 3170//5601 3169//5601
f 3170//5602 3171//5602 1845//5602
f 1850//5603 3171//5603 3170//5603
f 3171//5604 3172//5604 1845//5604
f 1850//5605 3172//5605 3171//5605
f 1845//5606 3173//5606 1850//5606
f 3172//5607 3173//5607 1845//5607
f 1850//5608 3173//5608 3172//5608
f 2316//5609 3174//5609 2311//5609
f 1845//5610 3175//5610 2316//5610
f 2311//5611 3175//5611 1841//5611
f 2316//5612 3175//5612 3174//5612
f 3174//5613 3175//5613 2311//5613
f 3175//5614 3176//5614 1841//5614
f 1845//5615 3176//5615 3175//5615
f 3176//5616 3177//5616 1841//5616
f 1845//5617 3177//5617 3176//5617
f 3177//5618 3178//5618 1841//5618
f 1845//5619 3178//5619 3177//5619
f 1841//5620 3179//5620 1845//5620
f 3178//5621 3179//5621 1841//5621
f 1845//5622 3179//5622 3178//5622
f 2311//5623 3180//5623 2299//5623
f 2311//5624 3181//5624 3180//5624
f 3180//5625 3181//5625 2299//5625
f 2311//5626 3182//5626 3181//5626
f 3181//5627 3182//5627 2299//5627
f 1841//5628 3182//5628 2311//5628
f 2299//5629 3182//5629 1829//5629
f 1841//5630 3183//5630 3182//5630
f 3182//5631 3183//5631 1829//5631
f 3183//5632 3184//5632 1829//5632
f 1841//5633 3184//5633 3183//5633
f 3184//5634 3185//5634 1829//5634
f 1841//5635 3185//5635 3184//5635
f 1829//5636 3186//5636 1841//5636
f 3185//5637 3186//5637 1829//5637
f 1841//5638 3186//5638 3185//5638
f 2299//5639 3187//5639 2294//5639
f 2299//5640 3188//5640 3187//5640
f 3187//5641 3188//5641 2294//5641
f 1829//5642 3188//5642 2299//5642
f 2294//5643 3188//5643 1824//5643
f 1829//5644 3189//5644 3188//5644
f 3188//5645 3189//5645 1824//5645
f 3189//5646 3190//5646 1824//5646
f 1829//5647 3190//5647 3189//5647
f 3190//5648 3191//5648 1824//5648
f 1829//5649 3191//5649 3190//5649
f 1824//5650 3192//5650 1829//5650
f 3191//5651 3192//5651 1824//5651
f 1829//5652 3192//5652 3191//5652
f 2294//5653 3193//5653 2292//5653
f 1824//5654 3193//5654 2294//5654
f 2292//5655 3193//5655 1821//5655
f 1824//5656 3194//5656 3193//5656
f 3193//5657 3194//5657 1821//5657
f 3194//5658 3195//5658 1821//5658
f 1824//5659 3195//5659 3194//5659
f 3195//5660 3196//5660 1821//5660
f 1824//5661 3196//5661 3195//5661
f 1821//5662 3197//5662 1824//5662
f 3196//5663 3197//5663 1821//5663
f 1824//5664 3197//5664 3196//5664
f 2292//5665 3198//5665 2282//5665
f 2292//5666 3199//5666 3198//5666
f 3198//5667 3199//5667 2282//5667
f 2292//5668 3200//5668 3199//5668
f 3199//5669 3200//5669 2282//5669
f 2292//5670 3201//5670 3200//5670
f 3200//5671 3201//5671 2282//5671
f 1821//5672 3201//5672 2292//5672
f 2282//5673 3201//5673 1811//5673
f 1821//5674 3202//5674 3201//5674
f 3201//5675 3202//5675 1811//5675
f 3202//5676 3203//5676 1811//5676
f 1821//5677 3203//5677 3202//5677
f 3203//5678 3204//5678 1811//5678
f 1821//5679 3204//5679 3203//5679
f 1811//5680 3205//5680 1821//5680
f 3204//5681 3205//5681 1811//5681
f 1821//5682 3205//5682 3204//5682
f 2282//5683 3206//5683 2283//5683
f 2282//5684 3207//5684 3206//5684
f 3206//5685 3207//5685 2283//5685
f 1811//5686 3208//5686 2282//5686
f 2283//5687 3208//5687 1813//5687
f 2282//5688 3208//5688 3207//5688
f 3207//5689 3208//5689 2283//5689
f 1811//5690 3209//5690 3208//5690
f 3208//5691 3209//5691 1813//5691
f 3209//5692 3210//5692 1813//5692
f 1811//5693 3210//5693 3209//5693
f 3210//5694 3211//5694 1813//5694
f 1811//5695 3211//5695 3210//5695
f 3211//5696 3212//5696 1813//5696
f 1811//5697 3212//5697 3211//5697
f 1813//5698 3212//5698 1811//5698
f 2283//5699 3213//5699 2284//5699
f 2283//5700 3214//5700 3213//5700
f 3213//5701 3214//5701 2284//5701
f 1813//5702 3214//5702 2283//5702
f 2284//5703 3214//5703 1814//5703
f 3214//5704 3215//5704 1814//5704
f 1813//5705 3215//5705 3214//5705
f 3215//5706 3216//5706 1814//5706
f 1813//5707 3216//5707 3215//5707
f 3216//5708 3217//5708 1814//5708
f 1813//5709 3217//5709 3216//5709
f 1814//5710 3218//5710 1813//5710
f 3217//5711 3218//5711 1814//5711
f 1813//5712 3218//5712 3217//5712
f 2285//5713 3219//5713 2286//5713
f 2285//5714 3220//5714 3219//5714
f 3219//5715 3220//5715 2286//5715
f 2285//5716 3221//5716 3220//5716
f 3220//5717 3221//5717 2286//5717
f 1815//5718 3222//5718 2285//5718
f 2286//5719 3222//5719 1816//5719
f 2285//5720 3222//5720 3221//5720
f 3221//5721 3222//5721 2286//5721
f 1815//5722 3223//5722 3222//5722
f 3222//5723 3223//5723 1816//5723
f 3223//5724 3224//5724 1816//5724
f 1815//5725 3224//5725 3223//5725
f 3224//5726 3225//5726 1816//5726
f 1815//5727 3225//5727 3224//5727
f 1816//5728 3226//5728 1815//5728
f 3225//5729 3226//5729 1816//5729
f 1815//5730 3226//5730 3225//5730
f 1883//5731 2353//5731 2352//5731
f 1883//5732 1882//5732 2353//5732
f 1885//5733 1883//5733 2352//5733
f 1885//5734 2352//5734 2355//5734
f 2363//5735 1885//5735 2355//5735
f 1893//5736 1885//5736 2363//5736
f 2374//5737 1899//5737 2370//5737
f 1903//5738 1899//5738 2374//5738
f 2092//5739 3227//5739 2563//5739
f 2092//5740 3228//5740 3227//5740
f 2092//5741 3229//5741 3228//5741
f 2092//5742 3230//5742 3229//5742
f 2563//5743 3231//5743 2521//5743
f 3227//5744 3231//5744 2563//5744
f 3227//5745 3232//5745 3231//5745
f 3231//5746 3232//5746 2521//5746
f 3227//5747 3233//5747 3232//5747
f 3232//5748 3233//5748 2521//5748
f 3233//5749 3234//5749 2521//5749
f 2521//5750 3234//5750 2050//5750
f 3227//5751 3234//5751 3233//5751
f 3227//5752 3235//5752 3234//5752
f 3234//5753 3235//5753 2050//5753
f 3235//5754 3236//5754 2050//5754
f 3227//5755 3236//5755 3235//5755
f 3228//5756 3236//5756 3227//5756
f 3229//5757 3237//5757 3228//5757
f 3228//5758 3237//5758 3236//5758
f 3236//5759 3237//5759 2050//5759
f 2050//5760 3238//5760 2092//5760
f 3229//5761 3238//5761 3237//5761
f 2092//5762 3238//5762 3230//5762
f 3230//5763 3238//5763 3229//5763
f 3237//5764 3238//5764 2050//5764
f 2521//5765 3239//5765 2478//5765
f 2521//5766 3240//5766 3239//5766
f 3239//5767 3240//5767 2478//5767
f 2050//5768 3241//5768 2521//5768
f 2478//5769 3241//5769 2007//5769
f 2521//5770 3241//5770 3240//5770
f 3240//5771 3241//5771 2478//5771
f 3241//5772 3242//5772 2007//5772
f 2050//5773 3242//5773 3241//5773
f 3242//5774 3243//5774 2007//5774
f 2050//5775 3243//5775 3242//5775
f 3243//5776 3244//5776 2007//5776
f 2050//5777 3244//5777 3243//5777
f 2007//5778 3245//5778 2050//5778
f 3244//5779 3245//5779 2007//5779
f 2050//5780 3245//5780 3244//5780
f 2478//5781 3246//5781 2437//5781
f 2478//5782 3247//5782 3246//5782
f 3246//5783 3247//5783 2437//5783
f 2478//5784 3248//5784 3247//5784
f 3247//5785 3248//5785 2437//5785
f 2478//5786 3249//5786 3248//5786
f 3248//5787 3249//5787 2437//5787
f 3249//5788 3250//5788 2437//5788
f 2007//5789 3250//5789 2478//5789
f 2437//5790 3250//5790 1967//5790
f 2478//5791 3250//5791 3249//5791
f 3250//5792 3251//5792 1967//5792
f 2007//5793 3251//5793 3250//5793
f 3251//5794 3252//5794 1967//5794
f 2007//5795 3252//5795 3251//5795
f 3252//5796 3253//5796 1967//5796
f 2007//5797 3253//5797 3252//5797
f 1967//5798 3254//5798 2007//5798
f 3253//5799 3254//5799 1967//5799
f 2007//5800 3254//5800 3253//5800
f 2437//5801 3255//5801 3256//5801
f 2437//5802 3257//5802 3255//5802
f 2437//5803 3258//5803 3257//5803
f 1967//5804 3258//5804 2437//5804
f 1967//5805 3259//5805 3258//5805
f 1967//5806 3260//5806 3259//5806
f 1967//5807 3261//5807 3260//5807
f 1967//5808 3262//5808 3261//5808
f 2437//5809 3263//5809 2410//5809
f 3256//5810 3263//5810 2437//5810
f 3263//5811 3264//5811 2410//5811
f 3256//5812 3264//5812 3263//5812
f 3255//5813 3265//5813 3256//5813
f 3264//5814 3265//5814 2410//5814
f 3256//5815 3265//5815 3264//5815
f 3257//5816 3266//5816 3255//5816
f 3258//5817 3266//5817 3257//5817
f 3265//5818 3266//5818 2410//5818
f 3255//5819 3266//5819 3265//5819
f 2410//5820 3267//5820 1939//5820
f 3266//5821 3267//5821 2410//5821
f 3258//5822 3267//5822 3266//5822
f 3259//5823 3268//5823 3258//5823
f 3258//5824 3268//5824 3267//5824
f 3267//5825 3268//5825 1939//5825
f 3260//5826 3269//5826 3259//5826
f 3259//5827 3269//5827 3268//5827
f 3268//5828 3269//5828 1939//5828
f 3261//5829 3270//5829 3260//5829
f 3260//5830 3270//5830 3269//5830
f 3269//5831 3270//5831 1939//5831
f 1939//5832 3271//5832 1967//5832
f 1967//5833 3271//5833 3262//5833
f 3262//5834 3271//5834 3261//5834
f 3261//5835 3271//5835 3270//5835
f 3270//5836 3271//5836 1939//5836
f 2410//5837 3272//5837 2380//5837
f 1939//5838 3272//5838 2410//5838
f 2380//5839 3272//5839 1910//5839
f 3272//5840 3273//5840 1910//5840
f 1939//5841 3273//5841 3272//5841
f 3273//5842 3274//5842 1910//5842
f 1939//5843 3274//5843 3273//5843
f 3274//5844 3275//5844 1910//5844
f 1939//5845 3275//5845 3274//5845
f 1910//5846 3276//5846 1939//5846
f 3275//5847 3276//5847 1910//5847
f 1939//5848 3276//5848 3275//5848
f 2380//5849 3277//5849 2374//5849
f 1910//5850 3277//5850 2380//5850
f 2374//5851 3277//5851 1903//5851
f 3277//5852 3278//5852 1903//5852
f 1910//5853 3278//5853 3277//5853
f 3278//5854 3279//5854 1903//5854
f 1910//5855 3279//5855 3278//5855
f 1903//5856 3280//5856 1910//5856
f 3279//5857 3280//5857 1903//5857
f 1910//5858 3280//5858 3279//5858
f 2370//5859 3281//5859 2362//5859
f 3281//5860 3282//5860 2362//5860
f 2370//5861 3282//5861 3281//5861
f 2370//5862 3283//5862 3282//5862
f 1899//5863 3283//5863 2370//5863
f 2362//5864 3283//5864 1891//5864
f 3282//5865 3283//5865 2362//5865
f 3283//5866 3284//5866 1891//5866
f 1899//5867 3284//5867 3283//5867
f 3284//5868 3285//5868 1891//5868
f 1899//5869 3285//5869 3284//5869
f 3285//5870 3286//5870 1891//5870
f 1899//5871 3286//5871 3285//5871
f 1891//5872 3287//5872 1899//5872
f 3286//5873 3287//5873 1891//5873
f 1899//5874 3287//5874 3286//5874
f 2362//5875 3288//5875 2363//5875
f 2363//5876 3288//5876 1893//5876
f 1891//5877 3288//5877 2362//5877
f 1891//5878 3289//5878 3288//5878
f 3288//5879 3289//5879 1893//5879
f 3289//5880 3290//5880 1893//5880
f 1891//5881 3290//5881 3289//5881
f 1893//5882 3291//5882 1891//5882
f 3290//5883 3291//5883 1893//5883
f 1891//5884 3291//5884 3290//5884
f 2094//5885 2563//5885 2564//5885
f 2094//5886 2092//5886 2563//5886
f 2095//5887 2094//5887 2564//5887
f 2095//5888 2564//5888 2565//5888
f 2576//5889 2095//5889 2565//5889
f 2105//5890 2095//5890 2576//5890
f 2227//5891 2657//5891 2697//5891
f 2227//5892 2187//5892 2657//5892
f 2129//5893 2590//5893 2598//5893
f 2129//5894 2119//5894 2590//5894
f 2737//5895 3292//5895 2721//5895
f 2266//5896 3293//5896 2737//5896
f 2721//5897 3293//5897 2251//5897
f 2737//5898 3293//5898 3292//5898
f 3292//5899 3293//5899 2721//5899
f 3293//5900 3294//5900 2251//5900
f 2266//5901 3294//5901 3293//5901
f 3294//5902 3295//5902 2251//5902
f 2266//5903 3295//5903 3294//5903
f 3295//5904 3296//5904 2251//5904
f 2266//5905 3296//5905 3295//5905
f 2251//5906 3297//5906 2266//5906
f 3296//5907 3297//5907 2251//5907
f 2266//5908 3297//5908 3296//5908
f 2721//5909 3298//5909 2712//5909
f 2721//5910 3299//5910 3298//5910
f 3298//5911 3299//5911 2712//5911
f 3299//5912 3300//5912 2712//5912
f 2721//5913 3300//5913 3299//5913
f 3300//5914 3301//5914 2712//5914
f 2251//5915 3301//5915 2721//5915
f 2712//5916 3301//5916 2242//5916
f 2721//5917 3301//5917 3300//5917
f 2251//5918 3302//5918 3301//5918
f 3301//5919 3302//5919 2242//5919
f 3302//5920 3303//5920 2242//5920
f 2251//5921 3303//5921 3302//5921
f 3303//5922 3304//5922 2242//5922
f 2251//5923 3304//5923 3303//5923
f 2242//5924 3305//5924 2251//5924
f 3304//5925 3305//5925 2242//5925
f 2251//5926 3305//5926 3304//5926
f 2712//5927 3306//5927 2697//5927
f 2712//5928 3307//5928 3306//5928
f 3306//5929 3307//5929 2697//5929
f 2712//5930 3308//5930 3307//5930
f 3307//5931 3308//5931 2697//5931
f 2242//5932 3309//5932 2712//5932
f 2697//5933 3309//5933 2227//5933
f 2712//5934 3309//5934 3308//5934
f 3308//5935 3309//5935 2697//5935
f 3309//5936 3310//5936 2227//5936
f 2242//5937 3310//5937 3309//5937
f 3310//5938 3311//5938 2227//5938
f 2242//5939 3311//5939 3310//5939
f 3311//5940 3312//5940 2227//5940
f 2242//5941 3312//5941 3311//5941
f 3312//5942 3313//5942 2227//5942
f 2242//5943 3313//5943 3312//5943
f 2227//5944 3313//5944 2242//5944
f 2657//5945 3314//5945 2630//5945
f 2187//5946 3314//5946 2657//5946
f 2630//5947 3314//5947 2160//5947
f 2187//5948 3315//5948 3314//5948
f 3314//5949 3315//5949 2160//5949
f 3315//5950 3316//5950 2160//5950
f 2187//5951 3316//5951 3315//5951
f 3316//5952 3317//5952 2160//5952
f 2187//5953 3317//5953 3316//5953
f 2160//5954 3318//5954 2187//5954
f 3317//5955 3318//5955 2160//5955
f 2187//5956 3318//5956 3317//5956
f 2160//5957 3319//5957 2630//5957
f 2160//5958 3320//5958 3319//5958
f 2160//5959 3321//5959 3320//5959
f 2160//5960 3322//5960 3321//5960
f 2160//5961 3323//5961 3322//5961
f 2630//5962 3324//5962 2598//5962
f 3319//5963 3324//5963 2630//5963
f 3324//5964 3325//5964 2598//5964
f 3319//5965 3325//5965 3324//5965
f 3319//5966 3326//5966 3325//5966
f 3325//5967 3326//5967 2598//5967
f 3319//5968 3327//5968 3326//5968
f 3326//5969 3327//5969 2598//5969
f 2598//5970 3327//5970 2129//5970
f 3320//5971 3328//5971 3319//5971
f 3327//5972 3328//5972 2129//5972
f 3319//5973 3328//5973 3327//5973
f 3321//5974 3329//5974 3320//5974
f 3322//5975 3329//5975 3321//5975
f 3320//5976 3329//5976 3328//5976
f 3328//5977 3329//5977 2129//5977
f 3322//5978 3330//5978 3329//5978
f 3329//5979 3330//5979 2129//5979
f 3323//5980 3331//5980 3322//5980
f 3330//5981 3331//5981 2129//5981
f 3322//5982 3331//5982 3330//5982
f 2129//5983 3332//5983 2160//5983
f 2160//5984 3332//5984 3323//5984
f 3331//5985 3332//5985 2129//5985
f 3323//5986 3332//5986 3331//5986
f 2590//5987 3333//5987 2586//5987
f 2590//5988 3334//5988 3333//5988
f 3333//5989 3334//5989 2586//5989
f 2119//5990 3335//5990 2590//5990
f 2586//5991 3335//5991 2115//5991
f 2590//5992 3335//5992 3334//5992
f 3334//5993 3335//5993 2586//5993
f 3335//5994 3336//5994 2115//5994
f 2119//5995 3336//5995 3335//5995
f 3336//5996 3337//5996 2115//5996
f 2119//5997 3337//5997 3336//5997
f 3337//5998 3338//5998 2115//5998
f 2119//5999 3338//5999 3337//5999
f 2115//6000 3339//6000 2119//6000
f 3338//6001 3339//6001 2115//6001
f 2119//6002 3339//6002 3338//6002
f 2586//6003 3340//6003 2577//6003
f 2115//6004 3340//6004 2586//6004
f 2577//6005 3340//6005 2107//6005
f 3340//6006 3341//6006 2107//6006
f 2115//6007 3341//6007 3340//6007
f 3341//6008 3342//6008 2107//6008
f 2115//6009 3342//6009 3341//6009
f 3342//6010 3343//6010 2107//6010
f 2115//6011 3343//6011 3342//6011
f 2107//6012 3344//6012 2115//6012
f 3343//6013 3344//6013 2107//6013
f 2115//6014 3344//6014 3343//6014
f 2577//6015 3345//6015 3346//6015
f 2107//6016 3347//6016 2577//6016
f 2577//6017 3347//6017 3345//6017
f 2107//6018 3348//6018 3347//6018
f 2107//6019 3349//6019 3348//6019
f 2107//6020 3350//6020 3349//6020
f 2107//6021 3351//6021 3350//6021
f 3346//6022 3352//6022 2577//6022
f 2577//6023 3352//6023 2576//6023
f 3346//6024 3353//6024 3352//6024
f 3352//6025 3353//6025 2576//6025
f 3347//6026 3354//6026 3345//6026
f 3346//6027 3354//6027 3353//6027
f 3353//6028 3354//6028 2576//6028
f 3345//6029 3354//6029 3346//6029
f 2576//6030 3355//6030 2105//6030
f 3347//6031 3355//6031 3354//6031
f 3354//6032 3355//6032 2576//6032
f 3348//6033 3356//6033 3347//6033
f 3355//6034 3356//6034 2105//6034
f 3347//6035 3356//6035 3355//6035
f 3356//6036 3357//6036 2105//6036
f 3349//6037 3357//6037 3348//6037
f 3348//6038 3357//6038 3356//6038
f 3350//6039 3358//6039 3349//6039
f 3349//6040 3358//6040 3357//6040
f 3357//6041 3358//6041 2105//6041
f 2105//6042 3359//6042 2107//6042
f 2107//6043 3359//6043 3351//6043
f 3351//6044 3359//6044 3350//6044
f 3350//6045 3359//6045 3358//6045
f 3358//6046 3359//6046 2105//6046
f 2267//6047 2737//6047 2736//6047
f 2267//6048 2266//6048 2737//6048
f 2268//6049 2267//6049 2736//6049
f 2268//6050 2736//6050 2280//6050
f 2447//6051 2443//6051 1973//6051
f 2447//6052 1973//6052 1977//6052
f 2450//6053 1977//6053 1980//6053
f 2450//6054 2447//6054 1977//6054
f 2458//6055 1980//6055 1988//6055
f 2458//6056 2450//6056 1980//6056
f 2459//6057 1989//6057 1992//6057
f 2459//6058 1988//6058 1989//6058
f 2459//6059 2458//6059 1988//6059
f 2462//6060 2459//6060 1992//6060
f 2465//6061 1995//6061 1997//6061
f 2465//6062 1992//6062 1995//6062
f 2465//6063 2462//6063 1992//6063
f 2467//6064 2465//6064 1997//6064
f 2471//6065 2001//6065 2000//6065
f 2471//6066 1997//6066 2001//6066
f 2471//6067 2467//6067 1997//6067
f 2470//6068 2471//6068 2000//6068
f 2469//6069 1998//6069 1986//6069
f 2469//6070 2000//6070 1998//6070
f 2469//6071 2470//6071 2000//6071
f 2456//6072 2469//6072 1986//6072
f 2455//6073 1985//6073 1984//6073
f 2455//6074 1986//6074 1985//6074
f 2455//6075 2456//6075 1986//6075
f 2454//6076 2455//6076 1984//6076
f 2453//6077 1982//6077 1975//6077
f 2453//6078 1984//6078 1982//6078
f 2453//6079 2454//6079 1984//6079
f 2445//6080 2453//6080 1975//6080
f 1973//6081 2443//6081 1970//6081
f 2443//6082 2440//6082 1970//6082
f 1970//6083 2439//6083 1969//6083
f 2440//6084 2439//6084 1970//6084
f 1969//6085 2434//6085 1964//6085
f 2439//6086 2434//6086 1969//6086
f 1964//6087 2431//6087 1961//6087
f 2434//6088 2431//6088 1964//6088
f 1961//6089 2428//6089 1958//6089
f 2431//6090 2428//6090 1961//6090
f 1958//6091 2424//6091 1954//6091
f 2428//6092 2424//6092 1958//6092
f 1954//6093 2423//6093 1953//6093
f 2424//6094 2423//6094 1954//6094
f 1953//6095 2420//6095 1950//6095
f 2423//6096 2420//6096 1953//6096
f 1950//6097 2417//6097 1947//6097
f 2420//6098 2417//6098 1950//6098
f 1947//6099 2412//6099 1942//6099
f 2417//6100 2412//6100 1947//6100
f 1942//6101 2408//6101 1938//6101
f 2412//6102 2408//6102 1942//6102
f 1938//6103 2405//6103 1935//6103
f 2408//6104 2405//6104 1938//6104
f 1935//6105 2404//6105 1934//6105
f 2405//6106 2404//6106 1935//6106
f 2378//6107 2375//6107 1905//6107
f 2378//6108 1905//6108 1908//6108
f 2379//6109 1908//6109 1909//6109
f 2379//6110 2378//6110 1908//6110
f 2381//6111 1909//6111 1911//6111
f 2381//6112 2379//6112 1909//6112
f 2382//6113 1911//6113 1912//6113
f 2382//6114 2381//6114 1911//6114
f 2383//6115 1912//6115 1913//6115
f 2383//6116 2382//6116 1912//6116
f 2384//6117 1913//6117 1914//6117
f 2384//6118 2383//6118 1913//6118
f 2385//6119 1914//6119 1915//6119
f 2385//6120 2384//6120 1914//6120
f 2388//6121 1915//6121 1918//6121
f 2388//6122 2385//6122 1915//6122
f 2392//6123 1918//6123 1921//6123
f 2392//6124 2388//6124 1918//6124
f 2393//6125 1921//6125 1923//6125
f 2393//6126 2392//6126 1921//6126
f 2395//6127 1923//6127 1925//6127
f 2395//6128 2393//6128 1923//6128
f 2396//6129 1925//6129 1926//6129
f 2396//6130 2395//6130 1925//6130
f 2398//6131 1926//6131 1928//6131
f 2398//6132 2396//6132 1926//6132
f 2401//6133 1928//6133 1931//6133
f 2401//6134 2398//6134 1928//6134
f 2404//6135 1931//6135 1934//6135
f 2404//6136 2401//6136 1931//6136
f 2375//6137 2373//6137 1905//6137
f 1905//6138 2373//6138 1904//6138
f 1904//6139 2369//6139 1900//6139
f 2373//6140 2369//6140 1904//6140
f 1900//6141 2361//6141 1892//6141
f 2369//6142 2361//6142 1900//6142
f 1892//6143 2354//6143 1884//6143
f 2361//6144 2354//6144 1892//6144
f 1884//6145 2346//6145 1877//6145
f 2354//6146 2346//6146 1884//6146
f 1877//6147 3360//6147 1871//6147
f 3360//6148 3361//6148 1871//6148
f 1877//6149 3361//6149 3360//6149
f 1871//6150 3362//6150 2340//6150
f 3361//6151 3362//6151 1871//6151
f 1877//6152 3362//6152 3361//6152
f 1877//6153 3363//6153 3362//6153
f 3362//6154 3363//6154 2340//6154
f 2346//6155 3363//6155 1877//6155
f 2346//6156 3364//6156 3363//6156
f 3363//6157 3364//6157 2340//6157
f 2340//6158 3365//6158 2346//6158
f 2346//6159 3365//6159 3364//6159
f 3364//6160 3365//6160 2340//6160
f 1871//6161 3366//6161 1867//6161
f 1867//6162 3366//6162 2336//6162
f 3366//6163 3367//6163 2336//6163
f 2340//6164 3367//6164 1871//6164
f 1871//6165 3367//6165 3366//6165
f 3367//6166 3368//6166 2336//6166
f 2340//6167 3368//6167 3367//6167
f 2336//6168 3369//6168 2340//6168
f 3368//6169 3369//6169 2336//6169
f 2340//6170 3369//6170 3368//6170
f 1867//6171 3370//6171 1861//6171
f 3370//6172 3371//6172 1861//6172
f 1861//6173 3371//6173 2330//6173
f 1867//6174 3371//6174 3370//6174
f 3371//6175 3372//6175 2330//6175
f 2336//6176 3372//6176 1867//6176
f 1867//6177 3372//6177 3371//6177
f 3372//6178 3373//6178 2330//6178
f 2336//6179 3373//6179 3372//6179
f 2330//6180 3374//6180 2336//6180
f 3373//6181 3374//6181 2330//6181
f 2336//6182 3374//6182 3373//6182
f 1861//6183 3375//6183 1855//6183
f 1861//6184 3376//6184 3375//6184
f 3375//6185 3376//6185 1855//6185
f 3376//6186 3377//6186 1855//6186
f 1861//6187 3377//6187 3376//6187
f 1855//6188 3377//6188 2324//6188
f 3377//6189 3378//6189 2324//6189
f 1861//6190 3378//6190 3377//6190
f 2330//6191 3378//6191 1861//6191
f 3378//6192 3379//6192 2324//6192
f 2330//6193 3379//6193 3378//6193
f 2324//6194 3380//6194 2330//6194
f 3379//6195 3380//6195 2324//6195
f 2330//6196 3380//6196 3379//6196
f 1855//6197 3381//6197 1851//6197
f 1855//6198 3382//6198 3381//6198
f 3381//6199 3382//6199 1851//6199
f 1855//6200 3383//6200 3382//6200
f 3382//6201 3383//6201 1851//6201
f 1855//6202 3384//6202 3383//6202
f 3383//6203 3384//6203 1851//6203
f 1851//6204 3384//6204 2320//6204
f 1855//6205 3385//6205 3384//6205
f 2324//6206 3385//6206 1855//6206
f 3384//6207 3385//6207 2320//6207
f 3385//6208 3386//6208 2320//6208
f 2324//6209 3386//6209 3385//6209
f 2320//6210 3387//6210 2324//6210
f 3386//6211 3387//6211 2320//6211
f 2324//6212 3387//6212 3386//6212
f 1851//6213 3388//6213 1846//6213
f 1851//6214 3389//6214 3388//6214
f 3388//6215 3389//6215 1846//6215
f 1851//6216 3390//6216 3389//6216
f 3389//6217 3390//6217 1846//6217
f 1846//6218 3390//6218 2315//6218
f 1851//6219 3391//6219 3390//6219
f 2320//6220 3391//6220 1851//6220
f 3390//6221 3391//6221 2315//6221
f 3391//6222 3392//6222 2315//6222
f 2320//6223 3392//6223 3391//6223
f 2315//6224 3393//6224 2320//6224
f 3392//6225 3393//6225 2315//6225
f 2320//6226 3393//6226 3392//6226
f 1846//6227 3394//6227 1840//6227
f 1846//6228 3395//6228 3394//6228
f 3394//6229 3395//6229 1840//6229
f 1840//6230 3395//6230 2310//6230
f 1846//6231 3396//6231 3395//6231
f 2315//6232 3396//6232 1846//6232
f 3395//6233 3396//6233 2310//6233
f 3396//6234 3397//6234 2310//6234
f 2315//6235 3397//6235 3396//6235
f 2310//6236 3398//6236 2315//6236
f 3397//6237 3398//6237 2310//6237
f 2315//6238 3398//6238 3397//6238
f 1840//6239 3399//6239 1837//6239
f 1840//6240 3400//6240 3399//6240
f 3399//6241 3400//6241 1837//6241
f 1837//6242 3400//6242 2307//6242
f 1840//6243 3401//6243 3400//6243
f 2310//6244 3401//6244 1840//6244
f 3400//6245 3401//6245 2307//6245
f 3401//6246 3402//6246 2307//6246
f 2310//6247 3402//6247 3401//6247
f 2307//6248 3403//6248 2310//6248
f 3402//6249 3403//6249 2307//6249
f 2310//6250 3403//6250 3402//6250
f 1837//6251 3404//6251 1828//6251
f 1837//6252 3405//6252 3404//6252
f 3404//6253 3405//6253 1828//6253
f 1828//6254 3406//6254 2298//6254
f 2307//6255 3406//6255 1837//6255
f 3405//6256 3406//6256 1828//6256
f 1837//6257 3406//6257 3405//6257
f 2307//6258 3407//6258 3406//6258
f 3406//6259 3407//6259 2298//6259
f 2298//6260 3408//6260 2307//6260
f 3407//6261 3408//6261 2298//6261
f 2307//6262 3408//6262 3407//6262
f 2308//6263 2309//6263 1839//6263
f 2308//6264 1839//6264 1838//6264
f 2305//6265 1838//6265 1835//6265
f 2305//6266 2308//6266 1838//6266
f 2303//6267 1835//6267 1833//6267
f 2303//6268 2305//6268 1835//6268
f 2301//6269 1833//6269 1831//6269
f 2301//6270 2303//6270 1833//6270
f 2300//6271 1831//6271 1830//6271
f 2300//6272 2301//6272 1831//6272
f 2297//6273 1830//6273 1827//6273
f 2297//6274 2300//6274 1830//6274
f 2295//6275 1827//6275 1825//6275
f 2295//6276 2297//6276 1827//6276
f 2291//6277 1825//6277 1822//6277
f 2291//6278 2295//6278 1825//6278
f 2293//6279 1823//6279 1826//6279
f 2293//6280 1822//6280 1823//6280
f 2293//6281 2291//6281 1822//6281
f 2296//6282 1826//6282 1828//6282
f 2296//6283 2293//6283 1826//6283
f 2298//6284 2296//6284 1828//6284
f 2309//6285 2313//6285 1839//6285
f 1839//6286 2313//6286 1843//6286
f 1843//6287 2317//6287 1847//6287
f 2313//6288 2317//6288 1843//6288
f 1857//6289 2329//6289 1859//6289
f 2327//6290 2329//6290 1857//6290
f 2351//6291 2357//6291 1881//6291
f 1881//6292 2357//6292 1887//6292
f 2367//6293 2372//6293 1896//6293
f 1896//6294 2372//6294 1901//6294
f 2372//6295 2377//6295 1901//6295
f 1901//6296 2377//6296 1906//6296
f 1906//6297 2387//6297 1916//6297
f 2377//6298 2387//6298 1906//6298
f 1916//6299 2390//6299 1919//6299
f 2387//6300 2390//6300 1916//6300
f 1919//6301 2415//6301 1945//6301
f 2390//6302 2415//6302 1919//6302
f 1945//6303 2426//6303 1956//6303
f 2415//6304 2426//6304 1945//6304
f 2426//6305 1975//6305 1956//6305
f 2426//6306 2445//6306 1975//6306
f 1847//6307 3409//6307 1849//6307
f 3409//6308 3410//6308 1849//6308
f 1847//6309 3410//6309 3409//6309
f 1847//6310 3411//6310 3410//6310
f 3410//6311 3411//6311 1849//6311
f 2317//6312 3411//6312 1847//6312
f 1849//6313 3411//6313 2319//6313
f 3411//6314 3412//6314 2319//6314
f 2317//6315 3412//6315 3411//6315
f 2319//6316 3413//6316 2317//6316
f 2317//6317 3413//6317 3412//6317
f 3412//6318 3413//6318 2319//6318
f 1849//6319 3414//6319 1853//6319
f 1853//6320 3414//6320 2323//6320
f 1849//6321 3415//6321 3414//6321
f 2319//6322 3415//6322 1849//6322
f 3414//6323 3415//6323 2323//6323
f 2323//6324 3416//6324 2319//6324
f 2319//6325 3416//6325 3415//6325
f 3415//6326 3416//6326 2323//6326
f 1853//6327 3417//6327 1857//6327
f 1853//6328 3418//6328 3417//6328
f 2323//6329 3418//6329 1853//6329
f 1857//6330 3418//6330 2327//6330
f 3417//6331 3418//6331 1857//6331
f 2327//6332 3419//6332 2323//6332
f 2323//6333 3419//6333 3418//6333
f 3418//6334 3419//6334 2327//6334
f 1859//6335 3420//6335 1863//6335
f 3420//6336 3421//6336 1863//6336
f 1859//6337 3421//6337 3420//6337
f 3421//6338 3422//6338 1863//6338
f 1859//6339 3422//6339 3421//6339
f 2329//6340 3422//6340 1859//6340
f 1863//6341 3422//6341 2333//6341
f 3422//6342 3423//6342 2333//6342
f 2329//6343 3423//6343 3422//6343
f 2329//6344 3424//6344 3423//6344
f 3423//6345 3424//6345 2333//6345
f 2333//6346 3425//6346 2329//6346
f 3424//6347 3425//6347 2333//6347
f 2329//6348 3425//6348 3424//6348
f 1863//6349 3426//6349 1865//6349
f 3426//6350 3427//6350 1865//6350
f 1863//6351 3427//6351 3426//6351
f 1863//6352 3428//6352 3427//6352
f 3427//6353 3428//6353 1865//6353
f 2333//6354 3428//6354 1863//6354
f 1865//6355 3428//6355 2335//6355
f 3428//6356 3429//6356 2335//6356
f 2333//6357 3429//6357 3428//6357
f 2335//6358 3430//6358 2333//6358
f 3429//6359 3430//6359 2335//6359
f 2333//6360 3430//6360 3429//6360
f 1865//6361 3431//6361 1869//6361
f 1865//6362 3432//6362 3431//6362
f 3431//6363 3432//6363 1869//6363
f 1865//6364 3433//6364 3432//6364
f 3432//6365 3433//6365 1869//6365
f 2335//6366 3433//6366 1865//6366
f 1869//6367 3433//6367 2339//6367
f 2335//6368 3434//6368 3433//6368
f 3433//6369 3434//6369 2339//6369
f 2339//6370 3435//6370 2335//6370
f 3434//6371 3435//6371 2339//6371
f 2335//6372 3435//6372 3434//6372
f 1869//6373 3436//6373 1872//6373
f 1869//6374 3437//6374 3436//6374
f 3436//6375 3437//6375 1872//6375
f 1869//6376 3438//6376 3437//6376
f 3437//6377 3438//6377 1872//6377
f 2339//6378 3438//6378 1869//6378
f 2339//6379 3439//6379 3438//6379
f 2343//6380 3440//6380 2339//6380
f 3439//6381 3440//6381 2343//6381
f 2339//6382 3440//6382 3439//6382
f 1872//6383 3441//6383 3442//6383
f 3438//6384 3443//6384 1872//6384
f 1872//6385 3443//6385 3441//6385
f 2343//6386 3444//6386 3439//6386
f 3439//6387 3444//6387 3438//6387
f 3438//6388 3444//6388 3443//6388
f 2343//6389 3445//6389 3444//6389
f 2343//6390 3446//6390 3445//6390
f 1872//6391 3447//6391 1875//6391
f 3442//6392 3447//6392 1872//6392
f 3441//6393 3447//6393 3442//6393
f 3447//6394 3448//6394 1875//6394
f 3441//6395 3448//6395 3447//6395
f 3444//6396 3449//6396 3443//6396
f 3448//6397 3449//6397 1875//6397
f 3441//6398 3449//6398 3448//6398
f 3443//6399 3449//6399 3441//6399
f 3449//6400 3450//6400 1875//6400
f 3444//6401 3450//6401 3449//6401
f 1875//6402 3450//6402 2345//6402
f 3445//6403 3451//6403 3444//6403
f 3446//6404 3451//6404 3445//6404
f 2343//6405 3451//6405 3446//6405
f 2345//6406 3451//6406 2343//6406
f 3450//6407 3451//6407 2345//6407
f 3444//6408 3451//6408 3450//6408
f 1879//6409 3452//6409 2349//6409
f 1875//6410 3452//6410 1879//6410
f 3452//6411 3453//6411 2349//6411
f 1875//6412 3453//6412 3452//6412
f 2345//6413 3453//6413 1875//6413
f 2349//6414 3454//6414 2345//6414
f 3453//6415 3454//6415 2349//6415
f 2345//6416 3454//6416 3453//6416
f 1881//6417 3455//6417 2351//6417
f 1879//6418 3455//6418 1881//6418
f 2349//6419 3456//6419 1879//6419
f 1879//6420 3456//6420 3455//6420
f 3455//6421 3456//6421 2351//6421
f 2349//6422 3457//6422 3456//6422
f 2351//6423 3457//6423 2349//6423
f 3456//6424 3457//6424 2351//6424
f 1887//6425 3458//6425 1889//6425
f 1889//6426 3459//6426 2359//6426
f 1887//6427 3459//6427 3458//6427
f 3458//6428 3459//6428 1889//6428
f 3459//6429 3460//6429 2359//6429
f 2357//6430 3460//6430 1887//6430
f 1887//6431 3460//6431 3459//6431
f 2359//6432 3461//6432 2357//6432
f 3460//6433 3461//6433 2359//6433
f 2357//6434 3461//6434 3460//6434
f 1895//6435 3462//6435 2365//6435
f 1889//6436 3462//6436 1895//6436
f 3462//6437 3463//6437 2365//6437
f 2359//6438 3463//6438 1889//6438
f 1889//6439 3463//6439 3462//6439
f 2365//6440 3464//6440 2359//6440
f 3463//6441 3464//6441 2365//6441
f 2359//6442 3464//6442 3463//6442
f 1896//6443 3465//6443 2367//6443
f 1895//6444 3465//6444 1896//6444
f 2365//6445 3466//6445 1895//6445
f 3465//6446 3466//6446 2367//6446
f 1895//6447 3466//6447 3465//6447
f 2367//6448 3467//6448 2365//6448
f 3466//6449 3467//6449 2367//6449
f 2365//6450 3467//6450 3466//6450
f 2480//6451 2010//6451 2483//6451
f 2010//6452 2013//6452 2483//6452
f 2483//6453 2018//6453 2488//6453
f 2013//6454 2018//6454 2483//6454
f 2488//6455 2021//6455 2491//6455
f 2018//6456 2021//6456 2488//6456
f 2491//6457 2023//6457 2493//6457
f 2021//6458 2023//6458 2491//6458
f 2493//6459 2031//6459 2501//6459
f 2501//6460 2031//6460 2503//6460
f 2023//6461 2031//6461 2493//6461
f 2503//6462 2033//6462 2505//6462
f 2031//6463 2033//6463 2503//6463
f 2033//6464 2035//6464 2505//6464
f 2505//6465 2037//6465 2507//6465
f 2507//6466 2037//6466 2509//6466
f 2035//6467 2037//6467 2505//6467
f 2037//6468 2039//6468 2509//6468
f 2509//6469 2047//6469 2517//6469
f 2517//6470 2047//6470 2519//6470
f 2039//6471 2047//6471 2509//6471
f 2047//6472 2049//6472 2519//6472
f 2519//6473 2053//6473 2523//6473
f 2523//6474 2053//6474 2525//6474
f 2049//6475 2053//6475 2519//6475
f 2053//6476 2055//6476 2525//6476
f 2525//6477 2057//6477 2527//6477
f 2527//6478 2057//6478 2535//6478
f 2055//6479 2057//6479 2525//6479
f 2057//6480 2065//6480 2535//6480
f 2065//6481 2067//6481 2535//6481
f 2535//6482 2067//6482 2537//6482
f 2067//6483 2069//6483 2537//6483
f 2537//6484 2069//6484 2539//6484
f 2539//6485 2069//6485 2542//6485
f 2069//6486 2072//6486 2542//6486
f 2451//6487 1981//6487 2460//6487
f 1981//6488 1990//6488 2460//6488
f 2460//6489 1993//6489 2463//6489
f 1990//6490 1993//6490 2460//6490
f 2463//6491 2010//6491 2480//6491
f 1993//6492 2010//6492 2463//6492
f 2402//6493 1932//6493 2406//6493
f 1932//6494 1936//6494 2406//6494
f 2406//6495 1940//6495 2409//6495
f 1936//6496 1940//6496 2406//6496
f 2409//6497 1943//6497 2413//6497
f 1940//6498 1943//6498 2409//6498
f 2413//6499 1948//6499 2418//6499
f 1943//6500 1948//6500 2413//6500
f 2418//6501 1951//6501 2421//6501
f 2421//6502 1951//6502 2425//6502
f 1948//6503 1951//6503 2418//6503
f 1951//6504 1955//6504 2425//6504
f 2425//6505 1959//6505 2429//6505
f 2429//6506 1959//6506 2432//6506
f 1955//6507 1959//6507 2425//6507
f 1959//6508 1962//6508 2432//6508
f 2432//6509 1965//6509 2435//6509
f 1962//6510 1965//6510 2432//6510
f 2435//6511 1971//6511 2441//6511
f 2441//6512 1971//6512 2444//6512
f 1965//6513 1971//6513 2435//6513
f 1971//6514 1974//6514 2444//6514
f 2444//6515 1978//6515 2448//6515
f 1974//6516 1978//6516 2444//6516
f 2448//6517 1981//6517 2451//6517
f 1978//6518 1981//6518 2448//6518
f 2394//6519 1924//6519 2391//6519
f 1924//6520 1922//6520 2391//6520
f 2391//6521 1929//6521 2399//6521
f 1922//6522 1929//6522 2391//6522
f 2399//6523 1932//6523 2402//6523
f 1929//6524 1932//6524 2399//6524
f 1994//6525 1991//6525 2464//6525
f 2464//6526 1991//6526 2461//6526
f 2461//6527 1987//6527 2457//6527
f 2457//6528 1987//6528 2449//6528
f 1991//6529 1987//6529 2461//6529
f 1987//6530 1979//6530 2449//6530
f 2449//6531 1976//6531 2446//6531
f 1979//6532 1976//6532 2449//6532
f 2446//6533 1972//6533 2442//6533
f 1976//6534 1972//6534 2446//6534
f 2442//6535 1968//6535 2438//6535
f 1972//6536 1968//6536 2442//6536
f 2438//6537 1963//6537 2433//6537
f 1968//6538 1963//6538 2438//6538
f 2433//6539 1960//6539 2430//6539
f 2430//6540 1960//6540 2427//6540
f 1963//6541 1960//6541 2433//6541
f 1960//6542 1957//6542 2427//6542
f 2427//6543 1952//6543 2422//6543
f 1957//6544 1952//6544 2427//6544
f 2422//6545 1949//6545 2419//6545
f 2419//6546 1949//6546 2416//6546
f 1952//6547 1949//6547 2422//6547
f 1949//6548 1946//6548 2416//6548
f 2416//6549 1941//6549 2411//6549
f 2411//6550 1941//6550 2407//6550
f 1946//6551 1941//6551 2416//6551
f 1941//6552 1937//6552 2407//6552
f 1937//6553 1933//6553 2407//6553
f 2407//6554 1933//6554 2403//6554
f 1933//6555 1930//6555 2403//6555
f 2403//6556 1930//6556 2400//6556
f 1930//6557 1927//6557 2400//6557
f 2400//6558 1927//6558 2397//6558
f 1927//6559 1924//6559 2397//6559
f 2397//6560 1924//6560 2394//6560
f 2029//6561 2002//6561 2499//6561
f 2499//6562 2002//6562 2472//6562
f 2472//6563 1996//6563 2466//6563
f 2466//6564 1996//6564 2464//6564
f 2002//6565 1996//6565 2472//6565
f 1996//6566 1994//6566 2464//6566
f 2076//6567 2078//6567 2547//6567
f 2547//6568 2078//6568 2548//6568
f 2548//6569 2059//6569 2529//6569
f 2529//6570 2059//6570 2530//6570
f 2078//6571 2059//6571 2548//6571
f 2059//6572 2060//6572 2530//6572
f 2530//6573 2061//6573 2531//6573
f 2060//6574 2061//6574 2530//6574
f 2531//6575 2062//6575 2532//6575
f 2532//6576 2062//6576 2511//6576
f 2061//6577 2062//6577 2531//6577
f 2062//6578 2041//6578 2511//6578
f 2511//6579 2042//6579 2512//6579
f 2041//6580 2042//6580 2511//6580
f 2512//6581 2043//6581 2513//6581
f 2513//6582 2043//6582 2514//6582
f 2042//6583 2043//6583 2512//6583
f 2043//6584 2044//6584 2514//6584
f 2514//6585 2025//6585 2496//6585
f 2044//6586 2025//6586 2514//6586
f 2496//6587 2027//6587 2497//6587
f 2497//6588 2027//6588 2498//6588
f 2025//6589 2027//6589 2496//6589
f 2498//6590 2028//6590 2499//6590
f 2027//6591 2028//6591 2498//6591
f 2028//6592 2029//6592 2499//6592
f 2072//6593 2074//6593 2542//6593
f 2542//6594 2074//6594 2544//6594
f 2544//6595 2082//6595 2552//6595
f 2552//6596 2082//6596 2547//6596
f 2074//6597 2082//6597 2544//6597
f 2082//6598 2076//6598 2547//6598
f 2692//6599 2222//6599 2694//6599
f 2222//6600 2224//6600 2694//6600
f 2224//6601 2226//6601 2694//6601
f 2694//6602 2226//6602 2696//6602
f 2226//6603 2229//6603 2696//6603
f 2696//6604 2229//6604 2699//6604
f 2229//6605 2231//6605 2699//6605
f 2699//6606 2231//6606 2701//6606
f 2701//6607 2231//6607 2706//6607
f 2231//6608 2236//6608 2706//6608
f 2236//6609 2237//6609 2706//6609
f 2706//6610 2237//6610 2707//6610
f 2237//6611 2238//6611 2707//6611
f 2707//6612 2238//6612 2708//6612
f 2238//6613 2239//6613 2708//6613
f 2708//6614 2239//6614 2709//6614
f 2709//6615 2239//6615 2703//6615
f 2239//6616 2232//6616 2703//6616
f 2232//6617 2213//6617 2703//6617
f 2703//6618 2213//6618 2684//6618
f 2213//6619 2215//6619 2684//6619
f 2684//6620 2215//6620 2685//6620
f 2215//6621 2216//6621 2685//6621
f 2685//6622 2216//6622 2686//6622
f 2686//6623 2216//6623 2687//6623
f 2216//6624 2217//6624 2687//6624
f 2217//6625 2218//6625 2687//6625
f 2687//6626 2218//6626 2688//6626
f 2688//6627 2219//6627 2689//6627
f 2218//6628 2219//6628 2688//6628
f 2689//6629 2189//6629 2660//6629
f 2219//6630 2189//6630 2689//6630
f 2660//6631 2189//6631 2661//6631
f 2189//6632 2191//6632 2661//6632
f 2661//6633 2192//6633 2662//6633
f 2662//6634 2192//6634 2655//6634
f 2191//6635 2192//6635 2661//6635
f 2192//6636 2185//6636 2655//6636
f 2655//6637 2182//6637 2652//6637
f 2185//6638 2182//6638 2655//6638
f 2652//6639 2179//6639 2649//6639
f 2182//6640 2179//6640 2652//6640
f 2649//6641 2172//6641 2642//6641
f 2179//6642 2172//6642 2649//6642
f 2642//6643 2169//6643 2639//6643
f 2172//6644 2169//6644 2642//6644
f 2169//6645 2165//6645 2639//6645
f 2639//6646 2165//6646 2635//6646
f 2165//6647 2162//6647 2635//6647
f 2635//6648 2162//6648 2632//6648
f 2162//6649 2157//6649 2632//6649
f 2632//6650 2157//6650 2627//6650
f 2157//6651 2154//6651 2627//6651
f 2627//6652 2154//6652 2624//6652
f 2154//6653 2151//6653 2624//6653
f 2624//6654 2151//6654 2621//6654
f 2151//6655 2148//6655 2621//6655
f 2621//6656 2148//6656 2618//6656
f 2148//6657 2143//6657 2618//6657
f 2618//6658 2143//6658 2613//6658
f 2143//6659 2139//6659 2613//6659
f 2613//6660 2139//6660 2609//6660
f 2139//6661 2140//6661 2609//6661
f 2609//6662 2140//6662 2610//6662
f 2140//6663 2142//6663 2610//6663
f 2610//6664 2142//6664 2612//6664
f 2142//6665 2147//6665 2612//6665
f 2612//6666 2147//6666 2617//6666
f 2147//6667 2150//6667 2617//6667
f 2617//6668 2150//6668 2620//6668
f 2150//6669 2153//6669 2620//6669
f 2620//6670 2153//6670 2623//6670
f 2153//6671 2156//6671 2623//6671
f 2623//6672 2156//6672 2626//6672
f 2156//6673 2161//6673 2626//6673
f 2626//6674 2161//6674 2631//6674
f 2161//6675 2164//6675 2631//6675
f 2631//6676 2164//6676 2634//6676
f 2164//6677 2168//6677 2634//6677
f 2634//6678 2168//6678 2638//6678
f 2168//6679 2171//6679 2638//6679
f 2638//6680 2171//6680 2641//6680
f 2641//6681 2171//6681 2644//6681
f 2171//6682 2174//6682 2644//6682
f 2174//6683 2181//6683 2644//6683
f 2644//6684 2181//6684 2651//6684
f 2651//6685 2181//6685 2654//6685
f 2181//6686 2184//6686 2654//6686
f 2184//6687 2188//6687 2654//6687
f 2654//6688 2188//6688 2658//6688
f 2658//6689 2188//6689 2668//6689
f 2188//6690 2198//6690 2668//6690
f 2668//6691 2198//6691 2671//6691
f 2198//6692 2201//6692 2671//6692
f 2201//6693 2204//6693 2671//6693
f 2671//6694 2204//6694 2674//6694
f 2674//6695 2207//6695 2677//6695
f 2677//6696 2207//6696 2682//6696
f 2204//6697 2207//6697 2674//6697
f 2207//6698 2212//6698 2682//6698
f 2682//6699 2222//6699 2692//6699
f 2212//6700 2222//6700 2682//6700
f 2719//6701 2718//6701 2248//6701
f 2719//6702 2248//6702 2249//6702
f 2720//6703 2249//6703 2250//6703
f 2720//6704 2719//6704 2249//6704
f 2722//6705 2250//6705 2252//6705
f 2722//6706 2720//6706 2250//6706
f 2723//6707 2252//6707 2253//6707
f 2723//6708 2722//6708 2252//6708
f 2724//6709 2253//6709 2254//6709
f 2724//6710 2723//6710 2253//6710
f 2725//6711 2254//6711 2255//6711
f 2725//6712 2724//6712 2254//6712
f 2728//6713 2255//6713 2258//6713
f 2728//6714 2725//6714 2255//6714
f 2739//6715 2258//6715 2270//6715
f 2739//6716 2728//6716 2258//6716
f 2735//6717 2270//6717 2265//6717
f 2735//6718 2739//6718 2270//6718
f 2734//6719 2265//6719 2264//6719
f 2734//6720 2735//6720 2265//6720
f 2733//6721 2264//6721 2263//6721
f 2733//6722 2734//6722 2264//6722
f 2732//6723 2263//6723 2262//6723
f 2732//6724 2733//6724 2263//6724
f 2731//6725 2262//6725 2260//6725
f 2731//6726 2732//6726 2262//6726
f 2729//6727 2260//6727 2259//6727
f 2729//6728 2731//6728 2260//6728
f 2718//6729 2241//6729 2248//6729
f 2718//6730 2711//6730 2241//6730
f 2711//6731 2220//6731 2241//6731
f 2711//6732 2690//6732 2220//6732
f 2717//6733 2247//6733 2246//6733
f 2716//6734 2246//6734 2245//6734
f 2716//6735 2717//6735 2246//6735
f 2715//6736 2716//6736 2245//6736
f 2714//6737 2245//6737 2244//6737
f 2714//6738 2715//6738 2245//6738
f 2710//6739 2244//6739 2240//6739
f 2710//6740 2714//6740 2244//6740
f 2705//6741 2240//6741 2235//6741
f 2705//6742 2710//6742 2240//6742
f 2704//6743 2235//6743 2234//6743
f 2704//6744 2705//6744 2235//6744
f 2700//6745 2234//6745 2230//6745
f 2700//6746 2704//6746 2234//6746
f 2698//6747 2230//6747 2228//6747
f 2698//6748 2700//6748 2230//6748
f 2695//6749 2228//6749 2225//6749
f 2695//6750 2698//6750 2228//6750
f 2693//6751 2225//6751 2223//6751
f 2693//6752 2695//6752 2225//6752
f 2691//6753 2223//6753 2221//6753
f 2691//6754 2693//6754 2223//6754
f 2681//6755 2221//6755 2211//6755
f 2681//6756 2691//6756 2221//6756
f 2679//6757 2681//6757 2211//6757
f 2679//6758 2211//6758 2209//6758
f 2676//6759 2679//6759 2209//6759
f 2676//6760 2209//6760 2206//6760
f 2673//6761 2676//6761 2206//6761
f 2673//6762 2206//6762 2203//6762
f 2670//6763 2673//6763 2203//6763
f 2670//6764 2203//6764 2200//6764
f 2667//6765 2670//6765 2200//6765
f 2667//6766 2200//6766 2197//6766
f 2669//6767 2667//6767 2197//6767
f 2669//6768 2197//6768 2199//6768
f 2672//6769 2669//6769 2199//6769
f 2672//6770 2199//6770 2202//6770
f 2675//6771 2202//6771 2205//6771
f 2675//6772 2672//6772 2202//6772
f 2678//6773 2205//6773 2208//6773
f 2678//6774 2675//6774 2205//6774
f 2680//6775 2208//6775 2210//6775
f 2680//6776 2678//6776 2208//6776
f 2690//6777 2210//6777 2220//6777
f 2690//6778 2680//6778 2210//6778
f 2717//6779 2727//6779 2247//6779
f 2247//6780 2727//6780 2256//6780
f 2256//6781 2729//6781 2259//6781
f 2727//6782 2729//6782 2256//6782
f 2640//6783 2637//6783 2167//6783
f 2640//6784 2170//6784 2173//6784
f 2640//6785 2167//6785 2170//6785
f 2643//6786 2640//6786 2173//6786
f 2650//6787 2173//6787 2180//6787
f 2650//6788 2643//6788 2173//6788
f 2653//6789 2180//6789 2183//6789
f 2653//6790 2650//6790 2180//6790
f 2656//6791 2186//6791 2196//6791
f 2656//6792 2183//6792 2186//6792
f 2656//6793 2653//6793 2183//6793
f 2666//6794 2656//6794 2196//6794
f 2665//6795 2195//6795 2194//6795
f 2665//6796 2196//6796 2195//6796
f 2665//6797 2666//6797 2196//6797
f 2664//6798 2665//6798 2194//6798
f 2663//6799 2194//6799 2193//6799
f 2663//6800 2664//6800 2194//6800
f 2648//6801 2193//6801 2178//6801
f 2648//6802 2663//6802 2193//6802
f 2646//6803 2178//6803 2176//6803
f 2646//6804 2648//6804 2178//6804
f 2647//6805 2176//6805 2177//6805
f 2647//6806 2646//6806 2176//6806
f 2637//6807 2636//6807 2167//6807
f 2167//6808 2636//6808 2166//6808
f 2166//6809 2633//6809 2163//6809
f 2636//6810 2633//6810 2166//6810
f 2163//6811 2629//6811 2159//6811
f 2633//6812 2629//6812 2163//6812
f 2159//6813 2628//6813 2158//6813
f 2629//6814 2628//6814 2159//6814
f 2158//6815 2625//6815 2155//6815
f 2628//6816 2625//6816 2158//6816
f 2596//6817 2595//6817 2125//6817
f 2596//6818 2125//6818 2126//6818
f 2602//6819 2126//6819 2132//6819
f 2602//6820 2596//6820 2126//6820
f 2601//6821 2132//6821 2131//6821
f 2601//6822 2602//6822 2132//6822
f 2599//6823 2131//6823 2128//6823
f 2599//6824 2601//6824 2131//6824
f 2600//6825 2130//6825 2135//6825
f 2600//6826 2128//6826 2130//6826
f 2600//6827 2599//6827 2128//6827
f 2605//6828 2600//6828 2135//6828
f 2607//6829 2135//6829 2137//6829
f 2607//6830 2605//6830 2135//6830
f 2611//6831 2137//6831 2141//6831
f 2611//6832 2607//6832 2137//6832
f 2614//6833 2141//6833 2144//6833
f 2614//6834 2611//6834 2141//6834
f 2619//6835 2144//6835 2149//6835
f 2619//6836 2614//6836 2144//6836
f 2622//6837 2149//6837 2152//6837
f 2622//6838 2619//6838 2149//6838
f 2625//6839 2152//6839 2155//6839
f 2625//6840 2622//6840 2152//6840
f 2589//6841 2116//6841 2120//6841
f 2589//6842 2585//6842 2116//6842
f 2575//6843 2093//6843 2106//6843
f 2575//6844 2562//6844 2093//6844
f 2125//6845 3468//6845 2120//6845
f 3468//6846 3469//6846 2120//6846
f 2125//6847 3469//6847 3468//6847
f 2595//6848 3470//6848 2125//6848
f 3469//6849 3470//6849 2120//6849
f 2120//6850 3470//6850 2589//6850
f 2125//6851 3470//6851 3469//6851
f 3470//6852 3471//6852 2589//6852
f 2595//6853 3471//6853 3470//6853
f 2589//6854 3472//6854 2595//6854
f 3471//6855 3472//6855 2589//6855
f 2595//6856 3472//6856 3471//6856
f 2116//6857 3473//6857 2106//6857
f 2585//6858 3473//6858 2116//6858
f 3473//6859 3474//6859 2106//6859
f 2106//6860 3474//6860 2575//6860
f 2585//6861 3474//6861 3473//6861
f 2585//6862 3475//6862 3474//6862
f 3474//6863 3475//6863 2575//6863
f 2575//6864 3476//6864 2585//6864
f 3475//6865 3476//6865 2575//6865
f 2585//6866 3476//6866 3475//6866
f 2093//6867 3477//6867 2051//6867
f 2562//6868 3477//6868 2093//6868
f 2051//6869 3477//6869 2520//6869
f 3477//6870 3478//6870 2520//6870
f 2562//6871 3478//6871 3477//6871
f 2520//6872 3479//6872 2562//6872
f 3478//6873 3479//6873 2520//6873
f 2562//6874 3479//6874 3478//6874
f 2051//6875 3480//6875 2019//6875
f 2520//6876 3481//6876 2051//6876
f 2051//6877 3481//6877 3480//6877
f 3480//6878 3481//6878 2019//6878
f 2019//6879 3482//6879 2489//6879
f 2520//6880 3482//6880 3481//6880
f 3481//6881 3482//6881 2019//6881
f 3482//6882 3483//6882 2489//6882
f 2520//6883 3483//6883 3482//6883
f 2489//6884 3484//6884 2520//6884
f 3483//6885 3484//6885 2489//6885
f 2520//6886 3484//6886 3483//6886
f 2494//6887 2024//6887 2022//6887
f 2492//6888 2022//6888 2020//6888
f 2492//6889 2494//6889 2022//6889
f 2490//6890 2492//6890 2020//6890
f 2487//6891 2020//6891 2017//6891
f 2487//6892 2490//6892 2020//6892
f 2485//6893 2017//6893 2015//6893
f 2485//6894 2487//6894 2017//6894
f 2482//6895 2015//6895 2012//6895
f 2482//6896 2485//6896 2015//6896
f 2479//6897 2012//6897 2009//6897
f 2479//6898 2482//6898 2012//6898
f 2476//6899 2006//6899 2004//6899
f 2476//6900 2009//6900 2006//6900
f 2476//6901 2479//6901 2009//6901
f 2473//6902 2476//6902 2004//6902
f 2474//6903 2004//6903 2003//6903
f 2474//6904 2473//6904 2004//6904
f 2475//6905 2003//6905 2005//6905
f 2475//6906 2474//6906 2003//6906
f 2477//6907 2005//6907 2008//6907
f 2477//6908 2475//6908 2005//6908
f 2481//6909 2008//6909 2011//6909
f 2481//6910 2477//6910 2008//6910
f 2484//6911 2011//6911 2014//6911
f 2484//6912 2481//6912 2011//6912
f 2486//6913 2014//6913 2016//6913
f 2486//6914 2484//6914 2014//6914
f 2489//6915 2016//6915 2019//6915
f 2489//6916 2486//6916 2016//6916
f 2494//6917 2500//6917 2024//6917
f 2024//6918 2500//6918 2030//6918
f 2030//6919 2502//6919 2032//6919
f 2500//6920 2502//6920 2030//6920
f 2032//6921 2504//6921 2034//6921
f 2502//6922 2504//6922 2032//6922
f 2034//6923 2506//6923 2036//6923
f 2504//6924 2506//6924 2034//6924
f 2036//6925 2508//6925 2038//6925
f 2506//6926 2508//6926 2036//6926
f 2045//6927 2515//6927 2046//6927
f 2038//6928 2515//6928 2045//6928
f 2508//6929 2515//6929 2038//6929
f 2515//6930 2516//6930 2046//6930
f 2046//6931 2518//6931 2048//6931
f 2516//6932 2518//6932 2046//6932
f 2052//6933 2522//6933 2054//6933
f 2048//6934 2522//6934 2052//6934
f 2518//6935 2522//6935 2048//6935
f 2522//6936 2524//6936 2054//6936
f 2054//6937 2526//6937 2056//6937
f 2524//6938 2526//6938 2054//6938
f 2056//6939 2533//6939 2063//6939
f 2526//6940 2533//6940 2056//6940
f 2063//6941 2534//6941 2064//6941
f 2533//6942 2534//6942 2063//6942
f 2568//6943 2098//6943 2090//6943
f 2560//6944 2568//6944 2090//6944
f 2559//6945 2089//6945 2088//6945
f 2559//6946 2090//6946 2089//6946
f 2559//6947 2560//6947 2090//6947
f 2558//6948 2559//6948 2088//6948
f 2557//6949 2088//6949 2087//6949
f 2557//6950 2558//6950 2088//6950
f 2556//6951 2086//6951 2083//6951
f 2556//6952 2087//6952 2086//6952
f 2556//6953 2557//6953 2087//6953
f 2553//6954 2556//6954 2083//6954
f 2551//6955 2081//6955 2079//6955
f 2551//6956 2083//6956 2081//6956
f 2551//6957 2553//6957 2083//6957
f 2550//6958 2079//6958 2075//6958
f 2550//6959 2551//6959 2079//6959
f 2545//6960 2550//6960 2075//6960
f 2543//6961 2075//6961 2073//6961
f 2543//6962 2545//6962 2075//6962
f 2541//6963 2073//6963 2071//6963
f 2541//6964 2543//6964 2073//6964
f 2540//6965 2071//6965 2070//6965
f 2540//6966 2541//6966 2071//6966
f 2538//6967 2068//6967 2066//6967
f 2538//6968 2070//6968 2068//6968
f 2538//6969 2540//6969 2070//6969
f 2536//6970 2538//6970 2066//6970
f 2534//6971 2066//6971 2064//6971
f 2534//6972 2536//6972 2066//6972
f 2568//6973 2096//6973 2098//6973
f 2568//6974 2567//6974 2096//6974
f 2588//6975 2122//6975 2118//6975
f 2588//6976 2592//6976 2122//6976
f 2592//6977 2124//6977 2122//6977
f 2592//6978 2594//6978 2124//6978
f 2594//6979 2136//6979 2124//6979
f 2594//6980 2606//6980 2136//6980
f 2606//6981 2146//6981 2136//6981
f 2606//6982 2616//6982 2146//6982
f 2616//6983 2177//6983 2146//6983
f 2616//6984 2647//6984 2177//6984
f 2096//6985 3485//6985 2099//6985
f 2567//6986 3486//6986 2096//6986
f 3485//6987 3486//6987 2099//6987
f 2096//6988 3486//6988 3485//6988
f 2099//6989 3487//6989 2570//6989
f 3486//6990 3487//6990 2099//6990
f 2567//6991 3487//6991 3486//6991
f 2570//6992 3488//6992 2567//6992
f 2567//6993 3488//6993 3487//6993
f 3487//6994 3488//6994 2570//6994
f 2099//6995 3489//6995 2101//6995
f 2570//6996 3490//6996 2099//6996
f 3489//6997 3490//6997 2101//6997
f 2099//6998 3490//6998 3489//6998
f 3490//6999 3491//6999 2101//6999
f 2570//7000 3491//7000 3490//7000
f 2101//7001 3491//7001 2572//7001
f 2572//7002 3492//7002 2570//7002
f 3491//7003 3492//7003 2572//7003
f 2570//7004 3492//7004 3491//7004
f 2101//7005 3493//7005 2103//7005
f 2572//7006 3493//7006 2101//7006
f 2103//7007 3494//7007 2574//7007
f 2572//7008 3494//7008 3493//7008
f 3493//7009 3494//7009 2103//7009
f 2574//7010 3495//7010 2572//7010
f 3494//7011 3495//7011 2574//7011
f 2572//7012 3495//7012 3494//7012
f 2103//7013 3496//7013 2108//7013
f 2574//7014 3496//7014 2103//7014
f 2574//7015 3497//7015 3496//7015
f 3496//7016 3497//7016 2108//7016
f 2108//7017 3497//7017 2579//7017
f 2579//7018 3498//7018 2574//7018
f 3497//7019 3498//7019 2579//7019
f 2574//7020 3498//7020 3497//7020
f 2579//7021 3499//7021 2108//7021
f 2579//7022 3500//7022 3499//7022
f 3499//7023 3501//7023 2108//7023
f 2108//7024 3501//7024 2110//7024
f 3501//7025 3502//7025 2110//7025
f 3499//7026 3502//7026 3501//7026
f 3499//7027 3503//7027 3502//7027
f 3502//7028 3503//7028 2110//7028
f 3499//7029 3504//7029 3503//7029
f 3503//7030 3504//7030 2110//7030
f 2110//7031 3504//7031 2580//7031
f 2579//7032 3505//7032 3500//7032
f 3500//7033 3505//7033 3499//7033
f 3504//7034 3505//7034 2580//7034
f 2580//7035 3505//7035 2579//7035
f 3499//7036 3505//7036 3504//7036
f 2110//7037 3506//7037 2112//7037
f 2110//7038 3507//7038 3506//7038
f 3506//7039 3507//7039 2112//7039
f 2580//7040 3507//7040 2110//7040
f 2580//7041 3508//7041 3507//7041
f 3507//7042 3508//7042 2112//7042
f 2112//7043 3508//7043 2582//7043
f 2582//7044 3509//7044 2580//7044
f 2580//7045 3509//7045 3508//7045
f 3508//7046 3509//7046 2582//7046
f 2112//7047 3510//7047 2114//7047
f 2112//7048 3511//7048 3510//7048
f 3510//7049 3511//7049 2114//7049
f 2582//7050 3511//7050 2112//7050
f 2582//7051 3512//7051 3511//7051
f 3511//7052 3512//7052 2114//7052
f 2114//7053 3512//7053 2584//7053
f 2584//7054 3513//7054 2582//7054
f 2582//7055 3513//7055 3512//7055
f 3512//7056 3513//7056 2584//7056
f 2114//7057 3514//7057 2118//7057
f 2584//7058 3514//7058 2114//7058
f 2584//7059 3515//7059 3514//7059
f 3514//7060 3515//7060 2118//7060
f 2118//7061 3515//7061 2588//7061
f 2588//7062 3516//7062 2584//7062
f 2584//7063 3516//7063 3515//7063
f 3515//7064 3516//7064 2588//7064
