# Created by FreeCAD <https://www.freecad.org>
v -399.528503 -549.909973 -55.549217
v -396.852936 -549.909973 -51.293827
v -400.177704 -549.909973 -54.618599
v -398.608826 -549.909973 -56.358761
v -396.806702 -549.909973 -57.512661
v -393.843719 -549.909973 -58.970318
v -390.153198 -549.909973 -60.379250
v -385.118225 -549.909973 -61.936359
v -399.497345 -549.909973 -46.291561
v -400.057037 -549.909973 -48.089718
v -398.785675 -549.909973 -44.500721
v -396.992371 -549.909973 -40.907730
v -394.620544 -549.909973 -37.052437
v -391.803619 -549.909973 -33.176876
v -378.293304 -549.909973 -63.679657
v -388.296967 -549.909973 -28.993664
v -384.383942 -549.909973 -24.864838
v -370.057220 -549.909973 -65.393303
v -379.811432 -549.909973 -20.547115
v -360.166138 -549.909973 -67.074547
v -374.718781 -549.909973 -16.216074
v -368.635223 -549.909973 -11.545192
v -348.415741 -549.909973 -68.705429
v -361.792023 -549.909973 -6.800943
v -354.143799 -549.909973 -1.998194
v -332.704529 -549.909973 -70.482391
v -346.316620 -549.909973 2.481709
v -337.829437 -549.909973 6.933372
v -314.806732 -549.909973 -72.112633
v -328.554352 -549.909973 11.400526
v -318.728821 -549.909973 15.750501
v -294.438995 -549.909973 -73.587204
v -308.191406 -549.909973 20.040344
v -296.798676 -549.909973 24.301777
v -271.008667 -549.909973 -74.898888
v -284.607788 -549.909973 28.484789
v -198.248901 -549.909973 -77.089241
v -180.072189 -549.909973 -70.988388
v -216.397064 -549.909973 -76.771751
v -180.098358 -549.909973 -77.272324
v -255.231781 -549.909973 30.740259
v -270.805328 -549.909973 32.814007
v -244.825882 -549.909973 -75.981468
v -256.837067 -549.909973 36.815689
v -167.398468 -549.909973 -77.325218
v -134.211380 -549.909973 -77.193275
v -167.372299 -549.909973 -71.041275
v -242.953171 -549.909973 33.984581
v -234.787918 -549.909973 42.480537
v -244.558456 -549.909973 40.060020
v -224.901520 -549.909973 44.797840
v -207.668610 -549.909973 48.548561
v -189.446030 -549.909973 52.156418
v -170.405212 -549.909973 55.574841
v -150.641647 -549.909973 58.776237
v -33.916862 -549.909973 -39.732021
v -36.819050 -549.909973 -36.819050
v -63.661369 -549.909973 -75.787033
v -39.887936 -549.909973 -33.469952
v -30.794718 -549.909973 -42.407894
v -23.845896 -549.909973 -74.418015
v -42.653248 -549.909973 -29.866125
v -27.471930 -549.909973 -44.830116
v -45.093945 -549.909973 -26.035000
v -23.586449 -549.909973 -46.990696
v -47.191448 -549.909973 -22.005733
v -101.004395 -549.909973 -76.708527
v -130.217545 -549.909973 61.741367
v -19.532331 -549.909973 -48.815308
v -48.929794 -549.909973 -17.808989
v -15.338564 -549.909973 -50.290897
v -50.295757 -549.909973 -13.476707
v -11.035129 -549.909973 -51.406925
v -51.278938 -549.909973 -9.041861
v -6.652795 -549.909973 -52.155407
v -51.871857 -549.909973 -4.538199
v -2.222896 -549.909973 -52.530991
v 19.103159 -549.909973 -72.555565
v -52.070000 -549.909973 0.000000
v 2.222896 -549.909973 -52.530991
v 6.652795 -549.909973 -52.155407
v -109.354050 -549.909973 64.432816
v -51.871857 -549.909973 4.538199
v -51.278938 -549.909973 9.041861
v 11.035129 -549.909973 -51.406925
v -50.295757 -549.909973 13.476707
v 15.338564 -549.909973 -50.290897
v 19.532331 -549.909973 -48.815308
v 23.586449 -549.909973 -46.990696
v -87.895576 -549.909973 66.863106
v -47.191448 -549.909973 22.005733
v -48.929794 -549.909973 17.808989
v 27.471930 -549.909973 -44.830116
v 65.870750 -549.909973 -70.142006
v 30.794718 -549.909973 -42.407894
v 33.916862 -549.909973 -39.732021
v 36.819050 -549.909973 -36.819050
v -66.027908 -549.909973 69.004517
v -36.819050 -549.909973 36.819050
v -39.887936 -549.909973 33.469952
v -42.653248 -549.909973 29.866125
v -45.093945 -549.909973 26.035000
v 39.887936 -549.909973 -33.469952
v 42.653248 -549.909973 -29.866125
v 45.093945 -549.909973 -26.035000
v 47.191448 -549.909973 -22.005733
v -43.754585 -549.909973 70.851677
v -23.586449 -549.909973 46.990696
v -27.471930 -549.909973 44.830116
v -30.794718 -549.909973 42.407894
v -33.916862 -549.909973 39.732021
v 48.929794 -549.909973 -17.808989
v 118.066040 -549.909973 -67.063713
v 50.295757 -549.909973 -13.476707
v 51.278938 -549.909973 -9.041861
v 51.871857 -549.909973 -4.538199
v -6.652795 -549.909973 52.155407
v -21.164816 -549.909973 72.393387
v -11.035129 -549.909973 51.406925
v -15.338564 -549.909973 50.290897
v -19.532331 -549.909973 48.815308
v 52.070000 -549.909973 -0.000000
v 11.035129 -549.909973 51.406925
v 1.794663 -549.909973 73.628670
v 6.652795 -549.909973 52.155407
v 2.222896 -549.909973 52.530991
v -2.222896 -549.909973 52.530991
v 27.471930 -549.909973 44.830116
v 25.120266 -549.909973 74.551544
v 23.586449 -549.909973 46.990696
v 19.532331 -549.909973 48.815308
v 15.338564 -549.909973 50.290897
v 39.887936 -549.909973 33.469952
v 48.563446 -549.909973 68.863388
v 36.819050 -549.909973 36.819050
v 33.916862 -549.909973 39.732021
v 30.794718 -549.909973 42.407894
v 48.470661 -549.909973 75.146698
v 61.262062 -549.909973 69.050911
v 47.191448 -549.909973 22.005733
v 45.093945 -549.909973 26.035000
v 42.653248 -549.909973 29.866125
v 201.136002 -549.909973 -61.572811
v 200.700378 -549.909973 -55.303928
v 159.579529 -549.909973 -64.391869
v 48.929794 -549.909973 17.808989
v 80.265823 -549.909973 75.438904
v 61.169277 -549.909973 75.334213
v 51.278938 -549.909973 9.041861
v 99.362381 -549.909973 75.334473
v 50.295757 -549.909973 13.476707
v 123.673477 -549.909973 74.906937
v 51.871857 -549.909973 4.538199
v 148.268250 -549.909973 74.144905
v 173.014603 -549.909973 73.050697
v 198.140076 -549.909973 71.609222
v 213.369812 -549.909973 -54.423523
v 213.805450 -549.909973 -60.692402
v 342.468109 -549.909973 -51.613636
v 223.388168 -549.909973 69.832214
v 248.898376 -549.909973 67.706612
v 274.679291 -549.909973 65.228058
v 300.628876 -549.909973 62.403706
v 327.236053 -549.909973 59.168983
v 352.909790 -549.909973 49.383892
v 353.801239 -549.909973 55.604336
v 406.815765 -549.909973 -47.313187
v 365.481354 -549.909973 47.582294
v 386.376007 -549.909973 50.787308
v 366.372803 -549.909973 53.802738
v 469.556152 -549.909973 -23.580595
v 467.396637 -549.909973 -21.211720
v 460.156616 -549.909973 -44.096966
v 471.990417 -549.909973 -25.666138
v 465.544586 -549.909973 -18.595421
v 474.662506 -549.909973 -27.436729
v 464.028107 -549.909973 -15.771357
v 477.531921 -549.909973 -28.865534
v 462.870148 -549.909973 -12.782339
v 480.555176 -549.909973 -29.930889
v 462.088287 -549.909973 -9.673677
v 483.686462 -549.909973 -30.616648
v 406.355347 -549.909973 47.594585
v 461.694366 -549.909973 -6.492497
v 461.694366 -549.909973 -3.287021
v 504.082764 -549.909973 -41.804878
v 486.878265 -549.909973 -30.912411
v 490.082214 -549.909973 -30.813698
v 493.249756 -549.909973 -30.322004
v 496.332855 -549.909973 -29.444784
v 499.284790 -549.909973 -28.195335
v 502.060822 -549.909973 -26.592596
v 433.922699 -549.909973 42.899029
v 465.544586 -549.909973 8.815903
v 464.028107 -549.909973 5.991839
v 462.870148 -549.909973 3.002821
v 462.088287 -549.909973 -0.105840
v 504.618835 -549.909973 -24.660866
v 506.920105 -549.909973 -22.429424
v 477.531921 -549.909973 19.086016
v 462.042358 -549.909973 37.770973
v 474.662506 -549.909973 17.657213
v 471.990417 -549.909973 15.886620
v 469.556152 -549.909973 13.801078
v 467.396637 -549.909973 11.432202
v 480.555176 -549.909973 20.151371
v 542.414673 -549.909973 -40.154896
v 508.929688 -549.909973 -19.932100
v 510.617157 -549.909973 -17.206749
v 511.956909 -549.909973 -14.294685
v 512.928650 -549.909973 -11.240052
v 513.517639 -549.909973 -8.089155
v 499.284790 -549.909973 18.415817
v 490.659149 -549.909973 32.212917
v 496.332855 -549.909973 19.665266
v 493.249756 -549.909973 20.542486
v 490.082214 -549.909973 21.034180
v 486.878265 -549.909973 21.132893
v 483.686462 -549.909973 20.837130
v 511.956909 -549.909973 4.515168
v 519.825562 -549.909973 26.207804
v 510.617157 -549.909973 7.427232
v 508.929688 -549.909973 10.152583
v 506.920105 -549.909973 12.649907
v 504.618835 -549.909973 14.881349
v 502.060822 -549.909973 16.813080
v 513.715027 -549.909973 -4.889759
v 549.516907 -549.909973 19.753382
v 513.517639 -549.909973 -1.690362
v 512.928650 -549.909973 1.460535
v 580.153381 -549.909973 12.745207
v 576.578186 -549.909973 -39.028233
v 611.935303 -549.909973 5.123043
v 607.472412 -549.909973 -38.350979
v 632.784302 -549.909973 -38.086060
v 658.079468 -549.909973 -38.123859
v 658.153137 -549.909973 -31.840300
v 644.570740 -549.909973 -3.051935
v 670.778625 -549.909973 -38.272743
v 693.539307 -549.909973 -38.802876
v 670.852295 -549.909973 -31.989183
v 678.306641 -549.909973 -11.855144
v 707.953613 -549.909973 -19.888369
v 713.951416 -549.909973 -39.635010
v 732.086304 -549.909973 -26.731009
v 731.990601 -549.909973 -40.709843
v 748.985352 -549.909973 -42.056259
v 753.247437 -549.909973 -33.070961
v 764.419189 -549.909973 -43.607082
v 779.865051 -549.909973 -45.538422
v 797.708801 -549.909973 -47.060978
v 794.232056 -549.909973 -47.679482
v 802.466003 -549.909973 -49.072140
v 808.527100 -549.909973 -50.235512
v 386.376007 -543.559998 50.787308
v 366.372803 -543.559998 53.802738
v 406.355347 -543.559998 47.594585
v 433.922699 -543.559998 42.899029
v 462.042358 -543.559998 37.770973
v 490.659149 -543.559998 32.212917
v 519.825562 -543.559998 26.207804
v 549.516907 -543.559998 19.753382
v 580.153381 -543.559998 12.745207
v 611.935303 -543.559998 5.123043
v 644.570740 -543.559998 -3.051935
v 678.306641 -543.559998 -11.855144
v 707.953613 -543.559998 -19.888369
v 732.086304 -543.559998 -26.731009
v 753.247437 -543.559998 -33.070961
v 797.708801 -543.559998 -47.060978
v 808.527100 -543.559998 -50.235512
v 365.481354 -543.559998 47.582294
v 352.909790 -543.559998 49.383892
v 353.801239 -543.559998 55.604336
v 61.169277 -543.559998 75.334213
v 80.265823 -543.559998 75.438904
v 99.362381 -543.559998 75.334473
v 123.673477 -543.559998 74.906937
v 148.268250 -543.559998 74.144905
v 173.014603 -543.559998 73.050697
v 198.140076 -543.559998 71.609222
v 223.388168 -543.559998 69.832214
v 248.898376 -543.559998 67.706612
v 274.679291 -543.559998 65.228058
v 300.628876 -543.559998 62.403706
v 327.236053 -543.559998 59.168983
v 61.262062 -543.559998 69.050911
v 48.563446 -543.559998 68.863388
v 48.470661 -543.559998 75.146698
v -234.787918 -543.559998 42.480537
v -244.558456 -543.559998 40.060020
v -224.901520 -543.559998 44.797840
v -207.668610 -543.559998 48.548561
v -189.446030 -543.559998 52.156418
v -170.405212 -543.559998 55.574841
v -150.641647 -543.559998 58.776237
v -130.217545 -543.559998 61.741367
v -109.354050 -543.559998 64.432816
v -87.895576 -543.559998 66.863106
v -66.027908 -543.559998 69.004517
v -43.754585 -543.559998 70.851677
v -21.164816 -543.559998 72.393387
v 1.794663 -543.559998 73.628670
v 25.120266 -543.559998 74.551544
v -242.953171 -543.559998 33.984581
v -255.231781 -543.559998 30.740259
v -256.837067 -543.559998 36.815689
v -400.057037 -543.559998 -48.089718
v -399.497345 -543.559998 -46.291561
v -398.785675 -543.559998 -44.500721
v -396.992371 -543.559998 -40.907730
v -394.620544 -543.559998 -37.052437
v -391.803619 -543.559998 -33.176876
v -384.383942 -543.559998 -24.864838
v -388.296967 -543.559998 -28.993664
v -379.811432 -543.559998 -20.547115
v -374.718781 -543.559998 -16.216074
v -368.635223 -543.559998 -11.545192
v -361.792023 -543.559998 -6.800943
v -354.143799 -543.559998 -1.998194
v -346.316620 -543.559998 2.481709
v -337.829437 -543.559998 6.933372
v -328.554352 -543.559998 11.400526
v -318.728821 -543.559998 15.750501
v -308.191406 -543.559998 20.040344
v -296.798676 -543.559998 24.301777
v -284.607788 -543.559998 28.484789
v -270.805328 -543.559998 32.814007
v -390.162476 -546.734985 -31.149525
v -396.852936 -543.559998 -51.293827
v -400.177704 -543.559998 -54.618599
v -180.098358 -543.559998 -77.272324
v -198.248901 -543.559998 -77.089241
v -216.397064 -543.559998 -76.771751
v -244.825882 -543.559998 -75.981468
v -271.008667 -543.559998 -74.898888
v -294.438995 -543.559998 -73.587204
v -314.806732 -543.559998 -72.112633
v -332.704529 -543.559998 -70.482391
v -348.415741 -543.559998 -68.705429
v -385.118225 -543.559998 -61.936359
v -378.293304 -543.559998 -63.679657
v -390.153198 -543.559998 -60.379250
v -396.806702 -543.559998 -57.512661
v -393.843719 -543.559998 -58.970318
v -398.608826 -543.559998 -56.358761
v -399.528503 -543.559998 -55.549217
v -354.595856 -546.734985 -67.887970
v -360.166138 -543.559998 -67.074547
v -365.411713 -546.734985 -66.225540
v -370.057220 -543.559998 -65.393303
v -374.450195 -546.734985 -64.523117
v -392.113922 -546.734985 -59.671818
v -180.072189 -543.559998 -70.988388
v -167.372299 -543.559998 -71.041275
v -167.398468 -543.559998 -77.325218
v 159.579529 -543.559998 -64.391869
v 201.136002 -543.559998 -61.572811
v 118.066040 -543.559998 -67.063713
v 65.870750 -543.559998 -70.142006
v 19.103159 -543.559998 -72.555565
v -23.845896 -543.559998 -74.418015
v -63.661369 -543.559998 -75.787033
v -101.004395 -543.559998 -76.708527
v -134.211380 -543.559998 -77.193275
v 200.700378 -543.559998 -55.303928
v 213.369812 -543.559998 -54.423523
v 213.805450 -543.559998 -60.692402
v 632.784302 -543.559998 -38.086060
v 658.079468 -543.559998 -38.123859
v 607.472412 -543.559998 -38.350979
v 576.578186 -543.559998 -39.028233
v 542.414673 -543.559998 -40.154896
v 504.082764 -543.559998 -41.804878
v 460.156616 -543.559998 -44.096966
v 406.815765 -543.559998 -47.313187
v 342.468109 -543.559998 -51.613636
v 658.153137 -543.559998 -31.840300
v 670.852295 -543.559998 -31.989183
v 670.778625 -543.559998 -38.272743
v 802.466003 -543.559998 -49.072140
v 794.232056 -543.559998 -47.679482
v 779.865051 -543.559998 -45.538422
v 764.419189 -543.559998 -43.607082
v 748.985352 -543.559998 -42.056259
v 731.990601 -543.559998 -40.709843
v 713.951416 -543.559998 -39.635010
v 693.539307 -543.559998 -38.802876
v 36.819050 -543.559998 -36.819050
v 39.887936 -543.559998 -33.469952
v 42.653248 -543.559998 -29.866125
v 45.093945 -543.559998 -26.035000
v 47.191448 -543.559998 -22.005733
v 48.929794 -543.559998 -17.808989
v 50.295757 -543.559998 -13.476707
v 51.278938 -543.559998 -9.041861
v 51.871857 -543.559998 -4.538199
v 52.070000 -543.559998 -0.000000
v 51.871857 -543.559998 4.538199
v 51.278938 -543.559998 9.041861
v 50.295757 -543.559998 13.476707
v 48.929794 -543.559998 17.808989
v 47.191448 -543.559998 22.005733
v 45.093945 -543.559998 26.035000
v 42.653248 -543.559998 29.866125
v 39.887936 -543.559998 33.469952
v 36.819050 -543.559998 36.819050
v 27.471930 -543.559998 -44.830116
v 30.794718 -543.559998 -42.407894
v 33.916862 -543.559998 -39.732021
v -27.471930 -543.559998 -44.830116
v -23.586449 -543.559998 -46.990696
v -19.532331 -543.559998 -48.815308
v -15.338564 -543.559998 -50.290897
v -11.035129 -543.559998 -51.406925
v -6.652795 -543.559998 -52.155407
v -2.222896 -543.559998 -52.530991
v 2.222896 -543.559998 -52.530991
v 6.652795 -543.559998 -52.155407
v 11.035129 -543.559998 -51.406925
v 15.338564 -543.559998 -50.290897
v 19.532331 -543.559998 -48.815308
v 23.586449 -543.559998 -46.990696
v -36.819050 -543.559998 -36.819050
v -33.916862 -543.559998 -39.732021
v -30.794718 -543.559998 -42.407894
v -36.819050 -543.559998 36.819050
v -39.887936 -543.559998 33.469952
v -42.653248 -543.559998 29.866125
v -45.093945 -543.559998 26.035000
v -47.191448 -543.559998 22.005733
v -48.929794 -543.559998 17.808989
v -50.295757 -543.559998 13.476707
v -51.278938 -543.559998 9.041861
v -51.871857 -543.559998 4.538199
v -52.070000 -543.559998 0.000000
v -51.871857 -543.559998 -4.538199
v -51.278938 -543.559998 -9.041861
v -50.295757 -543.559998 -13.476707
v -48.929794 -543.559998 -17.808989
v -47.191448 -543.559998 -22.005733
v -45.093945 -543.559998 -26.035000
v -42.653248 -543.559998 -29.866125
v -39.887936 -543.559998 -33.469952
v -27.471930 -543.559998 44.830116
v -30.794718 -543.559998 42.407894
v -33.916862 -543.559998 39.732021
v 27.471930 -543.559998 44.830116
v 23.586449 -543.559998 46.990696
v 19.532331 -543.559998 48.815308
v 15.338564 -543.559998 50.290897
v 11.035129 -543.559998 51.406925
v 6.652795 -543.559998 52.155407
v 2.222896 -543.559998 52.530991
v -2.222896 -543.559998 52.530991
v -6.652795 -543.559998 52.155407
v -11.035129 -543.559998 51.406925
v -15.338564 -543.559998 50.290897
v -19.532331 -543.559998 48.815308
v -23.586449 -543.559998 46.990696
v 33.916862 -543.559998 39.732021
v 30.794718 -543.559998 42.407894
v 513.715027 -543.559998 -4.889759
v 513.517639 -543.559998 -1.690362
v 512.928650 -543.559998 1.460535
v 511.956909 -543.559998 4.515168
v 510.617157 -543.559998 7.427232
v 508.929688 -543.559998 10.152583
v 506.920105 -543.559998 12.649907
v 504.618835 -543.559998 14.881349
v 502.060822 -543.559998 16.813080
v 499.284790 -543.559998 18.415817
v 496.332855 -543.559998 19.665266
v 493.249756 -543.559998 20.542486
v 490.082214 -543.559998 21.034180
v 486.878265 -543.559998 21.132893
v 483.686462 -543.559998 20.837130
v 480.555176 -543.559998 20.151371
v 477.531921 -543.559998 19.086016
v 474.662506 -543.559998 17.657213
v 471.990417 -543.559998 15.886620
v 469.556152 -543.559998 13.801078
v 467.396637 -543.559998 11.432202
v 465.544586 -543.559998 8.815903
v 464.028107 -543.559998 5.991839
v 462.870148 -543.559998 3.002821
v 462.088287 -543.559998 -0.105840
v 461.694366 -543.559998 -3.287021
v 461.694366 -543.559998 -6.492497
v 462.088287 -543.559998 -9.673677
v 462.870148 -543.559998 -12.782339
v 464.028107 -543.559998 -15.771357
v 465.544586 -543.559998 -18.595421
v 467.396637 -543.559998 -21.211720
v 469.556152 -543.559998 -23.580595
v 471.990417 -543.559998 -25.666138
v 474.662506 -543.559998 -27.436729
v 477.531921 -543.559998 -28.865534
v 480.555176 -543.559998 -29.930889
v 483.686462 -543.559998 -30.616648
v 486.878265 -543.559998 -30.912411
v 490.082214 -543.559998 -30.813698
v 493.249756 -543.559998 -30.322004
v 496.332855 -543.559998 -29.444784
v 499.284790 -543.559998 -28.195335
v 502.060822 -543.559998 -26.592596
v 504.618835 -543.559998 -24.660866
v 506.920105 -543.559998 -22.429424
v 508.929688 -543.559998 -19.932100
v 510.617157 -543.559998 -17.206749
v 511.956909 -543.559998 -14.294685
v 512.928650 -543.559998 -11.240052
v 513.517639 -543.559998 -8.089155
v -399.528503 -549.909973 -55.549217
v -396.852936 -549.909973 -51.293827
v -400.177704 -549.909973 -54.618599
v -398.608826 -549.909973 -56.358761
v -396.806702 -549.909973 -57.512661
v -393.843719 -549.909973 -58.970318
v -390.153198 -549.909973 -60.379250
v -385.118225 -549.909973 -61.936359
v -399.497345 -549.909973 -46.291561
v -400.057037 -549.909973 -48.089718
v -398.785675 -549.909973 -44.500721
v -396.992371 -549.909973 -40.907730
v -394.620544 -549.909973 -37.052437
v -391.803619 -549.909973 -33.176876
v -378.293304 -549.909973 -63.679657
v -388.296967 -549.909973 -28.993664
v -384.383942 -549.909973 -24.864838
v -370.057220 -549.909973 -65.393303
v -379.811432 -549.909973 -20.547115
v -360.166138 -549.909973 -67.074547
v -374.718781 -549.909973 -16.216074
v -368.635223 -549.909973 -11.545192
v -348.415741 -549.909973 -68.705429
v -361.792023 -549.909973 -6.800943
v -354.143799 -549.909973 -1.998194
v -332.704529 -549.909973 -70.482391
v -346.316620 -549.909973 2.481709
v -337.829437 -549.909973 6.933372
v -314.806732 -549.909973 -72.112633
v -328.554352 -549.909973 11.400526
v -318.728821 -549.909973 15.750501
v -294.438995 -549.909973 -73.587204
v -308.191406 -549.909973 20.040344
v -296.798676 -549.909973 24.301777
v -271.008667 -549.909973 -74.898888
v -284.607788 -549.909973 28.484789
v -198.248901 -549.909973 -77.089241
v -180.072189 -549.909973 -70.988388
v -216.397064 -549.909973 -76.771751
v -180.098358 -549.909973 -77.272324
v -255.231781 -549.909973 30.740259
v -270.805328 -549.909973 32.814007
v -244.825882 -549.909973 -75.981468
v -256.837067 -549.909973 36.815689
v -167.398468 -549.909973 -77.325218
v -134.211380 -549.909973 -77.193275
v -167.372299 -549.909973 -71.041275
v -242.953171 -549.909973 33.984581
v -234.787918 -549.909973 42.480537
v -244.558456 -549.909973 40.060020
v -224.901520 -549.909973 44.797840
v -207.668610 -549.909973 48.548561
v -189.446030 -549.909973 52.156418
v -170.405212 -549.909973 55.574841
v -150.641647 -549.909973 58.776237
v -33.916862 -549.909973 -39.732021
v -36.819050 -549.909973 -36.819050
v -63.661369 -549.909973 -75.787033
v -39.887936 -549.909973 -33.469952
v -30.794718 -549.909973 -42.407894
v -23.845896 -549.909973 -74.418015
v -42.653248 -549.909973 -29.866125
v -27.471930 -549.909973 -44.830116
v -45.093945 -549.909973 -26.035000
v -23.586449 -549.909973 -46.990696
v -47.191448 -549.909973 -22.005733
v -101.004395 -549.909973 -76.708527
v -130.217545 -549.909973 61.741367
v -19.532331 -549.909973 -48.815308
v -48.929794 -549.909973 -17.808989
v -15.338564 -549.909973 -50.290897
v -50.295757 -549.909973 -13.476707
v -11.035129 -549.909973 -51.406925
v -51.278938 -549.909973 -9.041861
v -6.652795 -549.909973 -52.155407
v -51.871857 -549.909973 -4.538199
v -2.222896 -549.909973 -52.530991
v 19.103159 -549.909973 -72.555565
v -52.070000 -549.909973 0.000000
v 2.222896 -549.909973 -52.530991
v 6.652795 -549.909973 -52.155407
v -109.354050 -549.909973 64.432816
v -51.871857 -549.909973 4.538199
v -51.278938 -549.909973 9.041861
v 11.035129 -549.909973 -51.406925
v -50.295757 -549.909973 13.476707
v 15.338564 -549.909973 -50.290897
v 19.532331 -549.909973 -48.815308
v 23.586449 -549.909973 -46.990696
v -87.895576 -549.909973 66.863106
v -47.191448 -549.909973 22.005733
v -48.929794 -549.909973 17.808989
v 27.471930 -549.909973 -44.830116
v 65.870750 -549.909973 -70.142006
v 30.794718 -549.909973 -42.407894
v 33.916862 -549.909973 -39.732021
v 36.819050 -549.909973 -36.819050
v -66.027908 -549.909973 69.004517
v -36.819050 -549.909973 36.819050
v -39.887936 -549.909973 33.469952
v -42.653248 -549.909973 29.866125
v -45.093945 -549.909973 26.035000
v 39.887936 -549.909973 -33.469952
v 42.653248 -549.909973 -29.866125
v 45.093945 -549.909973 -26.035000
v 47.191448 -549.909973 -22.005733
v -43.754585 -549.909973 70.851677
v -23.586449 -549.909973 46.990696
v -27.471930 -549.909973 44.830116
v -30.794718 -549.909973 42.407894
v -33.916862 -549.909973 39.732021
v 48.929794 -549.909973 -17.808989
v 118.066040 -549.909973 -67.063713
v 50.295757 -549.909973 -13.476707
v 51.278938 -549.909973 -9.041861
v 51.871857 -549.909973 -4.538199
v -6.652795 -549.909973 52.155407
v -21.164816 -549.909973 72.393387
v -11.035129 -549.909973 51.406925
v -15.338564 -549.909973 50.290897
v -19.532331 -549.909973 48.815308
v 52.070000 -549.909973 -0.000000
v 11.035129 -549.909973 51.406925
v 1.794663 -549.909973 73.628670
v 6.652795 -549.909973 52.155407
v 2.222896 -549.909973 52.530991
v -2.222896 -549.909973 52.530991
v 27.471930 -549.909973 44.830116
v 25.120266 -549.909973 74.551544
v 23.586449 -549.909973 46.990696
v 19.532331 -549.909973 48.815308
v 15.338564 -549.909973 50.290897
v 39.887936 -549.909973 33.469952
v 48.563446 -549.909973 68.863388
v 36.819050 -549.909973 36.819050
v 33.916862 -549.909973 39.732021
v 30.794718 -549.909973 42.407894
v 48.470661 -549.909973 75.146698
v 61.262062 -549.909973 69.050911
v 47.191448 -549.909973 22.005733
v 45.093945 -549.909973 26.035000
v 42.653248 -549.909973 29.866125
v 201.136002 -549.909973 -61.572811
v 200.700378 -549.909973 -55.303928
v 159.579529 -549.909973 -64.391869
v 48.929794 -549.909973 17.808989
v 80.265823 -549.909973 75.438904
v 61.169277 -549.909973 75.334213
v 51.278938 -549.909973 9.041861
v 99.362381 -549.909973 75.334473
v 50.295757 -549.909973 13.476707
v 123.673477 -549.909973 74.906937
v 51.871857 -549.909973 4.538199
v 148.268250 -549.909973 74.144905
v 173.014603 -549.909973 73.050697
v 198.140076 -549.909973 71.609222
v 213.369812 -549.909973 -54.423523
v 213.805450 -549.909973 -60.692402
v 342.468109 -549.909973 -51.613636
v 223.388168 -549.909973 69.832214
v 248.898376 -549.909973 67.706612
v 274.679291 -549.909973 65.228058
v 300.628876 -549.909973 62.403706
v 327.236053 -549.909973 59.168983
v 352.909790 -549.909973 49.383892
v 353.801239 -549.909973 55.604336
v 406.815765 -549.909973 -47.313187
v 365.481354 -549.909973 47.582294
v 386.376007 -549.909973 50.787308
v 366.372803 -549.909973 53.802738
v 469.556152 -549.909973 -23.580595
v 467.396637 -549.909973 -21.211720
v 460.156616 -549.909973 -44.096966
v 471.990417 -549.909973 -25.666138
v 465.544586 -549.909973 -18.595421
v 474.662506 -549.909973 -27.436729
v 464.028107 -549.909973 -15.771357
v 477.531921 -549.909973 -28.865534
v 462.870148 -549.909973 -12.782339
v 480.555176 -549.909973 -29.930889
v 462.088287 -549.909973 -9.673677
v 483.686462 -549.909973 -30.616648
v 406.355347 -549.909973 47.594585
v 461.694366 -549.909973 -6.492497
v 461.694366 -549.909973 -3.287021
v 504.082764 -549.909973 -41.804878
v 486.878265 -549.909973 -30.912411
v 490.082214 -549.909973 -30.813698
v 493.249756 -549.909973 -30.322004
v 496.332855 -549.909973 -29.444784
v 499.284790 -549.909973 -28.195335
v 502.060822 -549.909973 -26.592596
v 433.922699 -549.909973 42.899029
v 465.544586 -549.909973 8.815903
v 464.028107 -549.909973 5.991839
v 462.870148 -549.909973 3.002821
v 462.088287 -549.909973 -0.105840
v 504.618835 -549.909973 -24.660866
v 506.920105 -549.909973 -22.429424
v 477.531921 -549.909973 19.086016
v 462.042358 -549.909973 37.770973
v 474.662506 -549.909973 17.657213
v 471.990417 -549.909973 15.886620
v 469.556152 -549.909973 13.801078
v 467.396637 -549.909973 11.432202
v 480.555176 -549.909973 20.151371
v 542.414673 -549.909973 -40.154896
v 508.929688 -549.909973 -19.932100
v 510.617157 -549.909973 -17.206749
v 511.956909 -549.909973 -14.294685
v 512.928650 -549.909973 -11.240052
v 513.517639 -549.909973 -8.089155
v 499.284790 -549.909973 18.415817
v 490.659149 -549.909973 32.212917
v 496.332855 -549.909973 19.665266
v 493.249756 -549.909973 20.542486
v 490.082214 -549.909973 21.034180
v 486.878265 -549.909973 21.132893
v 483.686462 -549.909973 20.837130
v 511.956909 -549.909973 4.515168
v 519.825562 -549.909973 26.207804
v 510.617157 -549.909973 7.427232
v 508.929688 -549.909973 10.152583
v 506.920105 -549.909973 12.649907
v 504.618835 -549.909973 14.881349
v 502.060822 -549.909973 16.813080
v 513.715027 -549.909973 -4.889759
v 549.516907 -549.909973 19.753382
v 513.517639 -549.909973 -1.690362
v 512.928650 -549.909973 1.460535
v 580.153381 -549.909973 12.745207
v 576.578186 -549.909973 -39.028233
v 611.935303 -549.909973 5.123043
v 607.472412 -549.909973 -38.350979
v 632.784302 -549.909973 -38.086060
v 658.079468 -549.909973 -38.123859
v 658.153137 -549.909973 -31.840300
v 644.570740 -549.909973 -3.051935
v 670.778625 -549.909973 -38.272743
v 693.539307 -549.909973 -38.802876
v 670.852295 -549.909973 -31.989183
v 678.306641 -549.909973 -11.855144
v 707.953613 -549.909973 -19.888369
v 713.951416 -549.909973 -39.635010
v 732.086304 -549.909973 -26.731009
v 731.990601 -549.909973 -40.709843
v 748.985352 -549.909973 -42.056259
v 753.247437 -549.909973 -33.070961
v 764.419189 -549.909973 -43.607082
v 779.865051 -549.909973 -45.538422
v 797.708801 -549.909973 -47.060978
v 794.232056 -549.909973 -47.679482
v 802.466003 -549.909973 -49.072140
v 808.527100 -549.909973 -50.235512
v 386.376007 -543.559998 50.787308
v 366.372803 -543.559998 53.802738
v 406.355347 -543.559998 47.594585
v 433.922699 -543.559998 42.899029
v 462.042358 -543.559998 37.770973
v 490.659149 -543.559998 32.212917
v 519.825562 -543.559998 26.207804
v 549.516907 -543.559998 19.753382
v 580.153381 -543.559998 12.745207
v 611.935303 -543.559998 5.123043
v 644.570740 -543.559998 -3.051935
v 678.306641 -543.559998 -11.855144
v 707.953613 -543.559998 -19.888369
v 732.086304 -543.559998 -26.731009
v 753.247437 -543.559998 -33.070961
v 797.708801 -543.559998 -47.060978
v 808.527100 -543.559998 -50.235512
v 365.481354 -543.559998 47.582294
v 352.909790 -543.559998 49.383892
v 353.801239 -543.559998 55.604336
v 61.169277 -543.559998 75.334213
v 80.265823 -543.559998 75.438904
v 99.362381 -543.559998 75.334473
v 123.673477 -543.559998 74.906937
v 148.268250 -543.559998 74.144905
v 173.014603 -543.559998 73.050697
v 198.140076 -543.559998 71.609222
v 223.388168 -543.559998 69.832214
v 248.898376 -543.559998 67.706612
v 274.679291 -543.559998 65.228058
v 300.628876 -543.559998 62.403706
v 327.236053 -543.559998 59.168983
v 61.262062 -543.559998 69.050911
v 48.563446 -543.559998 68.863388
v 48.470661 -543.559998 75.146698
v -234.787918 -543.559998 42.480537
v -244.558456 -543.559998 40.060020
v -224.901520 -543.559998 44.797840
v -207.668610 -543.559998 48.548561
v -189.446030 -543.559998 52.156418
v -170.405212 -543.559998 55.574841
v -150.641647 -543.559998 58.776237
v -130.217545 -543.559998 61.741367
v -109.354050 -543.559998 64.432816
v -87.895576 -543.559998 66.863106
v -66.027908 -543.559998 69.004517
v -43.754585 -543.559998 70.851677
v -21.164816 -543.559998 72.393387
v 1.794663 -543.559998 73.628670
v 25.120266 -543.559998 74.551544
v -242.953171 -543.559998 33.984581
v -255.231781 -543.559998 30.740259
v -256.837067 -543.559998 36.815689
v -400.057037 -543.559998 -48.089718
v -399.497345 -543.559998 -46.291561
v -398.785675 -543.559998 -44.500721
v -396.992371 -543.559998 -40.907730
v -394.620544 -543.559998 -37.052437
v -391.803619 -543.559998 -33.176876
v -384.383942 -543.559998 -24.864838
v -388.296967 -543.559998 -28.993664
v -379.811432 -543.559998 -20.547115
v -374.718781 -543.559998 -16.216074
v -368.635223 -543.559998 -11.545192
v -361.792023 -543.559998 -6.800943
v -354.143799 -543.559998 -1.998194
v -346.316620 -543.559998 2.481709
v -337.829437 -543.559998 6.933372
v -328.554352 -543.559998 11.400526
v -318.728821 -543.559998 15.750501
v -308.191406 -543.559998 20.040344
v -296.798676 -543.559998 24.301777
v -284.607788 -543.559998 28.484789
v -270.805328 -543.559998 32.814007
v -390.162476 -546.734985 -31.149525
v -396.852936 -543.559998 -51.293827
v -400.177704 -543.559998 -54.618599
v -180.098358 -543.559998 -77.272324
v -198.248901 -543.559998 -77.089241
v -216.397064 -543.559998 -76.771751
v -244.825882 -543.559998 -75.981468
v -271.008667 -543.559998 -74.898888
v -294.438995 -543.559998 -73.587204
v -314.806732 -543.559998 -72.112633
v -332.704529 -543.559998 -70.482391
v -348.415741 -543.559998 -68.705429
v -385.118225 -543.559998 -61.936359
v -378.293304 -543.559998 -63.679657
v -390.153198 -543.559998 -60.379250
v -396.806702 -543.559998 -57.512661
v -393.843719 -543.559998 -58.970318
v -398.608826 -543.559998 -56.358761
v -399.528503 -543.559998 -55.549217
v -354.595856 -546.734985 -67.887970
v -360.166138 -543.559998 -67.074547
v -365.411713 -546.734985 -66.225540
v -370.057220 -543.559998 -65.393303
v -374.450195 -546.734985 -64.523117
v -392.113922 -546.734985 -59.671818
v -180.072189 -543.559998 -70.988388
v -167.372299 -543.559998 -71.041275
v -167.398468 -543.559998 -77.325218
v 159.579529 -543.559998 -64.391869
v 201.136002 -543.559998 -61.572811
v 118.066040 -543.559998 -67.063713
v 65.870750 -543.559998 -70.142006
v 19.103159 -543.559998 -72.555565
v -23.845896 -543.559998 -74.418015
v -63.661369 -543.559998 -75.787033
v -101.004395 -543.559998 -76.708527
v -134.211380 -543.559998 -77.193275
v 200.700378 -543.559998 -55.303928
v 213.369812 -543.559998 -54.423523
v 213.805450 -543.559998 -60.692402
v 632.784302 -543.559998 -38.086060
v 658.079468 -543.559998 -38.123859
v 607.472412 -543.559998 -38.350979
v 576.578186 -543.559998 -39.028233
v 542.414673 -543.559998 -40.154896
v 504.082764 -543.559998 -41.804878
v 460.156616 -543.559998 -44.096966
v 406.815765 -543.559998 -47.313187
v 342.468109 -543.559998 -51.613636
v 658.153137 -543.559998 -31.840300
v 670.852295 -543.559998 -31.989183
v 670.778625 -543.559998 -38.272743
v 802.466003 -543.559998 -49.072140
v 794.232056 -543.559998 -47.679482
v 779.865051 -543.559998 -45.538422
v 764.419189 -543.559998 -43.607082
v 748.985352 -543.559998 -42.056259
v 731.990601 -543.559998 -40.709843
v 713.951416 -543.559998 -39.635010
v 693.539307 -543.559998 -38.802876
v 36.819050 -543.559998 -36.819050
v 39.887936 -543.559998 -33.469952
v 42.653248 -543.559998 -29.866125
v 45.093945 -543.559998 -26.035000
v 47.191448 -543.559998 -22.005733
v 48.929794 -543.559998 -17.808989
v 50.295757 -543.559998 -13.476707
v 51.278938 -543.559998 -9.041861
v 51.871857 -543.559998 -4.538199
v 52.070000 -543.559998 -0.000000
v 51.871857 -543.559998 4.538199
v 51.278938 -543.559998 9.041861
v 50.295757 -543.559998 13.476707
v 48.929794 -543.559998 17.808989
v 47.191448 -543.559998 22.005733
v 45.093945 -543.559998 26.035000
v 42.653248 -543.559998 29.866125
v 39.887936 -543.559998 33.469952
v 36.819050 -543.559998 36.819050
v 27.471930 -543.559998 -44.830116
v 30.794718 -543.559998 -42.407894
v 33.916862 -543.559998 -39.732021
v -27.471930 -543.559998 -44.830116
v -23.586449 -543.559998 -46.990696
v -19.532331 -543.559998 -48.815308
v -15.338564 -543.559998 -50.290897
v -11.035129 -543.559998 -51.406925
v -6.652795 -543.559998 -52.155407
v -2.222896 -543.559998 -52.530991
v 2.222896 -543.559998 -52.530991
v 6.652795 -543.559998 -52.155407
v 11.035129 -543.559998 -51.406925
v 15.338564 -543.559998 -50.290897
v 19.532331 -543.559998 -48.815308
v 23.586449 -543.559998 -46.990696
v -36.819050 -543.559998 -36.819050
v -33.916862 -543.559998 -39.732021
v -30.794718 -543.559998 -42.407894
v -36.819050 -543.559998 36.819050
v -39.887936 -543.559998 33.469952
v -42.653248 -543.559998 29.866125
v -45.093945 -543.559998 26.035000
v -47.191448 -543.559998 22.005733
v -48.929794 -543.559998 17.808989
v -50.295757 -543.559998 13.476707
v -51.278938 -543.559998 9.041861
v -51.871857 -543.559998 4.538199
v -52.070000 -543.559998 0.000000
v -51.871857 -543.559998 -4.538199
v -51.278938 -543.559998 -9.041861
v -50.295757 -543.559998 -13.476707
v -48.929794 -543.559998 -17.808989
v -47.191448 -543.559998 -22.005733
v -45.093945 -543.559998 -26.035000
v -42.653248 -543.559998 -29.866125
v -39.887936 -543.559998 -33.469952
v -27.471930 -543.559998 44.830116
v -30.794718 -543.559998 42.407894
v -33.916862 -543.559998 39.732021
v 27.471930 -543.559998 44.830116
v 23.586449 -543.559998 46.990696
v 19.532331 -543.559998 48.815308
v 15.338564 -543.559998 50.290897
v 11.035129 -543.559998 51.406925
v 6.652795 -543.559998 52.155407
v 2.222896 -543.559998 52.530991
v -2.222896 -543.559998 52.530991
v -6.652795 -543.559998 52.155407
v -11.035129 -543.559998 51.406925
v -15.338564 -543.559998 50.290897
v -19.532331 -543.559998 48.815308
v -23.586449 -543.559998 46.990696
v 33.916862 -543.559998 39.732021
v 30.794718 -543.559998 42.407894
v 513.715027 -543.559998 -4.889759
v 513.517639 -543.559998 -1.690362
v 512.928650 -543.559998 1.460535
v 511.956909 -543.559998 4.515168
v 510.617157 -543.559998 7.427232
v 508.929688 -543.559998 10.152583
v 506.920105 -543.559998 12.649907
v 504.618835 -543.559998 14.881349
v 502.060822 -543.559998 16.813080
v 499.284790 -543.559998 18.415817
v 496.332855 -543.559998 19.665266
v 493.249756 -543.559998 20.542486
v 490.082214 -543.559998 21.034180
v 486.878265 -543.559998 21.132893
v 483.686462 -543.559998 20.837130
v 480.555176 -543.559998 20.151371
v 477.531921 -543.559998 19.086016
v 474.662506 -543.559998 17.657213
v 471.990417 -543.559998 15.886620
v 469.556152 -543.559998 13.801078
v 467.396637 -543.559998 11.432202
v 465.544586 -543.559998 8.815903
v 464.028107 -543.559998 5.991839
v 462.870148 -543.559998 3.002821
v 462.088287 -543.559998 -0.105840
v 461.694366 -543.559998 -3.287021
v 461.694366 -543.559998 -6.492497
v 462.088287 -543.559998 -9.673677
v 462.870148 -543.559998 -12.782339
v 464.028107 -543.559998 -15.771357
v 465.544586 -543.559998 -18.595421
v 467.396637 -543.559998 -21.211720
v 469.556152 -543.559998 -23.580595
v 471.990417 -543.559998 -25.666138
v 474.662506 -543.559998 -27.436729
v 477.531921 -543.559998 -28.865534
v 480.555176 -543.559998 -29.930889
v 483.686462 -543.559998 -30.616648
v 486.878265 -543.559998 -30.912411
v 490.082214 -543.559998 -30.813698
v 493.249756 -543.559998 -30.322004
v 496.332855 -543.559998 -29.444784
v 499.284790 -543.559998 -28.195335
v 502.060822 -543.559998 -26.592596
v 504.618835 -543.559998 -24.660866
v 506.920105 -543.559998 -22.429424
v 508.929688 -543.559998 -19.932100
v 510.617157 -543.559998 -17.206749
v 511.956909 -543.559998 -14.294685
v 512.928650 -543.559998 -11.240052
v 513.517639 -543.559998 -8.089155
vn 0.000000 -1.000000 0.000000
vn 0.000000 -1.000000 0.000000
vn 0.000000 -1.000000 0.000000
vn 0.000000 -1.000000 0.000000
vn 0.000000 -1.000000 0.000000
vn 0.000000 -1.000000 0.000000
vn 0.000000 -1.000000 0.000000
vn 0.000000 -1.000000 0.000000
vn 0.000000 -1.000000 0.000000
vn 0.000000 -1.000000 0.000000
vn 0.000000 -1.000000 0.000000
vn 0.000000 -1.000000 0.000000
vn 0.000000 -1.000000 0.000000
vn 0.000000 -1.000000 0.000000
vn 0.000000 -1.000000 0.000000
vn 0.000000 -1.000000 0.000000
vn 0.000000 -1.000000 0.000000
vn 0.000000 -1.000000 0.000000
vn 0.000000 -1.000000 0.000000
vn 0.000000 -1.000000 0.000000
vn 0.000000 -1.000000 0.000000
vn 0.000000 -1.000000 0.000000
vn 0.000000 -1.000000 0.000000
vn 0.000000 -1.000000 0.000000
vn 0.000000 -1.000000 0.000000
vn 0.000000 -1.000000 0.000000
vn 0.000000 -1.000000 0.000000
vn 0.000000 -1.000000 0.000000
vn 0.000000 -1.000000 0.000000
vn 0.000000 -1.000000 0.000000
vn 0.000000 -1.000000 0.000000
vn 0.000000 -1.000000 0.000000
vn 0.000000 -1.000000 0.000000
vn 0.000000 -1.000000 0.000000
vn 0.000000 -1.000000 0.000000
vn 0.000000 -1.000000 0.000000
vn 0.000000 -1.000000 0.000000
vn 0.000000 -1.000000 0.000000
vn 0.000000 -1.000000 0.000000
vn 0.000000 -1.000000 0.000000
vn 0.000000 -1.000000 0.000000
vn -0.000000 -1.000000 0.000000
vn 0.000000 -1.000000 0.000000
vn 0.000000 -1.000000 0.000000
vn 0.000000 -1.000000 0.000000
vn 0.000000 -1.000000 0.000000
vn 0.000000 -1.000000 0.000000
vn 0.000000 -1.000000 0.000000
vn 0.000000 -1.000000 0.000000
vn 0.000000 -1.000000 0.000000
vn 0.000000 -1.000000 0.000000
vn 0.000000 -1.000000 0.000000
vn 0.000000 -1.000000 0.000000
vn -0.000000 -1.000000 0.000000
vn -0.000000 -1.000000 0.000000
vn 0.000000 -1.000000 0.000000
vn -0.000000 -1.000000 0.000000
vn -0.000000 -1.000000 0.000000
vn 0.000000 -1.000000 0.000000
vn -0.000000 -1.000000 0.000000
vn 0.000000 -1.000000 0.000000
vn -0.000000 -1.000000 0.000000
vn -0.000000 -1.000000 0.000000
vn 0.000000 -1.000000 0.000000
vn 0.000000 -1.000000 0.000000
vn -0.000000 -1.000000 0.000000
vn 0.000000 -1.000000 0.000000
vn -0.000000 -1.000000 0.000000
vn 0.000000 -1.000000 0.000000
vn -0.000000 -1.000000 0.000000
vn 0.000000 -1.000000 0.000000
vn -0.000000 -1.000000 0.000000
vn 0.000000 -1.000000 0.000000
vn -0.000000 -1.000000 0.000000
vn 0.000000 -1.000000 0.000000
vn 0.000000 -1.000000 0.000000
vn 0.000000 -1.000000 0.000000
vn 0.000000 -1.000000 0.000000
vn 0.000000 -1.000000 0.000000
vn 0.000000 -1.000000 0.000000
vn -0.000000 -1.000000 0.000000
vn 0.000000 -1.000000 0.000000
vn 0.000000 -1.000000 0.000000
vn 0.000000 -1.000000 0.000000
vn 0.000000 -1.000000 0.000000
vn 0.000000 -1.000000 0.000000
vn 0.000000 -1.000000 0.000000
vn 0.000000 -1.000000 0.000000
vn -0.000000 -1.000000 0.000000
vn -0.000000 -1.000000 0.000000
vn 0.000000 -1.000000 0.000000
vn 0.000000 -1.000000 0.000000
vn 0.000000 -1.000000 0.000000
vn 0.000000 -1.000000 0.000000
vn 0.000000 -1.000000 0.000000
vn 0.000000 -1.000000 0.000000
vn -0.000000 -1.000000 0.000000
vn -0.000000 -1.000000 0.000000
vn -0.000000 -1.000000 0.000000
vn -0.000000 -1.000000 0.000000
vn 0.000000 -1.000000 0.000000
vn 0.000000 -1.000000 0.000000
vn 0.000000 -1.000000 0.000000
vn 0.000000 -1.000000 0.000000
vn 0.000000 -1.000000 0.000000
vn -0.000000 -1.000000 0.000000
vn -0.000000 -1.000000 0.000000
vn -0.000000 -1.000000 0.000000
vn -0.000000 -1.000000 0.000000
vn 0.000000 -1.000000 0.000000
vn 0.000000 -1.000000 0.000000
vn 0.000000 -1.000000 0.000000
vn 0.000000 -1.000000 0.000000
vn 0.000000 -1.000000 0.000000
vn -0.000000 -1.000000 0.000000
vn -0.000000 -1.000000 0.000000
vn -0.000000 -1.000000 0.000000
vn -0.000000 -1.000000 0.000000
vn 0.000000 -1.000000 0.000000
vn 0.000000 -1.000000 0.000000
vn 0.000000 -1.000000 0.000000
vn 0.000000 -1.000000 0.000000
vn 0.000000 -1.000000 0.000000
vn -0.000000 -1.000000 0.000000
vn 0.000000 -1.000000 0.000000
vn 0.000000 -1.000000 0.000000
vn 0.000000 -1.000000 0.000000
vn 0.000000 -1.000000 0.000000
vn 0.000000 -1.000000 0.000000
vn 0.000000 -1.000000 0.000000
vn 0.000000 -1.000000 0.000000
vn 0.000000 -1.000000 0.000000
vn 0.000000 -1.000000 0.000000
vn 0.000000 -1.000000 0.000000
vn 0.000000 -1.000000 0.000000
vn 0.000000 -1.000000 0.000000
vn 0.000000 -1.000000 0.000000
vn 0.000000 -1.000000 0.000000
vn 0.000000 -1.000000 0.000000
vn 0.000000 -1.000000 0.000000
vn -0.000000 -1.000000 0.000000
vn 0.000000 -1.000000 0.000000
vn 0.000000 -1.000000 0.000000
vn 0.000000 -1.000000 0.000000
vn 0.000000 -1.000000 0.000000
vn 0.000000 -1.000000 0.000000
vn 0.000000 -1.000000 0.000000
vn 0.000000 -1.000000 0.000000
vn 0.000000 -1.000000 0.000000
vn 0.000000 -1.000000 0.000000
vn 0.000000 -1.000000 0.000000
vn 0.000000 -1.000000 0.000000
vn -0.000000 -1.000000 0.000000
vn 0.000000 -1.000000 0.000000
vn -0.000000 -1.000000 0.000000
vn 0.000000 -1.000000 0.000000
vn -0.000000 -1.000000 0.000000
vn 0.000000 -1.000000 0.000000
vn 0.000000 -1.000000 0.000000
vn 0.000000 -1.000000 0.000000
vn -0.000000 -1.000000 0.000000
vn 0.000000 -1.000000 0.000000
vn 0.000000 -1.000000 0.000000
vn 0.000000 -1.000000 0.000000
vn 0.000000 -1.000000 0.000000
vn 0.000000 -1.000000 0.000000
vn -0.000000 -1.000000 0.000000
vn 0.000000 -1.000000 0.000000
vn 0.000000 -1.000000 0.000000
vn 0.000000 -1.000000 0.000000
vn -0.000000 -1.000000 0.000000
vn 0.000000 -1.000000 0.000000
vn -0.000000 -1.000000 0.000000
vn 0.000000 -1.000000 0.000000
vn -0.000000 -1.000000 0.000000
vn 0.000000 -1.000000 0.000000
vn -0.000000 -1.000000 0.000000
vn -0.000000 -1.000000 0.000000
vn 0.000000 -1.000000 0.000000
vn -0.000000 -1.000000 0.000000
vn 0.000000 -1.000000 0.000000
vn 0.000000 -1.000000 0.000000
vn -0.000000 -1.000000 0.000000
vn -0.000000 -1.000000 0.000000
vn 0.000000 -1.000000 0.000000
vn 0.000000 -1.000000 0.000000
vn 0.000000 -1.000000 0.000000
vn 0.000000 -1.000000 0.000000
vn 0.000000 -1.000000 0.000000
vn 0.000000 -1.000000 0.000000
vn 0.000000 -1.000000 0.000000
vn -0.000000 -1.000000 0.000000
vn -0.000000 -1.000000 0.000000
vn -0.000000 -1.000000 0.000000
vn -0.000000 -1.000000 0.000000
vn -0.000000 -1.000000 0.000000
vn 0.000000 -1.000000 0.000000
vn 0.000000 -1.000000 0.000000
vn 0.000000 -1.000000 0.000000
vn -0.000000 -1.000000 0.000000
vn -0.000000 -1.000000 0.000000
vn -0.000000 -1.000000 0.000000
vn -0.000000 -1.000000 0.000000
vn -0.000000 -1.000000 0.000000
vn 0.000000 -1.000000 0.000000
vn 0.000000 -1.000000 0.000000
vn 0.000000 -1.000000 0.000000
vn 0.000000 -1.000000 0.000000
vn 0.000000 -1.000000 0.000000
vn 0.000000 -1.000000 0.000000
vn 0.000000 -1.000000 0.000000
vn 0.000000 -1.000000 0.000000
vn 0.000000 -1.000000 0.000000
vn 0.000000 -1.000000 0.000000
vn 0.000000 -1.000000 0.000000
vn 0.000000 -1.000000 0.000000
vn -0.000000 -1.000000 0.000000
vn -0.000000 -1.000000 0.000000
vn 0.000000 -1.000000 0.000000
vn 0.000000 -1.000000 0.000000
vn 0.000000 -1.000000 0.000000
vn 0.000000 -1.000000 0.000000
vn 0.000000 -1.000000 0.000000
vn 0.000000 -1.000000 0.000000
vn 0.000000 -1.000000 0.000000
vn 0.000000 -1.000000 0.000000
vn 0.000000 -1.000000 0.000000
vn 0.000000 -1.000000 0.000000
vn 0.000000 -1.000000 0.000000
vn 0.000000 -1.000000 0.000000
vn 0.000000 -1.000000 0.000000
vn 0.000000 -1.000000 0.000000
vn 0.000000 -1.000000 0.000000
vn -0.000000 -1.000000 0.000000
vn 0.000000 -1.000000 0.000000
vn -0.000000 -1.000000 0.000000
vn -0.000000 -1.000000 0.000000
vn 0.000000 -1.000000 0.000000
vn 0.000000 -1.000000 0.000000
vn -0.000000 -1.000000 0.000000
vn 0.000000 -1.000000 0.000000
vn 0.000000 -1.000000 0.000000
vn 0.000000 -1.000000 0.000000
vn 0.000000 -1.000000 0.000000
vn 0.000000 -1.000000 0.000000
vn 0.000000 -1.000000 0.000000
vn 0.000000 -1.000000 0.000000
vn 0.000000 -1.000000 0.000000
vn 0.000000 -1.000000 0.000000
vn 0.000000 -1.000000 0.000000
vn 0.000000 -1.000000 0.000000
vn 0.000000 -1.000000 0.000000
vn 0.000000 -1.000000 0.000000
vn 0.000000 -1.000000 0.000000
vn 0.000000 -1.000000 0.000000
vn 0.000000 -1.000000 0.000000
vn 0.149063 -0.000000 0.988828
vn 0.149063 0.000000 0.988828
vn 0.157799 -0.000000 0.987471
vn 0.157799 0.000000 0.987471
vn 0.167912 -0.000000 0.985802
vn 0.167912 0.000000 0.985802
vn 0.179407 0.000000 0.983775
vn 0.179407 -0.000000 0.983775
vn 0.190661 0.000000 0.981656
vn 0.190661 -0.000000 0.981656
vn 0.201661 0.000000 0.979455
vn 0.201661 -0.000000 0.979455
vn 0.212423 0.000000 0.977178
vn 0.212423 -0.000000 0.977178
vn 0.222993 0.000000 0.974820
vn 0.222993 -0.000000 0.974820
vn 0.233214 0.000000 0.972425
vn 0.233214 -0.000000 0.972425
vn 0.242987 0.000000 0.970030
vn 0.242987 -0.000000 0.970030
vn 0.252490 0.000000 0.967600
vn 0.252490 -0.000000 0.967600
vn 0.261532 0.000000 0.965195
vn 0.261532 -0.000000 0.965195
vn 0.272789 0.000000 0.962074
vn 0.272789 -0.000000 0.962074
vn 0.287000 0.000000 0.957931
vn 0.287000 -0.000000 0.957931
vn 0.300148 0.000000 0.953893
vn 0.300148 -0.000000 0.953893
vn 0.281569 0.000000 0.959541
vn 0.281569 -0.000000 0.959541
vn -0.989887 0.000000 0.141860
vn -0.989887 0.000000 0.141860
vn 0.141858 -0.000000 0.989887
vn 0.141858 0.000000 0.989887
vn 0.989887 0.000000 -0.141860
vn 0.989887 0.000000 -0.141860
vn -0.005482 0.000000 0.999985
vn -0.005482 0.000000 0.999985
vn 0.005469 0.000000 0.999985
vn 0.005469 -0.000000 0.999985
vn 0.017583 0.000000 0.999845
vn 0.017583 -0.000000 0.999845
vn 0.030969 0.000000 0.999520
vn 0.030969 -0.000000 0.999520
vn 0.044174 0.000000 0.999024
vn 0.044174 -0.000000 0.999024
vn 0.057277 0.000000 0.998358
vn 0.057277 -0.000000 0.998358
vn 0.070208 0.000000 0.997532
vn 0.070208 -0.000000 0.997532
vn 0.083036 0.000000 0.996547
vn 0.083036 -0.000000 0.996547
vn 0.095698 0.000000 0.995410
vn 0.095698 -0.000000 0.995410
vn 0.108201 0.000000 0.994129
vn 0.108201 -0.000000 0.994129
vn 0.120685 0.000000 0.992691
vn 0.120685 -0.000000 0.992691
vn 0.132993 0.000000 0.991117
vn 0.132993 -0.000000 0.991117
vn -0.999891 -0.000000 -0.014765
vn -0.999891 0.000000 -0.014765
vn -0.014766 0.000000 0.999891
vn -0.014766 0.000000 0.999891
vn 0.999891 0.000000 0.014765
vn 0.999891 -0.000000 0.014765
vn -0.240467 0.000000 0.970657
vn -0.240467 0.000000 0.970657
vn -0.228208 0.000000 0.973612
vn -0.228208 0.000000 0.973612
vn -0.212670 0.000000 0.977124
vn -0.212670 0.000000 0.977124
vn -0.194218 0.000000 0.980958
vn -0.194218 0.000000 0.980958
vn -0.176706 0.000000 0.984264
vn -0.176706 0.000000 0.984264
vn -0.159901 0.000000 0.987133
vn -0.159901 0.000000 0.987133
vn -0.143672 0.000000 0.989625
vn -0.143672 0.000000 0.989625
vn -0.127943 0.000000 0.991782
vn -0.127943 0.000000 0.991782
vn -0.112536 0.000000 0.993648
vn -0.112536 0.000000 0.993648
vn -0.097460 0.000000 0.995239
vn -0.097460 0.000000 0.995239
vn -0.082648 0.000000 0.996579
vn -0.082648 0.000000 0.996579
vn -0.068090 0.000000 0.997679
vn -0.068090 0.000000 0.997679
vn -0.053725 0.000000 0.998556
vn -0.053725 0.000000 0.998556
vn -0.039534 0.000000 0.999218
vn -0.039534 0.000000 0.999218
vn -0.025480 0.000000 0.999675
vn -0.025480 0.000000 0.999675
vn -0.966820 0.000000 -0.255458
vn -0.966820 0.000000 -0.255458
vn -0.255459 0.000000 0.966820
vn -0.255459 0.000000 0.966820
vn 0.966820 0.000000 0.255459
vn 0.966820 -0.000000 0.255459
vn -0.954817 0.000000 0.297195
vn -0.929309 0.000000 0.369302
vn -0.954817 0.000000 0.297195
vn -0.929309 0.000000 0.369302
vn -0.894745 0.000000 0.446578
vn -0.894745 0.000000 0.446578
vn -0.851724 0.000000 0.523991
vn -0.851724 0.000000 0.523991
vn -0.808901 0.000000 0.587944
vn -0.808901 0.000000 0.587944
vn -0.725821 0.000000 0.687884
vn -0.725821 0.000000 0.687884
vn -0.686560 0.000000 0.727073
vn -0.686560 0.000000 0.727073
vn -0.647847 0.000000 0.761770
vn -0.647847 0.000000 0.761770
vn -0.608992 0.000000 0.793177
vn -0.608992 0.000000 0.793177
vn -0.569750 0.000000 0.821818
vn -0.569750 0.000000 0.821818
vn -0.531798 0.000000 0.846871
vn -0.531798 0.000000 0.846871
vn -0.496743 0.000000 0.867898
vn -0.496743 0.000000 0.867898
vn -0.464498 0.000000 0.885574
vn -0.464498 0.000000 0.885574
vn -0.433924 0.000000 0.900950
vn -0.433924 0.000000 0.900950
vn -0.404822 0.000000 0.914395
vn -0.404822 0.000000 0.914395
vn -0.377057 0.000000 0.926190
vn -0.377057 0.000000 0.926190
vn -0.350342 0.000000 0.936622
vn -0.350342 0.000000 0.936622
vn -0.324552 0.000000 0.945868
vn -0.324552 0.000000 0.945868
vn -0.299279 0.000000 0.954166
vn -0.299279 0.000000 0.954166
vn -0.275405 0.000000 0.961328
vn -0.275405 0.000000 0.961328
vn -0.766282 0.014075 0.642350
vn -0.766282 -0.014075 0.642350
vn -0.777253 0.000000 0.629188
vn -0.756193 0.000000 0.654349
vn -0.707108 0.000000 -0.707106
vn -0.707108 0.000000 -0.707106
vn -0.707107 0.000000 0.707106
vn -0.707107 0.000000 0.707106
vn -0.010086 0.000000 -0.999949
vn -0.010086 0.000000 -0.999949
vn -0.017492 0.000000 -0.999847
vn -0.017492 0.000000 -0.999847
vn -0.027788 0.000000 -0.999614
vn -0.027788 0.000000 -0.999614
vn -0.041312 0.000000 -0.999146
vn -0.041312 0.000000 -0.999146
vn -0.055895 0.000000 -0.998437
vn -0.055895 0.000000 -0.998437
vn -0.072208 0.000000 -0.997390
vn -0.072208 0.000000 -0.997390
vn -0.090711 0.000000 -0.995877
vn -0.090711 0.000000 -0.995877
vn -0.112385 0.000000 -0.993665
vn -0.112385 0.000000 -0.993665
vn -0.247485 0.000000 -0.968892
vn -0.247485 0.000000 -0.968892
vn -0.295453 0.000000 -0.955357
vn -0.295453 0.000000 -0.955357
vn -0.441430 0.000000 -0.897296
vn -0.441430 0.000000 -0.897296
vn -0.539233 0.000000 -0.842157
vn -0.539233 0.000000 -0.842157
vn -0.660732 -0.000000 -0.750622
vn -0.660732 0.000000 -0.750622
vn -0.820155 -0.000000 -0.572141
vn -0.820155 0.000000 -0.572141
vn -0.137465 -0.012572 -0.990427
vn -0.137465 0.012572 -0.990427
vn -0.131130 0.000000 -0.991365
vn -0.144497 -0.000000 -0.989505
vn -0.167558 -0.013231 -0.985774
vn -0.167558 0.013231 -0.985774
vn -0.159773 0.000000 -0.987154
vn -0.176341 -0.000000 -0.984329
vn -0.203684 -0.013518 -0.978943
vn -0.203684 0.013518 -0.978943
vn -0.194310 0.000000 -0.980940
vn -0.214371 -0.000000 -0.976752
vn -0.375811 -0.000000 -0.926696
vn -0.356637 -0.012097 -0.934165
vn -0.356637 0.012097 -0.934165
vn -0.339387 0.000000 -0.940647
vn 0.999991 0.000000 -0.004164
vn 0.999991 0.000000 -0.004164
vn -0.004164 0.000000 -0.999991
vn -0.004164 0.000000 -0.999991
vn -0.999991 0.000000 0.004164
vn -0.999991 0.000000 0.004164
vn 0.067681 0.000000 -0.997707
vn 0.067681 0.000000 -0.997707
vn 0.064228 0.000000 -0.997935
vn 0.064228 0.000000 -0.997935
vn 0.058874 0.000000 -0.998265
vn 0.058874 0.000000 -0.998265
vn 0.051539 0.000000 -0.998671
vn 0.051539 0.000000 -0.998671
vn 0.043323 0.000000 -0.999061
vn 0.043323 0.000000 -0.999061
vn 0.034364 0.000000 -0.999409
vn 0.034364 0.000000 -0.999409
vn 0.024669 0.000000 -0.999696
vn 0.024669 0.000000 -0.999696
vn 0.014596 0.000000 -0.999893
vn 0.014596 0.000000 -0.999893
vn 0.003976 0.000000 -0.999992
vn 0.003976 0.000000 -0.999992
vn 0.997594 -0.000000 0.069323
vn 0.997594 -0.000000 0.069323
vn 0.069323 0.000000 -0.997594
vn 0.069323 0.000000 -0.997594
vn -0.997594 0.000000 -0.069325
vn -0.997594 0.000000 -0.069325
vn -0.001494 0.000000 -0.999999
vn -0.001494 0.000000 -0.999999
vn 0.010466 0.000000 -0.999945
vn 0.010466 0.000000 -0.999945
vn 0.021916 0.000000 -0.999760
vn 0.021916 0.000000 -0.999760
vn 0.032961 0.000000 -0.999457
vn 0.032961 0.000000 -0.999457
vn 0.043005 0.000000 -0.999075
vn 0.043005 0.000000 -0.999075
vn 0.052110 0.000000 -0.998641
vn 0.052110 0.000000 -0.998641
vn 0.060186 0.000000 -0.998187
vn 0.060186 0.000000 -0.998187
vn 0.066683 0.000000 -0.997774
vn 0.066683 0.000000 -0.997774
vn 0.070388 0.000000 -0.997520
vn 0.070388 0.000000 -0.997520
vn 0.999931 0.000000 -0.011723
vn 0.999931 0.000000 -0.011723
vn -0.011723 0.000000 -0.999931
vn -0.011723 0.000000 -0.999931
vn -0.999931 0.000000 0.011723
vn -0.999931 0.000000 0.011723
vn -0.188500 0.000000 -0.982073
vn -0.188500 0.000000 -0.982073
vn -0.166768 0.000000 -0.985996
vn -0.166768 0.000000 -0.985996
vn -0.147398 0.000000 -0.989077
vn -0.147398 0.000000 -0.989077
vn -0.124073 0.000000 -0.992273
vn -0.124073 0.000000 -0.992273
vn -0.099979 0.000000 -0.994990
vn -0.099979 0.000000 -0.994990
vn -0.078978 0.000000 -0.996876
vn -0.078978 0.000000 -0.996876
vn -0.059478 0.000000 -0.998230
vn -0.059478 0.000000 -0.998230
vn -0.040733 0.000000 -0.999170
vn -0.040733 0.000000 -0.999170
vn -0.023285 0.000000 -0.999729
vn -0.023285 0.000000 -0.999729
vn -0.737277 0.000000 0.675591
vn -0.737277 0.000000 0.675591
vn -0.793353 0.000000 0.608761
vn -0.793353 0.000000 0.608761
vn -0.843391 0.000000 0.537300
vn -0.843391 0.000000 0.537300
vn -0.887011 0.000000 0.461749
vn -0.887011 0.000000 0.461749
vn -0.923880 0.000000 0.382683
vn -0.923880 0.000000 0.382683
vn -0.953717 0.000000 0.300706
vn -0.976296 0.000000 0.216439
vn -0.953717 0.000000 0.300706
vn -0.976296 0.000000 0.216439
vn -0.991445 0.000000 0.130526
vn -0.991445 0.000000 0.130526
vn -0.999048 0.000000 0.043620
vn -0.999048 -0.000000 -0.043620
vn -0.999048 0.000000 0.043620
vn -0.999048 0.000000 -0.043620
vn -0.991445 0.000000 -0.130526
vn -0.991445 0.000000 -0.130526
vn -0.976296 0.000000 -0.216439
vn -0.976296 0.000000 -0.216439
vn -0.953717 0.000000 -0.300706
vn -0.923880 -0.000000 -0.382683
vn -0.953717 0.000000 -0.300706
vn -0.923880 0.000000 -0.382683
vn -0.887011 0.000000 -0.461749
vn -0.887011 0.000000 -0.461749
vn -0.843391 0.000000 -0.537300
vn -0.843391 0.000000 -0.537300
vn -0.793353 0.000000 -0.608761
vn -0.793353 0.000000 -0.608761
vn -0.737277 -0.000000 -0.675591
vn -0.737277 0.000000 -0.675591
vn -0.589070 0.000000 0.808082
vn -0.589070 0.000000 0.808082
vn -0.650756 0.000000 0.759287
vn -0.650756 0.000000 0.759287
vn -0.708417 0.000000 0.705794
vn -0.708417 0.000000 0.705794
vn 0.485983 0.000000 0.873968
vn 0.485983 0.000000 0.873968
vn 0.410413 0.000000 0.911900
vn 0.331907 0.000000 0.943312
vn 0.410413 -0.000000 0.911900
vn 0.331907 0.000000 0.943312
vn 0.251030 0.000000 0.967979
vn 0.168357 0.000000 0.985726
vn 0.251030 -0.000000 0.967979
vn 0.168357 0.000000 0.985726
vn 0.084481 0.000000 0.996425
vn 0.084481 -0.000000 0.996425
vn -0.000000 0.000000 1.000000
vn 0.000000 0.000000 1.000000
vn -0.084481 0.000000 0.996425
vn -0.084481 0.000000 0.996425
vn -0.168357 0.000000 0.985726
vn -0.251030 0.000000 0.967979
vn -0.168357 0.000000 0.985726
vn -0.251030 0.000000 0.967979
vn -0.331907 0.000000 0.943312
vn -0.331907 0.000000 0.943312
vn -0.410413 0.000000 0.911900
vn -0.410413 0.000000 0.911900
vn -0.485983 0.000000 0.873968
vn -0.485983 0.000000 0.873968
vn 0.708417 0.000000 0.705794
vn 0.708417 0.000000 0.705794
vn 0.650756 0.000000 0.759287
vn 0.650756 -0.000000 0.759287
vn 0.589070 0.000000 0.808082
vn 0.589070 -0.000000 0.808082
vn 0.737277 0.000000 -0.675591
vn 0.737277 0.000000 -0.675591
vn 0.793353 0.000000 -0.608761
vn 0.793353 0.000000 -0.608761
vn 0.843391 0.000000 -0.537300
vn 0.843391 0.000000 -0.537300
vn 0.887011 0.000000 -0.461749
vn 0.887011 0.000000 -0.461749
vn 0.923880 0.000000 -0.382683
vn 0.923880 0.000000 -0.382683
vn 0.953717 0.000000 -0.300706
vn 0.953717 0.000000 -0.300706
vn 0.976296 0.000000 -0.216439
vn 0.976296 0.000000 -0.216439
vn 0.991445 0.000000 -0.130526
vn 0.991445 0.000000 -0.130526
vn 0.999048 0.000000 -0.043620
vn 0.999048 0.000000 -0.043620
vn 0.999048 0.000000 0.043620
vn 0.991445 0.000000 0.130526
vn 0.999048 0.000000 0.043620
vn 0.991445 0.000000 0.130526
vn 0.976296 0.000000 0.216439
vn 0.976296 -0.000000 0.216439
vn 0.953717 0.000000 0.300706
vn 0.953717 -0.000000 0.300706
vn 0.923880 0.000000 0.382683
vn 0.923880 -0.000000 0.382683
vn 0.887011 -0.000000 0.461749
vn 0.887011 0.000000 0.461749
vn 0.843391 -0.000000 0.537300
vn 0.843391 0.000000 0.537300
vn 0.793353 -0.000000 0.608761
vn 0.793353 0.000000 0.608761
vn 0.737277 -0.000000 0.675591
vn 0.737277 0.000000 0.675591
vn 0.589070 0.000000 -0.808082
vn 0.589070 0.000000 -0.808082
vn 0.650756 0.000000 -0.759287
vn 0.708417 0.000000 -0.705794
vn 0.650756 0.000000 -0.759287
vn 0.708417 0.000000 -0.705794
vn -0.485983 0.000000 -0.873968
vn -0.485983 0.000000 -0.873968
vn -0.410413 0.000000 -0.911900
vn -0.410413 0.000000 -0.911900
vn -0.331907 0.000000 -0.943312
vn -0.251030 -0.000000 -0.967979
vn -0.331907 0.000000 -0.943312
vn -0.251030 0.000000 -0.967979
vn -0.168357 0.000000 -0.985726
vn -0.168357 0.000000 -0.985726
vn -0.084481 0.000000 -0.996425
vn -0.084481 0.000000 -0.996425
vn -0.000000 0.000000 -1.000000
vn 0.000000 0.000000 -1.000000
vn 0.084481 0.000000 -0.996425
vn 0.084481 0.000000 -0.996425
vn 0.168357 0.000000 -0.985726
vn 0.168357 0.000000 -0.985726
vn 0.251030 0.000000 -0.967979
vn 0.251030 0.000000 -0.967979
vn 0.331907 0.000000 -0.943312
vn 0.410413 0.000000 -0.911900
vn 0.331907 0.000000 -0.943312
vn 0.485983 0.000000 -0.873968
vn 0.410413 0.000000 -0.911900
vn 0.485983 0.000000 -0.873968
vn -0.708417 0.000000 -0.705794
vn -0.708417 0.000000 -0.705794
vn -0.650756 -0.000000 -0.759287
vn -0.589070 -0.000000 -0.808082
vn -0.650756 0.000000 -0.759287
vn -0.589070 0.000000 -0.808082
vn -0.998102 0.000000 -0.061578
vn -0.998102 0.000000 -0.061578
vn -0.982974 0.000000 -0.183745
vn -0.982974 0.000000 -0.183745
vn -0.952943 0.000000 -0.303150
vn -0.952943 0.000000 -0.303150
vn -0.908466 0.000000 -0.417958
vn -0.908466 0.000000 -0.417958
vn -0.850217 0.000000 -0.526433
vn -0.850217 0.000000 -0.526433
vn -0.779082 0.000000 -0.626923
vn -0.779082 0.000000 -0.626923
vn -0.696131 0.000000 -0.717915
vn -0.696131 0.000000 -0.717915
vn -0.602636 0.000000 -0.798016
vn -0.602636 0.000000 -0.798016
vn -0.499999 0.000000 -0.866026
vn -0.499999 0.000000 -0.866026
vn -0.389786 0.000000 -0.920905
vn -0.389786 0.000000 -0.920905
vn -0.273664 0.000000 -0.961825
vn -0.273664 0.000000 -0.961825
vn -0.153392 0.000000 -0.988165
vn -0.153392 0.000000 -0.988165
vn -0.030795 0.000000 -0.999526
vn -0.030795 0.000000 -0.999526
vn 0.092268 0.000000 -0.995734
vn 0.092268 0.000000 -0.995734
vn 0.213932 0.000000 -0.976849
vn 0.213932 0.000000 -0.976849
vn 0.332355 0.000000 -0.943154
vn 0.445739 0.000000 -0.895163
vn 0.332355 0.000000 -0.943154
vn 0.445739 0.000000 -0.895163
vn 0.552366 0.000000 -0.833602
vn 0.552366 0.000000 -0.833602
vn 0.650617 0.000000 -0.759406
vn 0.650617 0.000000 -0.759406
vn 0.739009 0.000000 -0.673696
vn 0.739009 0.000000 -0.673696
vn 0.816195 0.000000 -0.577776
vn 0.816195 0.000000 -0.577776
vn 0.881014 0.000000 -0.473091
vn 0.881014 0.000000 -0.473091
vn 0.932472 0.000000 -0.361244
vn 0.932472 0.000000 -0.361244
vn 0.969797 0.000000 -0.243914
vn 0.969797 0.000000 -0.243914
vn 0.992420 0.000000 -0.122890
vn 0.992420 0.000000 -0.122890
vn 1.000000 -0.000000 0.000000
vn 1.000000 0.000000 0.000000
vn 0.992420 -0.000000 0.122890
vn 0.992420 0.000000 0.122890
vn 0.969797 -0.000000 0.243914
vn 0.969797 0.000000 0.243914
vn 0.932471 -0.000000 0.361244
vn 0.932471 0.000000 0.361244
vn 0.881014 -0.000000 0.473091
vn 0.881014 0.000000 0.473091
vn 0.816195 -0.000000 0.577776
vn 0.816195 0.000000 0.577776
vn 0.739009 -0.000000 0.673696
vn 0.739009 0.000000 0.673696
vn 0.650617 -0.000000 0.759406
vn 0.650617 0.000000 0.759406
vn 0.552365 -0.000000 0.833602
vn 0.552365 0.000000 0.833602
vn 0.445740 -0.000000 0.895163
vn 0.445740 0.000000 0.895163
vn 0.332355 -0.000000 0.943154
vn 0.332355 0.000000 0.943154
vn 0.213932 -0.000000 0.976849
vn 0.213932 0.000000 0.976849
vn 0.092268 0.000000 0.995734
vn 0.092268 0.000000 0.995734
vn -0.030795 0.000000 0.999526
vn -0.030795 0.000000 0.999526
vn -0.153392 0.000000 0.988165
vn -0.153392 0.000000 0.988165
vn -0.273664 0.000000 0.961825
vn -0.273664 0.000000 0.961825
vn -0.389786 0.000000 0.920905
vn -0.389786 0.000000 0.920905
vn -0.499999 0.000000 0.866026
vn -0.499999 0.000000 0.866026
vn -0.602636 0.000000 0.798016
vn -0.602636 0.000000 0.798016
vn -0.696131 0.000000 0.717915
vn -0.696131 0.000000 0.717915
vn -0.779082 0.000000 0.626923
vn -0.779082 0.000000 0.626923
vn -0.850217 0.000000 0.526433
vn -0.850217 0.000000 0.526433
vn -0.908466 0.000000 0.417958
vn -0.908466 0.000000 0.417958
vn -0.952943 0.000000 0.303150
vn -0.952943 0.000000 0.303150
vn -0.982974 0.000000 0.183745
vn -0.982974 0.000000 0.183745
vn -0.998102 0.000000 0.061578
vn -0.998102 0.000000 0.061578
vn 0.000000 1.000000 0.000000
vn 0.000000 1.000000 0.000000
vn 0.000000 1.000000 0.000000
vn 0.000000 1.000000 0.000000
vn 0.000000 1.000000 0.000000
vn 0.000000 1.000000 0.000000
vn 0.000000 1.000000 0.000000
vn 0.000000 1.000000 0.000000
vn 0.000000 1.000000 0.000000
vn 0.000000 1.000000 0.000000
vn 0.000000 1.000000 0.000000
vn 0.000000 1.000000 0.000000
vn 0.000000 1.000000 0.000000
vn 0.000000 1.000000 0.000000
vn 0.000000 1.000000 0.000000
vn 0.000000 1.000000 0.000000
vn 0.000000 1.000000 0.000000
vn 0.000000 1.000000 0.000000
vn 0.000000 1.000000 0.000000
vn 0.000000 1.000000 0.000000
vn 0.000000 1.000000 0.000000
vn 0.000000 1.000000 0.000000
vn 0.000000 1.000000 0.000000
vn 0.000000 1.000000 0.000000
vn 0.000000 1.000000 0.000000
vn 0.000000 1.000000 0.000000
vn 0.000000 1.000000 0.000000
vn 0.000000 1.000000 0.000000
vn 0.000000 1.000000 0.000000
vn 0.000000 1.000000 0.000000
vn 0.000000 1.000000 0.000000
vn 0.000000 1.000000 0.000000
vn 0.000000 1.000000 0.000000
vn 0.000000 1.000000 0.000000
vn 0.000000 1.000000 0.000000
vn 0.000000 1.000000 0.000000
vn 0.000000 1.000000 0.000000
vn 0.000000 1.000000 0.000000
vn 0.000000 1.000000 0.000000
vn 0.000000 1.000000 0.000000
vn 0.000000 1.000000 0.000000
vn 0.000000 1.000000 0.000000
vn 0.000000 1.000000 0.000000
vn 0.000000 1.000000 0.000000
vn 0.000000 1.000000 0.000000
vn 0.000000 1.000000 0.000000
vn 0.000000 1.000000 0.000000
vn 0.000000 1.000000 0.000000
vn 0.000000 1.000000 0.000000
vn 0.000000 1.000000 0.000000
vn 0.000000 1.000000 0.000000
vn 0.000000 1.000000 0.000000
vn 0.000000 1.000000 0.000000
vn 0.000000 1.000000 0.000000
vn 0.000000 1.000000 0.000000
vn 0.000000 1.000000 0.000000
vn 0.000000 1.000000 0.000000
vn 0.000000 1.000000 0.000000
vn 0.000000 1.000000 0.000000
vn 0.000000 1.000000 0.000000
vn 0.000000 1.000000 0.000000
vn 0.000000 1.000000 0.000000
vn 0.000000 1.000000 0.000000
vn 0.000000 1.000000 0.000000
vn 0.000000 1.000000 0.000000
vn 0.000000 1.000000 0.000000
vn 0.000000 1.000000 0.000000
vn 0.000000 1.000000 0.000000
vn 0.000000 1.000000 0.000000
vn 0.000000 1.000000 0.000000
vn 0.000000 1.000000 0.000000
vn 0.000000 1.000000 0.000000
vn 0.000000 1.000000 0.000000
vn 0.000000 1.000000 0.000000
vn 0.000000 1.000000 0.000000
vn 0.000000 1.000000 0.000000
vn 0.000000 1.000000 0.000000
vn 0.000000 1.000000 0.000000
vn 0.000000 1.000000 0.000000
vn 0.000000 1.000000 0.000000
vn 0.000000 1.000000 0.000000
vn 0.000000 1.000000 0.000000
vn 0.000000 1.000000 0.000000
vn 0.000000 1.000000 0.000000
vn 0.000000 1.000000 0.000000
vn 0.000000 1.000000 0.000000
vn 0.000000 1.000000 0.000000
vn 0.000000 1.000000 0.000000
vn 0.000000 1.000000 0.000000
vn 0.000000 1.000000 0.000000
vn 0.000000 1.000000 0.000000
vn 0.000000 1.000000 0.000000
vn 0.000000 1.000000 0.000000
vn 0.000000 1.000000 0.000000
vn 0.000000 1.000000 0.000000
vn 0.000000 1.000000 0.000000
vn 0.000000 1.000000 0.000000
vn 0.000000 1.000000 0.000000
vn 0.000000 1.000000 0.000000
vn 0.000000 1.000000 0.000000
vn 0.000000 1.000000 0.000000
vn 0.000000 1.000000 0.000000
vn 0.000000 1.000000 0.000000
vn 0.000000 1.000000 0.000000
vn 0.000000 1.000000 0.000000
vn 0.000000 1.000000 0.000000
vn 0.000000 1.000000 0.000000
vn 0.000000 1.000000 0.000000
vn 0.000000 1.000000 0.000000
vn 0.000000 1.000000 0.000000
vn 0.000000 1.000000 0.000000
vn 0.000000 1.000000 0.000000
vn 0.000000 1.000000 0.000000
vn 0.000000 1.000000 0.000000
vn 0.000000 1.000000 0.000000
vn 0.000000 1.000000 0.000000
vn 0.000000 1.000000 0.000000
vn 0.000000 1.000000 0.000000
vn 0.000000 1.000000 0.000000
vn 0.000000 1.000000 0.000000
vn 0.000000 1.000000 0.000000
vn 0.000000 1.000000 0.000000
vn 0.000000 1.000000 0.000000
vn 0.000000 1.000000 0.000000
vn 0.000000 1.000000 0.000000
vn 0.000000 1.000000 0.000000
vn 0.000000 1.000000 0.000000
vn 0.000000 1.000000 0.000000
vn 0.000000 1.000000 0.000000
vn 0.000000 1.000000 0.000000
vn 0.000000 1.000000 0.000000
vn 0.000000 1.000000 0.000000
vn 0.000000 1.000000 0.000000
vn 0.000000 1.000000 0.000000
vn 0.000000 1.000000 0.000000
vn 0.000000 1.000000 0.000000
vn 0.000000 1.000000 0.000000
vn 0.000000 1.000000 0.000000
vn 0.000000 1.000000 0.000000
vn 0.000000 1.000000 0.000000
vn 0.000000 1.000000 0.000000
vn 0.000000 1.000000 0.000000
vn 0.000000 1.000000 0.000000
vn 0.000000 1.000000 0.000000
vn 0.000000 1.000000 0.000000
vn 0.000000 1.000000 0.000000
vn 0.000000 1.000000 0.000000
vn 0.000000 1.000000 0.000000
vn 0.000000 1.000000 0.000000
vn 0.000000 1.000000 0.000000
vn 0.000000 1.000000 0.000000
vn 0.000000 1.000000 0.000000
vn 0.000000 1.000000 0.000000
vn 0.000000 1.000000 0.000000
vn 0.000000 1.000000 0.000000
vn 0.000000 1.000000 0.000000
vn 0.000000 1.000000 0.000000
vn 0.000000 1.000000 0.000000
vn 0.000000 1.000000 0.000000
vn 0.000000 1.000000 0.000000
vn 0.000000 1.000000 0.000000
vn 0.000000 1.000000 0.000000
vn 0.000000 1.000000 0.000000
vn 0.000000 1.000000 0.000000
vn 0.000000 1.000000 0.000000
vn 0.000000 1.000000 0.000000
vn 0.000000 1.000000 0.000000
vn 0.000000 1.000000 0.000000
vn 0.000000 1.000000 0.000000
vn 0.000000 1.000000 0.000000
vn 0.000000 1.000000 0.000000
vn 0.000000 1.000000 0.000000
vn 0.000000 1.000000 0.000000
vn 0.000000 1.000000 0.000000
vn 0.000000 1.000000 0.000000
vn 0.000000 1.000000 0.000000
vn 0.000000 1.000000 0.000000
vn 0.000000 1.000000 0.000000
vn 0.000000 1.000000 0.000000
vn 0.000000 1.000000 0.000000
vn 0.000000 1.000000 0.000000
vn 0.000000 1.000000 0.000000
vn 0.000000 1.000000 0.000000
vn 0.000000 1.000000 0.000000
vn 0.000000 1.000000 0.000000
vn 0.000000 1.000000 0.000000
vn 0.000000 1.000000 0.000000
vn 0.000000 1.000000 0.000000
vn 0.000000 1.000000 0.000000
vn 0.000000 1.000000 0.000000
vn 0.000000 1.000000 0.000000
vn 0.000000 1.000000 0.000000
vn 0.000000 1.000000 0.000000
vn 0.000000 1.000000 0.000000
vn 0.000000 1.000000 0.000000
vn 0.000000 1.000000 0.000000
vn 0.000000 1.000000 0.000000
vn 0.000000 1.000000 0.000000
vn 0.000000 1.000000 0.000000
vn 0.000000 1.000000 0.000000
vn 0.000000 1.000000 0.000000
vn 0.000000 1.000000 0.000000
vn 0.000000 1.000000 0.000000
vn 0.000000 1.000000 0.000000
vn 0.000000 1.000000 0.000000
vn 0.000000 1.000000 0.000000
vn 0.000000 1.000000 0.000000
vn 0.000000 1.000000 0.000000
vn 0.000000 1.000000 0.000000
vn 0.000000 1.000000 0.000000
vn 0.000000 1.000000 0.000000
vn 0.000000 1.000000 0.000000
vn 0.000000 1.000000 0.000000
vn 0.000000 1.000000 0.000000
vn 0.000000 1.000000 0.000000
vn 0.000000 1.000000 0.000000
vn 0.000000 1.000000 0.000000
vn 0.000000 1.000000 0.000000
vn 0.000000 1.000000 0.000000
vn 0.000000 1.000000 0.000000
vn 0.000000 1.000000 0.000000
vn 0.000000 1.000000 0.000000
vn 0.000000 1.000000 0.000000
vn 0.000000 1.000000 0.000000
vn 0.000000 1.000000 0.000000
vn 0.000000 1.000000 0.000000
vn 0.000000 1.000000 0.000000
vn 0.000000 1.000000 0.000000
vn 0.000000 1.000000 0.000000
vn 0.000000 1.000000 0.000000
vn 0.000000 1.000000 0.000000
vn 0.000000 1.000000 0.000000
vn 0.000000 1.000000 0.000000
vn 0.000000 1.000000 0.000000
vn 0.000000 1.000000 0.000000
vn 0.000000 1.000000 0.000000
vn 0.000000 1.000000 0.000000
vn 0.000000 1.000000 0.000000
vn 0.000000 1.000000 0.000000
vn 0.000000 1.000000 0.000000
vn 0.000000 1.000000 0.000000
vn 0.000000 1.000000 0.000000
vn 0.000000 1.000000 0.000000
vn 0.000000 1.000000 0.000000
vn 0.000000 1.000000 0.000000
vn 0.000000 1.000000 0.000000
vn 0.000000 1.000000 0.000000
vn 0.000000 1.000000 0.000000
vn 0.000000 1.000000 0.000000
vn 0.000000 1.000000 0.000000
vn 0.000000 1.000000 0.000000
vn 0.000000 1.000000 0.000000
vn 0.000000 1.000000 0.000000
vn 0.000000 1.000000 0.000000
vn 0.000000 1.000000 0.000000
vn 0.000000 1.000000 0.000000
vn 0.000000 -1.000000 0.000000
vn 0.000000 -1.000000 0.000000
vn 0.000000 -1.000000 0.000000
vn 0.000000 -1.000000 0.000000
vn 0.000000 -1.000000 0.000000
vn 0.000000 -1.000000 0.000000
vn 0.000000 -1.000000 0.000000
vn 0.000000 -1.000000 0.000000
vn 0.000000 -1.000000 0.000000
vn 0.000000 -1.000000 0.000000
vn 0.000000 -1.000000 0.000000
vn 0.000000 -1.000000 0.000000
vn 0.000000 -1.000000 0.000000
vn 0.000000 -1.000000 0.000000
vn 0.000000 -1.000000 0.000000
vn 0.000000 -1.000000 0.000000
vn 0.000000 -1.000000 0.000000
vn 0.000000 -1.000000 0.000000
vn 0.000000 -1.000000 0.000000
vn 0.000000 -1.000000 0.000000
vn 0.000000 -1.000000 0.000000
vn 0.000000 -1.000000 0.000000
vn 0.000000 -1.000000 0.000000
vn 0.000000 -1.000000 0.000000
vn 0.000000 -1.000000 0.000000
vn 0.000000 -1.000000 0.000000
vn 0.000000 -1.000000 0.000000
vn 0.000000 -1.000000 0.000000
vn 0.000000 -1.000000 0.000000
vn 0.000000 -1.000000 0.000000
vn 0.000000 -1.000000 0.000000
vn 0.000000 -1.000000 0.000000
vn 0.000000 -1.000000 0.000000
vn 0.000000 -1.000000 0.000000
vn 0.000000 -1.000000 0.000000
vn 0.000000 -1.000000 0.000000
vn 0.000000 -1.000000 0.000000
vn 0.000000 -1.000000 0.000000
vn 0.000000 -1.000000 0.000000
vn 0.000000 -1.000000 0.000000
vn 0.000000 -1.000000 0.000000
vn -0.000000 -1.000000 0.000000
vn 0.000000 -1.000000 0.000000
vn 0.000000 -1.000000 0.000000
vn 0.000000 -1.000000 0.000000
vn 0.000000 -1.000000 0.000000
vn 0.000000 -1.000000 0.000000
vn 0.000000 -1.000000 0.000000
vn 0.000000 -1.000000 0.000000
vn 0.000000 -1.000000 0.000000
vn 0.000000 -1.000000 0.000000
vn 0.000000 -1.000000 0.000000
vn 0.000000 -1.000000 0.000000
vn -0.000000 -1.000000 0.000000
vn -0.000000 -1.000000 0.000000
vn 0.000000 -1.000000 0.000000
vn -0.000000 -1.000000 0.000000
vn -0.000000 -1.000000 0.000000
vn 0.000000 -1.000000 0.000000
vn -0.000000 -1.000000 0.000000
vn 0.000000 -1.000000 0.000000
vn -0.000000 -1.000000 0.000000
vn -0.000000 -1.000000 0.000000
vn 0.000000 -1.000000 0.000000
vn 0.000000 -1.000000 0.000000
vn -0.000000 -1.000000 0.000000
vn 0.000000 -1.000000 0.000000
vn -0.000000 -1.000000 0.000000
vn 0.000000 -1.000000 0.000000
vn -0.000000 -1.000000 0.000000
vn 0.000000 -1.000000 0.000000
vn -0.000000 -1.000000 0.000000
vn 0.000000 -1.000000 0.000000
vn -0.000000 -1.000000 0.000000
vn 0.000000 -1.000000 0.000000
vn 0.000000 -1.000000 0.000000
vn 0.000000 -1.000000 0.000000
vn 0.000000 -1.000000 0.000000
vn 0.000000 -1.000000 0.000000
vn 0.000000 -1.000000 0.000000
vn -0.000000 -1.000000 0.000000
vn 0.000000 -1.000000 0.000000
vn 0.000000 -1.000000 0.000000
vn 0.000000 -1.000000 0.000000
vn 0.000000 -1.000000 0.000000
vn 0.000000 -1.000000 0.000000
vn 0.000000 -1.000000 0.000000
vn 0.000000 -1.000000 0.000000
vn -0.000000 -1.000000 0.000000
vn -0.000000 -1.000000 0.000000
vn 0.000000 -1.000000 0.000000
vn 0.000000 -1.000000 0.000000
vn 0.000000 -1.000000 0.000000
vn 0.000000 -1.000000 0.000000
vn 0.000000 -1.000000 0.000000
vn 0.000000 -1.000000 0.000000
vn -0.000000 -1.000000 0.000000
vn -0.000000 -1.000000 0.000000
vn -0.000000 -1.000000 0.000000
vn -0.000000 -1.000000 0.000000
vn 0.000000 -1.000000 0.000000
vn 0.000000 -1.000000 0.000000
vn 0.000000 -1.000000 0.000000
vn 0.000000 -1.000000 0.000000
vn 0.000000 -1.000000 0.000000
vn -0.000000 -1.000000 0.000000
vn -0.000000 -1.000000 0.000000
vn -0.000000 -1.000000 0.000000
vn -0.000000 -1.000000 0.000000
vn 0.000000 -1.000000 0.000000
vn 0.000000 -1.000000 0.000000
vn 0.000000 -1.000000 0.000000
vn 0.000000 -1.000000 0.000000
vn 0.000000 -1.000000 0.000000
vn -0.000000 -1.000000 0.000000
vn -0.000000 -1.000000 0.000000
vn -0.000000 -1.000000 0.000000
vn -0.000000 -1.000000 0.000000
vn 0.000000 -1.000000 0.000000
vn 0.000000 -1.000000 0.000000
vn 0.000000 -1.000000 0.000000
vn 0.000000 -1.000000 0.000000
vn 0.000000 -1.000000 0.000000
vn -0.000000 -1.000000 0.000000
vn 0.000000 -1.000000 0.000000
vn 0.000000 -1.000000 0.000000
vn 0.000000 -1.000000 0.000000
vn 0.000000 -1.000000 0.000000
vn 0.000000 -1.000000 0.000000
vn 0.000000 -1.000000 0.000000
vn 0.000000 -1.000000 0.000000
vn 0.000000 -1.000000 0.000000
vn 0.000000 -1.000000 0.000000
vn 0.000000 -1.000000 0.000000
vn 0.000000 -1.000000 0.000000
vn 0.000000 -1.000000 0.000000
vn 0.000000 -1.000000 0.000000
vn 0.000000 -1.000000 0.000000
vn 0.000000 -1.000000 0.000000
vn 0.000000 -1.000000 0.000000
vn -0.000000 -1.000000 0.000000
vn 0.000000 -1.000000 0.000000
vn 0.000000 -1.000000 0.000000
vn 0.000000 -1.000000 0.000000
vn 0.000000 -1.000000 0.000000
vn 0.000000 -1.000000 0.000000
vn 0.000000 -1.000000 0.000000
vn 0.000000 -1.000000 0.000000
vn 0.000000 -1.000000 0.000000
vn 0.000000 -1.000000 0.000000
vn 0.000000 -1.000000 0.000000
vn 0.000000 -1.000000 0.000000
vn -0.000000 -1.000000 0.000000
vn 0.000000 -1.000000 0.000000
vn -0.000000 -1.000000 0.000000
vn 0.000000 -1.000000 0.000000
vn -0.000000 -1.000000 0.000000
vn 0.000000 -1.000000 0.000000
vn 0.000000 -1.000000 0.000000
vn 0.000000 -1.000000 0.000000
vn -0.000000 -1.000000 0.000000
vn 0.000000 -1.000000 0.000000
vn 0.000000 -1.000000 0.000000
vn 0.000000 -1.000000 0.000000
vn 0.000000 -1.000000 0.000000
vn 0.000000 -1.000000 0.000000
vn -0.000000 -1.000000 0.000000
vn 0.000000 -1.000000 0.000000
vn 0.000000 -1.000000 0.000000
vn 0.000000 -1.000000 0.000000
vn -0.000000 -1.000000 0.000000
vn 0.000000 -1.000000 0.000000
vn -0.000000 -1.000000 0.000000
vn 0.000000 -1.000000 0.000000
vn -0.000000 -1.000000 0.000000
vn 0.000000 -1.000000 0.000000
vn -0.000000 -1.000000 0.000000
vn -0.000000 -1.000000 0.000000
vn 0.000000 -1.000000 0.000000
vn -0.000000 -1.000000 0.000000
vn 0.000000 -1.000000 0.000000
vn 0.000000 -1.000000 0.000000
vn -0.000000 -1.000000 0.000000
vn -0.000000 -1.000000 0.000000
vn 0.000000 -1.000000 0.000000
vn 0.000000 -1.000000 0.000000
vn 0.000000 -1.000000 0.000000
vn 0.000000 -1.000000 0.000000
vn 0.000000 -1.000000 0.000000
vn 0.000000 -1.000000 0.000000
vn 0.000000 -1.000000 0.000000
vn -0.000000 -1.000000 0.000000
vn -0.000000 -1.000000 0.000000
vn -0.000000 -1.000000 0.000000
vn -0.000000 -1.000000 0.000000
vn -0.000000 -1.000000 0.000000
vn 0.000000 -1.000000 0.000000
vn 0.000000 -1.000000 0.000000
vn 0.000000 -1.000000 0.000000
vn -0.000000 -1.000000 0.000000
vn -0.000000 -1.000000 0.000000
vn -0.000000 -1.000000 0.000000
vn -0.000000 -1.000000 0.000000
vn -0.000000 -1.000000 0.000000
vn 0.000000 -1.000000 0.000000
vn 0.000000 -1.000000 0.000000
vn 0.000000 -1.000000 0.000000
vn 0.000000 -1.000000 0.000000
vn 0.000000 -1.000000 0.000000
vn 0.000000 -1.000000 0.000000
vn 0.000000 -1.000000 0.000000
vn 0.000000 -1.000000 0.000000
vn 0.000000 -1.000000 0.000000
vn 0.000000 -1.000000 0.000000
vn 0.000000 -1.000000 0.000000
vn 0.000000 -1.000000 0.000000
vn -0.000000 -1.000000 0.000000
vn -0.000000 -1.000000 0.000000
vn 0.000000 -1.000000 0.000000
vn 0.000000 -1.000000 0.000000
vn 0.000000 -1.000000 0.000000
vn 0.000000 -1.000000 0.000000
vn 0.000000 -1.000000 0.000000
vn 0.000000 -1.000000 0.000000
vn 0.000000 -1.000000 0.000000
vn 0.000000 -1.000000 0.000000
vn 0.000000 -1.000000 0.000000
vn 0.000000 -1.000000 0.000000
vn 0.000000 -1.000000 0.000000
vn 0.000000 -1.000000 0.000000
vn 0.000000 -1.000000 0.000000
vn 0.000000 -1.000000 0.000000
vn 0.000000 -1.000000 0.000000
vn -0.000000 -1.000000 0.000000
vn 0.000000 -1.000000 0.000000
vn -0.000000 -1.000000 0.000000
vn -0.000000 -1.000000 0.000000
vn 0.000000 -1.000000 0.000000
vn 0.000000 -1.000000 0.000000
vn -0.000000 -1.000000 0.000000
vn 0.000000 -1.000000 0.000000
vn 0.000000 -1.000000 0.000000
vn 0.000000 -1.000000 0.000000
vn 0.000000 -1.000000 0.000000
vn 0.000000 -1.000000 0.000000
vn 0.000000 -1.000000 0.000000
vn 0.000000 -1.000000 0.000000
vn 0.000000 -1.000000 0.000000
vn 0.000000 -1.000000 0.000000
vn 0.000000 -1.000000 0.000000
vn 0.000000 -1.000000 0.000000
vn 0.000000 -1.000000 0.000000
vn 0.000000 -1.000000 0.000000
vn 0.000000 -1.000000 0.000000
vn 0.000000 -1.000000 0.000000
vn 0.000000 -1.000000 0.000000
vn 0.149063 -0.000000 0.988828
vn 0.149063 0.000000 0.988828
vn 0.157799 -0.000000 0.987471
vn 0.157799 0.000000 0.987471
vn 0.167912 -0.000000 0.985802
vn 0.167912 0.000000 0.985802
vn 0.179407 0.000000 0.983775
vn 0.179407 -0.000000 0.983775
vn 0.190661 0.000000 0.981656
vn 0.190661 -0.000000 0.981656
vn 0.201661 0.000000 0.979455
vn 0.201661 -0.000000 0.979455
vn 0.212423 0.000000 0.977178
vn 0.212423 -0.000000 0.977178
vn 0.222993 0.000000 0.974820
vn 0.222993 -0.000000 0.974820
vn 0.233214 0.000000 0.972425
vn 0.233214 -0.000000 0.972425
vn 0.242987 0.000000 0.970030
vn 0.242987 -0.000000 0.970030
vn 0.252490 0.000000 0.967600
vn 0.252490 -0.000000 0.967600
vn 0.261532 0.000000 0.965195
vn 0.261532 -0.000000 0.965195
vn 0.272789 0.000000 0.962074
vn 0.272789 -0.000000 0.962074
vn 0.287000 0.000000 0.957931
vn 0.287000 -0.000000 0.957931
vn 0.300148 0.000000 0.953893
vn 0.300148 -0.000000 0.953893
vn 0.281569 0.000000 0.959541
vn 0.281569 -0.000000 0.959541
vn -0.989887 0.000000 0.141860
vn -0.989887 0.000000 0.141860
vn 0.141858 -0.000000 0.989887
vn 0.141858 0.000000 0.989887
vn 0.989887 0.000000 -0.141860
vn 0.989887 0.000000 -0.141860
vn -0.005482 0.000000 0.999985
vn -0.005482 0.000000 0.999985
vn 0.005469 0.000000 0.999985
vn 0.005469 -0.000000 0.999985
vn 0.017583 0.000000 0.999845
vn 0.017583 -0.000000 0.999845
vn 0.030969 0.000000 0.999520
vn 0.030969 -0.000000 0.999520
vn 0.044174 0.000000 0.999024
vn 0.044174 -0.000000 0.999024
vn 0.057277 0.000000 0.998358
vn 0.057277 -0.000000 0.998358
vn 0.070208 0.000000 0.997532
vn 0.070208 -0.000000 0.997532
vn 0.083036 0.000000 0.996547
vn 0.083036 -0.000000 0.996547
vn 0.095698 0.000000 0.995410
vn 0.095698 -0.000000 0.995410
vn 0.108201 0.000000 0.994129
vn 0.108201 -0.000000 0.994129
vn 0.120685 0.000000 0.992691
vn 0.120685 -0.000000 0.992691
vn 0.132993 0.000000 0.991117
vn 0.132993 -0.000000 0.991117
vn -0.999891 -0.000000 -0.014765
vn -0.999891 0.000000 -0.014765
vn -0.014766 0.000000 0.999891
vn -0.014766 0.000000 0.999891
vn 0.999891 0.000000 0.014765
vn 0.999891 -0.000000 0.014765
vn -0.240467 0.000000 0.970657
vn -0.240467 0.000000 0.970657
vn -0.228208 0.000000 0.973612
vn -0.228208 0.000000 0.973612
vn -0.212670 0.000000 0.977124
vn -0.212670 0.000000 0.977124
vn -0.194218 0.000000 0.980958
vn -0.194218 0.000000 0.980958
vn -0.176706 0.000000 0.984264
vn -0.176706 0.000000 0.984264
vn -0.159901 0.000000 0.987133
vn -0.159901 0.000000 0.987133
vn -0.143672 0.000000 0.989625
vn -0.143672 0.000000 0.989625
vn -0.127943 0.000000 0.991782
vn -0.127943 0.000000 0.991782
vn -0.112536 0.000000 0.993648
vn -0.112536 0.000000 0.993648
vn -0.097460 0.000000 0.995239
vn -0.097460 0.000000 0.995239
vn -0.082648 0.000000 0.996579
vn -0.082648 0.000000 0.996579
vn -0.068090 0.000000 0.997679
vn -0.068090 0.000000 0.997679
vn -0.053725 0.000000 0.998556
vn -0.053725 0.000000 0.998556
vn -0.039534 0.000000 0.999218
vn -0.039534 0.000000 0.999218
vn -0.025480 0.000000 0.999675
vn -0.025480 0.000000 0.999675
vn -0.966820 0.000000 -0.255458
vn -0.966820 0.000000 -0.255458
vn -0.255459 0.000000 0.966820
vn -0.255459 0.000000 0.966820
vn 0.966820 0.000000 0.255459
vn 0.966820 -0.000000 0.255459
vn -0.954817 0.000000 0.297195
vn -0.929309 0.000000 0.369302
vn -0.954817 0.000000 0.297195
vn -0.929309 0.000000 0.369302
vn -0.894745 0.000000 0.446578
vn -0.894745 0.000000 0.446578
vn -0.851724 0.000000 0.523991
vn -0.851724 0.000000 0.523991
vn -0.808901 0.000000 0.587944
vn -0.808901 0.000000 0.587944
vn -0.725821 0.000000 0.687884
vn -0.725821 0.000000 0.687884
vn -0.686560 0.000000 0.727073
vn -0.686560 0.000000 0.727073
vn -0.647847 0.000000 0.761770
vn -0.647847 0.000000 0.761770
vn -0.608992 0.000000 0.793177
vn -0.608992 0.000000 0.793177
vn -0.569750 0.000000 0.821818
vn -0.569750 0.000000 0.821818
vn -0.531798 0.000000 0.846871
vn -0.531798 0.000000 0.846871
vn -0.496743 0.000000 0.867898
vn -0.496743 0.000000 0.867898
vn -0.464498 0.000000 0.885574
vn -0.464498 0.000000 0.885574
vn -0.433924 0.000000 0.900950
vn -0.433924 0.000000 0.900950
vn -0.404822 0.000000 0.914395
vn -0.404822 0.000000 0.914395
vn -0.377057 0.000000 0.926190
vn -0.377057 0.000000 0.926190
vn -0.350342 0.000000 0.936622
vn -0.350342 0.000000 0.936622
vn -0.324552 0.000000 0.945868
vn -0.324552 0.000000 0.945868
vn -0.299279 0.000000 0.954166
vn -0.299279 0.000000 0.954166
vn -0.275405 0.000000 0.961328
vn -0.275405 0.000000 0.961328
vn -0.766282 0.014075 0.642350
vn -0.766282 -0.014075 0.642350
vn -0.777253 0.000000 0.629188
vn -0.756193 0.000000 0.654349
vn -0.707108 0.000000 -0.707106
vn -0.707108 0.000000 -0.707106
vn -0.707107 0.000000 0.707106
vn -0.707107 0.000000 0.707106
vn -0.010086 0.000000 -0.999949
vn -0.010086 0.000000 -0.999949
vn -0.017492 0.000000 -0.999847
vn -0.017492 0.000000 -0.999847
vn -0.027788 0.000000 -0.999614
vn -0.027788 0.000000 -0.999614
vn -0.041312 0.000000 -0.999146
vn -0.041312 0.000000 -0.999146
vn -0.055895 0.000000 -0.998437
vn -0.055895 0.000000 -0.998437
vn -0.072208 0.000000 -0.997390
vn -0.072208 0.000000 -0.997390
vn -0.090711 0.000000 -0.995877
vn -0.090711 0.000000 -0.995877
vn -0.112385 0.000000 -0.993665
vn -0.112385 0.000000 -0.993665
vn -0.247485 0.000000 -0.968892
vn -0.247485 0.000000 -0.968892
vn -0.295453 0.000000 -0.955357
vn -0.295453 0.000000 -0.955357
vn -0.441430 0.000000 -0.897296
vn -0.441430 0.000000 -0.897296
vn -0.539233 0.000000 -0.842157
vn -0.539233 0.000000 -0.842157
vn -0.660732 -0.000000 -0.750622
vn -0.660732 0.000000 -0.750622
vn -0.820155 -0.000000 -0.572141
vn -0.820155 0.000000 -0.572141
vn -0.137465 -0.012572 -0.990427
vn -0.137465 0.012572 -0.990427
vn -0.131130 0.000000 -0.991365
vn -0.144497 -0.000000 -0.989505
vn -0.167558 -0.013231 -0.985774
vn -0.167558 0.013231 -0.985774
vn -0.159773 0.000000 -0.987154
vn -0.176341 -0.000000 -0.984329
vn -0.203684 -0.013518 -0.978943
vn -0.203684 0.013518 -0.978943
vn -0.194310 0.000000 -0.980940
vn -0.214371 -0.000000 -0.976752
vn -0.375811 -0.000000 -0.926696
vn -0.356637 -0.012097 -0.934165
vn -0.356637 0.012097 -0.934165
vn -0.339387 0.000000 -0.940647
vn 0.999991 0.000000 -0.004164
vn 0.999991 0.000000 -0.004164
vn -0.004164 0.000000 -0.999991
vn -0.004164 0.000000 -0.999991
vn -0.999991 0.000000 0.004164
vn -0.999991 0.000000 0.004164
vn 0.067681 0.000000 -0.997707
vn 0.067681 0.000000 -0.997707
vn 0.064228 0.000000 -0.997935
vn 0.064228 0.000000 -0.997935
vn 0.058874 0.000000 -0.998265
vn 0.058874 0.000000 -0.998265
vn 0.051539 0.000000 -0.998671
vn 0.051539 0.000000 -0.998671
vn 0.043323 0.000000 -0.999061
vn 0.043323 0.000000 -0.999061
vn 0.034364 0.000000 -0.999409
vn 0.034364 0.000000 -0.999409
vn 0.024669 0.000000 -0.999696
vn 0.024669 0.000000 -0.999696
vn 0.014596 0.000000 -0.999893
vn 0.014596 0.000000 -0.999893
vn 0.003976 0.000000 -0.999992
vn 0.003976 0.000000 -0.999992
vn 0.997594 -0.000000 0.069323
vn 0.997594 -0.000000 0.069323
vn 0.069323 0.000000 -0.997594
vn 0.069323 0.000000 -0.997594
vn -0.997594 0.000000 -0.069325
vn -0.997594 0.000000 -0.069325
vn -0.001494 0.000000 -0.999999
vn -0.001494 0.000000 -0.999999
vn 0.010466 0.000000 -0.999945
vn 0.010466 0.000000 -0.999945
vn 0.021916 0.000000 -0.999760
vn 0.021916 0.000000 -0.999760
vn 0.032961 0.000000 -0.999457
vn 0.032961 0.000000 -0.999457
vn 0.043005 0.000000 -0.999075
vn 0.043005 0.000000 -0.999075
vn 0.052110 0.000000 -0.998641
vn 0.052110 0.000000 -0.998641
vn 0.060186 0.000000 -0.998187
vn 0.060186 0.000000 -0.998187
vn 0.066683 0.000000 -0.997774
vn 0.066683 0.000000 -0.997774
vn 0.070388 0.000000 -0.997520
vn 0.070388 0.000000 -0.997520
vn 0.999931 0.000000 -0.011723
vn 0.999931 0.000000 -0.011723
vn -0.011723 0.000000 -0.999931
vn -0.011723 0.000000 -0.999931
vn -0.999931 0.000000 0.011723
vn -0.999931 0.000000 0.011723
vn -0.188500 0.000000 -0.982073
vn -0.188500 0.000000 -0.982073
vn -0.166768 0.000000 -0.985996
vn -0.166768 0.000000 -0.985996
vn -0.147398 0.000000 -0.989077
vn -0.147398 0.000000 -0.989077
vn -0.124073 0.000000 -0.992273
vn -0.124073 0.000000 -0.992273
vn -0.099979 0.000000 -0.994990
vn -0.099979 0.000000 -0.994990
vn -0.078978 0.000000 -0.996876
vn -0.078978 0.000000 -0.996876
vn -0.059478 0.000000 -0.998230
vn -0.059478 0.000000 -0.998230
vn -0.040733 0.000000 -0.999170
vn -0.040733 0.000000 -0.999170
vn -0.023285 0.000000 -0.999729
vn -0.023285 0.000000 -0.999729
vn -0.737277 0.000000 0.675591
vn -0.737277 0.000000 0.675591
vn -0.793353 0.000000 0.608761
vn -0.793353 0.000000 0.608761
vn -0.843391 0.000000 0.537300
vn -0.843391 0.000000 0.537300
vn -0.887011 0.000000 0.461749
vn -0.887011 0.000000 0.461749
vn -0.923880 0.000000 0.382683
vn -0.923880 0.000000 0.382683
vn -0.953717 0.000000 0.300706
vn -0.976296 0.000000 0.216439
vn -0.953717 0.000000 0.300706
vn -0.976296 0.000000 0.216439
vn -0.991445 0.000000 0.130526
vn -0.991445 0.000000 0.130526
vn -0.999048 0.000000 0.043620
vn -0.999048 -0.000000 -0.043620
vn -0.999048 0.000000 0.043620
vn -0.999048 0.000000 -0.043620
vn -0.991445 0.000000 -0.130526
vn -0.991445 0.000000 -0.130526
vn -0.976296 0.000000 -0.216439
vn -0.976296 0.000000 -0.216439
vn -0.953717 0.000000 -0.300706
vn -0.923880 -0.000000 -0.382683
vn -0.953717 0.000000 -0.300706
vn -0.923880 0.000000 -0.382683
vn -0.887011 0.000000 -0.461749
vn -0.887011 0.000000 -0.461749
vn -0.843391 0.000000 -0.537300
vn -0.843391 0.000000 -0.537300
vn -0.793353 0.000000 -0.608761
vn -0.793353 0.000000 -0.608761
vn -0.737277 -0.000000 -0.675591
vn -0.737277 0.000000 -0.675591
vn -0.589070 0.000000 0.808082
vn -0.589070 0.000000 0.808082
vn -0.650756 0.000000 0.759287
vn -0.650756 0.000000 0.759287
vn -0.708417 0.000000 0.705794
vn -0.708417 0.000000 0.705794
vn 0.485983 0.000000 0.873968
vn 0.485983 0.000000 0.873968
vn 0.410413 0.000000 0.911900
vn 0.331907 0.000000 0.943312
vn 0.410413 -0.000000 0.911900
vn 0.331907 0.000000 0.943312
vn 0.251030 0.000000 0.967979
vn 0.168357 0.000000 0.985726
vn 0.251030 -0.000000 0.967979
vn 0.168357 0.000000 0.985726
vn 0.084481 0.000000 0.996425
vn 0.084481 -0.000000 0.996425
vn -0.000000 0.000000 1.000000
vn 0.000000 0.000000 1.000000
vn -0.084481 0.000000 0.996425
vn -0.084481 0.000000 0.996425
vn -0.168357 0.000000 0.985726
vn -0.251030 0.000000 0.967979
vn -0.168357 0.000000 0.985726
vn -0.251030 0.000000 0.967979
vn -0.331907 0.000000 0.943312
vn -0.331907 0.000000 0.943312
vn -0.410413 0.000000 0.911900
vn -0.410413 0.000000 0.911900
vn -0.485983 0.000000 0.873968
vn -0.485983 0.000000 0.873968
vn 0.708417 0.000000 0.705794
vn 0.708417 0.000000 0.705794
vn 0.650756 0.000000 0.759287
vn 0.650756 -0.000000 0.759287
vn 0.589070 0.000000 0.808082
vn 0.589070 -0.000000 0.808082
vn 0.737277 0.000000 -0.675591
vn 0.737277 0.000000 -0.675591
vn 0.793353 0.000000 -0.608761
vn 0.793353 0.000000 -0.608761
vn 0.843391 0.000000 -0.537300
vn 0.843391 0.000000 -0.537300
vn 0.887011 0.000000 -0.461749
vn 0.887011 0.000000 -0.461749
vn 0.923880 0.000000 -0.382683
vn 0.923880 0.000000 -0.382683
vn 0.953717 0.000000 -0.300706
vn 0.953717 0.000000 -0.300706
vn 0.976296 0.000000 -0.216439
vn 0.976296 0.000000 -0.216439
vn 0.991445 0.000000 -0.130526
vn 0.991445 0.000000 -0.130526
vn 0.999048 0.000000 -0.043620
vn 0.999048 0.000000 -0.043620
vn 0.999048 0.000000 0.043620
vn 0.991445 0.000000 0.130526
vn 0.999048 0.000000 0.043620
vn 0.991445 0.000000 0.130526
vn 0.976296 0.000000 0.216439
vn 0.976296 -0.000000 0.216439
vn 0.953717 0.000000 0.300706
vn 0.953717 -0.000000 0.300706
vn 0.923880 0.000000 0.382683
vn 0.923880 -0.000000 0.382683
vn 0.887011 -0.000000 0.461749
vn 0.887011 0.000000 0.461749
vn 0.843391 -0.000000 0.537300
vn 0.843391 0.000000 0.537300
vn 0.793353 -0.000000 0.608761
vn 0.793353 0.000000 0.608761
vn 0.737277 -0.000000 0.675591
vn 0.737277 0.000000 0.675591
vn 0.589070 0.000000 -0.808082
vn 0.589070 0.000000 -0.808082
vn 0.650756 0.000000 -0.759287
vn 0.708417 0.000000 -0.705794
vn 0.650756 0.000000 -0.759287
vn 0.708417 0.000000 -0.705794
vn -0.485983 0.000000 -0.873968
vn -0.485983 0.000000 -0.873968
vn -0.410413 0.000000 -0.911900
vn -0.410413 0.000000 -0.911900
vn -0.331907 0.000000 -0.943312
vn -0.251030 -0.000000 -0.967979
vn -0.331907 0.000000 -0.943312
vn -0.251030 0.000000 -0.967979
vn -0.168357 0.000000 -0.985726
vn -0.168357 0.000000 -0.985726
vn -0.084481 0.000000 -0.996425
vn -0.084481 0.000000 -0.996425
vn -0.000000 0.000000 -1.000000
vn 0.000000 0.000000 -1.000000
vn 0.084481 0.000000 -0.996425
vn 0.084481 0.000000 -0.996425
vn 0.168357 0.000000 -0.985726
vn 0.168357 0.000000 -0.985726
vn 0.251030 0.000000 -0.967979
vn 0.251030 0.000000 -0.967979
vn 0.331907 0.000000 -0.943312
vn 0.410413 0.000000 -0.911900
vn 0.331907 0.000000 -0.943312
vn 0.485983 0.000000 -0.873968
vn 0.410413 0.000000 -0.911900
vn 0.485983 0.000000 -0.873968
vn -0.708417 0.000000 -0.705794
vn -0.708417 0.000000 -0.705794
vn -0.650756 -0.000000 -0.759287
vn -0.589070 -0.000000 -0.808082
vn -0.650756 0.000000 -0.759287
vn -0.589070 0.000000 -0.808082
vn -0.998102 0.000000 -0.061578
vn -0.998102 0.000000 -0.061578
vn -0.982974 0.000000 -0.183745
vn -0.982974 0.000000 -0.183745
vn -0.952943 0.000000 -0.303150
vn -0.952943 0.000000 -0.303150
vn -0.908466 0.000000 -0.417958
vn -0.908466 0.000000 -0.417958
vn -0.850217 0.000000 -0.526433
vn -0.850217 0.000000 -0.526433
vn -0.779082 0.000000 -0.626923
vn -0.779082 0.000000 -0.626923
vn -0.696131 0.000000 -0.717915
vn -0.696131 0.000000 -0.717915
vn -0.602636 0.000000 -0.798016
vn -0.602636 0.000000 -0.798016
vn -0.499999 0.000000 -0.866026
vn -0.499999 0.000000 -0.866026
vn -0.389786 0.000000 -0.920905
vn -0.389786 0.000000 -0.920905
vn -0.273664 0.000000 -0.961825
vn -0.273664 0.000000 -0.961825
vn -0.153392 0.000000 -0.988165
vn -0.153392 0.000000 -0.988165
vn -0.030795 0.000000 -0.999526
vn -0.030795 0.000000 -0.999526
vn 0.092268 0.000000 -0.995734
vn 0.092268 0.000000 -0.995734
vn 0.213932 0.000000 -0.976849
vn 0.213932 0.000000 -0.976849
vn 0.332355 0.000000 -0.943154
vn 0.445739 0.000000 -0.895163
vn 0.332355 0.000000 -0.943154
vn 0.445739 0.000000 -0.895163
vn 0.552366 0.000000 -0.833602
vn 0.552366 0.000000 -0.833602
vn 0.650617 0.000000 -0.759406
vn 0.650617 0.000000 -0.759406
vn 0.739009 0.000000 -0.673696
vn 0.739009 0.000000 -0.673696
vn 0.816195 0.000000 -0.577776
vn 0.816195 0.000000 -0.577776
vn 0.881014 0.000000 -0.473091
vn 0.881014 0.000000 -0.473091
vn 0.932472 0.000000 -0.361244
vn 0.932472 0.000000 -0.361244
vn 0.969797 0.000000 -0.243914
vn 0.969797 0.000000 -0.243914
vn 0.992420 0.000000 -0.122890
vn 0.992420 0.000000 -0.122890
vn 1.000000 -0.000000 0.000000
vn 1.000000 0.000000 0.000000
vn 0.992420 -0.000000 0.122890
vn 0.992420 0.000000 0.122890
vn 0.969797 -0.000000 0.243914
vn 0.969797 0.000000 0.243914
vn 0.932471 -0.000000 0.361244
vn 0.932471 0.000000 0.361244
vn 0.881014 -0.000000 0.473091
vn 0.881014 0.000000 0.473091
vn 0.816195 -0.000000 0.577776
vn 0.816195 0.000000 0.577776
vn 0.739009 -0.000000 0.673696
vn 0.739009 0.000000 0.673696
vn 0.650617 -0.000000 0.759406
vn 0.650617 0.000000 0.759406
vn 0.552365 -0.000000 0.833602
vn 0.552365 0.000000 0.833602
vn 0.445740 -0.000000 0.895163
vn 0.445740 0.000000 0.895163
vn 0.332355 -0.000000 0.943154
vn 0.332355 0.000000 0.943154
vn 0.213932 -0.000000 0.976849
vn 0.213932 0.000000 0.976849
vn 0.092268 0.000000 0.995734
vn 0.092268 0.000000 0.995734
vn -0.030795 0.000000 0.999526
vn -0.030795 0.000000 0.999526
vn -0.153392 0.000000 0.988165
vn -0.153392 0.000000 0.988165
vn -0.273664 0.000000 0.961825
vn -0.273664 0.000000 0.961825
vn -0.389786 0.000000 0.920905
vn -0.389786 0.000000 0.920905
vn -0.499999 0.000000 0.866026
vn -0.499999 0.000000 0.866026
vn -0.602636 0.000000 0.798016
vn -0.602636 0.000000 0.798016
vn -0.696131 0.000000 0.717915
vn -0.696131 0.000000 0.717915
vn -0.779082 0.000000 0.626923
vn -0.779082 0.000000 0.626923
vn -0.850217 0.000000 0.526433
vn -0.850217 0.000000 0.526433
vn -0.908466 0.000000 0.417958
vn -0.908466 0.000000 0.417958
vn -0.952943 0.000000 0.303150
vn -0.952943 0.000000 0.303150
vn -0.982974 0.000000 0.183745
vn -0.982974 0.000000 0.183745
vn -0.998102 0.000000 0.061578
vn -0.998102 0.000000 0.061578
vn 0.000000 1.000000 0.000000
vn 0.000000 1.000000 0.000000
vn 0.000000 1.000000 0.000000
vn 0.000000 1.000000 0.000000
vn 0.000000 1.000000 0.000000
vn 0.000000 1.000000 0.000000
vn 0.000000 1.000000 0.000000
vn 0.000000 1.000000 0.000000
vn 0.000000 1.000000 0.000000
vn 0.000000 1.000000 0.000000
vn 0.000000 1.000000 0.000000
vn 0.000000 1.000000 0.000000
vn 0.000000 1.000000 0.000000
vn 0.000000 1.000000 0.000000
vn 0.000000 1.000000 0.000000
vn 0.000000 1.000000 0.000000
vn 0.000000 1.000000 0.000000
vn 0.000000 1.000000 0.000000
vn 0.000000 1.000000 0.000000
vn 0.000000 1.000000 0.000000
vn 0.000000 1.000000 0.000000
vn 0.000000 1.000000 0.000000
vn 0.000000 1.000000 0.000000
vn 0.000000 1.000000 0.000000
vn 0.000000 1.000000 0.000000
vn 0.000000 1.000000 0.000000
vn 0.000000 1.000000 0.000000
vn 0.000000 1.000000 0.000000
vn 0.000000 1.000000 0.000000
vn 0.000000 1.000000 0.000000
vn 0.000000 1.000000 0.000000
vn 0.000000 1.000000 0.000000
vn 0.000000 1.000000 0.000000
vn 0.000000 1.000000 0.000000
vn 0.000000 1.000000 0.000000
vn 0.000000 1.000000 0.000000
vn 0.000000 1.000000 0.000000
vn 0.000000 1.000000 0.000000
vn 0.000000 1.000000 0.000000
vn 0.000000 1.000000 0.000000
vn 0.000000 1.000000 0.000000
vn 0.000000 1.000000 0.000000
vn 0.000000 1.000000 0.000000
vn 0.000000 1.000000 0.000000
vn 0.000000 1.000000 0.000000
vn 0.000000 1.000000 0.000000
vn 0.000000 1.000000 0.000000
vn 0.000000 1.000000 0.000000
vn 0.000000 1.000000 0.000000
vn 0.000000 1.000000 0.000000
vn 0.000000 1.000000 0.000000
vn 0.000000 1.000000 0.000000
vn 0.000000 1.000000 0.000000
vn 0.000000 1.000000 0.000000
vn 0.000000 1.000000 0.000000
vn 0.000000 1.000000 0.000000
vn 0.000000 1.000000 0.000000
vn 0.000000 1.000000 0.000000
vn 0.000000 1.000000 0.000000
vn 0.000000 1.000000 0.000000
vn 0.000000 1.000000 0.000000
vn 0.000000 1.000000 0.000000
vn 0.000000 1.000000 0.000000
vn 0.000000 1.000000 0.000000
vn 0.000000 1.000000 0.000000
vn 0.000000 1.000000 0.000000
vn 0.000000 1.000000 0.000000
vn 0.000000 1.000000 0.000000
vn 0.000000 1.000000 0.000000
vn 0.000000 1.000000 0.000000
vn 0.000000 1.000000 0.000000
vn 0.000000 1.000000 0.000000
vn 0.000000 1.000000 0.000000
vn 0.000000 1.000000 0.000000
vn 0.000000 1.000000 0.000000
vn 0.000000 1.000000 0.000000
vn 0.000000 1.000000 0.000000
vn 0.000000 1.000000 0.000000
vn 0.000000 1.000000 0.000000
vn 0.000000 1.000000 0.000000
vn 0.000000 1.000000 0.000000
vn 0.000000 1.000000 0.000000
vn 0.000000 1.000000 0.000000
vn 0.000000 1.000000 0.000000
vn 0.000000 1.000000 0.000000
vn 0.000000 1.000000 0.000000
vn 0.000000 1.000000 0.000000
vn 0.000000 1.000000 0.000000
vn 0.000000 1.000000 0.000000
vn 0.000000 1.000000 0.000000
vn 0.000000 1.000000 0.000000
vn 0.000000 1.000000 0.000000
vn 0.000000 1.000000 0.000000
vn 0.000000 1.000000 0.000000
vn 0.000000 1.000000 0.000000
vn 0.000000 1.000000 0.000000
vn 0.000000 1.000000 0.000000
vn 0.000000 1.000000 0.000000
vn 0.000000 1.000000 0.000000
vn 0.000000 1.000000 0.000000
vn 0.000000 1.000000 0.000000
vn 0.000000 1.000000 0.000000
vn 0.000000 1.000000 0.000000
vn 0.000000 1.000000 0.000000
vn 0.000000 1.000000 0.000000
vn 0.000000 1.000000 0.000000
vn 0.000000 1.000000 0.000000
vn 0.000000 1.000000 0.000000
vn 0.000000 1.000000 0.000000
vn 0.000000 1.000000 0.000000
vn 0.000000 1.000000 0.000000
vn 0.000000 1.000000 0.000000
vn 0.000000 1.000000 0.000000
vn 0.000000 1.000000 0.000000
vn 0.000000 1.000000 0.000000
vn 0.000000 1.000000 0.000000
vn 0.000000 1.000000 0.000000
vn 0.000000 1.000000 0.000000
vn 0.000000 1.000000 0.000000
vn 0.000000 1.000000 0.000000
vn 0.000000 1.000000 0.000000
vn 0.000000 1.000000 0.000000
vn 0.000000 1.000000 0.000000
vn 0.000000 1.000000 0.000000
vn 0.000000 1.000000 0.000000
vn 0.000000 1.000000 0.000000
vn 0.000000 1.000000 0.000000
vn 0.000000 1.000000 0.000000
vn 0.000000 1.000000 0.000000
vn 0.000000 1.000000 0.000000
vn 0.000000 1.000000 0.000000
vn 0.000000 1.000000 0.000000
vn 0.000000 1.000000 0.000000
vn 0.000000 1.000000 0.000000
vn 0.000000 1.000000 0.000000
vn 0.000000 1.000000 0.000000
vn 0.000000 1.000000 0.000000
vn 0.000000 1.000000 0.000000
vn 0.000000 1.000000 0.000000
vn 0.000000 1.000000 0.000000
vn 0.000000 1.000000 0.000000
vn 0.000000 1.000000 0.000000
vn 0.000000 1.000000 0.000000
vn 0.000000 1.000000 0.000000
vn 0.000000 1.000000 0.000000
vn 0.000000 1.000000 0.000000
vn 0.000000 1.000000 0.000000
vn 0.000000 1.000000 0.000000
vn 0.000000 1.000000 0.000000
vn 0.000000 1.000000 0.000000
vn 0.000000 1.000000 0.000000
vn 0.000000 1.000000 0.000000
vn 0.000000 1.000000 0.000000
vn 0.000000 1.000000 0.000000
vn 0.000000 1.000000 0.000000
vn 0.000000 1.000000 0.000000
vn 0.000000 1.000000 0.000000
vn 0.000000 1.000000 0.000000
vn 0.000000 1.000000 0.000000
vn 0.000000 1.000000 0.000000
vn 0.000000 1.000000 0.000000
vn 0.000000 1.000000 0.000000
vn 0.000000 1.000000 0.000000
vn 0.000000 1.000000 0.000000
vn 0.000000 1.000000 0.000000
vn 0.000000 1.000000 0.000000
vn 0.000000 1.000000 0.000000
vn 0.000000 1.000000 0.000000
vn 0.000000 1.000000 0.000000
vn 0.000000 1.000000 0.000000
vn 0.000000 1.000000 0.000000
vn 0.000000 1.000000 0.000000
vn 0.000000 1.000000 0.000000
vn 0.000000 1.000000 0.000000
vn 0.000000 1.000000 0.000000
vn 0.000000 1.000000 0.000000
vn 0.000000 1.000000 0.000000
vn 0.000000 1.000000 0.000000
vn 0.000000 1.000000 0.000000
vn 0.000000 1.000000 0.000000
vn 0.000000 1.000000 0.000000
vn 0.000000 1.000000 0.000000
vn 0.000000 1.000000 0.000000
vn 0.000000 1.000000 0.000000
vn 0.000000 1.000000 0.000000
vn 0.000000 1.000000 0.000000
vn 0.000000 1.000000 0.000000
vn 0.000000 1.000000 0.000000
vn 0.000000 1.000000 0.000000
vn 0.000000 1.000000 0.000000
vn 0.000000 1.000000 0.000000
vn 0.000000 1.000000 0.000000
vn 0.000000 1.000000 0.000000
vn 0.000000 1.000000 0.000000
vn 0.000000 1.000000 0.000000
vn 0.000000 1.000000 0.000000
vn 0.000000 1.000000 0.000000
vn 0.000000 1.000000 0.000000
vn 0.000000 1.000000 0.000000
vn 0.000000 1.000000 0.000000
vn 0.000000 1.000000 0.000000
vn 0.000000 1.000000 0.000000
vn 0.000000 1.000000 0.000000
vn 0.000000 1.000000 0.000000
vn 0.000000 1.000000 0.000000
vn 0.000000 1.000000 0.000000
vn 0.000000 1.000000 0.000000
vn 0.000000 1.000000 0.000000
vn 0.000000 1.000000 0.000000
vn 0.000000 1.000000 0.000000
vn 0.000000 1.000000 0.000000
vn 0.000000 1.000000 0.000000
vn 0.000000 1.000000 0.000000
vn 0.000000 1.000000 0.000000
vn 0.000000 1.000000 0.000000
vn 0.000000 1.000000 0.000000
vn 0.000000 1.000000 0.000000
vn 0.000000 1.000000 0.000000
vn 0.000000 1.000000 0.000000
vn 0.000000 1.000000 0.000000
vn 0.000000 1.000000 0.000000
vn 0.000000 1.000000 0.000000
vn 0.000000 1.000000 0.000000
vn 0.000000 1.000000 0.000000
vn 0.000000 1.000000 0.000000
vn 0.000000 1.000000 0.000000
vn 0.000000 1.000000 0.000000
vn 0.000000 1.000000 0.000000
vn 0.000000 1.000000 0.000000
vn 0.000000 1.000000 0.000000
vn 0.000000 1.000000 0.000000
vn 0.000000 1.000000 0.000000
vn 0.000000 1.000000 0.000000
vn 0.000000 1.000000 0.000000
vn 0.000000 1.000000 0.000000
vn 0.000000 1.000000 0.000000
vn 0.000000 1.000000 0.000000
vn 0.000000 1.000000 0.000000
vn 0.000000 1.000000 0.000000
vn 0.000000 1.000000 0.000000
vn 0.000000 1.000000 0.000000
vn 0.000000 1.000000 0.000000
vn 0.000000 1.000000 0.000000
vn 0.000000 1.000000 0.000000
vn 0.000000 1.000000 0.000000
vn 0.000000 1.000000 0.000000
vn 0.000000 1.000000 0.000000
vn 0.000000 1.000000 0.000000
vn 0.000000 1.000000 0.000000
vn 0.000000 1.000000 0.000000
vn 0.000000 1.000000 0.000000
vn 0.000000 1.000000 0.000000
vn 0.000000 1.000000 0.000000
vn 0.000000 1.000000 0.000000
vn 0.000000 1.000000 0.000000
vn 0.000000 1.000000 0.000000
g MeshExport
f 1//1 2//1 3//1
f 4//2 2//2 1//2
f 5//3 2//3 4//3
f 6//4 2//4 5//4
f 7//5 2//5 6//5
f 7//6 8//6 2//6
f 2//7 9//7 10//7
f 2//8 11//8 9//8
f 2//9 12//9 11//9
f 8//10 13//10 2//10
f 2//11 13//11 12//11
f 8//12 14//12 13//12
f 15//13 14//13 8//13
f 15//14 16//14 14//14
f 15//15 17//15 16//15
f 18//16 17//16 15//16
f 18//17 19//17 17//17
f 20//18 19//18 18//18
f 20//19 21//19 19//19
f 20//20 22//20 21//20
f 23//21 22//21 20//21
f 23//22 24//22 22//22
f 23//23 25//23 24//23
f 26//24 25//24 23//24
f 26//25 27//25 25//25
f 26//26 28//26 27//26
f 29//27 28//27 26//27
f 29//28 30//28 28//28
f 29//29 31//29 30//29
f 32//30 31//30 29//30
f 32//31 33//31 31//31
f 32//32 34//32 33//32
f 35//33 34//33 32//33
f 35//34 36//34 34//34
f 37//35 38//35 39//35
f 40//36 38//36 37//36
f 35//37 41//37 36//37
f 36//38 41//38 42//38
f 43//39 41//39 35//39
f 41//40 44//40 42//40
f 45//41 46//41 47//41
f 38//42 48//42 39//42
f 43//43 48//43 41//43
f 39//44 48//44 43//44
f 48//45 49//45 50//45
f 48//46 51//46 49//46
f 48//47 52//47 51//47
f 38//48 52//48 48//48
f 38//49 53//49 52//49
f 47//50 53//50 38//50
f 47//51 54//51 53//51
f 46//52 55//52 47//52
f 47//53 55//53 54//53
f 56//54 57//54 58//54
f 57//55 59//55 58//55
f 58//56 60//56 56//56
f 61//57 60//57 58//57
f 59//58 62//58 58//58
f 61//59 63//59 60//59
f 62//60 64//60 58//60
f 61//61 65//61 63//61
f 58//62 66//62 67//62
f 64//63 66//63 58//63
f 46//64 68//64 55//64
f 61//65 69//65 65//65
f 66//66 70//66 67//66
f 61//67 71//67 69//67
f 70//68 72//68 67//68
f 61//69 73//69 71//69
f 72//70 74//70 67//70
f 61//71 75//71 73//71
f 67//72 76//72 46//72
f 46//73 76//73 68//73
f 74//74 76//74 67//74
f 61//75 77//75 75//75
f 61//76 78//76 77//76
f 76//77 79//77 68//77
f 78//78 80//78 77//78
f 78//79 81//79 80//79
f 79//80 82//80 68//80
f 83//81 82//81 79//81
f 83//82 84//82 82//82
f 78//83 85//83 81//83
f 84//84 86//84 82//84
f 78//85 87//85 85//85
f 78//86 88//86 87//86
f 78//87 89//87 88//87
f 86//88 90//88 82//88
f 91//89 90//89 92//89
f 92//90 90//90 86//90
f 78//91 93//91 89//91
f 78//92 94//92 93//92
f 93//93 94//93 95//93
f 95//94 94//94 96//94
f 94//95 97//95 96//95
f 91//96 98//96 90//96
f 99//97 98//97 100//97
f 100//98 98//98 101//98
f 101//99 98//99 102//99
f 102//100 98//100 91//100
f 94//101 103//101 97//101
f 94//102 104//102 103//102
f 94//103 105//103 104//103
f 94//104 106//104 105//104
f 99//105 107//105 98//105
f 108//106 107//106 109//106
f 109//107 107//107 110//107
f 110//108 107//108 111//108
f 111//109 107//109 99//109
f 94//110 112//110 106//110
f 112//111 113//111 114//111
f 114//112 113//112 115//112
f 115//113 113//113 116//113
f 94//114 113//114 112//114
f 117//115 118//115 119//115
f 119//116 118//116 120//116
f 120//117 118//117 121//117
f 121//118 118//118 108//118
f 108//119 118//119 107//119
f 113//120 122//120 116//120
f 123//121 124//121 125//121
f 125//122 124//122 126//122
f 126//123 124//123 127//123
f 127//124 124//124 117//124
f 117//125 124//125 118//125
f 128//126 129//126 130//126
f 130//127 129//127 131//127
f 131//128 129//128 132//128
f 132//129 129//129 123//129
f 123//130 129//130 124//130
f 133//131 134//131 135//131
f 135//132 134//132 136//132
f 136//133 134//133 137//133
f 137//134 134//134 128//134
f 128//135 134//135 129//135
f 134//136 138//136 129//136
f 133//137 139//137 134//137
f 140//138 139//138 141//138
f 141//139 139//139 142//139
f 142//140 139//140 133//140
f 143//141 144//141 145//141
f 146//142 147//142 140//142
f 139//143 147//143 148//143
f 140//144 147//144 139//144
f 149//145 150//145 151//145
f 151//146 150//146 146//146
f 146//147 150//147 147//147
f 122//148 152//148 153//148
f 153//149 152//149 149//149
f 149//150 152//150 150//150
f 113//151 152//151 122//151
f 113//152 154//152 152//152
f 145//153 154//153 113//153
f 145//154 155//154 154//154
f 144//155 155//155 145//155
f 144//156 156//156 155//156
f 157//157 156//157 144//157
f 158//158 159//158 157//158
f 157//159 160//159 156//159
f 157//160 161//160 160//160
f 159//161 162//161 157//161
f 157//162 162//162 161//162
f 159//163 163//163 162//163
f 159//164 164//164 163//164
f 159//165 165//165 164//165
f 165//166 166//166 164//166
f 167//167 168//167 159//167
f 159//168 168//168 165//168
f 168//169 169//169 170//169
f 167//170 169//170 168//170
f 171//171 172//171 173//171
f 173//172 174//172 171//172
f 172//173 175//173 173//173
f 173//174 176//174 174//174
f 175//175 177//175 173//175
f 173//176 178//176 176//176
f 173//177 179//177 167//177
f 177//178 179//178 173//178
f 173//179 180//179 178//179
f 179//180 181//180 167//180
f 173//181 182//181 180//181
f 167//182 183//182 169//182
f 181//183 184//183 167//183
f 184//184 185//184 167//184
f 173//185 186//185 182//185
f 182//186 186//186 187//186
f 187//187 186//187 188//187
f 186//188 189//188 188//188
f 186//189 190//189 189//189
f 186//190 191//190 190//190
f 186//191 192//191 191//191
f 185//192 193//192 167//192
f 194//193 193//193 195//193
f 195//194 193//194 196//194
f 196//195 193//195 197//195
f 197//196 193//196 185//196
f 167//197 193//197 183//197
f 186//198 198//198 192//198
f 186//199 199//199 198//199
f 200//200 201//200 202//200
f 202//201 201//201 203//201
f 203//202 201//202 204//202
f 204//203 201//203 205//203
f 205//204 201//204 194//204
f 194//205 201//205 193//205
f 200//206 206//206 201//206
f 199//207 207//207 208//207
f 208//208 207//208 209//208
f 186//209 207//209 199//209
f 209//210 207//210 210//210
f 210//211 207//211 211//211
f 207//212 212//212 211//212
f 213//213 214//213 215//213
f 215//214 214//214 216//214
f 216//215 214//215 217//215
f 217//216 214//216 218//216
f 218//217 214//217 219//217
f 219//218 214//218 206//218
f 206//219 214//219 201//219
f 220//220 221//220 222//220
f 222//221 221//221 223//221
f 223//222 221//222 224//222
f 224//223 221//223 225//223
f 225//224 221//224 226//224
f 226//225 221//225 213//225
f 213//226 221//226 214//226
f 227//227 228//227 229//227
f 229//228 228//228 230//228
f 230//229 228//229 220//229
f 212//230 228//230 227//230
f 207//231 228//231 212//231
f 220//232 228//232 221//232
f 207//233 231//233 228//233
f 232//234 231//234 207//234
f 232//235 233//235 231//235
f 234//236 233//236 232//236
f 235//237 233//237 234//237
f 236//238 237//238 235//238
f 235//239 238//239 233//239
f 237//240 238//240 235//240
f 239//241 240//241 241//241
f 237//242 242//242 238//242
f 240//243 242//243 241//243
f 241//244 242//244 237//244
f 240//245 243//245 242//245
f 244//246 243//246 240//246
f 244//247 245//247 243//247
f 246//248 245//248 244//248
f 246//249 247//249 245//249
f 247//250 248//250 245//250
f 247//251 249//251 248//251
f 249//252 250//252 248//252
f 250//253 251//253 248//253
f 252//254 251//254 250//254
f 252//255 253//255 251//255
f 253//256 254//256 251//256
f 170//257 255//257 256//257
f 170//258 169//258 255//258
f 169//259 257//259 255//259
f 169//260 183//260 257//260
f 183//261 258//261 257//261
f 183//262 193//262 258//262
f 258//263 201//263 259//263
f 193//264 201//264 258//264
f 259//265 214//265 260//265
f 201//266 214//266 259//266
f 260//267 221//267 261//267
f 214//268 221//268 260//268
f 261//269 228//269 262//269
f 221//270 228//270 261//270
f 262//271 231//271 263//271
f 228//272 231//272 262//272
f 263//273 233//273 264//273
f 231//274 233//274 263//274
f 264//275 238//275 265//275
f 233//276 238//276 264//276
f 265//277 242//277 266//277
f 238//278 242//278 265//278
f 266//279 243//279 267//279
f 242//280 243//280 266//280
f 267//281 245//281 268//281
f 243//282 245//282 267//282
f 268//283 248//283 269//283
f 245//284 248//284 268//284
f 269//285 251//285 270//285
f 248//286 251//286 269//286
f 270//287 254//287 271//287
f 251//288 254//288 270//288
f 272//289 168//289 256//289
f 168//290 170//290 256//290
f 165//291 272//291 273//291
f 165//292 168//292 272//292
f 274//293 165//293 273//293
f 166//294 165//294 274//294
f 148//295 147//295 275//295
f 275//296 147//296 276//296
f 276//297 150//297 277//297
f 147//298 150//298 276//298
f 277//299 152//299 278//299
f 150//300 152//300 277//300
f 278//301 154//301 279//301
f 152//302 154//302 278//302
f 279//303 155//303 280//303
f 154//304 155//304 279//304
f 280//305 156//305 281//305
f 155//306 156//306 280//306
f 281//307 160//307 282//307
f 156//308 160//308 281//308
f 282//309 161//309 283//309
f 160//310 161//310 282//310
f 283//311 162//311 284//311
f 161//312 162//312 283//312
f 284//313 163//313 285//313
f 162//314 163//314 284//314
f 285//315 164//315 286//315
f 163//316 164//316 285//316
f 286//317 166//317 274//317
f 164//318 166//318 286//318
f 287//319 139//319 275//319
f 139//320 148//320 275//320
f 134//321 139//321 288//321
f 288//322 139//322 287//322
f 289//323 134//323 288//323
f 138//324 134//324 289//324
f 50//325 290//325 291//325
f 50//326 49//326 290//326
f 49//327 292//327 290//327
f 49//328 51//328 292//328
f 51//329 293//329 292//329
f 51//330 52//330 293//330
f 52//331 294//331 293//331
f 52//332 53//332 294//332
f 53//333 295//333 294//333
f 53//334 54//334 295//334
f 54//335 296//335 295//335
f 54//336 55//336 296//336
f 55//337 297//337 296//337
f 55//338 68//338 297//338
f 68//339 298//339 297//339
f 68//340 82//340 298//340
f 82//341 299//341 298//341
f 82//342 90//342 299//342
f 299//343 98//343 300//343
f 90//344 98//344 299//344
f 300//345 107//345 301//345
f 98//346 107//346 300//346
f 301//347 118//347 302//347
f 107//348 118//348 301//348
f 302//349 124//349 303//349
f 118//350 124//350 302//350
f 303//351 129//351 304//351
f 124//352 129//352 303//352
f 304//353 138//353 289//353
f 129//354 138//354 304//354
f 48//355 50//355 305//355
f 305//356 50//356 291//356
f 41//357 305//357 306//357
f 41//358 48//358 305//358
f 307//359 41//359 306//359
f 44//360 41//360 307//360
f 308//361 10//361 309//361
f 309//362 9//362 310//362
f 10//363 9//363 309//363
f 9//364 11//364 310//364
f 11//365 311//365 310//365
f 11//366 12//366 311//366
f 12//367 312//367 311//367
f 12//368 13//368 312//368
f 13//369 313//369 312//369
f 13//370 14//370 313//370
f 16//371 314//371 315//371
f 16//372 17//372 314//372
f 17//373 316//373 314//373
f 17//374 19//374 316//374
f 19//375 317//375 316//375
f 19//376 21//376 317//376
f 21//377 318//377 317//377
f 21//378 22//378 318//378
f 22//379 319//379 318//379
f 22//380 24//380 319//380
f 24//381 320//381 319//381
f 24//382 25//382 320//382
f 25//383 321//383 320//383
f 25//384 27//384 321//384
f 27//385 322//385 321//385
f 27//386 28//386 322//386
f 28//387 323//387 322//387
f 28//388 30//388 323//388
f 30//389 324//389 323//389
f 30//390 31//390 324//390
f 31//391 325//391 324//391
f 31//392 33//392 325//392
f 33//393 326//393 325//393
f 33//394 34//394 326//394
f 34//395 327//395 326//395
f 34//396 36//396 327//396
f 36//397 328//397 327//397
f 36//398 42//398 328//398
f 328//399 44//399 307//399
f 42//400 44//400 328//400
f 313//401 329//401 315//401
f 16//402 329//402 14//402
f 14//403 329//403 313//403
f 315//404 329//404 16//404
f 2//405 308//405 330//405
f 2//406 10//406 308//406
f 2//407 330//407 331//407
f 3//408 2//408 331//408
f 40//409 37//409 332//409
f 332//410 37//410 333//410
f 37//411 334//411 333//411
f 37//412 39//412 334//412
f 39//413 335//413 334//413
f 39//414 43//414 335//414
f 43//415 336//415 335//415
f 43//416 35//416 336//416
f 35//417 337//417 336//417
f 35//418 32//418 337//418
f 32//419 338//419 337//419
f 32//420 29//420 338//420
f 29//421 339//421 338//421
f 29//422 26//422 339//422
f 26//423 340//423 339//423
f 26//424 23//424 340//424
f 15//425 341//425 342//425
f 15//426 8//426 341//426
f 8//427 343//427 341//427
f 8//428 7//428 343//428
f 6//429 344//429 345//429
f 6//430 5//430 344//430
f 5//431 346//431 344//431
f 5//432 4//432 346//432
f 346//433 4//433 347//433
f 4//434 1//434 347//434
f 347//435 1//435 331//435
f 1//436 3//436 331//436
f 20//437 348//437 23//437
f 340//438 348//438 349//438
f 23//439 348//439 340//439
f 349//440 348//440 20//440
f 18//441 350//441 20//441
f 349//442 350//442 351//442
f 20//443 350//443 349//443
f 351//444 350//444 18//444
f 15//445 352//445 18//445
f 351//446 352//446 342//446
f 18//447 352//447 351//447
f 342//448 352//448 15//448
f 345//449 353//449 6//449
f 6//450 353//450 7//450
f 343//451 353//451 345//451
f 7//452 353//452 343//452
f 40//453 332//453 354//453
f 38//454 40//454 354//454
f 355//455 38//455 354//455
f 47//456 38//456 355//456
f 45//457 47//457 355//457
f 45//458 355//458 356//458
f 143//459 357//459 358//459
f 143//460 145//460 357//460
f 145//461 359//461 357//461
f 145//462 113//462 359//462
f 113//463 360//463 359//463
f 113//464 94//464 360//464
f 94//465 361//465 360//465
f 94//466 78//466 361//466
f 78//467 362//467 361//467
f 78//468 61//468 362//468
f 61//469 363//469 362//469
f 61//470 58//470 363//470
f 58//471 364//471 363//471
f 58//472 67//472 364//472
f 67//473 365//473 364//473
f 67//474 46//474 365//474
f 46//475 356//475 365//475
f 46//476 45//476 356//476
f 143//477 358//477 366//477
f 144//478 143//478 366//478
f 367//479 144//479 366//479
f 157//480 144//480 367//480
f 158//481 157//481 367//481
f 158//482 367//482 368//482
f 236//483 369//483 370//483
f 236//484 235//484 369//484
f 235//485 371//485 369//485
f 235//486 234//486 371//486
f 234//487 372//487 371//487
f 234//488 232//488 372//488
f 232//489 373//489 372//489
f 232//490 207//490 373//490
f 207//491 374//491 373//491
f 207//492 186//492 374//492
f 186//493 375//493 374//493
f 186//494 173//494 375//494
f 173//495 376//495 375//495
f 173//496 167//496 376//496
f 167//497 377//497 376//497
f 167//498 159//498 377//498
f 159//499 368//499 377//499
f 159//500 158//500 368//500
f 237//501 370//501 378//501
f 237//502 236//502 370//502
f 379//503 237//503 378//503
f 241//504 237//504 379//504
f 241//505 379//505 380//505
f 239//506 241//506 380//506
f 254//507 381//507 271//507
f 254//508 253//508 381//508
f 381//509 252//509 382//509
f 253//510 252//510 381//510
f 382//511 250//511 383//511
f 252//512 250//512 382//512
f 383//513 249//513 384//513
f 250//514 249//514 383//514
f 384//515 247//515 385//515
f 249//516 247//516 384//516
f 385//517 246//517 386//517
f 247//518 246//518 385//518
f 386//519 244//519 387//519
f 246//520 244//520 386//520
f 387//521 240//521 388//521
f 244//522 240//522 387//522
f 388//523 239//523 380//523
f 240//524 239//524 388//524
f 389//525 97//525 390//525
f 97//526 103//526 390//526
f 390//527 104//527 391//527
f 103//528 104//528 390//528
f 391//529 105//529 392//529
f 104//530 105//530 391//530
f 392//531 106//531 393//531
f 105//532 106//532 392//532
f 393//533 112//533 394//533
f 106//534 112//534 393//534
f 394//535 114//535 395//535
f 395//536 114//536 396//536
f 112//537 114//537 394//537
f 114//538 115//538 396//538
f 396//539 116//539 397//539
f 115//540 116//540 396//540
f 397//541 122//541 398//541
f 398//542 122//542 399//542
f 116//543 122//543 397//543
f 122//544 153//544 399//544
f 399//545 149//545 400//545
f 153//546 149//546 399//546
f 400//547 151//547 401//547
f 149//548 151//548 400//548
f 401//549 146//549 402//549
f 402//550 146//550 403//550
f 151//551 146//551 401//551
f 146//552 140//552 403//552
f 140//553 141//553 403//553
f 403//554 141//554 404//554
f 141//555 142//555 404//555
f 404//556 142//556 405//556
f 142//557 133//557 405//557
f 405//558 133//558 406//558
f 406//559 133//559 407//559
f 133//560 135//560 407//560
f 408//561 93//561 409//561
f 93//562 95//562 409//562
f 409//563 96//563 410//563
f 95//564 96//564 409//564
f 410//565 97//565 389//565
f 96//566 97//566 410//566
f 411//567 63//567 412//567
f 63//568 65//568 412//568
f 412//569 69//569 413//569
f 413//570 69//570 414//570
f 65//571 69//571 412//571
f 69//572 71//572 414//572
f 414//573 73//573 415//573
f 415//574 73//574 416//574
f 71//575 73//575 414//575
f 73//576 75//576 416//576
f 416//577 77//577 417//577
f 75//578 77//578 416//578
f 417//579 80//579 418//579
f 77//580 80//580 417//580
f 418//581 81//581 419//581
f 80//582 81//582 418//582
f 419//583 85//583 420//583
f 420//584 85//584 421//584
f 81//585 85//585 419//585
f 85//586 87//586 421//586
f 421//587 88//587 422//587
f 87//588 88//588 421//588
f 422//589 89//589 423//589
f 88//590 89//590 422//590
f 423//591 93//591 408//591
f 89//592 93//592 423//592
f 424//593 57//593 425//593
f 57//594 56//594 425//594
f 425//595 60//595 426//595
f 56//596 60//596 425//596
f 426//597 63//597 411//597
f 60//598 63//598 426//598
f 99//599 100//599 427//599
f 427//600 100//600 428//600
f 428//601 101//601 429//601
f 100//602 101//602 428//602
f 429//603 102//603 430//603
f 101//604 102//604 429//604
f 430//605 91//605 431//605
f 102//606 91//606 430//606
f 431//607 92//607 432//607
f 91//608 92//608 431//608
f 432//609 86//609 433//609
f 92//610 86//610 432//610
f 433//611 84//611 434//611
f 86//612 84//612 433//612
f 434//613 83//613 435//613
f 84//614 83//614 434//614
f 435//615 79//615 436//615
f 83//616 79//616 435//616
f 436//617 76//617 437//617
f 437//618 76//618 438//618
f 79//619 76//619 436//619
f 76//620 74//620 438//620
f 438//621 72//621 439//621
f 74//622 72//622 438//622
f 439//623 70//623 440//623
f 72//624 70//624 439//624
f 440//625 66//625 441//625
f 70//626 66//626 440//626
f 66//627 64//627 441//627
f 441//628 64//628 442//628
f 64//629 62//629 442//629
f 442//630 62//630 443//630
f 62//631 59//631 443//631
f 443//632 59//632 444//632
f 59//633 57//633 444//633
f 444//634 57//634 424//634
f 109//635 110//635 445//635
f 445//636 110//636 446//636
f 446//637 111//637 447//637
f 447//638 111//638 427//638
f 110//639 111//639 446//639
f 111//640 99//640 427//640
f 128//641 130//641 448//641
f 448//642 130//642 449//642
f 449//643 131//643 450//643
f 130//644 131//644 449//644
f 450//645 132//645 451//645
f 451//646 132//646 452//646
f 131//647 132//647 450//647
f 132//648 123//648 452//648
f 452//649 125//649 453//649
f 123//650 125//650 452//650
f 453//651 126//651 454//651
f 125//652 126//652 453//652
f 454//653 127//653 455//653
f 126//654 127//654 454//654
f 455//655 117//655 456//655
f 127//656 117//656 455//656
f 456//657 119//657 457//657
f 117//658 119//658 456//658
f 457//659 120//659 458//659
f 119//660 120//660 457//660
f 458//661 121//661 459//661
f 459//662 121//662 460//662
f 120//663 121//663 458//663
f 460//664 108//664 445//664
f 121//665 108//665 460//665
f 108//666 109//666 445//666
f 135//667 136//667 407//667
f 407//668 136//668 461//668
f 461//669 136//669 462//669
f 462//670 137//670 448//670
f 136//671 137//671 462//671
f 137//672 128//672 448//672
f 227//673 229//673 463//673
f 463//674 229//674 464//674
f 229//675 230//675 464//675
f 464//676 230//676 465//676
f 230//677 220//677 465//677
f 465//678 220//678 466//678
f 220//679 222//679 466//679
f 466//680 222//680 467//680
f 222//681 223//681 467//681
f 467//682 223//682 468//682
f 223//683 224//683 468//683
f 468//684 224//684 469//684
f 224//685 225//685 469//685
f 469//686 225//686 470//686
f 225//687 226//687 470//687
f 470//688 226//688 471//688
f 226//689 213//689 471//689
f 471//690 213//690 472//690
f 213//691 215//691 472//691
f 472//692 215//692 473//692
f 215//693 216//693 473//693
f 473//694 216//694 474//694
f 216//695 217//695 474//695
f 474//696 217//696 475//696
f 217//697 218//697 475//697
f 475//698 218//698 476//698
f 218//699 219//699 476//699
f 476//700 219//700 477//700
f 477//701 219//701 478//701
f 219//702 206//702 478//702
f 478//703 200//703 479//703
f 479//704 200//704 480//704
f 206//705 200//705 478//705
f 200//706 202//706 480//706
f 480//707 203//707 481//707
f 202//708 203//708 480//708
f 481//709 204//709 482//709
f 203//710 204//710 481//710
f 482//711 205//711 483//711
f 204//712 205//712 482//712
f 483//713 194//713 484//713
f 205//714 194//714 483//714
f 484//715 195//715 485//715
f 194//716 195//716 484//716
f 485//717 196//717 486//717
f 195//718 196//718 485//718
f 196//719 197//719 486//719
f 486//720 197//720 487//720
f 487//721 197//721 488//721
f 197//722 185//722 488//722
f 185//723 184//723 488//723
f 488//724 184//724 489//724
f 184//725 181//725 489//725
f 489//726 181//726 490//726
f 181//727 179//727 490//727
f 490//728 179//728 491//728
f 179//729 177//729 491//729
f 491//730 177//730 492//730
f 177//731 175//731 492//731
f 492//732 175//732 493//732
f 175//733 172//733 493//733
f 493//734 172//734 494//734
f 172//735 171//735 494//735
f 494//736 171//736 495//736
f 171//737 174//737 495//737
f 495//738 174//738 496//738
f 174//739 176//739 496//739
f 496//740 176//740 497//740
f 176//741 178//741 497//741
f 497//742 178//742 498//742
f 178//743 180//743 498//743
f 498//744 180//744 499//744
f 180//745 182//745 499//745
f 499//746 182//746 500//746
f 500//747 182//747 501//747
f 182//748 187//748 501//748
f 187//749 188//749 501//749
f 501//750 188//750 502//750
f 188//751 189//751 502//751
f 502//752 189//752 503//752
f 189//753 190//753 503//753
f 503//754 190//754 504//754
f 190//755 191//755 504//755
f 504//756 191//756 505//756
f 191//757 192//757 505//757
f 505//758 192//758 506//758
f 192//759 198//759 506//759
f 506//760 198//760 507//760
f 198//761 199//761 507//761
f 507//762 199//762 508//762
f 199//763 208//763 508//763
f 508//764 208//764 509//764
f 208//765 209//765 509//765
f 509//766 209//766 510//766
f 510//767 210//767 511//767
f 209//768 210//768 510//768
f 511//769 211//769 512//769
f 210//770 211//770 511//770
f 512//771 212//771 513//771
f 211//772 212//772 512//772
f 513//773 227//773 463//773
f 212//774 227//774 513//774
f 330//775 347//775 331//775
f 330//776 346//776 347//776
f 330//777 344//777 346//777
f 330//778 345//778 344//778
f 330//779 343//779 345//779
f 341//780 343//780 330//780
f 309//781 330//781 308//781
f 310//782 330//782 309//782
f 311//783 330//783 310//783
f 312//784 341//784 330//784
f 312//785 330//785 311//785
f 313//786 341//786 312//786
f 313//787 342//787 341//787
f 315//788 342//788 313//788
f 314//789 342//789 315//789
f 314//790 351//790 342//790
f 316//791 351//791 314//791
f 316//792 349//792 351//792
f 317//793 349//793 316//793
f 318//794 349//794 317//794
f 318//795 340//795 349//795
f 319//796 340//796 318//796
f 320//797 340//797 319//797
f 320//798 339//798 340//798
f 321//799 339//799 320//799
f 322//800 339//800 321//800
f 322//801 338//801 339//801
f 323//802 338//802 322//802
f 324//803 338//803 323//803
f 324//804 337//804 338//804
f 325//805 337//805 324//805
f 326//806 337//806 325//806
f 326//807 336//807 337//807
f 327//808 336//808 326//808
f 354//809 333//809 334//809
f 354//810 332//810 333//810
f 306//811 336//811 327//811
f 306//812 327//812 328//812
f 306//813 335//813 336//813
f 307//814 306//814 328//814
f 365//815 356//815 355//815
f 305//816 354//816 334//816
f 305//817 335//817 306//817
f 305//818 334//818 335//818
f 290//819 305//819 291//819
f 292//820 305//820 290//820
f 293//821 305//821 292//821
f 293//822 354//822 305//822
f 294//823 354//823 293//823
f 294//824 355//824 354//824
f 295//825 355//825 294//825
f 296//826 365//826 355//826
f 296//827 355//827 295//827
f 424//828 425//828 363//828
f 444//829 424//829 363//829
f 426//830 363//830 425//830
f 426//831 362//831 363//831
f 443//832 444//832 363//832
f 411//833 362//833 426//833
f 442//834 443//834 363//834
f 412//835 362//835 411//835
f 441//836 363//836 364//836
f 441//837 442//837 363//837
f 297//838 365//838 296//838
f 413//839 362//839 412//839
f 440//840 441//840 364//840
f 414//841 362//841 413//841
f 439//842 440//842 364//842
f 415//843 362//843 414//843
f 438//844 439//844 364//844
f 416//845 362//845 415//845
f 437//846 438//846 364//846
f 437//847 364//847 365//847
f 437//848 365//848 297//848
f 417//849 362//849 416//849
f 361//850 362//850 417//850
f 436//851 437//851 297//851
f 418//852 361//852 417//852
f 419//853 361//853 418//853
f 298//854 436//854 297//854
f 298//855 435//855 436//855
f 434//856 435//856 298//856
f 420//857 361//857 419//857
f 433//858 434//858 298//858
f 421//859 361//859 420//859
f 422//860 361//860 421//860
f 423//861 361//861 422//861
f 299//862 433//862 298//862
f 299//863 431//863 432//863
f 299//864 432//864 433//864
f 408//865 361//865 423//865
f 360//866 361//866 408//866
f 360//867 408//867 409//867
f 360//868 409//868 410//868
f 389//869 360//869 410//869
f 300//870 431//870 299//870
f 300//871 427//871 428//871
f 300//872 428//872 429//872
f 300//873 429//873 430//873
f 300//874 430//874 431//874
f 390//875 360//875 389//875
f 391//876 360//876 390//876
f 392//877 360//877 391//877
f 393//878 360//878 392//878
f 301//879 427//879 300//879
f 301//880 460//880 445//880
f 301//881 445//881 446//881
f 301//882 446//882 447//882
f 301//883 447//883 427//883
f 394//884 360//884 393//884
f 359//885 394//885 395//885
f 359//886 395//886 396//886
f 359//887 396//887 397//887
f 359//888 360//888 394//888
f 302//889 460//889 301//889
f 302//890 456//890 457//890
f 302//891 457//891 458//891
f 302//892 458//892 459//892
f 302//893 459//893 460//893
f 398//894 359//894 397//894
f 303//895 452//895 453//895
f 303//896 453//896 454//896
f 303//897 454//897 455//897
f 303//898 455//898 456//898
f 303//899 456//899 302//899
f 304//900 452//900 303//900
f 304//901 448//901 449//901
f 304//902 449//902 450//902
f 304//903 450//903 451//903
f 304//904 451//904 452//904
f 288//905 406//905 407//905
f 288//906 407//906 461//906
f 288//907 461//907 462//907
f 288//908 462//908 448//908
f 288//909 448//909 304//909
f 289//910 288//910 304//910
f 287//911 403//911 404//911
f 287//912 404//912 405//912
f 287//913 405//913 406//913
f 287//914 406//914 288//914
f 366//915 358//915 357//915
f 276//916 402//916 403//916
f 276//917 287//917 275//917
f 276//918 403//918 287//918
f 277//919 400//919 401//919
f 277//920 401//920 402//920
f 277//921 402//921 276//921
f 278//922 398//922 399//922
f 278//923 399//923 400//923
f 278//924 400//924 277//924
f 278//925 359//925 398//925
f 279//926 359//926 278//926
f 279//927 357//927 359//927
f 280//928 357//928 279//928
f 280//929 366//929 357//929
f 281//930 366//930 280//930
f 281//931 367//931 366//931
f 377//932 368//932 367//932
f 282//933 367//933 281//933
f 283//934 367//934 282//934
f 284//935 377//935 367//935
f 284//936 367//936 283//936
f 285//937 377//937 284//937
f 286//938 377//938 285//938
f 273//939 377//939 286//939
f 274//940 273//940 286//940
f 272//941 376//941 377//941
f 272//942 377//942 273//942
f 255//943 272//943 256//943
f 255//944 376//944 272//944
f 494//945 495//945 375//945
f 496//946 375//946 495//946
f 493//947 494//947 375//947
f 497//948 375//948 496//948
f 492//949 493//949 375//949
f 498//950 375//950 497//950
f 491//951 492//951 375//951
f 491//952 375//952 376//952
f 499//953 375//953 498//953
f 490//954 491//954 376//954
f 500//955 375//955 499//955
f 257//956 376//956 255//956
f 489//957 490//957 376//957
f 488//958 489//958 376//958
f 374//959 375//959 500//959
f 374//960 500//960 501//960
f 374//961 501//961 502//961
f 503//962 374//962 502//962
f 504//963 374//963 503//963
f 505//964 374//964 504//964
f 506//965 374//965 505//965
f 258//966 488//966 376//966
f 258//967 484//967 485//967
f 258//968 485//968 486//968
f 258//969 486//969 487//969
f 258//970 487//970 488//970
f 258//971 376//971 257//971
f 507//972 374//972 506//972
f 508//973 374//973 507//973
f 259//974 479//974 480//974
f 259//975 480//975 481//975
f 259//976 481//976 482//976
f 259//977 482//977 483//977
f 259//978 483//978 484//978
f 259//979 484//979 258//979
f 478//980 479//980 259//980
f 373//981 508//981 509//981
f 373//982 509//982 510//982
f 373//983 510//983 511//983
f 373//984 511//984 512//984
f 373//985 374//985 508//985
f 513//986 373//986 512//986
f 260//987 472//987 473//987
f 260//988 473//988 474//988
f 260//989 474//989 475//989
f 260//990 475//990 476//990
f 260//991 476//991 477//991
f 260//992 477//992 478//992
f 260//993 478//993 259//993
f 261//994 466//994 467//994
f 261//995 467//995 468//995
f 261//996 468//996 469//996
f 261//997 469//997 470//997
f 261//998 470//998 471//998
f 261//999 471//999 472//999
f 261//1000 472//1000 260//1000
f 262//1001 463//1001 464//1001
f 262//1002 464//1002 465//1002
f 262//1003 465//1003 466//1003
f 262//1004 513//1004 463//1004
f 262//1005 373//1005 513//1005
f 262//1006 466//1006 261//1006
f 263//1007 373//1007 262//1007
f 263//1008 372//1008 373//1008
f 264//1009 372//1009 263//1009
f 264//1010 371//1010 372//1010
f 264//1011 369//1011 371//1011
f 378//1012 370//1012 369//1012
f 265//1013 369//1013 264//1013
f 265//1014 378//1014 369//1014
f 388//1015 380//1015 379//1015
f 266//1016 378//1016 265//1016
f 266//1017 388//1017 379//1017
f 266//1018 379//1018 378//1018
f 267//1019 388//1019 266//1019
f 267//1020 387//1020 388//1020
f 268//1021 387//1021 267//1021
f 268//1022 386//1022 387//1022
f 385//1023 386//1023 268//1023
f 269//1024 385//1024 268//1024
f 384//1025 385//1025 269//1025
f 383//1026 384//1026 269//1026
f 270//1027 383//1027 269//1027
f 270//1028 382//1028 383//1028
f 381//1029 382//1029 270//1029
f 271//1030 381//1030 270//1030
g MeshExport001
g MeshExport002
g MeshExport003
g MeshExport004
g MeshExport005
g MeshExport006
g MeshExport007
g MeshExport008
f 514//1031 515//1031 516//1031
f 517//1032 515//1032 514//1032
f 518//1033 515//1033 517//1033
f 519//1034 515//1034 518//1034
f 520//1035 515//1035 519//1035
f 520//1036 521//1036 515//1036
f 515//1037 522//1037 523//1037
f 515//1038 524//1038 522//1038
f 515//1039 525//1039 524//1039
f 521//1040 526//1040 515//1040
f 515//1041 526//1041 525//1041
f 521//1042 527//1042 526//1042
f 528//1043 527//1043 521//1043
f 528//1044 529//1044 527//1044
f 528//1045 530//1045 529//1045
f 531//1046 530//1046 528//1046
f 531//1047 532//1047 530//1047
f 533//1048 532//1048 531//1048
f 533//1049 534//1049 532//1049
f 533//1050 535//1050 534//1050
f 536//1051 535//1051 533//1051
f 536//1052 537//1052 535//1052
f 536//1053 538//1053 537//1053
f 539//1054 538//1054 536//1054
f 539//1055 540//1055 538//1055
f 539//1056 541//1056 540//1056
f 542//1057 541//1057 539//1057
f 542//1058 543//1058 541//1058
f 542//1059 544//1059 543//1059
f 545//1060 544//1060 542//1060
f 545//1061 546//1061 544//1061
f 545//1062 547//1062 546//1062
f 548//1063 547//1063 545//1063
f 548//1064 549//1064 547//1064
f 550//1065 551//1065 552//1065
f 553//1066 551//1066 550//1066
f 548//1067 554//1067 549//1067
f 549//1068 554//1068 555//1068
f 556//1069 554//1069 548//1069
f 554//1070 557//1070 555//1070
f 558//1071 559//1071 560//1071
f 551//1072 561//1072 552//1072
f 556//1073 561//1073 554//1073
f 552//1074 561//1074 556//1074
f 561//1075 562//1075 563//1075
f 561//1076 564//1076 562//1076
f 561//1077 565//1077 564//1077
f 551//1078 565//1078 561//1078
f 551//1079 566//1079 565//1079
f 560//1080 566//1080 551//1080
f 560//1081 567//1081 566//1081
f 559//1082 568//1082 560//1082
f 560//1083 568//1083 567//1083
f 569//1084 570//1084 571//1084
f 570//1085 572//1085 571//1085
f 571//1086 573//1086 569//1086
f 574//1087 573//1087 571//1087
f 572//1088 575//1088 571//1088
f 574//1089 576//1089 573//1089
f 575//1090 577//1090 571//1090
f 574//1091 578//1091 576//1091
f 571//1092 579//1092 580//1092
f 577//1093 579//1093 571//1093
f 559//1094 581//1094 568//1094
f 574//1095 582//1095 578//1095
f 579//1096 583//1096 580//1096
f 574//1097 584//1097 582//1097
f 583//1098 585//1098 580//1098
f 574//1099 586//1099 584//1099
f 585//1100 587//1100 580//1100
f 574//1101 588//1101 586//1101
f 580//1102 589//1102 559//1102
f 559//1103 589//1103 581//1103
f 587//1104 589//1104 580//1104
f 574//1105 590//1105 588//1105
f 574//1106 591//1106 590//1106
f 589//1107 592//1107 581//1107
f 591//1108 593//1108 590//1108
f 591//1109 594//1109 593//1109
f 592//1110 595//1110 581//1110
f 596//1111 595//1111 592//1111
f 596//1112 597//1112 595//1112
f 591//1113 598//1113 594//1113
f 597//1114 599//1114 595//1114
f 591//1115 600//1115 598//1115
f 591//1116 601//1116 600//1116
f 591//1117 602//1117 601//1117
f 599//1118 603//1118 595//1118
f 604//1119 603//1119 605//1119
f 605//1120 603//1120 599//1120
f 591//1121 606//1121 602//1121
f 591//1122 607//1122 606//1122
f 606//1123 607//1123 608//1123
f 608//1124 607//1124 609//1124
f 607//1125 610//1125 609//1125
f 604//1126 611//1126 603//1126
f 612//1127 611//1127 613//1127
f 613//1128 611//1128 614//1128
f 614//1129 611//1129 615//1129
f 615//1130 611//1130 604//1130
f 607//1131 616//1131 610//1131
f 607//1132 617//1132 616//1132
f 607//1133 618//1133 617//1133
f 607//1134 619//1134 618//1134
f 612//1135 620//1135 611//1135
f 621//1136 620//1136 622//1136
f 622//1137 620//1137 623//1137
f 623//1138 620//1138 624//1138
f 624//1139 620//1139 612//1139
f 607//1140 625//1140 619//1140
f 625//1141 626//1141 627//1141
f 627//1142 626//1142 628//1142
f 628//1143 626//1143 629//1143
f 607//1144 626//1144 625//1144
f 630//1145 631//1145 632//1145
f 632//1146 631//1146 633//1146
f 633//1147 631//1147 634//1147
f 634//1148 631//1148 621//1148
f 621//1149 631//1149 620//1149
f 626//1150 635//1150 629//1150
f 636//1151 637//1151 638//1151
f 638//1152 637//1152 639//1152
f 639//1153 637//1153 640//1153
f 640//1154 637//1154 630//1154
f 630//1155 637//1155 631//1155
f 641//1156 642//1156 643//1156
f 643//1157 642//1157 644//1157
f 644//1158 642//1158 645//1158
f 645//1159 642//1159 636//1159
f 636//1160 642//1160 637//1160
f 646//1161 647//1161 648//1161
f 648//1162 647//1162 649//1162
f 649//1163 647//1163 650//1163
f 650//1164 647//1164 641//1164
f 641//1165 647//1165 642//1165
f 647//1166 651//1166 642//1166
f 646//1167 652//1167 647//1167
f 653//1168 652//1168 654//1168
f 654//1169 652//1169 655//1169
f 655//1170 652//1170 646//1170
f 656//1171 657//1171 658//1171
f 659//1172 660//1172 653//1172
f 652//1173 660//1173 661//1173
f 653//1174 660//1174 652//1174
f 662//1175 663//1175 664//1175
f 664//1176 663//1176 659//1176
f 659//1177 663//1177 660//1177
f 635//1178 665//1178 666//1178
f 666//1179 665//1179 662//1179
f 662//1180 665//1180 663//1180
f 626//1181 665//1181 635//1181
f 626//1182 667//1182 665//1182
f 658//1183 667//1183 626//1183
f 658//1184 668//1184 667//1184
f 657//1185 668//1185 658//1185
f 657//1186 669//1186 668//1186
f 670//1187 669//1187 657//1187
f 671//1188 672//1188 670//1188
f 670//1189 673//1189 669//1189
f 670//1190 674//1190 673//1190
f 672//1191 675//1191 670//1191
f 670//1192 675//1192 674//1192
f 672//1193 676//1193 675//1193
f 672//1194 677//1194 676//1194
f 672//1195 678//1195 677//1195
f 678//1196 679//1196 677//1196
f 680//1197 681//1197 672//1197
f 672//1198 681//1198 678//1198
f 681//1199 682//1199 683//1199
f 680//1200 682//1200 681//1200
f 684//1201 685//1201 686//1201
f 686//1202 687//1202 684//1202
f 685//1203 688//1203 686//1203
f 686//1204 689//1204 687//1204
f 688//1205 690//1205 686//1205
f 686//1206 691//1206 689//1206
f 686//1207 692//1207 680//1207
f 690//1208 692//1208 686//1208
f 686//1209 693//1209 691//1209
f 692//1210 694//1210 680//1210
f 686//1211 695//1211 693//1211
f 680//1212 696//1212 682//1212
f 694//1213 697//1213 680//1213
f 697//1214 698//1214 680//1214
f 686//1215 699//1215 695//1215
f 695//1216 699//1216 700//1216
f 700//1217 699//1217 701//1217
f 699//1218 702//1218 701//1218
f 699//1219 703//1219 702//1219
f 699//1220 704//1220 703//1220
f 699//1221 705//1221 704//1221
f 698//1222 706//1222 680//1222
f 707//1223 706//1223 708//1223
f 708//1224 706//1224 709//1224
f 709//1225 706//1225 710//1225
f 710//1226 706//1226 698//1226
f 680//1227 706//1227 696//1227
f 699//1228 711//1228 705//1228
f 699//1229 712//1229 711//1229
f 713//1230 714//1230 715//1230
f 715//1231 714//1231 716//1231
f 716//1232 714//1232 717//1232
f 717//1233 714//1233 718//1233
f 718//1234 714//1234 707//1234
f 707//1235 714//1235 706//1235
f 713//1236 719//1236 714//1236
f 712//1237 720//1237 721//1237
f 721//1238 720//1238 722//1238
f 699//1239 720//1239 712//1239
f 722//1240 720//1240 723//1240
f 723//1241 720//1241 724//1241
f 720//1242 725//1242 724//1242
f 726//1243 727//1243 728//1243
f 728//1244 727//1244 729//1244
f 729//1245 727//1245 730//1245
f 730//1246 727//1246 731//1246
f 731//1247 727//1247 732//1247
f 732//1248 727//1248 719//1248
f 719//1249 727//1249 714//1249
f 733//1250 734//1250 735//1250
f 735//1251 734//1251 736//1251
f 736//1252 734//1252 737//1252
f 737//1253 734//1253 738//1253
f 738//1254 734//1254 739//1254
f 739//1255 734//1255 726//1255
f 726//1256 734//1256 727//1256
f 740//1257 741//1257 742//1257
f 742//1258 741//1258 743//1258
f 743//1259 741//1259 733//1259
f 725//1260 741//1260 740//1260
f 720//1261 741//1261 725//1261
f 733//1262 741//1262 734//1262
f 720//1263 744//1263 741//1263
f 745//1264 744//1264 720//1264
f 745//1265 746//1265 744//1265
f 747//1266 746//1266 745//1266
f 748//1267 746//1267 747//1267
f 749//1268 750//1268 748//1268
f 748//1269 751//1269 746//1269
f 750//1270 751//1270 748//1270
f 752//1271 753//1271 754//1271
f 750//1272 755//1272 751//1272
f 753//1273 755//1273 754//1273
f 754//1274 755//1274 750//1274
f 753//1275 756//1275 755//1275
f 757//1276 756//1276 753//1276
f 757//1277 758//1277 756//1277
f 759//1278 758//1278 757//1278
f 759//1279 760//1279 758//1279
f 760//1280 761//1280 758//1280
f 760//1281 762//1281 761//1281
f 762//1282 763//1282 761//1282
f 763//1283 764//1283 761//1283
f 765//1284 764//1284 763//1284
f 765//1285 766//1285 764//1285
f 766//1286 767//1286 764//1286
f 683//1287 768//1287 769//1287
f 683//1288 682//1288 768//1288
f 682//1289 770//1289 768//1289
f 682//1290 696//1290 770//1290
f 696//1291 771//1291 770//1291
f 696//1292 706//1292 771//1292
f 771//1293 714//1293 772//1293
f 706//1294 714//1294 771//1294
f 772//1295 727//1295 773//1295
f 714//1296 727//1296 772//1296
f 773//1297 734//1297 774//1297
f 727//1298 734//1298 773//1298
f 774//1299 741//1299 775//1299
f 734//1300 741//1300 774//1300
f 775//1301 744//1301 776//1301
f 741//1302 744//1302 775//1302
f 776//1303 746//1303 777//1303
f 744//1304 746//1304 776//1304
f 777//1305 751//1305 778//1305
f 746//1306 751//1306 777//1306
f 778//1307 755//1307 779//1307
f 751//1308 755//1308 778//1308
f 779//1309 756//1309 780//1309
f 755//1310 756//1310 779//1310
f 780//1311 758//1311 781//1311
f 756//1312 758//1312 780//1312
f 781//1313 761//1313 782//1313
f 758//1314 761//1314 781//1314
f 782//1315 764//1315 783//1315
f 761//1316 764//1316 782//1316
f 783//1317 767//1317 784//1317
f 764//1318 767//1318 783//1318
f 785//1319 681//1319 769//1319
f 681//1320 683//1320 769//1320
f 678//1321 785//1321 786//1321
f 678//1322 681//1322 785//1322
f 787//1323 678//1323 786//1323
f 679//1324 678//1324 787//1324
f 661//1325 660//1325 788//1325
f 788//1326 660//1326 789//1326
f 789//1327 663//1327 790//1327
f 660//1328 663//1328 789//1328
f 790//1329 665//1329 791//1329
f 663//1330 665//1330 790//1330
f 791//1331 667//1331 792//1331
f 665//1332 667//1332 791//1332
f 792//1333 668//1333 793//1333
f 667//1334 668//1334 792//1334
f 793//1335 669//1335 794//1335
f 668//1336 669//1336 793//1336
f 794//1337 673//1337 795//1337
f 669//1338 673//1338 794//1338
f 795//1339 674//1339 796//1339
f 673//1340 674//1340 795//1340
f 796//1341 675//1341 797//1341
f 674//1342 675//1342 796//1342
f 797//1343 676//1343 798//1343
f 675//1344 676//1344 797//1344
f 798//1345 677//1345 799//1345
f 676//1346 677//1346 798//1346
f 799//1347 679//1347 787//1347
f 677//1348 679//1348 799//1348
f 800//1349 652//1349 788//1349
f 652//1350 661//1350 788//1350
f 647//1351 652//1351 801//1351
f 801//1352 652//1352 800//1352
f 802//1353 647//1353 801//1353
f 651//1354 647//1354 802//1354
f 563//1355 803//1355 804//1355
f 563//1356 562//1356 803//1356
f 562//1357 805//1357 803//1357
f 562//1358 564//1358 805//1358
f 564//1359 806//1359 805//1359
f 564//1360 565//1360 806//1360
f 565//1361 807//1361 806//1361
f 565//1362 566//1362 807//1362
f 566//1363 808//1363 807//1363
f 566//1364 567//1364 808//1364
f 567//1365 809//1365 808//1365
f 567//1366 568//1366 809//1366
f 568//1367 810//1367 809//1367
f 568//1368 581//1368 810//1368
f 581//1369 811//1369 810//1369
f 581//1370 595//1370 811//1370
f 595//1371 812//1371 811//1371
f 595//1372 603//1372 812//1372
f 812//1373 611//1373 813//1373
f 603//1374 611//1374 812//1374
f 813//1375 620//1375 814//1375
f 611//1376 620//1376 813//1376
f 814//1377 631//1377 815//1377
f 620//1378 631//1378 814//1378
f 815//1379 637//1379 816//1379
f 631//1380 637//1380 815//1380
f 816//1381 642//1381 817//1381
f 637//1382 642//1382 816//1382
f 817//1383 651//1383 802//1383
f 642//1384 651//1384 817//1384
f 561//1385 563//1385 818//1385
f 818//1386 563//1386 804//1386
f 554//1387 818//1387 819//1387
f 554//1388 561//1388 818//1388
f 820//1389 554//1389 819//1389
f 557//1390 554//1390 820//1390
f 821//1391 523//1391 822//1391
f 822//1392 522//1392 823//1392
f 523//1393 522//1393 822//1393
f 522//1394 524//1394 823//1394
f 524//1395 824//1395 823//1395
f 524//1396 525//1396 824//1396
f 525//1397 825//1397 824//1397
f 525//1398 526//1398 825//1398
f 526//1399 826//1399 825//1399
f 526//1400 527//1400 826//1400
f 529//1401 827//1401 828//1401
f 529//1402 530//1402 827//1402
f 530//1403 829//1403 827//1403
f 530//1404 532//1404 829//1404
f 532//1405 830//1405 829//1405
f 532//1406 534//1406 830//1406
f 534//1407 831//1407 830//1407
f 534//1408 535//1408 831//1408
f 535//1409 832//1409 831//1409
f 535//1410 537//1410 832//1410
f 537//1411 833//1411 832//1411
f 537//1412 538//1412 833//1412
f 538//1413 834//1413 833//1413
f 538//1414 540//1414 834//1414
f 540//1415 835//1415 834//1415
f 540//1416 541//1416 835//1416
f 541//1417 836//1417 835//1417
f 541//1418 543//1418 836//1418
f 543//1419 837//1419 836//1419
f 543//1420 544//1420 837//1420
f 544//1421 838//1421 837//1421
f 544//1422 546//1422 838//1422
f 546//1423 839//1423 838//1423
f 546//1424 547//1424 839//1424
f 547//1425 840//1425 839//1425
f 547//1426 549//1426 840//1426
f 549//1427 841//1427 840//1427
f 549//1428 555//1428 841//1428
f 841//1429 557//1429 820//1429
f 555//1430 557//1430 841//1430
f 826//1431 842//1431 828//1431
f 529//1432 842//1432 527//1432
f 527//1433 842//1433 826//1433
f 828//1434 842//1434 529//1434
f 515//1435 821//1435 843//1435
f 515//1436 523//1436 821//1436
f 515//1437 843//1437 844//1437
f 516//1438 515//1438 844//1438
f 553//1439 550//1439 845//1439
f 845//1440 550//1440 846//1440
f 550//1441 847//1441 846//1441
f 550//1442 552//1442 847//1442
f 552//1443 848//1443 847//1443
f 552//1444 556//1444 848//1444
f 556//1445 849//1445 848//1445
f 556//1446 548//1446 849//1446
f 548//1447 850//1447 849//1447
f 548//1448 545//1448 850//1448
f 545//1449 851//1449 850//1449
f 545//1450 542//1450 851//1450
f 542//1451 852//1451 851//1451
f 542//1452 539//1452 852//1452
f 539//1453 853//1453 852//1453
f 539//1454 536//1454 853//1454
f 528//1455 854//1455 855//1455
f 528//1456 521//1456 854//1456
f 521//1457 856//1457 854//1457
f 521//1458 520//1458 856//1458
f 519//1459 857//1459 858//1459
f 519//1460 518//1460 857//1460
f 518//1461 859//1461 857//1461
f 518//1462 517//1462 859//1462
f 859//1463 517//1463 860//1463
f 517//1464 514//1464 860//1464
f 860//1465 514//1465 844//1465
f 514//1466 516//1466 844//1466
f 533//1467 861//1467 536//1467
f 853//1468 861//1468 862//1468
f 536//1469 861//1469 853//1469
f 862//1470 861//1470 533//1470
f 531//1471 863//1471 533//1471
f 862//1472 863//1472 864//1472
f 533//1473 863//1473 862//1473
f 864//1474 863//1474 531//1474
f 528//1475 865//1475 531//1475
f 864//1476 865//1476 855//1476
f 531//1477 865//1477 864//1477
f 855//1478 865//1478 528//1478
f 858//1479 866//1479 519//1479
f 519//1480 866//1480 520//1480
f 856//1481 866//1481 858//1481
f 520//1482 866//1482 856//1482
f 553//1483 845//1483 867//1483
f 551//1484 553//1484 867//1484
f 868//1485 551//1485 867//1485
f 560//1486 551//1486 868//1486
f 558//1487 560//1487 868//1487
f 558//1488 868//1488 869//1488
f 656//1489 870//1489 871//1489
f 656//1490 658//1490 870//1490
f 658//1491 872//1491 870//1491
f 658//1492 626//1492 872//1492
f 626//1493 873//1493 872//1493
f 626//1494 607//1494 873//1494
f 607//1495 874//1495 873//1495
f 607//1496 591//1496 874//1496
f 591//1497 875//1497 874//1497
f 591//1498 574//1498 875//1498
f 574//1499 876//1499 875//1499
f 574//1500 571//1500 876//1500
f 571//1501 877//1501 876//1501
f 571//1502 580//1502 877//1502
f 580//1503 878//1503 877//1503
f 580//1504 559//1504 878//1504
f 559//1505 869//1505 878//1505
f 559//1506 558//1506 869//1506
f 656//1507 871//1507 879//1507
f 657//1508 656//1508 879//1508
f 880//1509 657//1509 879//1509
f 670//1510 657//1510 880//1510
f 671//1511 670//1511 880//1511
f 671//1512 880//1512 881//1512
f 749//1513 882//1513 883//1513
f 749//1514 748//1514 882//1514
f 748//1515 884//1515 882//1515
f 748//1516 747//1516 884//1516
f 747//1517 885//1517 884//1517
f 747//1518 745//1518 885//1518
f 745//1519 886//1519 885//1519
f 745//1520 720//1520 886//1520
f 720//1521 887//1521 886//1521
f 720//1522 699//1522 887//1522
f 699//1523 888//1523 887//1523
f 699//1524 686//1524 888//1524
f 686//1525 889//1525 888//1525
f 686//1526 680//1526 889//1526
f 680//1527 890//1527 889//1527
f 680//1528 672//1528 890//1528
f 672//1529 881//1529 890//1529
f 672//1530 671//1530 881//1530
f 750//1531 883//1531 891//1531
f 750//1532 749//1532 883//1532
f 892//1533 750//1533 891//1533
f 754//1534 750//1534 892//1534
f 754//1535 892//1535 893//1535
f 752//1536 754//1536 893//1536
f 767//1537 894//1537 784//1537
f 767//1538 766//1538 894//1538
f 894//1539 765//1539 895//1539
f 766//1540 765//1540 894//1540
f 895//1541 763//1541 896//1541
f 765//1542 763//1542 895//1542
f 896//1543 762//1543 897//1543
f 763//1544 762//1544 896//1544
f 897//1545 760//1545 898//1545
f 762//1546 760//1546 897//1546
f 898//1547 759//1547 899//1547
f 760//1548 759//1548 898//1548
f 899//1549 757//1549 900//1549
f 759//1550 757//1550 899//1550
f 900//1551 753//1551 901//1551
f 757//1552 753//1552 900//1552
f 901//1553 752//1553 893//1553
f 753//1554 752//1554 901//1554
f 902//1555 610//1555 903//1555
f 610//1556 616//1556 903//1556
f 903//1557 617//1557 904//1557
f 616//1558 617//1558 903//1558
f 904//1559 618//1559 905//1559
f 617//1560 618//1560 904//1560
f 905//1561 619//1561 906//1561
f 618//1562 619//1562 905//1562
f 906//1563 625//1563 907//1563
f 619//1564 625//1564 906//1564
f 907//1565 627//1565 908//1565
f 908//1566 627//1566 909//1566
f 625//1567 627//1567 907//1567
f 627//1568 628//1568 909//1568
f 909//1569 629//1569 910//1569
f 628//1570 629//1570 909//1570
f 910//1571 635//1571 911//1571
f 911//1572 635//1572 912//1572
f 629//1573 635//1573 910//1573
f 635//1574 666//1574 912//1574
f 912//1575 662//1575 913//1575
f 666//1576 662//1576 912//1576
f 913//1577 664//1577 914//1577
f 662//1578 664//1578 913//1578
f 914//1579 659//1579 915//1579
f 915//1580 659//1580 916//1580
f 664//1581 659//1581 914//1581
f 659//1582 653//1582 916//1582
f 653//1583 654//1583 916//1583
f 916//1584 654//1584 917//1584
f 654//1585 655//1585 917//1585
f 917//1586 655//1586 918//1586
f 655//1587 646//1587 918//1587
f 918//1588 646//1588 919//1588
f 919//1589 646//1589 920//1589
f 646//1590 648//1590 920//1590
f 921//1591 606//1591 922//1591
f 606//1592 608//1592 922//1592
f 922//1593 609//1593 923//1593
f 608//1594 609//1594 922//1594
f 923//1595 610//1595 902//1595
f 609//1596 610//1596 923//1596
f 924//1597 576//1597 925//1597
f 576//1598 578//1598 925//1598
f 925//1599 582//1599 926//1599
f 926//1600 582//1600 927//1600
f 578//1601 582//1601 925//1601
f 582//1602 584//1602 927//1602
f 927//1603 586//1603 928//1603
f 928//1604 586//1604 929//1604
f 584//1605 586//1605 927//1605
f 586//1606 588//1606 929//1606
f 929//1607 590//1607 930//1607
f 588//1608 590//1608 929//1608
f 930//1609 593//1609 931//1609
f 590//1610 593//1610 930//1610
f 931//1611 594//1611 932//1611
f 593//1612 594//1612 931//1612
f 932//1613 598//1613 933//1613
f 933//1614 598//1614 934//1614
f 594//1615 598//1615 932//1615
f 598//1616 600//1616 934//1616
f 934//1617 601//1617 935//1617
f 600//1618 601//1618 934//1618
f 935//1619 602//1619 936//1619
f 601//1620 602//1620 935//1620
f 936//1621 606//1621 921//1621
f 602//1622 606//1622 936//1622
f 937//1623 570//1623 938//1623
f 570//1624 569//1624 938//1624
f 938//1625 573//1625 939//1625
f 569//1626 573//1626 938//1626
f 939//1627 576//1627 924//1627
f 573//1628 576//1628 939//1628
f 612//1629 613//1629 940//1629
f 940//1630 613//1630 941//1630
f 941//1631 614//1631 942//1631
f 613//1632 614//1632 941//1632
f 942//1633 615//1633 943//1633
f 614//1634 615//1634 942//1634
f 943//1635 604//1635 944//1635
f 615//1636 604//1636 943//1636
f 944//1637 605//1637 945//1637
f 604//1638 605//1638 944//1638
f 945//1639 599//1639 946//1639
f 605//1640 599//1640 945//1640
f 946//1641 597//1641 947//1641
f 599//1642 597//1642 946//1642
f 947//1643 596//1643 948//1643
f 597//1644 596//1644 947//1644
f 948//1645 592//1645 949//1645
f 596//1646 592//1646 948//1646
f 949//1647 589//1647 950//1647
f 950//1648 589//1648 951//1648
f 592//1649 589//1649 949//1649
f 589//1650 587//1650 951//1650
f 951//1651 585//1651 952//1651
f 587//1652 585//1652 951//1652
f 952//1653 583//1653 953//1653
f 585//1654 583//1654 952//1654
f 953//1655 579//1655 954//1655
f 583//1656 579//1656 953//1656
f 579//1657 577//1657 954//1657
f 954//1658 577//1658 955//1658
f 577//1659 575//1659 955//1659
f 955//1660 575//1660 956//1660
f 575//1661 572//1661 956//1661
f 956//1662 572//1662 957//1662
f 572//1663 570//1663 957//1663
f 957//1664 570//1664 937//1664
f 622//1665 623//1665 958//1665
f 958//1666 623//1666 959//1666
f 959//1667 624//1667 960//1667
f 960//1668 624//1668 940//1668
f 623//1669 624//1669 959//1669
f 624//1670 612//1670 940//1670
f 641//1671 643//1671 961//1671
f 961//1672 643//1672 962//1672
f 962//1673 644//1673 963//1673
f 643//1674 644//1674 962//1674
f 963//1675 645//1675 964//1675
f 964//1676 645//1676 965//1676
f 644//1677 645//1677 963//1677
f 645//1678 636//1678 965//1678
f 965//1679 638//1679 966//1679
f 636//1680 638//1680 965//1680
f 966//1681 639//1681 967//1681
f 638//1682 639//1682 966//1682
f 967//1683 640//1683 968//1683
f 639//1684 640//1684 967//1684
f 968//1685 630//1685 969//1685
f 640//1686 630//1686 968//1686
f 969//1687 632//1687 970//1687
f 630//1688 632//1688 969//1688
f 970//1689 633//1689 971//1689
f 632//1690 633//1690 970//1690
f 971//1691 634//1691 972//1691
f 972//1692 634//1692 973//1692
f 633//1693 634//1693 971//1693
f 973//1694 621//1694 958//1694
f 634//1695 621//1695 973//1695
f 621//1696 622//1696 958//1696
f 648//1697 649//1697 920//1697
f 920//1698 649//1698 974//1698
f 974//1699 649//1699 975//1699
f 975//1700 650//1700 961//1700
f 649//1701 650//1701 975//1701
f 650//1702 641//1702 961//1702
f 740//1703 742//1703 976//1703
f 976//1704 742//1704 977//1704
f 742//1705 743//1705 977//1705
f 977//1706 743//1706 978//1706
f 743//1707 733//1707 978//1707
f 978//1708 733//1708 979//1708
f 733//1709 735//1709 979//1709
f 979//1710 735//1710 980//1710
f 735//1711 736//1711 980//1711
f 980//1712 736//1712 981//1712
f 736//1713 737//1713 981//1713
f 981//1714 737//1714 982//1714
f 737//1715 738//1715 982//1715
f 982//1716 738//1716 983//1716
f 738//1717 739//1717 983//1717
f 983//1718 739//1718 984//1718
f 739//1719 726//1719 984//1719
f 984//1720 726//1720 985//1720
f 726//1721 728//1721 985//1721
f 985//1722 728//1722 986//1722
f 728//1723 729//1723 986//1723
f 986//1724 729//1724 987//1724
f 729//1725 730//1725 987//1725
f 987//1726 730//1726 988//1726
f 730//1727 731//1727 988//1727
f 988//1728 731//1728 989//1728
f 731//1729 732//1729 989//1729
f 989//1730 732//1730 990//1730
f 990//1731 732//1731 991//1731
f 732//1732 719//1732 991//1732
f 991//1733 713//1733 992//1733
f 992//1734 713//1734 993//1734
f 719//1735 713//1735 991//1735
f 713//1736 715//1736 993//1736
f 993//1737 716//1737 994//1737
f 715//1738 716//1738 993//1738
f 994//1739 717//1739 995//1739
f 716//1740 717//1740 994//1740
f 995//1741 718//1741 996//1741
f 717//1742 718//1742 995//1742
f 996//1743 707//1743 997//1743
f 718//1744 707//1744 996//1744
f 997//1745 708//1745 998//1745
f 707//1746 708//1746 997//1746
f 998//1747 709//1747 999//1747
f 708//1748 709//1748 998//1748
f 709//1749 710//1749 999//1749
f 999//1750 710//1750 1000//1750
f 1000//1751 710//1751 1001//1751
f 710//1752 698//1752 1001//1752
f 698//1753 697//1753 1001//1753
f 1001//1754 697//1754 1002//1754
f 697//1755 694//1755 1002//1755
f 1002//1756 694//1756 1003//1756
f 694//1757 692//1757 1003//1757
f 1003//1758 692//1758 1004//1758
f 692//1759 690//1759 1004//1759
f 1004//1760 690//1760 1005//1760
f 690//1761 688//1761 1005//1761
f 1005//1762 688//1762 1006//1762
f 688//1763 685//1763 1006//1763
f 1006//1764 685//1764 1007//1764
f 685//1765 684//1765 1007//1765
f 1007//1766 684//1766 1008//1766
f 684//1767 687//1767 1008//1767
f 1008//1768 687//1768 1009//1768
f 687//1769 689//1769 1009//1769
f 1009//1770 689//1770 1010//1770
f 689//1771 691//1771 1010//1771
f 1010//1772 691//1772 1011//1772
f 691//1773 693//1773 1011//1773
f 1011//1774 693//1774 1012//1774
f 693//1775 695//1775 1012//1775
f 1012//1776 695//1776 1013//1776
f 1013//1777 695//1777 1014//1777
f 695//1778 700//1778 1014//1778
f 700//1779 701//1779 1014//1779
f 1014//1780 701//1780 1015//1780
f 701//1781 702//1781 1015//1781
f 1015//1782 702//1782 1016//1782
f 702//1783 703//1783 1016//1783
f 1016//1784 703//1784 1017//1784
f 703//1785 704//1785 1017//1785
f 1017//1786 704//1786 1018//1786
f 704//1787 705//1787 1018//1787
f 1018//1788 705//1788 1019//1788
f 705//1789 711//1789 1019//1789
f 1019//1790 711//1790 1020//1790
f 711//1791 712//1791 1020//1791
f 1020//1792 712//1792 1021//1792
f 712//1793 721//1793 1021//1793
f 1021//1794 721//1794 1022//1794
f 721//1795 722//1795 1022//1795
f 1022//1796 722//1796 1023//1796
f 1023//1797 723//1797 1024//1797
f 722//1798 723//1798 1023//1798
f 1024//1799 724//1799 1025//1799
f 723//1800 724//1800 1024//1800
f 1025//1801 725//1801 1026//1801
f 724//1802 725//1802 1025//1802
f 1026//1803 740//1803 976//1803
f 725//1804 740//1804 1026//1804
f 843//1805 860//1805 844//1805
f 843//1806 859//1806 860//1806
f 843//1807 857//1807 859//1807
f 843//1808 858//1808 857//1808
f 843//1809 856//1809 858//1809
f 854//1810 856//1810 843//1810
f 822//1811 843//1811 821//1811
f 823//1812 843//1812 822//1812
f 824//1813 843//1813 823//1813
f 825//1814 854//1814 843//1814
f 825//1815 843//1815 824//1815
f 826//1816 854//1816 825//1816
f 826//1817 855//1817 854//1817
f 828//1818 855//1818 826//1818
f 827//1819 855//1819 828//1819
f 827//1820 864//1820 855//1820
f 829//1821 864//1821 827//1821
f 829//1822 862//1822 864//1822
f 830//1823 862//1823 829//1823
f 831//1824 862//1824 830//1824
f 831//1825 853//1825 862//1825
f 832//1826 853//1826 831//1826
f 833//1827 853//1827 832//1827
f 833//1828 852//1828 853//1828
f 834//1829 852//1829 833//1829
f 835//1830 852//1830 834//1830
f 835//1831 851//1831 852//1831
f 836//1832 851//1832 835//1832
f 837//1833 851//1833 836//1833
f 837//1834 850//1834 851//1834
f 838//1835 850//1835 837//1835
f 839//1836 850//1836 838//1836
f 839//1837 849//1837 850//1837
f 840//1838 849//1838 839//1838
f 867//1839 846//1839 847//1839
f 867//1840 845//1840 846//1840
f 819//1841 849//1841 840//1841
f 819//1842 840//1842 841//1842
f 819//1843 848//1843 849//1843
f 820//1844 819//1844 841//1844
f 878//1845 869//1845 868//1845
f 818//1846 867//1846 847//1846
f 818//1847 848//1847 819//1847
f 818//1848 847//1848 848//1848
f 803//1849 818//1849 804//1849
f 805//1850 818//1850 803//1850
f 806//1851 818//1851 805//1851
f 806//1852 867//1852 818//1852
f 807//1853 867//1853 806//1853
f 807//1854 868//1854 867//1854
f 808//1855 868//1855 807//1855
f 809//1856 878//1856 868//1856
f 809//1857 868//1857 808//1857
f 937//1858 938//1858 876//1858
f 957//1859 937//1859 876//1859
f 939//1860 876//1860 938//1860
f 939//1861 875//1861 876//1861
f 956//1862 957//1862 876//1862
f 924//1863 875//1863 939//1863
f 955//1864 956//1864 876//1864
f 925//1865 875//1865 924//1865
f 954//1866 876//1866 877//1866
f 954//1867 955//1867 876//1867
f 810//1868 878//1868 809//1868
f 926//1869 875//1869 925//1869
f 953//1870 954//1870 877//1870
f 927//1871 875//1871 926//1871
f 952//1872 953//1872 877//1872
f 928//1873 875//1873 927//1873
f 951//1874 952//1874 877//1874
f 929//1875 875//1875 928//1875
f 950//1876 951//1876 877//1876
f 950//1877 877//1877 878//1877
f 950//1878 878//1878 810//1878
f 930//1879 875//1879 929//1879
f 874//1880 875//1880 930//1880
f 949//1881 950//1881 810//1881
f 931//1882 874//1882 930//1882
f 932//1883 874//1883 931//1883
f 811//1884 949//1884 810//1884
f 811//1885 948//1885 949//1885
f 947//1886 948//1886 811//1886
f 933//1887 874//1887 932//1887
f 946//1888 947//1888 811//1888
f 934//1889 874//1889 933//1889
f 935//1890 874//1890 934//1890
f 936//1891 874//1891 935//1891
f 812//1892 946//1892 811//1892
f 812//1893 944//1893 945//1893
f 812//1894 945//1894 946//1894
f 921//1895 874//1895 936//1895
f 873//1896 874//1896 921//1896
f 873//1897 921//1897 922//1897
f 873//1898 922//1898 923//1898
f 902//1899 873//1899 923//1899
f 813//1900 944//1900 812//1900
f 813//1901 940//1901 941//1901
f 813//1902 941//1902 942//1902
f 813//1903 942//1903 943//1903
f 813//1904 943//1904 944//1904
f 903//1905 873//1905 902//1905
f 904//1906 873//1906 903//1906
f 905//1907 873//1907 904//1907
f 906//1908 873//1908 905//1908
f 814//1909 940//1909 813//1909
f 814//1910 973//1910 958//1910
f 814//1911 958//1911 959//1911
f 814//1912 959//1912 960//1912
f 814//1913 960//1913 940//1913
f 907//1914 873//1914 906//1914
f 872//1915 907//1915 908//1915
f 872//1916 908//1916 909//1916
f 872//1917 909//1917 910//1917
f 872//1918 873//1918 907//1918
f 815//1919 973//1919 814//1919
f 815//1920 969//1920 970//1920
f 815//1921 970//1921 971//1921
f 815//1922 971//1922 972//1922
f 815//1923 972//1923 973//1923
f 911//1924 872//1924 910//1924
f 816//1925 965//1925 966//1925
f 816//1926 966//1926 967//1926
f 816//1927 967//1927 968//1927
f 816//1928 968//1928 969//1928
f 816//1929 969//1929 815//1929
f 817//1930 965//1930 816//1930
f 817//1931 961//1931 962//1931
f 817//1932 962//1932 963//1932
f 817//1933 963//1933 964//1933
f 817//1934 964//1934 965//1934
f 801//1935 919//1935 920//1935
f 801//1936 920//1936 974//1936
f 801//1937 974//1937 975//1937
f 801//1938 975//1938 961//1938
f 801//1939 961//1939 817//1939
f 802//1940 801//1940 817//1940
f 800//1941 916//1941 917//1941
f 800//1942 917//1942 918//1942
f 800//1943 918//1943 919//1943
f 800//1944 919//1944 801//1944
f 879//1945 871//1945 870//1945
f 789//1946 915//1946 916//1946
f 789//1947 800//1947 788//1947
f 789//1948 916//1948 800//1948
f 790//1949 913//1949 914//1949
f 790//1950 914//1950 915//1950
f 790//1951 915//1951 789//1951
f 791//1952 911//1952 912//1952
f 791//1953 912//1953 913//1953
f 791//1954 913//1954 790//1954
f 791//1955 872//1955 911//1955
f 792//1956 872//1956 791//1956
f 792//1957 870//1957 872//1957
f 793//1958 870//1958 792//1958
f 793//1959 879//1959 870//1959
f 794//1960 879//1960 793//1960
f 794//1961 880//1961 879//1961
f 890//1962 881//1962 880//1962
f 795//1963 880//1963 794//1963
f 796//1964 880//1964 795//1964
f 797//1965 890//1965 880//1965
f 797//1966 880//1966 796//1966
f 798//1967 890//1967 797//1967
f 799//1968 890//1968 798//1968
f 786//1969 890//1969 799//1969
f 787//1970 786//1970 799//1970
f 785//1971 889//1971 890//1971
f 785//1972 890//1972 786//1972
f 768//1973 785//1973 769//1973
f 768//1974 889//1974 785//1974
f 1007//1975 1008//1975 888//1975
f 1009//1976 888//1976 1008//1976
f 1006//1977 1007//1977 888//1977
f 1010//1978 888//1978 1009//1978
f 1005//1979 1006//1979 888//1979
f 1011//1980 888//1980 1010//1980
f 1004//1981 1005//1981 888//1981
f 1004//1982 888//1982 889//1982
f 1012//1983 888//1983 1011//1983
f 1003//1984 1004//1984 889//1984
f 1013//1985 888//1985 1012//1985
f 770//1986 889//1986 768//1986
f 1002//1987 1003//1987 889//1987
f 1001//1988 1002//1988 889//1988
f 887//1989 888//1989 1013//1989
f 887//1990 1013//1990 1014//1990
f 887//1991 1014//1991 1015//1991
f 1016//1992 887//1992 1015//1992
f 1017//1993 887//1993 1016//1993
f 1018//1994 887//1994 1017//1994
f 1019//1995 887//1995 1018//1995
f 771//1996 1001//1996 889//1996
f 771//1997 997//1997 998//1997
f 771//1998 998//1998 999//1998
f 771//1999 999//1999 1000//1999
f 771//2000 1000//2000 1001//2000
f 771//2001 889//2001 770//2001
f 1020//2002 887//2002 1019//2002
f 1021//2003 887//2003 1020//2003
f 772//2004 992//2004 993//2004
f 772//2005 993//2005 994//2005
f 772//2006 994//2006 995//2006
f 772//2007 995//2007 996//2007
f 772//2008 996//2008 997//2008
f 772//2009 997//2009 771//2009
f 991//2010 992//2010 772//2010
f 886//2011 1021//2011 1022//2011
f 886//2012 1022//2012 1023//2012
f 886//2013 1023//2013 1024//2013
f 886//2014 1024//2014 1025//2014
f 886//2015 887//2015 1021//2015
f 1026//2016 886//2016 1025//2016
f 773//2017 985//2017 986//2017
f 773//2018 986//2018 987//2018
f 773//2019 987//2019 988//2019
f 773//2020 988//2020 989//2020
f 773//2021 989//2021 990//2021
f 773//2022 990//2022 991//2022
f 773//2023 991//2023 772//2023
f 774//2024 979//2024 980//2024
f 774//2025 980//2025 981//2025
f 774//2026 981//2026 982//2026
f 774//2027 982//2027 983//2027
f 774//2028 983//2028 984//2028
f 774//2029 984//2029 985//2029
f 774//2030 985//2030 773//2030
f 775//2031 976//2031 977//2031
f 775//2032 977//2032 978//2032
f 775//2033 978//2033 979//2033
f 775//2034 1026//2034 976//2034
f 775//2035 886//2035 1026//2035
f 775//2036 979//2036 774//2036
f 776//2037 886//2037 775//2037
f 776//2038 885//2038 886//2038
f 777//2039 885//2039 776//2039
f 777//2040 884//2040 885//2040
f 777//2041 882//2041 884//2041
f 891//2042 883//2042 882//2042
f 778//2043 882//2043 777//2043
f 778//2044 891//2044 882//2044
f 901//2045 893//2045 892//2045
f 779//2046 891//2046 778//2046
f 779//2047 901//2047 892//2047
f 779//2048 892//2048 891//2048
f 780//2049 901//2049 779//2049
f 780//2050 900//2050 901//2050
f 781//2051 900//2051 780//2051
f 781//2052 899//2052 900//2052
f 898//2053 899//2053 781//2053
f 782//2054 898//2054 781//2054
f 897//2055 898//2055 782//2055
f 896//2056 897//2056 782//2056
f 783//2057 896//2057 782//2057
f 783//2058 895//2058 896//2058
f 894//2059 895//2059 783//2059
f 784//2060 894//2060 783//2060
