# Created by FreeCAD <https://www.freecad.org>
v 689.744263 -912.875977 -40.278610
v 670.759949 -909.573975 -39.862694
v 689.744263 -909.573975 -40.278610
v 670.759949 -912.875977 -39.862694
v 791.950623 -909.573975 -48.926495
v 780.311584 -910.074280 -47.205399
v 776.106934 -909.573975 -46.635418
v 780.311584 -910.274414 -47.205399
v 780.311584 -910.474548 -47.205399
v 780.311584 -910.674683 -47.205399
v 780.311584 -910.874817 -47.205399
v 780.311584 -911.074890 -47.205399
v 791.950623 -912.875977 -48.926495
v 780.311584 -911.275024 -47.205399
v 776.106934 -912.875977 -46.635418
v 780.311584 -911.475159 -47.205399
v 780.311584 -911.675293 -47.205399
v 780.311584 -911.875366 -47.205399
v 780.311584 -912.075500 -47.205399
v 780.311584 -912.275635 -47.205399
v 780.311584 -912.475769 -47.205399
v 761.863159 -909.674072 -44.925137
v 761.802002 -909.573975 -44.918514
v 761.863159 -909.874207 -44.925137
v 761.863159 -910.074280 -44.925137
v 761.863159 -910.274414 -44.925137
v 761.863159 -910.474548 -44.925137
v 761.863159 -910.674683 -44.925137
v 745.801453 -909.573975 -43.373390
v 761.863159 -910.874817 -44.925137
v 761.863159 -911.074890 -44.925137
v 761.863159 -911.275024 -44.925137
v 745.801453 -912.875977 -43.373390
v 761.863159 -911.475159 -44.925137
v 761.863159 -911.675293 -44.925137
v 761.863159 -911.875366 -44.925137
v 761.802002 -912.875977 -44.918514
v 761.863159 -912.075500 -44.925137
v 761.863159 -912.275635 -44.925137
v 761.863159 -912.475769 -44.925137
v 761.863159 -912.775940 -44.925137
v 743.357422 -909.874207 -43.167439
v 727.866821 -909.573975 -42.026890
v 743.357422 -910.074280 -43.167439
v 743.357422 -910.274414 -43.167439
v 743.357422 -910.474548 -43.167439
v 743.357422 -910.674683 -43.167439
v 743.357422 -910.874817 -43.167439
v 743.357422 -911.074890 -43.167439
v 743.357422 -911.275024 -43.167439
v 727.866821 -912.875977 -42.026890
v 743.357422 -911.475159 -43.167439
v 743.357422 -911.675293 -43.167439
v 743.357422 -911.875366 -43.167439
v 743.357422 -912.075500 -43.167439
v 743.357422 -912.275635 -43.167439
v 743.357422 -912.475769 -43.167439
v 724.816162 -909.874207 -41.834190
v 708.720215 -909.573975 -40.977154
v 724.816162 -910.074280 -41.834190
v 724.816162 -910.274414 -41.834190
v 724.816162 -910.474548 -41.834190
v 724.816162 -910.674683 -41.834190
v 724.816162 -910.874817 -41.834190
v 724.816162 -911.074890 -41.834190
v 724.816162 -911.275024 -41.834190
v 708.720215 -912.875977 -40.977154
v 724.816162 -911.475159 -41.834190
v 724.816162 -911.675293 -41.834190
v 724.816162 -911.875366 -41.834190
v 724.816162 -912.075500 -41.834190
v 724.816162 -912.275635 -41.834190
v 724.816162 -912.475769 -41.834190
v 706.252014 -909.874207 -40.868195
v 706.252014 -910.074280 -40.868195
v 706.252014 -910.274414 -40.868195
v 706.252014 -910.474548 -40.868195
v 706.252014 -910.674683 -40.868195
v 706.252014 -910.874817 -40.868195
v 706.252014 -911.074890 -40.868195
v 706.252014 -911.275024 -40.868195
v 706.252014 -911.475159 -40.868195
v 706.252014 -911.675293 -40.868195
v 706.252014 -911.875366 -40.868195
v 706.252014 -912.075500 -40.868195
v 706.252014 -912.275635 -40.868195
v 706.252014 -912.475769 -40.868195
v -386.090759 -912.875977 -63.352856
v -396.852936 -912.875977 -51.293827
v -390.388611 -912.875977 -62.047493
v -393.882446 -912.875977 -60.689873
v -396.344574 -912.875977 -59.416370
v -398.413635 -912.875977 -57.966671
v -399.711975 -912.875977 -56.744469
v -400.861359 -912.875977 -55.302246
v -400.116180 -912.875977 -43.681908
v -401.283051 -912.875977 -46.863697
v -398.651550 -912.875977 -40.632065
v -396.527069 -912.875977 -37.035213
v -377.612061 -912.875977 -65.447632
v -393.802246 -912.875977 -33.160057
v -390.412750 -912.875977 -28.992750
v -368.982178 -912.875977 -67.211266
v -386.332672 -912.875977 -24.576494
v -381.604248 -912.875977 -20.023735
v -359.146362 -912.875977 -68.837906
v -376.290588 -912.875977 -15.443664
v -345.341553 -912.875977 -70.685272
v -370.344452 -912.875977 -10.827945
v -363.724182 -912.875977 -6.177059
v -356.402527 -912.875977 -1.504937
v -328.971222 -912.875977 -72.450218
v -348.350616 -912.875977 3.175208
v -310.150757 -912.875977 -74.076385
v -339.529846 -912.875977 7.855749
v -329.887695 -912.875977 12.534870
v -319.427795 -912.875977 17.180328
v -288.531281 -912.875977 -75.545265
v -308.175568 -912.875977 21.752741
v -264.481781 -912.875977 -76.795212
v -296.129944 -912.875977 26.228138
v -283.228973 -912.875977 30.607145
v -180.104980 -912.875977 -78.862274
v -180.072189 -912.875977 -70.988388
v -209.270966 -912.875977 -78.503281
v -238.430252 -912.875977 -77.782875
v -255.231781 -912.875977 30.740259
v -270.280914 -912.875977 34.629570
v -167.405090 -912.875977 -78.915169
v -142.959061 -912.875977 -78.854134
v -167.372299 -912.875977 -71.041275
v -257.243195 -912.875977 38.352699
v -242.953171 -912.875977 33.984581
v -228.218643 -912.875977 45.666508
v -244.964630 -912.875977 41.597229
v -211.392670 -912.875977 49.392475
v -192.377365 -912.875977 53.217728
v -172.156998 -912.875977 56.887775
v -118.514290 -912.875977 -78.595734
v -151.001724 -912.875977 60.329510
v -33.916862 -912.875977 -39.732021
v -36.819050 -912.875977 -36.819050
v -46.920868 -912.875977 -76.847473
v -39.887936 -912.875977 -33.469952
v -84.024277 -912.875977 -77.926834
v -30.794718 -912.875977 -42.407894
v -42.653248 -912.875977 -29.866125
v -27.471930 -912.875977 -44.830116
v -45.093945 -912.875977 -26.035000
v -23.586449 -912.875977 -46.990696
v -47.191448 -912.875977 -22.005733
v -7.309386 -912.875977 -75.336731
v -19.532331 -912.875977 -48.815308
v -48.929794 -912.875977 -17.808989
v -15.338564 -912.875977 -50.290897
v -128.952698 -912.875977 63.518635
v -50.295757 -912.875977 -13.476707
v -11.035129 -912.875977 -51.406925
v -51.278938 -912.875977 -9.041861
v -6.652795 -912.875977 -52.155407
v -51.871857 -912.875977 -4.538199
v -2.222896 -912.875977 -52.530991
v -52.070000 -912.875977 0.000000
v 2.222896 -912.875977 -52.530991
v -51.871857 -912.875977 4.538199
v 6.652795 -912.875977 -52.155407
v 11.035129 -912.875977 -51.406925
v -106.163841 -912.875977 66.416367
v -51.278938 -912.875977 9.041861
v 36.081944 -912.875977 -73.314232
v -50.295757 -912.875977 13.476707
v 15.338564 -912.875977 -50.290897
v 19.532331 -912.875977 -48.815308
v 23.586449 -912.875977 -46.990696
v 27.471930 -912.875977 -44.830116
v -82.767128 -912.875977 68.993271
v -45.093945 -912.875977 26.035000
v -47.191448 -912.875977 22.005733
v -48.929794 -912.875977 17.808989
v -42.653248 -912.875977 29.866125
v 30.794718 -912.875977 -42.407894
v 33.916862 -912.875977 -39.732021
v 36.819050 -912.875977 -36.819050
v -30.794718 -912.875977 42.407894
v -58.762871 -912.875977 71.239090
v -33.916862 -912.875977 39.732021
v -36.819050 -912.875977 36.819050
v -39.887936 -912.875977 33.469952
v 84.713036 -912.875977 -70.665253
v 39.887936 -912.875977 -33.469952
v 42.653248 -912.875977 -29.866125
v 45.093945 -912.875977 -26.035000
v 47.191448 -912.875977 -22.005733
v 48.929794 -912.875977 -17.808989
v 50.295757 -912.875977 -13.476707
v -15.338564 -912.875977 50.290897
v -34.264568 -912.875977 73.133179
v -19.532331 -912.875977 48.815308
v -23.586449 -912.875977 46.990696
v -27.471930 -912.875977 44.830116
v 51.278938 -912.875977 -9.041861
v 2.222896 -912.875977 52.530991
v -9.321327 -912.875977 74.663887
v -2.222896 -912.875977 52.530991
v -6.652795 -912.875977 52.155407
v -11.035129 -912.875977 51.406925
v 142.989975 -912.875977 -67.073227
v 51.871857 -912.875977 -4.538199
v 52.070000 -912.875977 0.000000
v 19.532331 -912.875977 48.815308
v 16.056910 -912.875977 75.823334
v 15.338564 -912.875977 50.290897
v 11.035129 -912.875977 51.406925
v 6.652795 -912.875977 52.155407
v 27.471930 -912.875977 44.830116
v 32.249836 -912.875977 76.358429
v 23.586449 -912.875977 46.990696
v 48.563446 -912.875977 68.863388
v 39.887936 -912.875977 33.469952
v 36.819050 -912.875977 36.819050
v 33.916862 -912.875977 39.732021
v 30.794718 -912.875977 42.407894
v 48.447186 -912.875977 76.736336
v 47.191448 -912.875977 22.005733
v 61.262062 -912.875977 69.050911
v 45.093945 -912.875977 26.035000
v 42.653248 -912.875977 29.866125
v 201.246216 -912.875977 -63.158997
v 200.700378 -912.875977 -55.303928
v 50.295757 -912.875977 13.476707
v 87.298126 -912.875977 77.014351
v 48.929794 -912.875977 17.808989
v 61.145802 -912.875977 76.923912
v 113.448921 -912.875977 76.716774
v 51.871857 -912.875977 4.538199
v 51.278938 -912.875977 9.041861
v 140.365097 -912.875977 76.016304
v 167.598083 -912.875977 74.909615
v 213.915665 -912.875977 -62.278576
v 310.681793 -912.875977 -55.431061
v 213.369812 -912.875977 -54.423523
v 195.104752 -912.875977 73.393875
v 222.926117 -912.875977 71.462273
v 250.943207 -912.875977 69.118401
v 279.337311 -912.875977 66.344017
v 307.959106 -912.875977 63.147511
v 331.008942 -912.875977 60.286186
v 352.909790 -912.875977 49.383892
v 363.935791 -912.875977 -51.735386
v 354.026794 -912.875977 57.178211
v 365.481354 -912.875977 47.582294
v 407.467255 -912.875977 -48.864906
v 469.556152 -912.875977 -23.580595
v 467.396637 -912.875977 -21.211720
v 456.874939 -912.875977 -45.875225
v 471.990417 -912.875977 -25.666138
v 465.544586 -912.875977 -18.595421
v 396.312866 -912.875977 50.831959
v 366.598358 -912.875977 55.376579
v 474.662506 -912.875977 -27.436729
v 464.028107 -912.875977 -15.771357
v 477.531921 -912.875977 -28.865534
v 462.870148 -912.875977 -12.782339
v 480.555176 -912.875977 -29.930889
v 462.088287 -912.875977 -9.673677
v 483.686462 -912.875977 -30.616648
v 461.694366 -912.875977 -6.492497
v 499.784546 -912.875977 -43.603657
v 486.878265 -912.875977 -30.912411
v 461.694366 -912.875977 -3.287021
v 490.082214 -912.875977 -30.813698
v 493.249756 -912.875977 -30.322004
v 496.332855 -912.875977 -29.444784
v 499.284790 -912.875977 -28.195335
v 464.028107 -912.875977 5.991839
v 425.965881 -912.875977 45.901875
v 462.870148 -912.875977 3.002821
v 462.088287 -912.875977 -0.105840
v 502.060822 -912.875977 -26.592596
v 504.618835 -912.875977 -24.660866
v 538.105347 -912.875977 -41.912712
v 506.920105 -912.875977 -22.429424
v 508.929688 -912.875977 -19.932100
v 510.617157 -912.875977 -17.206749
v 477.531921 -912.875977 19.086016
v 456.478394 -912.875977 40.429405
v 474.662506 -912.875977 17.657213
v 471.990417 -912.875977 15.886620
v 469.556152 -912.875977 13.801078
v 467.396637 -912.875977 11.432202
v 465.544586 -912.875977 8.815903
v 511.956909 -912.875977 -14.294685
v 512.928650 -912.875977 -11.240052
v 513.517639 -912.875977 -8.089155
v 496.332855 -912.875977 19.665266
v 487.558075 -912.875977 34.452461
v 493.249756 -912.875977 20.542486
v 490.082214 -912.875977 21.034180
v 486.878265 -912.875977 21.132893
v 483.686462 -912.875977 20.837130
v 480.555176 -912.875977 20.151371
v 511.956909 -912.875977 4.515168
v 519.214539 -912.875977 27.962078
v 510.617157 -912.875977 7.427232
v 508.929688 -912.875977 10.152583
v 506.920105 -912.875977 12.649907
v 504.618835 -912.875977 14.881349
v 502.060822 -912.875977 16.813080
v 499.284790 -912.875977 18.415817
v 513.715027 -912.875977 -4.889759
v 551.546936 -912.875977 20.929031
v 513.517639 -912.875977 -1.690362
v 512.928650 -912.875977 1.460535
v 572.790466 -912.875977 -40.725674
v 584.488220 -912.875977 13.359685
v 604.173035 -912.875977 -39.995975
v 618.600647 -912.875977 5.119219
v 631.116089 -912.875977 -39.684795
v 658.060852 -912.875977 -39.713902
v 658.153137 -912.875977 -31.840300
v 670.852295 -912.875977 -31.989183
v 654.043945 -912.875977 -3.846003
v 690.275085 -912.875977 -13.414749
v 719.137939 -912.875977 -21.363615
v 742.911926 -912.875977 -28.270498
v 755.326843 -912.875977 -32.048946
v 767.710999 -912.875977 -35.927383
v 792.104614 -912.875977 -47.338638
v 792.294189 -912.875977 -45.383610
v 792.450012 -912.875977 -43.776642
v 814.636108 -912.875977 -51.803967
v 670.852295 -909.573975 -31.989183
v -396.852936 -909.573975 -51.293827
v -386.090759 -909.573975 -63.352856
v -390.388611 -909.573975 -62.047493
v -393.882446 -909.573975 -60.689873
v -396.344574 -909.573975 -59.416370
v -398.413635 -909.573975 -57.966671
v -399.711975 -909.573975 -56.744469
v -400.861359 -909.573975 -55.302246
v -400.116180 -909.573975 -43.681908
v -401.283051 -909.573975 -46.863697
v -398.651550 -909.573975 -40.632065
v -396.527069 -909.573975 -37.035213
v -393.802246 -909.573975 -33.160057
v -377.612061 -909.573975 -65.447632
v -390.412750 -909.573975 -28.992750
v -386.332672 -909.573975 -24.576494
v -368.982178 -909.573975 -67.211266
v -381.604248 -909.573975 -20.023735
v -376.290588 -909.573975 -15.443664
v -359.146362 -909.573975 -68.837906
v -370.344452 -909.573975 -10.827945
v -345.341553 -909.573975 -70.685272
v -363.724182 -909.573975 -6.177059
v -356.402527 -909.573975 -1.504937
v -328.971222 -909.573975 -72.450218
v -348.350616 -909.573975 3.175208
v -339.529846 -909.573975 7.855749
v -310.150757 -909.573975 -74.076385
v -329.887695 -909.573975 12.534870
v -319.427795 -909.573975 17.180328
v -288.531281 -909.573975 -75.545265
v -308.175568 -909.573975 21.752741
v -296.129944 -909.573975 26.228138
v -264.481781 -909.573975 -76.795212
v -283.228973 -909.573975 30.607145
v -180.072189 -909.573975 -70.988388
v -180.104980 -909.573975 -78.862274
v -209.270966 -909.573975 -78.503281
v -255.231781 -909.573975 30.740259
v -238.430252 -909.573975 -77.782875
v -270.280914 -909.573975 34.629570
v -142.959061 -909.573975 -78.854134
v -167.405090 -909.573975 -78.915169
v -167.372299 -909.573975 -71.041275
v -257.243195 -909.573975 38.352699
v -242.953171 -909.573975 33.984581
v -228.218643 -909.573975 45.666508
v -244.964630 -909.573975 41.597229
v -211.392670 -909.573975 49.392475
v -192.377365 -909.573975 53.217728
v -172.156998 -909.573975 56.887775
v -151.001724 -909.573975 60.329510
v -118.514290 -909.573975 -78.595734
v -36.819050 -909.573975 -36.819050
v -33.916862 -909.573975 -39.732021
v -46.920868 -909.573975 -76.847473
v -39.887936 -909.573975 -33.469952
v -84.024277 -909.573975 -77.926834
v -30.794718 -909.573975 -42.407894
v -42.653248 -909.573975 -29.866125
v -27.471930 -909.573975 -44.830116
v -45.093945 -909.573975 -26.035000
v -23.586449 -909.573975 -46.990696
v -47.191448 -909.573975 -22.005733
v -19.532331 -909.573975 -48.815308
v -7.309386 -909.573975 -75.336731
v -48.929794 -909.573975 -17.808989
v -15.338564 -909.573975 -50.290897
v -128.952698 -909.573975 63.518635
v -50.295757 -909.573975 -13.476707
v -11.035129 -909.573975 -51.406925
v -51.278938 -909.573975 -9.041861
v -6.652795 -909.573975 -52.155407
v -51.871857 -909.573975 -4.538199
v -2.222896 -909.573975 -52.530991
v -52.070000 -909.573975 0.000000
v 2.222896 -909.573975 -52.530991
v -51.871857 -909.573975 4.538199
v 6.652795 -909.573975 -52.155407
v 11.035129 -909.573975 -51.406925
v -106.163841 -909.573975 66.416367
v -51.278938 -909.573975 9.041861
v 36.081944 -909.573975 -73.314232
v -50.295757 -909.573975 13.476707
v 15.338564 -909.573975 -50.290897
v 19.532331 -909.573975 -48.815308
v 23.586449 -909.573975 -46.990696
v 27.471930 -909.573975 -44.830116
v -82.767128 -909.573975 68.993271
v -45.093945 -909.573975 26.035000
v -47.191448 -909.573975 22.005733
v -48.929794 -909.573975 17.808989
v -42.653248 -909.573975 29.866125
v 30.794718 -909.573975 -42.407894
v 33.916862 -909.573975 -39.732021
v 36.819050 -909.573975 -36.819050
v -58.762871 -909.573975 71.239090
v -30.794718 -909.573975 42.407894
v -33.916862 -909.573975 39.732021
v -36.819050 -909.573975 36.819050
v -39.887936 -909.573975 33.469952
v 84.713036 -909.573975 -70.665253
v 39.887936 -909.573975 -33.469952
v 42.653248 -909.573975 -29.866125
v 45.093945 -909.573975 -26.035000
v 47.191448 -909.573975 -22.005733
v 48.929794 -909.573975 -17.808989
v 50.295757 -909.573975 -13.476707
v -34.264568 -909.573975 73.133179
v -15.338564 -909.573975 50.290897
v -19.532331 -909.573975 48.815308
v -23.586449 -909.573975 46.990696
v -27.471930 -909.573975 44.830116
v 51.278938 -909.573975 -9.041861
v -9.321327 -909.573975 74.663887
v 2.222896 -909.573975 52.530991
v -2.222896 -909.573975 52.530991
v -6.652795 -909.573975 52.155407
v -11.035129 -909.573975 51.406925
v 142.989975 -909.573975 -67.073227
v 51.871857 -909.573975 -4.538199
v 52.070000 -909.573975 0.000000
v 16.056910 -909.573975 75.823334
v 19.532331 -909.573975 48.815308
v 15.338564 -909.573975 50.290897
v 11.035129 -909.573975 51.406925
v 6.652795 -909.573975 52.155407
v 32.249836 -909.573975 76.358429
v 27.471930 -909.573975 44.830116
v 23.586449 -909.573975 46.990696
v 48.563446 -909.573975 68.863388
v 39.887936 -909.573975 33.469952
v 36.819050 -909.573975 36.819050
v 33.916862 -909.573975 39.732021
v 30.794718 -909.573975 42.407894
v 48.447186 -909.573975 76.736336
v 61.262062 -909.573975 69.050911
v 47.191448 -909.573975 22.005733
v 45.093945 -909.573975 26.035000
v 42.653248 -909.573975 29.866125
v 200.700378 -909.573975 -55.303928
v 201.246216 -909.573975 -63.158997
v 87.298126 -909.573975 77.014351
v 50.295757 -909.573975 13.476707
v 48.929794 -909.573975 17.808989
v 61.145802 -909.573975 76.923912
v 113.448921 -909.573975 76.716774
v 51.871857 -909.573975 4.538199
v 51.278938 -909.573975 9.041861
v 140.365097 -909.573975 76.016304
v 167.598083 -909.573975 74.909615
v 310.681793 -909.573975 -55.431061
v 213.915665 -909.573975 -62.278576
v 213.369812 -909.573975 -54.423523
v 195.104752 -909.573975 73.393875
v 222.926117 -909.573975 71.462273
v 250.943207 -909.573975 69.118401
v 279.337311 -909.573975 66.344017
v 307.959106 -909.573975 63.147511
v 331.008942 -909.573975 60.286186
v 352.909790 -909.573975 49.383892
v 363.935791 -909.573975 -51.735386
v 354.026794 -909.573975 57.178211
v 365.481354 -909.573975 47.582294
v 407.467255 -909.573975 -48.864906
v 467.396637 -909.573975 -21.211720
v 469.556152 -909.573975 -23.580595
v 456.874939 -909.573975 -45.875225
v 471.990417 -909.573975 -25.666138
v 465.544586 -909.573975 -18.595421
v 396.312866 -909.573975 50.831959
v 366.598358 -909.573975 55.376579
v 474.662506 -909.573975 -27.436729
v 464.028107 -909.573975 -15.771357
v 477.531921 -909.573975 -28.865534
v 462.870148 -909.573975 -12.782339
v 480.555176 -909.573975 -29.930889
v 462.088287 -909.573975 -9.673677
v 483.686462 -909.573975 -30.616648
v 461.694366 -909.573975 -6.492497
v 499.784546 -909.573975 -43.603657
v 486.878265 -909.573975 -30.912411
v 461.694366 -909.573975 -3.287021
v 490.082214 -909.573975 -30.813698
v 493.249756 -909.573975 -30.322004
v 496.332855 -909.573975 -29.444784
v 499.284790 -909.573975 -28.195335
v 425.965881 -909.573975 45.901875
v 464.028107 -909.573975 5.991839
v 462.870148 -909.573975 3.002821
v 462.088287 -909.573975 -0.105840
v 502.060822 -909.573975 -26.592596
v 504.618835 -909.573975 -24.660866
v 538.105347 -909.573975 -41.912712
v 506.920105 -909.573975 -22.429424
v 508.929688 -909.573975 -19.932100
v 510.617157 -909.573975 -17.206749
v 456.478394 -909.573975 40.429405
v 477.531921 -909.573975 19.086016
v 474.662506 -909.573975 17.657213
v 471.990417 -909.573975 15.886620
v 469.556152 -909.573975 13.801078
v 467.396637 -909.573975 11.432202
v 465.544586 -909.573975 8.815903
v 511.956909 -909.573975 -14.294685
v 512.928650 -909.573975 -11.240052
v 513.517639 -909.573975 -8.089155
v 487.558075 -909.573975 34.452461
v 496.332855 -909.573975 19.665266
v 493.249756 -909.573975 20.542486
v 490.082214 -909.573975 21.034180
v 486.878265 -909.573975 21.132893
v 483.686462 -909.573975 20.837130
v 480.555176 -909.573975 20.151371
v 519.214539 -909.573975 27.962078
v 511.956909 -909.573975 4.515168
v 510.617157 -909.573975 7.427232
v 508.929688 -909.573975 10.152583
v 506.920105 -909.573975 12.649907
v 504.618835 -909.573975 14.881349
v 502.060822 -909.573975 16.813080
v 499.284790 -909.573975 18.415817
v 551.546936 -909.573975 20.929031
v 513.715027 -909.573975 -4.889759
v 513.517639 -909.573975 -1.690362
v 512.928650 -909.573975 1.460535
v 572.790466 -909.573975 -40.725674
v 584.488220 -909.573975 13.359685
v 604.173035 -909.573975 -39.995975
v 618.600647 -909.573975 5.119219
v 631.116089 -909.573975 -39.684795
v 658.153137 -909.573975 -31.840300
v 658.060852 -909.573975 -39.713902
v 654.043945 -909.573975 -3.846003
v 690.275085 -909.573975 -13.414749
v 719.137939 -909.573975 -21.363615
v 742.911926 -909.573975 -28.270498
v 755.326843 -909.573975 -32.048946
v 767.710999 -909.573975 -35.927383
v 792.104614 -909.573975 -47.338638
v 792.294189 -909.573975 -45.383610
v 792.450012 -909.573975 -43.776642
v 814.636108 -909.573975 -51.803967
v 406.260773 -910.344482 49.221447
v 406.260773 -910.564575 49.221447
v 406.260773 -910.784729 49.221447
v 406.260773 -911.004883 49.221447
v 406.260773 -911.224976 49.221447
v 406.260773 -911.445129 49.221447
v 406.260773 -911.665283 49.221447
v 406.260773 -911.885376 49.221447
v 406.260773 -912.105530 49.221447
v 406.260773 -912.325684 49.221447
v 406.260773 -912.545776 49.221447
v 447.936462 -910.784729 42.001556
v 447.936462 -911.004883 42.001556
v 447.936462 -911.224976 42.001556
v 447.936462 -911.445129 42.001556
v 447.936462 -911.665283 42.001556
v 447.936462 -911.885376 42.001556
v 447.936462 -912.105530 42.001556
v 447.936462 -912.325684 42.001556
v 447.936462 -912.545776 42.001556
v 489.482544 -909.684082 34.069324
v 489.482544 -909.904175 34.069324
v 489.482544 -910.124329 34.069324
v 489.482544 -910.344482 34.069324
v 489.482544 -910.564575 34.069324
v 489.482544 -910.784729 34.069324
v 489.482544 -911.004883 34.069324
v 489.482544 -911.224976 34.069324
v 489.482544 -911.445129 34.069324
v 489.482544 -911.665283 34.069324
v 489.482544 -911.885376 34.069324
v 489.482544 -912.105530 34.069324
v 489.482544 -912.325684 34.069324
v 489.482544 -912.545776 34.069324
v 530.895264 -910.344482 25.467775
v 530.895264 -910.564575 25.467775
v 530.895264 -910.784729 25.467775
v 530.895264 -911.004883 25.467775
v 530.895264 -911.224976 25.467775
v 530.895264 -911.445129 25.467775
v 530.895264 -911.665283 25.467775
v 530.895264 -911.885376 25.467775
v 530.895264 -912.105530 25.467775
v 530.895264 -912.325684 25.467775
v 530.895264 -912.545776 25.467775
v 572.172119 -910.784729 16.235916
v 572.172119 -911.004883 16.235916
v 572.172119 -911.224976 16.235916
v 572.172119 -911.445129 16.235916
v 572.172119 -911.665283 16.235916
v 572.172119 -911.885376 16.235916
v 572.172119 -912.105530 16.235916
v 572.172119 -912.325684 16.235916
v 572.172119 -912.545776 16.235916
v 613.314453 -911.004883 6.421736
v 613.314453 -911.224976 6.421736
v 613.314453 -911.445129 6.421736
v 613.314453 -911.665283 6.421736
v 613.314453 -911.885376 6.421736
v 613.314453 -912.105530 6.421736
v 613.314453 -912.325684 6.421736
v 613.314453 -912.545776 6.421736
v 654.327637 -909.684082 -3.919348
v 654.327637 -909.904175 -3.919348
v 654.327637 -910.124329 -3.919348
v 654.327637 -910.344482 -3.919348
v 654.327637 -910.564575 -3.919348
v 654.327637 -910.784729 -3.919348
v 654.327637 -911.004883 -3.919348
v 654.327637 -911.224976 -3.919348
v 654.327637 -911.445129 -3.919348
v 654.327637 -911.665283 -3.919348
v 654.327637 -911.885376 -3.919348
v 654.327637 -912.105530 -3.919348
v 654.327637 -912.325684 -3.919348
v 654.327637 -912.545776 -3.919348
v 695.214050 -910.124329 -14.750568
v 695.214050 -909.904175 -14.750568
v 695.214050 -910.344482 -14.750568
v 695.214050 -910.564575 -14.750568
v 695.214050 -910.784729 -14.750568
v 695.214050 -911.004883 -14.750568
v 695.214050 -911.224976 -14.750568
v 695.214050 -911.445129 -14.750568
v 695.214050 -911.665283 -14.750568
v 695.214050 -911.885376 -14.750568
v 695.214050 -912.105530 -14.750568
v 695.214050 -912.325684 -14.750568
v 695.214050 -912.545776 -14.750568
v 715.602661 -909.684082 -20.368565
v 715.602661 -909.904175 -20.368565
v 715.602661 -910.124329 -20.368565
v 715.602661 -910.344482 -20.368565
v 715.602661 -910.564575 -20.368565
v 715.602661 -910.784729 -20.368565
v 715.602661 -911.004883 -20.368565
v 715.602661 -911.224976 -20.368565
v 715.602661 -911.445129 -20.368565
v 715.602661 -911.665283 -20.368565
v 715.602661 -911.885376 -20.368565
v 715.602661 -912.105530 -20.368565
v 715.602661 -912.325684 -20.368565
v 715.602661 -912.545776 -20.368565
v 715.602661 -912.765930 -20.368565
v 735.931274 -910.784729 -26.199631
v 735.931274 -911.004883 -26.199631
v 735.931274 -911.224976 -26.199631
v 735.931274 -911.445129 -26.199631
v 735.931274 -911.665283 -26.199631
v 735.931274 -911.885376 -26.199631
v 735.931274 -912.105530 -26.199631
v 735.931274 -912.325684 -26.199631
v 735.931274 -912.545776 -26.199631
v 756.177002 -910.564575 -32.312016
v 756.177002 -910.784729 -32.312016
v 756.177002 -911.004883 -32.312016
v 756.177002 -911.224976 -32.312016
v 756.177002 -911.445129 -32.312016
v 756.177002 -911.665283 -32.312016
v 756.177002 -911.885376 -32.312016
v 756.177002 -912.105530 -32.312016
v 756.177002 -912.325684 -32.312016
v 756.177002 -912.545776 -32.312016
v 776.346008 -910.344482 -38.673470
v 776.346008 -910.564575 -38.673470
v 776.346008 -910.784729 -38.673470
v 776.346008 -911.004883 -38.673470
v 776.346008 -911.224976 -38.673470
v 776.346008 -911.445129 -38.673470
v 776.346008 -911.665283 -38.673470
v 776.346008 -911.885376 -38.673470
v 776.346008 -912.105530 -38.673470
v 776.346008 -912.325684 -38.673470
v 776.346008 -912.545776 -38.673470
v 69.429352 -910.784729 76.995369
v 69.429352 -911.004883 76.995369
v 69.429352 -911.224976 76.995369
v 69.429352 -911.445129 76.995369
v 69.429352 -911.665283 76.995369
v 69.429352 -911.885376 76.995369
v 69.429352 -912.105530 76.995369
v 69.429352 -912.325684 76.995369
v 69.429352 -912.545776 76.995369
v 90.577728 -911.224976 76.998024
v 90.577728 -911.445129 76.998024
v 90.577728 -911.665283 76.998024
v 90.577728 -911.885376 76.998024
v 90.577728 -912.105530 76.998024
v 90.577728 -912.325684 76.998024
v 90.577728 -912.545776 76.998024
v 111.724640 -909.684082 76.748093
v 111.724640 -909.904175 76.748093
v 111.724640 -910.124329 76.748093
v 111.724640 -910.344482 76.748093
v 111.724640 -910.564575 76.748093
v 111.724640 -910.784729 76.748093
v 111.724640 -911.004883 76.748093
v 111.724640 -911.224976 76.748093
v 111.724640 -911.445129 76.748093
v 111.724640 -911.665283 76.748093
v 111.724640 -911.885376 76.748093
v 111.724640 -912.105530 76.748093
v 111.724640 -912.325684 76.748093
v 111.724640 -912.545776 76.748093
v 111.724640 -912.765930 76.748093
v 132.867188 -910.784729 76.251152
v 132.867188 -911.004883 76.251152
v 132.867188 -911.224976 76.251152
v 132.867188 -911.445129 76.251152
v 132.867188 -911.665283 76.251152
v 132.867188 -911.885376 76.251152
v 132.867188 -912.105530 76.251152
v 132.867188 -912.325684 76.251152
v 132.867188 -912.545776 76.251152
v 154.002655 -910.564575 75.511559
v 154.002655 -910.784729 75.511559
v 154.002655 -911.004883 75.511559
v 154.002655 -911.224976 75.511559
v 154.002655 -911.445129 75.511559
v 154.002655 -911.665283 75.511559
v 154.002655 -911.885376 75.511559
v 154.002655 -912.105530 75.511559
v 154.002655 -912.325684 75.511559
v 154.002655 -912.545776 75.511559
v 175.128448 -910.784729 74.534088
v 175.128448 -911.004883 74.534088
v 175.128448 -911.224976 74.534088
v 175.128448 -911.445129 74.534088
v 175.128448 -911.665283 74.534088
v 175.128448 -911.885376 74.534088
v 175.128448 -912.105530 74.534088
v 175.128448 -912.325684 74.534088
v 175.128448 -912.545776 74.534088
v 196.242126 -909.904175 73.322708
v 196.242126 -909.684082 73.322708
v 196.242126 -910.124329 73.322708
v 196.242126 -910.344482 73.322708
v 196.242126 -910.564575 73.322708
v 196.242126 -910.784729 73.322708
v 196.242126 -911.004883 73.322708
v 196.242126 -911.224976 73.322708
v 196.242126 -911.445129 73.322708
v 196.242126 -911.665283 73.322708
v 196.242126 -911.885376 73.322708
v 196.242126 -912.105530 73.322708
v 196.242126 -912.325684 73.322708
v 196.242126 -912.545776 73.322708
v 217.341385 -909.684082 71.881836
v 217.341385 -909.904175 71.881836
v 217.341385 -910.124329 71.881836
v 217.341385 -910.344482 71.881836
v 217.341385 -910.564575 71.881836
v 217.341385 -910.784729 71.881836
v 217.341385 -911.004883 71.881836
v 217.341385 -911.224976 71.881836
v 217.341385 -911.445129 71.881836
v 217.341385 -911.665283 71.881836
v 217.341385 -911.885376 71.881836
v 217.341385 -912.105530 71.881836
v 217.341385 -912.325684 71.881836
v 217.341385 -912.545776 71.881836
v 238.423981 -910.344482 70.214714
v 238.423981 -910.564575 70.214714
v 238.423981 -910.784729 70.214714
v 238.423981 -911.004883 70.214714
v 238.423981 -911.224976 70.214714
v 238.423981 -911.445129 70.214714
v 238.423981 -911.665283 70.214714
v 238.423981 -911.885376 70.214714
v 238.423981 -912.105530 70.214714
v 238.423981 -912.325684 70.214714
v 238.423981 -912.545776 70.214714
v 259.487823 -910.124329 68.325302
v 259.487823 -910.344482 68.325302
v 259.487823 -910.564575 68.325302
v 259.487823 -910.784729 68.325302
v 259.487823 -911.004883 68.325302
v 259.487823 -911.224976 68.325302
v 259.487823 -911.445129 68.325302
v 259.487823 -911.665283 68.325302
v 259.487823 -911.885376 68.325302
v 259.487823 -912.105530 68.325302
v 259.487823 -912.325684 68.325302
v 259.487823 -912.545776 68.325302
v 280.531067 -909.904175 66.218697
v 280.531067 -909.684082 66.218697
v 280.531067 -910.124329 66.218697
v 280.531067 -910.344482 66.218697
v 280.531067 -910.564575 66.218697
v 280.531067 -910.784729 66.218697
v 280.531067 -911.004883 66.218697
v 280.531067 -911.224976 66.218697
v 280.531067 -911.445129 66.218697
v 280.531067 -911.665283 66.218697
v 280.531067 -911.885376 66.218697
v 280.531067 -912.105530 66.218697
v 280.531067 -912.325684 66.218697
v 280.531067 -912.545776 66.218697
v 301.551727 -909.684082 63.897713
v 301.551727 -909.904175 63.897713
v 301.551727 -910.124329 63.897713
v 301.551727 -910.344482 63.897713
v 301.551727 -910.564575 63.897713
v 301.551727 -910.784729 63.897713
v 301.551727 -911.004883 63.897713
v 301.551727 -911.224976 63.897713
v 301.551727 -911.445129 63.897713
v 301.551727 -911.665283 63.897713
v 301.551727 -911.885376 63.897713
v 301.551727 -912.105530 63.897713
v 301.551727 -912.325684 63.897713
v 301.551727 -912.545776 63.897713
v 322.548065 -910.784729 61.365864
v 322.548065 -911.004883 61.365864
v 322.548065 -911.224976 61.365864
v 322.548065 -911.445129 61.365864
v 322.548065 -911.665283 61.365864
v 322.548065 -911.885376 61.365864
v 322.548065 -912.105530 61.365864
v 322.548065 -912.325684 61.365864
v 322.548065 -912.545776 61.365864
v -224.524872 -910.124329 46.514023
v -224.524872 -910.344482 46.514023
v -224.524872 -910.564575 46.514023
v -224.524872 -910.784729 46.514023
v -224.524872 -911.004883 46.514023
v -224.524872 -911.224976 46.514023
v -224.524872 -911.445129 46.514023
v -224.524872 -911.665283 46.514023
v -224.524872 -911.885376 46.514023
v -224.524872 -912.105530 46.514023
v -224.524872 -912.325684 46.514023
v -224.524872 -912.545776 46.514023
v -203.848557 -910.344482 50.956303
v -203.848557 -910.564575 50.956303
v -203.848557 -910.784729 50.956303
v -203.848557 -911.004883 50.956303
v -203.848557 -911.224976 50.956303
v -203.848557 -911.445129 50.956303
v -203.848557 -911.665283 50.956303
v -203.848557 -911.885376 50.956303
v -203.848557 -912.105530 50.956303
v -203.848557 -912.325684 50.956303
v -203.848557 -912.545776 50.956303
v -183.081619 -910.344482 54.953255
v -183.081619 -910.564575 54.953255
v -183.081619 -910.784729 54.953255
v -183.081619 -911.004883 54.953255
v -183.081619 -911.224976 54.953255
v -183.081619 -911.445129 54.953255
v -183.081619 -911.665283 54.953255
v -183.081619 -911.885376 54.953255
v -183.081619 -912.105530 54.953255
v -183.081619 -912.325684 54.953255
v -183.081619 -912.545776 54.953255
v -162.241379 -910.344482 58.549488
v -162.241379 -910.564575 58.549488
v -162.241379 -910.784729 58.549488
v -162.241379 -911.004883 58.549488
v -162.241379 -911.224976 58.549488
v -162.241379 -911.445129 58.549488
v -162.241379 -911.665283 58.549488
v -162.241379 -911.885376 58.549488
v -162.241379 -912.105530 58.549488
v -162.241379 -912.325684 58.549488
v -162.241379 -912.545776 58.549488
v -141.340591 -910.344482 61.775070
v -141.340591 -910.564575 61.775070
v -141.340591 -910.784729 61.775070
v -141.340591 -911.004883 61.775070
v -141.340591 -911.224976 61.775070
v -141.340591 -911.445129 61.775070
v -141.340591 -911.665283 61.775070
v -141.340591 -911.885376 61.775070
v -141.340591 -912.105530 61.775070
v -141.340591 -912.325684 61.775070
v -141.340591 -912.545776 61.775070
v -120.389137 -910.344482 64.653786
v -120.389137 -910.564575 64.653786
v -120.389137 -910.784729 64.653786
v -120.389137 -911.004883 64.653786
v -120.389137 -911.224976 64.653786
v -120.389137 -911.445129 64.653786
v -120.389137 -911.665283 64.653786
v -120.389137 -911.885376 64.653786
v -120.389137 -912.105530 64.653786
v -120.389137 -912.325684 64.653786
v -120.389137 -912.545776 64.653786
v -99.394974 -910.124329 67.202362
v -99.394974 -910.344482 67.202362
v -99.394974 -910.564575 67.202362
v -99.394974 -910.784729 67.202362
v -99.394974 -911.004883 67.202362
v -99.394974 -911.224976 67.202362
v -99.394974 -911.445129 67.202362
v -99.394974 -911.665283 67.202362
v -99.394974 -911.885376 67.202362
v -99.394974 -912.105530 67.202362
v -99.394974 -912.325684 67.202362
v -99.394974 -912.545776 67.202362
v -78.364807 -911.004883 69.434807
v -78.364807 -911.224976 69.434807
v -78.364807 -911.445129 69.434807
v -78.364807 -911.665283 69.434807
v -78.364807 -911.885376 69.434807
v -78.364807 -912.105530 69.434807
v -78.364807 -912.325684 69.434807
v -78.364807 -912.545776 69.434807
v -57.304565 -909.904175 71.362923
v -57.304565 -909.684082 71.362923
v -57.304565 -910.124329 71.362923
v -57.304565 -910.344482 71.362923
v -57.304565 -910.564575 71.362923
v -57.304565 -910.784729 71.362923
v -57.304565 -911.004883 71.362923
v -57.304565 -911.224976 71.362923
v -57.304565 -911.445129 71.362923
v -57.304565 -911.665283 71.362923
v -57.304565 -911.885376 71.362923
v -57.304565 -912.105530 71.362923
v -57.304565 -912.325684 71.362923
v -57.304565 -912.545776 71.362923
v -36.219398 -909.684082 72.996429
v -36.219398 -909.904175 72.996429
v -36.219398 -910.124329 72.996429
v -36.219398 -910.344482 72.996429
v -36.219398 -910.564575 72.996429
v -36.219398 -910.784729 72.996429
v -36.219398 -911.004883 72.996429
v -36.219398 -911.224976 72.996429
v -36.219398 -911.445129 72.996429
v -36.219398 -911.665283 72.996429
v -36.219398 -911.885376 72.996429
v -36.219398 -912.105530 72.996429
v -36.219398 -912.325684 72.996429
v -36.219398 -912.545776 72.996429
v -15.113996 -911.004883 74.343483
v -15.113996 -911.224976 74.343483
v -15.113996 -911.445129 74.343483
v -15.113996 -911.665283 74.343483
v -15.113996 -911.885376 74.343483
v -15.113996 -912.105530 74.343483
v -15.113996 -912.325684 74.343483
v -15.113996 -912.545776 74.343483
v 6.007386 -910.784729 75.411392
v 6.007386 -911.004883 75.411392
v 6.007386 -911.224976 75.411392
v 6.007386 -911.445129 75.411392
v 6.007386 -911.665283 75.411392
v 6.007386 -911.885376 75.411392
v 6.007386 -912.105530 75.411392
v 6.007386 -912.325684 75.411392
v 6.007386 -912.545776 75.411392
v 27.140791 -910.784729 76.206665
v 27.140791 -911.004883 76.206665
v 27.140791 -911.224976 76.206665
v 27.140791 -911.445129 76.206665
v 27.140791 -911.665283 76.206665
v 27.140791 -911.885376 76.206665
v 27.140791 -912.105530 76.206665
v 27.140791 -912.325684 76.206665
v 27.140791 -912.545776 76.206665
v -379.317505 -910.564575 -17.991879
v -379.317505 -910.784729 -17.991879
v -379.317505 -911.004883 -17.991879
v -379.317505 -911.224976 -17.991879
v -379.317505 -911.445129 -17.991879
v -379.317505 -911.665283 -17.991879
v -379.317505 -911.885376 -17.991879
v -379.317505 -912.105530 -17.991879
v -379.317505 -912.325684 -17.991879
v -379.317505 -912.545776 -17.991879
v -371.073975 -910.564575 -11.369711
v -371.073975 -910.784729 -11.369711
v -371.073975 -911.004883 -11.369711
v -371.073975 -911.224976 -11.369711
v -371.073975 -911.445129 -11.369711
v -371.073975 -911.665283 -11.369711
v -371.073975 -911.885376 -11.369711
v -371.073975 -912.105530 -11.369711
v -371.073975 -912.325684 -11.369711
v -371.073975 -912.545776 -11.369711
v -362.411285 -911.004883 -5.305949
v -362.411285 -911.224976 -5.305949
v -362.411285 -911.445129 -5.305949
v -362.411285 -911.665283 -5.305949
v -362.411285 -911.885376 -5.305949
v -362.411285 -912.105530 -5.305949
v -362.411285 -912.325684 -5.305949
v -362.411285 -912.545776 -5.305949
v -353.431458 -910.344482 0.272661
v -353.431458 -910.564575 0.272661
v -353.431458 -910.784729 0.272661
v -353.431458 -911.004883 0.272661
v -353.431458 -911.224976 0.272661
v -353.431458 -911.445129 0.272661
v -353.431458 -911.665283 0.272661
v -353.431458 -911.885376 0.272661
v -353.431458 -912.105530 0.272661
v -353.431458 -912.325684 0.272661
v -353.431458 -912.545776 0.272661
v -344.202240 -910.344482 5.429046
v -344.202240 -910.564575 5.429046
v -344.202240 -910.784729 5.429046
v -344.202240 -911.004883 5.429046
v -344.202240 -911.224976 5.429046
v -344.202240 -911.445129 5.429046
v -344.202240 -911.665283 5.429046
v -344.202240 -911.885376 5.429046
v -344.202240 -912.105530 5.429046
v -344.202240 -912.325684 5.429046
v -344.202240 -912.545776 5.429046
v -334.773071 -910.564575 10.216043
v -334.773071 -910.784729 10.216043
v -334.773071 -911.004883 10.216043
v -334.773071 -911.224976 10.216043
v -334.773071 -911.445129 10.216043
v -334.773071 -911.665283 10.216043
v -334.773071 -911.885376 10.216043
v -334.773071 -912.105530 10.216043
v -334.773071 -912.325684 10.216043
v -334.773071 -912.545776 10.216043
v -325.185059 -910.564575 14.674487
v -325.185059 -910.784729 14.674487
v -325.185059 -911.004883 14.674487
v -325.185059 -911.224976 14.674487
v -325.185059 -911.445129 14.674487
v -325.185059 -911.665283 14.674487
v -325.185059 -911.885376 14.674487
v -325.185059 -912.105530 14.674487
v -325.185059 -912.325684 14.674487
v -325.185059 -912.545776 14.674487
v -315.465759 -910.784729 18.837206
v -315.465759 -911.004883 18.837206
v -315.465759 -911.224976 18.837206
v -315.465759 -911.445129 18.837206
v -315.465759 -911.665283 18.837206
v -315.465759 -911.885376 18.837206
v -315.465759 -912.105530 18.837206
v -315.465759 -912.325684 18.837206
v -315.465759 -912.545776 18.837206
v -305.634979 -910.124329 22.730642
v -305.634979 -910.344482 22.730642
v -305.634979 -910.564575 22.730642
v -305.634979 -910.784729 22.730642
v -305.634979 -911.004883 22.730642
v -305.634979 -911.224976 22.730642
v -305.634979 -911.445129 22.730642
v -305.634979 -911.665283 22.730642
v -305.634979 -911.885376 22.730642
v -305.634979 -912.105530 22.730642
v -305.634979 -912.325684 22.730642
v -305.634979 -912.545776 22.730642
v -295.709198 -909.904175 26.377382
v -295.709198 -909.684082 26.377382
v -295.709198 -910.124329 26.377382
v -295.709198 -910.344482 26.377382
v -295.709198 -910.564575 26.377382
v -295.709198 -910.784729 26.377382
v -295.709198 -911.004883 26.377382
v -295.709198 -911.224976 26.377382
v -295.709198 -911.445129 26.377382
v -295.709198 -911.665283 26.377382
v -295.709198 -911.885376 26.377382
v -295.709198 -912.105530 26.377382
v -295.709198 -912.325684 26.377382
v -295.709198 -912.545776 26.377382
v -285.703552 -909.684082 29.797569
v -285.703552 -909.904175 29.797569
v -285.703552 -910.124329 29.797569
v -285.703552 -910.344482 29.797569
v -285.703552 -910.564575 29.797569
v -285.703552 -910.784729 29.797569
v -285.703552 -911.004883 29.797569
v -285.703552 -911.224976 29.797569
v -285.703552 -911.445129 29.797569
v -285.703552 -911.665283 29.797569
v -285.703552 -911.885376 29.797569
v -285.703552 -912.105530 29.797569
v -285.703552 -912.325684 29.797569
v -285.703552 -912.545776 29.797569
v -265.496429 -910.784729 36.031578
v -265.496429 -911.004883 36.031578
v -265.496429 -911.224976 36.031578
v -265.496429 -911.445129 36.031578
v -265.496429 -911.665283 36.031578
v -265.496429 -911.885376 36.031578
v -265.496429 -912.105530 36.031578
v -265.496429 -912.325684 36.031578
v -265.496429 -912.545776 36.031578
v -184.899124 -909.874207 -78.826485
v -184.899124 -910.074280 -78.826485
v -184.899124 -910.274414 -78.826485
v -184.899124 -910.474548 -78.826485
v -184.899124 -910.674683 -78.826485
v -184.899124 -910.874817 -78.826485
v -184.899124 -911.074890 -78.826485
v -184.899124 -911.275024 -78.826485
v -184.899124 -911.475159 -78.826485
v -184.899124 -911.675293 -78.826485
v -184.899124 -911.875366 -78.826485
v -184.899124 -912.075500 -78.826485
v -184.899124 -912.275635 -78.826485
v -184.899124 -912.475769 -78.826485
v -222.073090 -910.474548 -78.233841
v -222.073090 -910.674683 -78.233841
v -222.073090 -910.874817 -78.233841
v -222.073090 -911.074890 -78.233841
v -222.073090 -911.275024 -78.233841
v -222.073090 -911.475159 -78.233841
v -222.073090 -911.675293 -78.233841
v -222.073090 -911.875366 -78.233841
v -222.073090 -912.075500 -78.233841
v -222.073090 -912.275635 -78.233841
v -222.073090 -912.475769 -78.233841
v -259.231934 -911.074890 -77.022820
v -259.231934 -911.275024 -77.022820
v -259.231934 -911.475159 -77.022820
v -259.231934 -911.675293 -77.022820
v -259.231934 -911.875366 -77.022820
v -259.231934 -912.075500 -77.022820
v -259.231934 -912.275635 -77.022820
v -259.231934 -912.475769 -77.022820
v -277.800537 -910.674683 -76.147118
v -277.800537 -910.874817 -76.147118
v -277.800537 -911.074890 -76.147118
v -277.800537 -911.275024 -76.147118
v -277.800537 -911.475159 -76.147118
v -277.800537 -911.675293 -76.147118
v -277.800537 -911.875366 -76.147118
v -277.800537 -912.075500 -76.147118
v -277.800537 -912.275635 -76.147118
v -277.800537 -912.475769 -76.147118
v -296.358154 -910.274414 -75.056313
v -296.358154 -910.474548 -75.056313
v -296.358154 -910.674683 -75.056313
v -296.358154 -910.874817 -75.056313
v -296.358154 -911.074890 -75.056313
v -296.358154 -911.275024 -75.056313
v -296.358154 -911.475159 -75.056313
v -296.358154 -911.675293 -75.056313
v -296.358154 -911.875366 -75.056313
v -296.358154 -912.075500 -75.056313
v -296.358154 -912.275635 -75.056313
v -296.358154 -912.475769 -75.056313
v -314.897491 -910.074280 -73.700188
v -314.897491 -910.274414 -73.700188
v -314.897491 -910.474548 -73.700188
v -314.897491 -910.674683 -73.700188
v -314.897491 -910.874817 -73.700188
v -314.897491 -911.074890 -73.700188
v -314.897491 -911.275024 -73.700188
v -314.897491 -911.475159 -73.700188
v -314.897491 -911.675293 -73.700188
v -314.897491 -911.875366 -73.700188
v -314.897491 -912.075500 -73.700188
v -314.897491 -912.275635 -73.700188
v -314.897491 -912.475769 -73.700188
v -333.410339 -910.074280 -72.008743
v -333.410339 -910.274414 -72.008743
v -333.410339 -910.474548 -72.008743
v -333.410339 -910.674683 -72.008743
v -333.410339 -910.874817 -72.008743
v -333.410339 -911.074890 -72.008743
v -333.410339 -911.275024 -72.008743
v -333.410339 -911.475159 -72.008743
v -333.410339 -911.675293 -72.008743
v -333.410339 -911.875366 -72.008743
v -333.410339 -912.075500 -72.008743
v -333.410339 -912.275635 -72.008743
v -333.410339 -912.475769 -72.008743
v -351.873138 -910.474548 -69.861076
v -351.873138 -910.674683 -69.861076
v -351.873138 -910.874817 -69.861076
v -351.873138 -911.074890 -69.861076
v -351.873138 -911.275024 -69.861076
v -351.873138 -911.475159 -69.861076
v -351.873138 -911.675293 -69.861076
v -351.873138 -911.875366 -69.861076
v -351.873138 -912.075500 -69.861076
v -351.873138 -912.275635 -69.861076
v -351.873138 -912.475769 -69.861076
v -361.075653 -910.074280 -68.543907
v -361.075653 -910.274414 -68.543907
v -361.075653 -910.474548 -68.543907
v -361.075653 -910.674683 -68.543907
v -361.075653 -910.874817 -68.543907
v -361.075653 -911.074890 -68.543907
v -361.075653 -911.275024 -68.543907
v -361.075653 -911.475159 -68.543907
v -361.075653 -911.675293 -68.543907
v -361.075653 -911.875366 -68.543907
v -361.075653 -912.075500 -68.543907
v -361.075653 -912.275635 -68.543907
v -361.075653 -912.475769 -68.543907
v -370.236298 -909.874207 -66.977264
v -370.236298 -910.074280 -66.977264
v -370.236298 -910.274414 -66.977264
v -370.236298 -910.474548 -66.977264
v -370.236298 -910.674683 -66.977264
v -370.236298 -910.874817 -66.977264
v -370.236298 -911.074890 -66.977264
v -370.236298 -911.275024 -66.977264
v -370.236298 -911.475159 -66.977264
v -370.236298 -911.675293 -66.977264
v -370.236298 -911.875366 -66.977264
v -370.236298 -912.075500 -66.977264
v -370.236298 -912.275635 -66.977264
v -370.236298 -912.475769 -66.977264
v 186.511246 -910.074280 -64.172188
v 186.511246 -910.274414 -64.172188
v 186.511246 -910.474548 -64.172188
v 186.511246 -910.674683 -64.172188
v 186.511246 -910.874817 -64.172188
v 186.511246 -911.074890 -64.172188
v 186.511246 -911.275024 -64.172188
v 186.511246 -911.475159 -64.172188
v 186.511246 -911.675293 -64.172188
v 186.511246 -911.875366 -64.172188
v 186.511246 -912.075500 -64.172188
v 186.511246 -912.275635 -64.172188
v 186.511246 -912.475769 -64.172188
v 112.311058 -910.474548 -69.012932
v 112.311058 -910.674683 -69.012932
v 112.311058 -910.874817 -69.012932
v 112.311058 -911.074890 -69.012932
v 112.311058 -911.275024 -69.012932
v 112.311058 -911.475159 -69.012932
v 112.311058 -911.675293 -69.012932
v 112.311058 -911.875366 -69.012932
v 112.311058 -912.075500 -69.012932
v 112.311058 -912.275635 -69.012932
v 112.311058 -912.475769 -69.012932
v 38.072075 -911.275024 -73.213287
v 38.072075 -911.475159 -73.213287
v 38.072075 -911.675293 -73.213287
v 38.072075 -911.875366 -73.213287
v 38.072075 -912.075500 -73.213287
v 38.072075 -912.275635 -73.213287
v 38.072075 -912.475769 -73.213287
v 0.935121 -911.074890 -74.980164
v 0.935121 -911.275024 -74.980164
v 0.935121 -911.475159 -74.980164
v 0.935121 -911.675293 -74.980164
v 0.935121 -911.875366 -74.980164
v 0.935121 -912.075500 -74.980164
v 0.935121 -912.275635 -74.980164
v 0.935121 -912.475769 -74.980164
v -36.213814 -910.874817 -76.473450
v -36.213814 -911.074890 -76.473450
v -36.213814 -911.275024 -76.473450
v -36.213814 -911.475159 -76.473450
v -36.213814 -911.675293 -76.473450
v -36.213814 -911.875366 -76.473450
v -36.213814 -912.075500 -76.473450
v -36.213814 -912.275635 -76.473450
v -36.213814 -912.475769 -76.473450
v -73.374001 -910.874817 -77.653191
v -73.374001 -911.074890 -77.653191
v -73.374001 -911.275024 -77.653191
v -73.374001 -911.475159 -77.653191
v -73.374001 -911.675293 -77.653191
v -73.374001 -911.875366 -77.653191
v -73.374001 -912.075500 -77.653191
v -73.374001 -912.275635 -77.653191
v -73.374001 -912.475769 -77.653191
v -110.543854 -910.874817 -78.471756
v -110.543854 -911.074890 -78.471756
v -110.543854 -911.275024 -78.471756
v -110.543854 -911.475159 -78.471756
v -110.543854 -911.675293 -78.471756
v -110.543854 -911.875366 -78.471756
v -110.543854 -912.075500 -78.471756
v -110.543854 -912.275635 -78.471756
v -110.543854 -912.475769 -78.471756
v -147.720413 -910.074280 -78.882133
v -147.720413 -910.274414 -78.882133
v -147.720413 -910.474548 -78.882133
v -147.720413 -910.674683 -78.882133
v -147.720413 -910.874817 -78.882133
v -147.720413 -911.074890 -78.882133
v -147.720413 -911.275024 -78.882133
v -147.720413 -911.475159 -78.882133
v -147.720413 -911.675293 -78.882133
v -147.720413 -911.875366 -78.882133
v -147.720413 -912.075500 -78.882133
v -147.720413 -912.275635 -78.882133
v -147.720413 -912.475769 -78.882133
v 631.910461 -910.474548 -39.680527
v 631.910461 -910.674683 -39.680527
v 631.910461 -910.874817 -39.680527
v 631.910461 -911.074890 -39.680527
v 631.910461 -911.275024 -39.680527
v 631.910461 -911.475159 -39.680527
v 631.910461 -911.675293 -39.680527
v 631.910461 -911.875366 -39.680527
v 631.910461 -912.075500 -39.680527
v 631.910461 -912.275635 -39.680527
v 631.910461 -912.475769 -39.680527
v 594.735107 -910.074280 -40.176750
v 594.735107 -910.274414 -40.176750
v 594.735107 -910.474548 -40.176750
v 594.735107 -910.674683 -40.176750
v 594.735107 -910.874817 -40.176750
v 594.735107 -911.074890 -40.176750
v 594.735107 -911.275024 -40.176750
v 594.735107 -911.475159 -40.176750
v 594.735107 -911.675293 -40.176750
v 594.735107 -911.875366 -40.176750
v 594.735107 -912.075500 -40.176750
v 594.735107 -912.275635 -40.176750
v 594.735107 -912.475769 -40.176750
v 557.570496 -910.674683 -41.201935
v 557.570496 -910.874817 -41.201935
v 557.570496 -911.074890 -41.201935
v 557.570496 -911.275024 -41.201935
v 557.570496 -911.475159 -41.201935
v 557.570496 -911.675293 -41.201935
v 557.570496 -911.875366 -41.201935
v 557.570496 -912.075500 -41.201935
v 557.570496 -912.275635 -41.201935
v 557.570496 -912.475769 -41.201935
v 520.419739 -910.474548 -42.648361
v 520.419739 -910.674683 -42.648361
v 520.419739 -910.874817 -42.648361
v 520.419739 -911.074890 -42.648361
v 520.419739 -911.275024 -42.648361
v 520.419739 -911.475159 -42.648361
v 520.419739 -911.675293 -42.648361
v 520.419739 -911.875366 -42.648361
v 520.419739 -912.075500 -42.648361
v 520.419739 -912.275635 -42.648361
v 520.419739 -912.475769 -42.648361
v 483.283752 -910.674683 -44.434837
v 483.283752 -910.874817 -44.434837
v 483.283752 -911.074890 -44.434837
v 483.283752 -911.275024 -44.434837
v 483.283752 -911.475159 -44.434837
v 483.283752 -911.675293 -44.434837
v 483.283752 -911.875366 -44.434837
v 483.283752 -912.075500 -44.434837
v 483.283752 -912.275635 -44.434837
v 483.283752 -912.475769 -44.434837
v 446.161835 -910.074280 -46.493622
v 446.161835 -910.274414 -46.493622
v 446.161835 -910.474548 -46.493622
v 446.161835 -910.674683 -46.493622
v 446.161835 -910.874817 -46.493622
v 446.161835 -911.074890 -46.493622
v 446.161835 -911.275024 -46.493622
v 446.161835 -911.475159 -46.493622
v 446.161835 -911.675293 -46.493622
v 446.161835 -911.875366 -46.493622
v 446.161835 -912.075500 -46.493622
v 446.161835 -912.275635 -46.493622
v 446.161835 -912.475769 -46.493622
v 371.952728 -911.074890 -51.193928
v 371.952728 -911.275024 -51.193928
v 371.952728 -911.475159 -51.193928
v 371.952728 -911.675293 -51.193928
v 371.952728 -911.875366 -51.193928
v 371.952728 -912.075500 -51.193928
v 371.952728 -912.275635 -51.193928
v 371.952728 -912.475769 -51.193928
v 297.773254 -911.275024 -56.344139
v 297.773254 -911.074890 -56.344139
v 297.773254 -911.475159 -56.344139
v 297.773254 -911.675293 -56.344139
v 297.773254 -911.875366 -56.344139
v 297.773254 -912.075500 -56.344139
v 297.773254 -912.275635 -56.344139
v 297.773254 -912.475769 -56.344139
v 223.601242 -909.674072 -61.600765
v 223.601242 -909.874207 -61.600765
v 223.601242 -910.074280 -61.600765
v 223.601242 -910.274414 -61.600765
v 223.601242 -910.474548 -61.600765
v 223.601242 -910.674683 -61.600765
v 223.601242 -910.874817 -61.600765
v 223.601242 -911.074890 -61.600765
v 223.601242 -911.275024 -61.600765
v 223.601242 -911.475159 -61.600765
v 223.601242 -911.675293 -61.600765
v 223.601242 -911.875366 -61.600765
v 223.601242 -912.075500 -61.600765
v 223.601242 -912.275635 -61.600765
v 223.601242 -912.475769 -61.600765
v 223.601242 -912.775940 -61.600765
v 689.744263 -912.875977 -40.278610
v 670.759949 -909.573975 -39.862694
v 689.744263 -909.573975 -40.278610
v 670.759949 -912.875977 -39.862694
v 791.950623 -909.573975 -48.926495
v 780.311584 -910.074280 -47.205399
v 776.106934 -909.573975 -46.635418
v 780.311584 -910.274414 -47.205399
v 780.311584 -910.474548 -47.205399
v 780.311584 -910.674683 -47.205399
v 780.311584 -910.874817 -47.205399
v 780.311584 -911.074890 -47.205399
v 791.950623 -912.875977 -48.926495
v 780.311584 -911.275024 -47.205399
v 776.106934 -912.875977 -46.635418
v 780.311584 -911.475159 -47.205399
v 780.311584 -911.675293 -47.205399
v 780.311584 -911.875366 -47.205399
v 780.311584 -912.075500 -47.205399
v 780.311584 -912.275635 -47.205399
v 780.311584 -912.475769 -47.205399
v 761.863159 -909.674072 -44.925137
v 761.802002 -909.573975 -44.918514
v 761.863159 -909.874207 -44.925137
v 761.863159 -910.074280 -44.925137
v 761.863159 -910.274414 -44.925137
v 761.863159 -910.474548 -44.925137
v 761.863159 -910.674683 -44.925137
v 745.801453 -909.573975 -43.373390
v 761.863159 -910.874817 -44.925137
v 761.863159 -911.074890 -44.925137
v 761.863159 -911.275024 -44.925137
v 745.801453 -912.875977 -43.373390
v 761.863159 -911.475159 -44.925137
v 761.863159 -911.675293 -44.925137
v 761.863159 -911.875366 -44.925137
v 761.802002 -912.875977 -44.918514
v 761.863159 -912.075500 -44.925137
v 761.863159 -912.275635 -44.925137
v 761.863159 -912.475769 -44.925137
v 761.863159 -912.775940 -44.925137
v 743.357422 -909.874207 -43.167439
v 727.866821 -909.573975 -42.026890
v 743.357422 -910.074280 -43.167439
v 743.357422 -910.274414 -43.167439
v 743.357422 -910.474548 -43.167439
v 743.357422 -910.674683 -43.167439
v 743.357422 -910.874817 -43.167439
v 743.357422 -911.074890 -43.167439
v 743.357422 -911.275024 -43.167439
v 727.866821 -912.875977 -42.026890
v 743.357422 -911.475159 -43.167439
v 743.357422 -911.675293 -43.167439
v 743.357422 -911.875366 -43.167439
v 743.357422 -912.075500 -43.167439
v 743.357422 -912.275635 -43.167439
v 743.357422 -912.475769 -43.167439
v 724.816162 -909.874207 -41.834190
v 708.720215 -909.573975 -40.977154
v 724.816162 -910.074280 -41.834190
v 724.816162 -910.274414 -41.834190
v 724.816162 -910.474548 -41.834190
v 724.816162 -910.674683 -41.834190
v 724.816162 -910.874817 -41.834190
v 724.816162 -911.074890 -41.834190
v 724.816162 -911.275024 -41.834190
v 708.720215 -912.875977 -40.977154
v 724.816162 -911.475159 -41.834190
v 724.816162 -911.675293 -41.834190
v 724.816162 -911.875366 -41.834190
v 724.816162 -912.075500 -41.834190
v 724.816162 -912.275635 -41.834190
v 724.816162 -912.475769 -41.834190
v 706.252014 -909.874207 -40.868195
v 706.252014 -910.074280 -40.868195
v 706.252014 -910.274414 -40.868195
v 706.252014 -910.474548 -40.868195
v 706.252014 -910.674683 -40.868195
v 706.252014 -910.874817 -40.868195
v 706.252014 -911.074890 -40.868195
v 706.252014 -911.275024 -40.868195
v 706.252014 -911.475159 -40.868195
v 706.252014 -911.675293 -40.868195
v 706.252014 -911.875366 -40.868195
v 706.252014 -912.075500 -40.868195
v 706.252014 -912.275635 -40.868195
v 706.252014 -912.475769 -40.868195
v -386.090759 -912.875977 -63.352856
v -396.852936 -912.875977 -51.293827
v -390.388611 -912.875977 -62.047493
v -393.882446 -912.875977 -60.689873
v -396.344574 -912.875977 -59.416370
v -398.413635 -912.875977 -57.966671
v -399.711975 -912.875977 -56.744469
v -400.861359 -912.875977 -55.302246
v -400.116180 -912.875977 -43.681908
v -401.283051 -912.875977 -46.863697
v -398.651550 -912.875977 -40.632065
v -396.527069 -912.875977 -37.035213
v -377.612061 -912.875977 -65.447632
v -393.802246 -912.875977 -33.160057
v -390.412750 -912.875977 -28.992750
v -368.982178 -912.875977 -67.211266
v -386.332672 -912.875977 -24.576494
v -381.604248 -912.875977 -20.023735
v -359.146362 -912.875977 -68.837906
v -376.290588 -912.875977 -15.443664
v -345.341553 -912.875977 -70.685272
v -370.344452 -912.875977 -10.827945
v -363.724182 -912.875977 -6.177059
v -356.402527 -912.875977 -1.504937
v -328.971222 -912.875977 -72.450218
v -348.350616 -912.875977 3.175208
v -310.150757 -912.875977 -74.076385
v -339.529846 -912.875977 7.855749
v -329.887695 -912.875977 12.534870
v -319.427795 -912.875977 17.180328
v -288.531281 -912.875977 -75.545265
v -308.175568 -912.875977 21.752741
v -264.481781 -912.875977 -76.795212
v -296.129944 -912.875977 26.228138
v -283.228973 -912.875977 30.607145
v -180.104980 -912.875977 -78.862274
v -180.072189 -912.875977 -70.988388
v -209.270966 -912.875977 -78.503281
v -238.430252 -912.875977 -77.782875
v -255.231781 -912.875977 30.740259
v -270.280914 -912.875977 34.629570
v -167.405090 -912.875977 -78.915169
v -142.959061 -912.875977 -78.854134
v -167.372299 -912.875977 -71.041275
v -257.243195 -912.875977 38.352699
v -242.953171 -912.875977 33.984581
v -228.218643 -912.875977 45.666508
v -244.964630 -912.875977 41.597229
v -211.392670 -912.875977 49.392475
v -192.377365 -912.875977 53.217728
v -172.156998 -912.875977 56.887775
v -118.514290 -912.875977 -78.595734
v -151.001724 -912.875977 60.329510
v -33.916862 -912.875977 -39.732021
v -36.819050 -912.875977 -36.819050
v -46.920868 -912.875977 -76.847473
v -39.887936 -912.875977 -33.469952
v -84.024277 -912.875977 -77.926834
v -30.794718 -912.875977 -42.407894
v -42.653248 -912.875977 -29.866125
v -27.471930 -912.875977 -44.830116
v -45.093945 -912.875977 -26.035000
v -23.586449 -912.875977 -46.990696
v -47.191448 -912.875977 -22.005733
v -7.309386 -912.875977 -75.336731
v -19.532331 -912.875977 -48.815308
v -48.929794 -912.875977 -17.808989
v -15.338564 -912.875977 -50.290897
v -128.952698 -912.875977 63.518635
v -50.295757 -912.875977 -13.476707
v -11.035129 -912.875977 -51.406925
v -51.278938 -912.875977 -9.041861
v -6.652795 -912.875977 -52.155407
v -51.871857 -912.875977 -4.538199
v -2.222896 -912.875977 -52.530991
v -52.070000 -912.875977 0.000000
v 2.222896 -912.875977 -52.530991
v -51.871857 -912.875977 4.538199
v 6.652795 -912.875977 -52.155407
v 11.035129 -912.875977 -51.406925
v -106.163841 -912.875977 66.416367
v -51.278938 -912.875977 9.041861
v 36.081944 -912.875977 -73.314232
v -50.295757 -912.875977 13.476707
v 15.338564 -912.875977 -50.290897
v 19.532331 -912.875977 -48.815308
v 23.586449 -912.875977 -46.990696
v 27.471930 -912.875977 -44.830116
v -82.767128 -912.875977 68.993271
v -45.093945 -912.875977 26.035000
v -47.191448 -912.875977 22.005733
v -48.929794 -912.875977 17.808989
v -42.653248 -912.875977 29.866125
v 30.794718 -912.875977 -42.407894
v 33.916862 -912.875977 -39.732021
v 36.819050 -912.875977 -36.819050
v -30.794718 -912.875977 42.407894
v -58.762871 -912.875977 71.239090
v -33.916862 -912.875977 39.732021
v -36.819050 -912.875977 36.819050
v -39.887936 -912.875977 33.469952
v 84.713036 -912.875977 -70.665253
v 39.887936 -912.875977 -33.469952
v 42.653248 -912.875977 -29.866125
v 45.093945 -912.875977 -26.035000
v 47.191448 -912.875977 -22.005733
v 48.929794 -912.875977 -17.808989
v 50.295757 -912.875977 -13.476707
v -15.338564 -912.875977 50.290897
v -34.264568 -912.875977 73.133179
v -19.532331 -912.875977 48.815308
v -23.586449 -912.875977 46.990696
v -27.471930 -912.875977 44.830116
v 51.278938 -912.875977 -9.041861
v 2.222896 -912.875977 52.530991
v -9.321327 -912.875977 74.663887
v -2.222896 -912.875977 52.530991
v -6.652795 -912.875977 52.155407
v -11.035129 -912.875977 51.406925
v 142.989975 -912.875977 -67.073227
v 51.871857 -912.875977 -4.538199
v 52.070000 -912.875977 0.000000
v 19.532331 -912.875977 48.815308
v 16.056910 -912.875977 75.823334
v 15.338564 -912.875977 50.290897
v 11.035129 -912.875977 51.406925
v 6.652795 -912.875977 52.155407
v 27.471930 -912.875977 44.830116
v 32.249836 -912.875977 76.358429
v 23.586449 -912.875977 46.990696
v 48.563446 -912.875977 68.863388
v 39.887936 -912.875977 33.469952
v 36.819050 -912.875977 36.819050
v 33.916862 -912.875977 39.732021
v 30.794718 -912.875977 42.407894
v 48.447186 -912.875977 76.736336
v 47.191448 -912.875977 22.005733
v 61.262062 -912.875977 69.050911
v 45.093945 -912.875977 26.035000
v 42.653248 -912.875977 29.866125
v 201.246216 -912.875977 -63.158997
v 200.700378 -912.875977 -55.303928
v 50.295757 -912.875977 13.476707
v 87.298126 -912.875977 77.014351
v 48.929794 -912.875977 17.808989
v 61.145802 -912.875977 76.923912
v 113.448921 -912.875977 76.716774
v 51.871857 -912.875977 4.538199
v 51.278938 -912.875977 9.041861
v 140.365097 -912.875977 76.016304
v 167.598083 -912.875977 74.909615
v 213.915665 -912.875977 -62.278576
v 310.681793 -912.875977 -55.431061
v 213.369812 -912.875977 -54.423523
v 195.104752 -912.875977 73.393875
v 222.926117 -912.875977 71.462273
v 250.943207 -912.875977 69.118401
v 279.337311 -912.875977 66.344017
v 307.959106 -912.875977 63.147511
v 331.008942 -912.875977 60.286186
v 352.909790 -912.875977 49.383892
v 363.935791 -912.875977 -51.735386
v 354.026794 -912.875977 57.178211
v 365.481354 -912.875977 47.582294
v 407.467255 -912.875977 -48.864906
v 469.556152 -912.875977 -23.580595
v 467.396637 -912.875977 -21.211720
v 456.874939 -912.875977 -45.875225
v 471.990417 -912.875977 -25.666138
v 465.544586 -912.875977 -18.595421
v 396.312866 -912.875977 50.831959
v 366.598358 -912.875977 55.376579
v 474.662506 -912.875977 -27.436729
v 464.028107 -912.875977 -15.771357
v 477.531921 -912.875977 -28.865534
v 462.870148 -912.875977 -12.782339
v 480.555176 -912.875977 -29.930889
v 462.088287 -912.875977 -9.673677
v 483.686462 -912.875977 -30.616648
v 461.694366 -912.875977 -6.492497
v 499.784546 -912.875977 -43.603657
v 486.878265 -912.875977 -30.912411
v 461.694366 -912.875977 -3.287021
v 490.082214 -912.875977 -30.813698
v 493.249756 -912.875977 -30.322004
v 496.332855 -912.875977 -29.444784
v 499.284790 -912.875977 -28.195335
v 464.028107 -912.875977 5.991839
v 425.965881 -912.875977 45.901875
v 462.870148 -912.875977 3.002821
v 462.088287 -912.875977 -0.105840
v 502.060822 -912.875977 -26.592596
v 504.618835 -912.875977 -24.660866
v 538.105347 -912.875977 -41.912712
v 506.920105 -912.875977 -22.429424
v 508.929688 -912.875977 -19.932100
v 510.617157 -912.875977 -17.206749
v 477.531921 -912.875977 19.086016
v 456.478394 -912.875977 40.429405
v 474.662506 -912.875977 17.657213
v 471.990417 -912.875977 15.886620
v 469.556152 -912.875977 13.801078
v 467.396637 -912.875977 11.432202
v 465.544586 -912.875977 8.815903
v 511.956909 -912.875977 -14.294685
v 512.928650 -912.875977 -11.240052
v 513.517639 -912.875977 -8.089155
v 496.332855 -912.875977 19.665266
v 487.558075 -912.875977 34.452461
v 493.249756 -912.875977 20.542486
v 490.082214 -912.875977 21.034180
v 486.878265 -912.875977 21.132893
v 483.686462 -912.875977 20.837130
v 480.555176 -912.875977 20.151371
v 511.956909 -912.875977 4.515168
v 519.214539 -912.875977 27.962078
v 510.617157 -912.875977 7.427232
v 508.929688 -912.875977 10.152583
v 506.920105 -912.875977 12.649907
v 504.618835 -912.875977 14.881349
v 502.060822 -912.875977 16.813080
v 499.284790 -912.875977 18.415817
v 513.715027 -912.875977 -4.889759
v 551.546936 -912.875977 20.929031
v 513.517639 -912.875977 -1.690362
v 512.928650 -912.875977 1.460535
v 572.790466 -912.875977 -40.725674
v 584.488220 -912.875977 13.359685
v 604.173035 -912.875977 -39.995975
v 618.600647 -912.875977 5.119219
v 631.116089 -912.875977 -39.684795
v 658.060852 -912.875977 -39.713902
v 658.153137 -912.875977 -31.840300
v 670.852295 -912.875977 -31.989183
v 654.043945 -912.875977 -3.846003
v 690.275085 -912.875977 -13.414749
v 719.137939 -912.875977 -21.363615
v 742.911926 -912.875977 -28.270498
v 755.326843 -912.875977 -32.048946
v 767.710999 -912.875977 -35.927383
v 792.104614 -912.875977 -47.338638
v 792.294189 -912.875977 -45.383610
v 792.450012 -912.875977 -43.776642
v 814.636108 -912.875977 -51.803967
v 670.852295 -909.573975 -31.989183
v -396.852936 -909.573975 -51.293827
v -386.090759 -909.573975 -63.352856
v -390.388611 -909.573975 -62.047493
v -393.882446 -909.573975 -60.689873
v -396.344574 -909.573975 -59.416370
v -398.413635 -909.573975 -57.966671
v -399.711975 -909.573975 -56.744469
v -400.861359 -909.573975 -55.302246
v -400.116180 -909.573975 -43.681908
v -401.283051 -909.573975 -46.863697
v -398.651550 -909.573975 -40.632065
v -396.527069 -909.573975 -37.035213
v -393.802246 -909.573975 -33.160057
v -377.612061 -909.573975 -65.447632
v -390.412750 -909.573975 -28.992750
v -386.332672 -909.573975 -24.576494
v -368.982178 -909.573975 -67.211266
v -381.604248 -909.573975 -20.023735
v -376.290588 -909.573975 -15.443664
v -359.146362 -909.573975 -68.837906
v -370.344452 -909.573975 -10.827945
v -345.341553 -909.573975 -70.685272
v -363.724182 -909.573975 -6.177059
v -356.402527 -909.573975 -1.504937
v -328.971222 -909.573975 -72.450218
v -348.350616 -909.573975 3.175208
v -339.529846 -909.573975 7.855749
v -310.150757 -909.573975 -74.076385
v -329.887695 -909.573975 12.534870
v -319.427795 -909.573975 17.180328
v -288.531281 -909.573975 -75.545265
v -308.175568 -909.573975 21.752741
v -296.129944 -909.573975 26.228138
v -264.481781 -909.573975 -76.795212
v -283.228973 -909.573975 30.607145
v -180.072189 -909.573975 -70.988388
v -180.104980 -909.573975 -78.862274
v -209.270966 -909.573975 -78.503281
v -255.231781 -909.573975 30.740259
v -238.430252 -909.573975 -77.782875
v -270.280914 -909.573975 34.629570
v -142.959061 -909.573975 -78.854134
v -167.405090 -909.573975 -78.915169
v -167.372299 -909.573975 -71.041275
v -257.243195 -909.573975 38.352699
v -242.953171 -909.573975 33.984581
v -228.218643 -909.573975 45.666508
v -244.964630 -909.573975 41.597229
v -211.392670 -909.573975 49.392475
v -192.377365 -909.573975 53.217728
v -172.156998 -909.573975 56.887775
v -151.001724 -909.573975 60.329510
v -118.514290 -909.573975 -78.595734
v -36.819050 -909.573975 -36.819050
v -33.916862 -909.573975 -39.732021
v -46.920868 -909.573975 -76.847473
v -39.887936 -909.573975 -33.469952
v -84.024277 -909.573975 -77.926834
v -30.794718 -909.573975 -42.407894
v -42.653248 -909.573975 -29.866125
v -27.471930 -909.573975 -44.830116
v -45.093945 -909.573975 -26.035000
v -23.586449 -909.573975 -46.990696
v -47.191448 -909.573975 -22.005733
v -19.532331 -909.573975 -48.815308
v -7.309386 -909.573975 -75.336731
v -48.929794 -909.573975 -17.808989
v -15.338564 -909.573975 -50.290897
v -128.952698 -909.573975 63.518635
v -50.295757 -909.573975 -13.476707
v -11.035129 -909.573975 -51.406925
v -51.278938 -909.573975 -9.041861
v -6.652795 -909.573975 -52.155407
v -51.871857 -909.573975 -4.538199
v -2.222896 -909.573975 -52.530991
v -52.070000 -909.573975 0.000000
v 2.222896 -909.573975 -52.530991
v -51.871857 -909.573975 4.538199
v 6.652795 -909.573975 -52.155407
v 11.035129 -909.573975 -51.406925
v -106.163841 -909.573975 66.416367
v -51.278938 -909.573975 9.041861
v 36.081944 -909.573975 -73.314232
v -50.295757 -909.573975 13.476707
v 15.338564 -909.573975 -50.290897
v 19.532331 -909.573975 -48.815308
v 23.586449 -909.573975 -46.990696
v 27.471930 -909.573975 -44.830116
v -82.767128 -909.573975 68.993271
v -45.093945 -909.573975 26.035000
v -47.191448 -909.573975 22.005733
v -48.929794 -909.573975 17.808989
v -42.653248 -909.573975 29.866125
v 30.794718 -909.573975 -42.407894
v 33.916862 -909.573975 -39.732021
v 36.819050 -909.573975 -36.819050
v -58.762871 -909.573975 71.239090
v -30.794718 -909.573975 42.407894
v -33.916862 -909.573975 39.732021
v -36.819050 -909.573975 36.819050
v -39.887936 -909.573975 33.469952
v 84.713036 -909.573975 -70.665253
v 39.887936 -909.573975 -33.469952
v 42.653248 -909.573975 -29.866125
v 45.093945 -909.573975 -26.035000
v 47.191448 -909.573975 -22.005733
v 48.929794 -909.573975 -17.808989
v 50.295757 -909.573975 -13.476707
v -34.264568 -909.573975 73.133179
v -15.338564 -909.573975 50.290897
v -19.532331 -909.573975 48.815308
v -23.586449 -909.573975 46.990696
v -27.471930 -909.573975 44.830116
v 51.278938 -909.573975 -9.041861
v -9.321327 -909.573975 74.663887
v 2.222896 -909.573975 52.530991
v -2.222896 -909.573975 52.530991
v -6.652795 -909.573975 52.155407
v -11.035129 -909.573975 51.406925
v 142.989975 -909.573975 -67.073227
v 51.871857 -909.573975 -4.538199
v 52.070000 -909.573975 0.000000
v 16.056910 -909.573975 75.823334
v 19.532331 -909.573975 48.815308
v 15.338564 -909.573975 50.290897
v 11.035129 -909.573975 51.406925
v 6.652795 -909.573975 52.155407
v 32.249836 -909.573975 76.358429
v 27.471930 -909.573975 44.830116
v 23.586449 -909.573975 46.990696
v 48.563446 -909.573975 68.863388
v 39.887936 -909.573975 33.469952
v 36.819050 -909.573975 36.819050
v 33.916862 -909.573975 39.732021
v 30.794718 -909.573975 42.407894
v 48.447186 -909.573975 76.736336
v 61.262062 -909.573975 69.050911
v 47.191448 -909.573975 22.005733
v 45.093945 -909.573975 26.035000
v 42.653248 -909.573975 29.866125
v 200.700378 -909.573975 -55.303928
v 201.246216 -909.573975 -63.158997
v 87.298126 -909.573975 77.014351
v 50.295757 -909.573975 13.476707
v 48.929794 -909.573975 17.808989
v 61.145802 -909.573975 76.923912
v 113.448921 -909.573975 76.716774
v 51.871857 -909.573975 4.538199
v 51.278938 -909.573975 9.041861
v 140.365097 -909.573975 76.016304
v 167.598083 -909.573975 74.909615
v 310.681793 -909.573975 -55.431061
v 213.915665 -909.573975 -62.278576
v 213.369812 -909.573975 -54.423523
v 195.104752 -909.573975 73.393875
v 222.926117 -909.573975 71.462273
v 250.943207 -909.573975 69.118401
v 279.337311 -909.573975 66.344017
v 307.959106 -909.573975 63.147511
v 331.008942 -909.573975 60.286186
v 352.909790 -909.573975 49.383892
v 363.935791 -909.573975 -51.735386
v 354.026794 -909.573975 57.178211
v 365.481354 -909.573975 47.582294
v 407.467255 -909.573975 -48.864906
v 467.396637 -909.573975 -21.211720
v 469.556152 -909.573975 -23.580595
v 456.874939 -909.573975 -45.875225
v 471.990417 -909.573975 -25.666138
v 465.544586 -909.573975 -18.595421
v 396.312866 -909.573975 50.831959
v 366.598358 -909.573975 55.376579
v 474.662506 -909.573975 -27.436729
v 464.028107 -909.573975 -15.771357
v 477.531921 -909.573975 -28.865534
v 462.870148 -909.573975 -12.782339
v 480.555176 -909.573975 -29.930889
v 462.088287 -909.573975 -9.673677
v 483.686462 -909.573975 -30.616648
v 461.694366 -909.573975 -6.492497
v 499.784546 -909.573975 -43.603657
v 486.878265 -909.573975 -30.912411
v 461.694366 -909.573975 -3.287021
v 490.082214 -909.573975 -30.813698
v 493.249756 -909.573975 -30.322004
v 496.332855 -909.573975 -29.444784
v 499.284790 -909.573975 -28.195335
v 425.965881 -909.573975 45.901875
v 464.028107 -909.573975 5.991839
v 462.870148 -909.573975 3.002821
v 462.088287 -909.573975 -0.105840
v 502.060822 -909.573975 -26.592596
v 504.618835 -909.573975 -24.660866
v 538.105347 -909.573975 -41.912712
v 506.920105 -909.573975 -22.429424
v 508.929688 -909.573975 -19.932100
v 510.617157 -909.573975 -17.206749
v 456.478394 -909.573975 40.429405
v 477.531921 -909.573975 19.086016
v 474.662506 -909.573975 17.657213
v 471.990417 -909.573975 15.886620
v 469.556152 -909.573975 13.801078
v 467.396637 -909.573975 11.432202
v 465.544586 -909.573975 8.815903
v 511.956909 -909.573975 -14.294685
v 512.928650 -909.573975 -11.240052
v 513.517639 -909.573975 -8.089155
v 487.558075 -909.573975 34.452461
v 496.332855 -909.573975 19.665266
v 493.249756 -909.573975 20.542486
v 490.082214 -909.573975 21.034180
v 486.878265 -909.573975 21.132893
v 483.686462 -909.573975 20.837130
v 480.555176 -909.573975 20.151371
v 519.214539 -909.573975 27.962078
v 511.956909 -909.573975 4.515168
v 510.617157 -909.573975 7.427232
v 508.929688 -909.573975 10.152583
v 506.920105 -909.573975 12.649907
v 504.618835 -909.573975 14.881349
v 502.060822 -909.573975 16.813080
v 499.284790 -909.573975 18.415817
v 551.546936 -909.573975 20.929031
v 513.715027 -909.573975 -4.889759
v 513.517639 -909.573975 -1.690362
v 512.928650 -909.573975 1.460535
v 572.790466 -909.573975 -40.725674
v 584.488220 -909.573975 13.359685
v 604.173035 -909.573975 -39.995975
v 618.600647 -909.573975 5.119219
v 631.116089 -909.573975 -39.684795
v 658.153137 -909.573975 -31.840300
v 658.060852 -909.573975 -39.713902
v 654.043945 -909.573975 -3.846003
v 690.275085 -909.573975 -13.414749
v 719.137939 -909.573975 -21.363615
v 742.911926 -909.573975 -28.270498
v 755.326843 -909.573975 -32.048946
v 767.710999 -909.573975 -35.927383
v 792.104614 -909.573975 -47.338638
v 792.294189 -909.573975 -45.383610
v 792.450012 -909.573975 -43.776642
v 814.636108 -909.573975 -51.803967
v 406.260773 -910.344482 49.221447
v 406.260773 -910.564575 49.221447
v 406.260773 -910.784729 49.221447
v 406.260773 -911.004883 49.221447
v 406.260773 -911.224976 49.221447
v 406.260773 -911.445129 49.221447
v 406.260773 -911.665283 49.221447
v 406.260773 -911.885376 49.221447
v 406.260773 -912.105530 49.221447
v 406.260773 -912.325684 49.221447
v 406.260773 -912.545776 49.221447
v 447.936462 -910.784729 42.001556
v 447.936462 -911.004883 42.001556
v 447.936462 -911.224976 42.001556
v 447.936462 -911.445129 42.001556
v 447.936462 -911.665283 42.001556
v 447.936462 -911.885376 42.001556
v 447.936462 -912.105530 42.001556
v 447.936462 -912.325684 42.001556
v 447.936462 -912.545776 42.001556
v 489.482544 -909.684082 34.069324
v 489.482544 -909.904175 34.069324
v 489.482544 -910.124329 34.069324
v 489.482544 -910.344482 34.069324
v 489.482544 -910.564575 34.069324
v 489.482544 -910.784729 34.069324
v 489.482544 -911.004883 34.069324
v 489.482544 -911.224976 34.069324
v 489.482544 -911.445129 34.069324
v 489.482544 -911.665283 34.069324
v 489.482544 -911.885376 34.069324
v 489.482544 -912.105530 34.069324
v 489.482544 -912.325684 34.069324
v 489.482544 -912.545776 34.069324
v 530.895264 -910.344482 25.467775
v 530.895264 -910.564575 25.467775
v 530.895264 -910.784729 25.467775
v 530.895264 -911.004883 25.467775
v 530.895264 -911.224976 25.467775
v 530.895264 -911.445129 25.467775
v 530.895264 -911.665283 25.467775
v 530.895264 -911.885376 25.467775
v 530.895264 -912.105530 25.467775
v 530.895264 -912.325684 25.467775
v 530.895264 -912.545776 25.467775
v 572.172119 -910.784729 16.235916
v 572.172119 -911.004883 16.235916
v 572.172119 -911.224976 16.235916
v 572.172119 -911.445129 16.235916
v 572.172119 -911.665283 16.235916
v 572.172119 -911.885376 16.235916
v 572.172119 -912.105530 16.235916
v 572.172119 -912.325684 16.235916
v 572.172119 -912.545776 16.235916
v 613.314453 -911.004883 6.421736
v 613.314453 -911.224976 6.421736
v 613.314453 -911.445129 6.421736
v 613.314453 -911.665283 6.421736
v 613.314453 -911.885376 6.421736
v 613.314453 -912.105530 6.421736
v 613.314453 -912.325684 6.421736
v 613.314453 -912.545776 6.421736
v 654.327637 -909.684082 -3.919348
v 654.327637 -909.904175 -3.919348
v 654.327637 -910.124329 -3.919348
v 654.327637 -910.344482 -3.919348
v 654.327637 -910.564575 -3.919348
v 654.327637 -910.784729 -3.919348
v 654.327637 -911.004883 -3.919348
v 654.327637 -911.224976 -3.919348
v 654.327637 -911.445129 -3.919348
v 654.327637 -911.665283 -3.919348
v 654.327637 -911.885376 -3.919348
v 654.327637 -912.105530 -3.919348
v 654.327637 -912.325684 -3.919348
v 654.327637 -912.545776 -3.919348
v 695.214050 -910.124329 -14.750568
v 695.214050 -909.904175 -14.750568
v 695.214050 -910.344482 -14.750568
v 695.214050 -910.564575 -14.750568
v 695.214050 -910.784729 -14.750568
v 695.214050 -911.004883 -14.750568
v 695.214050 -911.224976 -14.750568
v 695.214050 -911.445129 -14.750568
v 695.214050 -911.665283 -14.750568
v 695.214050 -911.885376 -14.750568
v 695.214050 -912.105530 -14.750568
v 695.214050 -912.325684 -14.750568
v 695.214050 -912.545776 -14.750568
v 715.602661 -909.684082 -20.368565
v 715.602661 -909.904175 -20.368565
v 715.602661 -910.124329 -20.368565
v 715.602661 -910.344482 -20.368565
v 715.602661 -910.564575 -20.368565
v 715.602661 -910.784729 -20.368565
v 715.602661 -911.004883 -20.368565
v 715.602661 -911.224976 -20.368565
v 715.602661 -911.445129 -20.368565
v 715.602661 -911.665283 -20.368565
v 715.602661 -911.885376 -20.368565
v 715.602661 -912.105530 -20.368565
v 715.602661 -912.325684 -20.368565
v 715.602661 -912.545776 -20.368565
v 715.602661 -912.765930 -20.368565
v 735.931274 -910.784729 -26.199631
v 735.931274 -911.004883 -26.199631
v 735.931274 -911.224976 -26.199631
v 735.931274 -911.445129 -26.199631
v 735.931274 -911.665283 -26.199631
v 735.931274 -911.885376 -26.199631
v 735.931274 -912.105530 -26.199631
v 735.931274 -912.325684 -26.199631
v 735.931274 -912.545776 -26.199631
v 756.177002 -910.564575 -32.312016
v 756.177002 -910.784729 -32.312016
v 756.177002 -911.004883 -32.312016
v 756.177002 -911.224976 -32.312016
v 756.177002 -911.445129 -32.312016
v 756.177002 -911.665283 -32.312016
v 756.177002 -911.885376 -32.312016
v 756.177002 -912.105530 -32.312016
v 756.177002 -912.325684 -32.312016
v 756.177002 -912.545776 -32.312016
v 776.346008 -910.344482 -38.673470
v 776.346008 -910.564575 -38.673470
v 776.346008 -910.784729 -38.673470
v 776.346008 -911.004883 -38.673470
v 776.346008 -911.224976 -38.673470
v 776.346008 -911.445129 -38.673470
v 776.346008 -911.665283 -38.673470
v 776.346008 -911.885376 -38.673470
v 776.346008 -912.105530 -38.673470
v 776.346008 -912.325684 -38.673470
v 776.346008 -912.545776 -38.673470
v 69.429352 -910.784729 76.995369
v 69.429352 -911.004883 76.995369
v 69.429352 -911.224976 76.995369
v 69.429352 -911.445129 76.995369
v 69.429352 -911.665283 76.995369
v 69.429352 -911.885376 76.995369
v 69.429352 -912.105530 76.995369
v 69.429352 -912.325684 76.995369
v 69.429352 -912.545776 76.995369
v 90.577728 -911.224976 76.998024
v 90.577728 -911.445129 76.998024
v 90.577728 -911.665283 76.998024
v 90.577728 -911.885376 76.998024
v 90.577728 -912.105530 76.998024
v 90.577728 -912.325684 76.998024
v 90.577728 -912.545776 76.998024
v 111.724640 -909.684082 76.748093
v 111.724640 -909.904175 76.748093
v 111.724640 -910.124329 76.748093
v 111.724640 -910.344482 76.748093
v 111.724640 -910.564575 76.748093
v 111.724640 -910.784729 76.748093
v 111.724640 -911.004883 76.748093
v 111.724640 -911.224976 76.748093
v 111.724640 -911.445129 76.748093
v 111.724640 -911.665283 76.748093
v 111.724640 -911.885376 76.748093
v 111.724640 -912.105530 76.748093
v 111.724640 -912.325684 76.748093
v 111.724640 -912.545776 76.748093
v 111.724640 -912.765930 76.748093
v 132.867188 -910.784729 76.251152
v 132.867188 -911.004883 76.251152
v 132.867188 -911.224976 76.251152
v 132.867188 -911.445129 76.251152
v 132.867188 -911.665283 76.251152
v 132.867188 -911.885376 76.251152
v 132.867188 -912.105530 76.251152
v 132.867188 -912.325684 76.251152
v 132.867188 -912.545776 76.251152
v 154.002655 -910.564575 75.511559
v 154.002655 -910.784729 75.511559
v 154.002655 -911.004883 75.511559
v 154.002655 -911.224976 75.511559
v 154.002655 -911.445129 75.511559
v 154.002655 -911.665283 75.511559
v 154.002655 -911.885376 75.511559
v 154.002655 -912.105530 75.511559
v 154.002655 -912.325684 75.511559
v 154.002655 -912.545776 75.511559
v 175.128448 -910.784729 74.534088
v 175.128448 -911.004883 74.534088
v 175.128448 -911.224976 74.534088
v 175.128448 -911.445129 74.534088
v 175.128448 -911.665283 74.534088
v 175.128448 -911.885376 74.534088
v 175.128448 -912.105530 74.534088
v 175.128448 -912.325684 74.534088
v 175.128448 -912.545776 74.534088
v 196.242126 -909.904175 73.322708
v 196.242126 -909.684082 73.322708
v 196.242126 -910.124329 73.322708
v 196.242126 -910.344482 73.322708
v 196.242126 -910.564575 73.322708
v 196.242126 -910.784729 73.322708
v 196.242126 -911.004883 73.322708
v 196.242126 -911.224976 73.322708
v 196.242126 -911.445129 73.322708
v 196.242126 -911.665283 73.322708
v 196.242126 -911.885376 73.322708
v 196.242126 -912.105530 73.322708
v 196.242126 -912.325684 73.322708
v 196.242126 -912.545776 73.322708
v 217.341385 -909.684082 71.881836
v 217.341385 -909.904175 71.881836
v 217.341385 -910.124329 71.881836
v 217.341385 -910.344482 71.881836
v 217.341385 -910.564575 71.881836
v 217.341385 -910.784729 71.881836
v 217.341385 -911.004883 71.881836
v 217.341385 -911.224976 71.881836
v 217.341385 -911.445129 71.881836
v 217.341385 -911.665283 71.881836
v 217.341385 -911.885376 71.881836
v 217.341385 -912.105530 71.881836
v 217.341385 -912.325684 71.881836
v 217.341385 -912.545776 71.881836
v 238.423981 -910.344482 70.214714
v 238.423981 -910.564575 70.214714
v 238.423981 -910.784729 70.214714
v 238.423981 -911.004883 70.214714
v 238.423981 -911.224976 70.214714
v 238.423981 -911.445129 70.214714
v 238.423981 -911.665283 70.214714
v 238.423981 -911.885376 70.214714
v 238.423981 -912.105530 70.214714
v 238.423981 -912.325684 70.214714
v 238.423981 -912.545776 70.214714
v 259.487823 -910.124329 68.325302
v 259.487823 -910.344482 68.325302
v 259.487823 -910.564575 68.325302
v 259.487823 -910.784729 68.325302
v 259.487823 -911.004883 68.325302
v 259.487823 -911.224976 68.325302
v 259.487823 -911.445129 68.325302
v 259.487823 -911.665283 68.325302
v 259.487823 -911.885376 68.325302
v 259.487823 -912.105530 68.325302
v 259.487823 -912.325684 68.325302
v 259.487823 -912.545776 68.325302
v 280.531067 -909.904175 66.218697
v 280.531067 -909.684082 66.218697
v 280.531067 -910.124329 66.218697
v 280.531067 -910.344482 66.218697
v 280.531067 -910.564575 66.218697
v 280.531067 -910.784729 66.218697
v 280.531067 -911.004883 66.218697
v 280.531067 -911.224976 66.218697
v 280.531067 -911.445129 66.218697
v 280.531067 -911.665283 66.218697
v 280.531067 -911.885376 66.218697
v 280.531067 -912.105530 66.218697
v 280.531067 -912.325684 66.218697
v 280.531067 -912.545776 66.218697
v 301.551727 -909.684082 63.897713
v 301.551727 -909.904175 63.897713
v 301.551727 -910.124329 63.897713
v 301.551727 -910.344482 63.897713
v 301.551727 -910.564575 63.897713
v 301.551727 -910.784729 63.897713
v 301.551727 -911.004883 63.897713
v 301.551727 -911.224976 63.897713
v 301.551727 -911.445129 63.897713
v 301.551727 -911.665283 63.897713
v 301.551727 -911.885376 63.897713
v 301.551727 -912.105530 63.897713
v 301.551727 -912.325684 63.897713
v 301.551727 -912.545776 63.897713
v 322.548065 -910.784729 61.365864
v 322.548065 -911.004883 61.365864
v 322.548065 -911.224976 61.365864
v 322.548065 -911.445129 61.365864
v 322.548065 -911.665283 61.365864
v 322.548065 -911.885376 61.365864
v 322.548065 -912.105530 61.365864
v 322.548065 -912.325684 61.365864
v 322.548065 -912.545776 61.365864
v -224.524872 -910.124329 46.514023
v -224.524872 -910.344482 46.514023
v -224.524872 -910.564575 46.514023
v -224.524872 -910.784729 46.514023
v -224.524872 -911.004883 46.514023
v -224.524872 -911.224976 46.514023
v -224.524872 -911.445129 46.514023
v -224.524872 -911.665283 46.514023
v -224.524872 -911.885376 46.514023
v -224.524872 -912.105530 46.514023
v -224.524872 -912.325684 46.514023
v -224.524872 -912.545776 46.514023
v -203.848557 -910.344482 50.956303
v -203.848557 -910.564575 50.956303
v -203.848557 -910.784729 50.956303
v -203.848557 -911.004883 50.956303
v -203.848557 -911.224976 50.956303
v -203.848557 -911.445129 50.956303
v -203.848557 -911.665283 50.956303
v -203.848557 -911.885376 50.956303
v -203.848557 -912.105530 50.956303
v -203.848557 -912.325684 50.956303
v -203.848557 -912.545776 50.956303
v -183.081619 -910.344482 54.953255
v -183.081619 -910.564575 54.953255
v -183.081619 -910.784729 54.953255
v -183.081619 -911.004883 54.953255
v -183.081619 -911.224976 54.953255
v -183.081619 -911.445129 54.953255
v -183.081619 -911.665283 54.953255
v -183.081619 -911.885376 54.953255
v -183.081619 -912.105530 54.953255
v -183.081619 -912.325684 54.953255
v -183.081619 -912.545776 54.953255
v -162.241379 -910.344482 58.549488
v -162.241379 -910.564575 58.549488
v -162.241379 -910.784729 58.549488
v -162.241379 -911.004883 58.549488
v -162.241379 -911.224976 58.549488
v -162.241379 -911.445129 58.549488
v -162.241379 -911.665283 58.549488
v -162.241379 -911.885376 58.549488
v -162.241379 -912.105530 58.549488
v -162.241379 -912.325684 58.549488
v -162.241379 -912.545776 58.549488
v -141.340591 -910.344482 61.775070
v -141.340591 -910.564575 61.775070
v -141.340591 -910.784729 61.775070
v -141.340591 -911.004883 61.775070
v -141.340591 -911.224976 61.775070
v -141.340591 -911.445129 61.775070
v -141.340591 -911.665283 61.775070
v -141.340591 -911.885376 61.775070
v -141.340591 -912.105530 61.775070
v -141.340591 -912.325684 61.775070
v -141.340591 -912.545776 61.775070
v -120.389137 -910.344482 64.653786
v -120.389137 -910.564575 64.653786
v -120.389137 -910.784729 64.653786
v -120.389137 -911.004883 64.653786
v -120.389137 -911.224976 64.653786
v -120.389137 -911.445129 64.653786
v -120.389137 -911.665283 64.653786
v -120.389137 -911.885376 64.653786
v -120.389137 -912.105530 64.653786
v -120.389137 -912.325684 64.653786
v -120.389137 -912.545776 64.653786
v -99.394974 -910.124329 67.202362
v -99.394974 -910.344482 67.202362
v -99.394974 -910.564575 67.202362
v -99.394974 -910.784729 67.202362
v -99.394974 -911.004883 67.202362
v -99.394974 -911.224976 67.202362
v -99.394974 -911.445129 67.202362
v -99.394974 -911.665283 67.202362
v -99.394974 -911.885376 67.202362
v -99.394974 -912.105530 67.202362
v -99.394974 -912.325684 67.202362
v -99.394974 -912.545776 67.202362
v -78.364807 -911.004883 69.434807
v -78.364807 -911.224976 69.434807
v -78.364807 -911.445129 69.434807
v -78.364807 -911.665283 69.434807
v -78.364807 -911.885376 69.434807
v -78.364807 -912.105530 69.434807
v -78.364807 -912.325684 69.434807
v -78.364807 -912.545776 69.434807
v -57.304565 -909.904175 71.362923
v -57.304565 -909.684082 71.362923
v -57.304565 -910.124329 71.362923
v -57.304565 -910.344482 71.362923
v -57.304565 -910.564575 71.362923
v -57.304565 -910.784729 71.362923
v -57.304565 -911.004883 71.362923
v -57.304565 -911.224976 71.362923
v -57.304565 -911.445129 71.362923
v -57.304565 -911.665283 71.362923
v -57.304565 -911.885376 71.362923
v -57.304565 -912.105530 71.362923
v -57.304565 -912.325684 71.362923
v -57.304565 -912.545776 71.362923
v -36.219398 -909.684082 72.996429
v -36.219398 -909.904175 72.996429
v -36.219398 -910.124329 72.996429
v -36.219398 -910.344482 72.996429
v -36.219398 -910.564575 72.996429
v -36.219398 -910.784729 72.996429
v -36.219398 -911.004883 72.996429
v -36.219398 -911.224976 72.996429
v -36.219398 -911.445129 72.996429
v -36.219398 -911.665283 72.996429
v -36.219398 -911.885376 72.996429
v -36.219398 -912.105530 72.996429
v -36.219398 -912.325684 72.996429
v -36.219398 -912.545776 72.996429
v -15.113996 -911.004883 74.343483
v -15.113996 -911.224976 74.343483
v -15.113996 -911.445129 74.343483
v -15.113996 -911.665283 74.343483
v -15.113996 -911.885376 74.343483
v -15.113996 -912.105530 74.343483
v -15.113996 -912.325684 74.343483
v -15.113996 -912.545776 74.343483
v 6.007386 -910.784729 75.411392
v 6.007386 -911.004883 75.411392
v 6.007386 -911.224976 75.411392
v 6.007386 -911.445129 75.411392
v 6.007386 -911.665283 75.411392
v 6.007386 -911.885376 75.411392
v 6.007386 -912.105530 75.411392
v 6.007386 -912.325684 75.411392
v 6.007386 -912.545776 75.411392
v 27.140791 -910.784729 76.206665
v 27.140791 -911.004883 76.206665
v 27.140791 -911.224976 76.206665
v 27.140791 -911.445129 76.206665
v 27.140791 -911.665283 76.206665
v 27.140791 -911.885376 76.206665
v 27.140791 -912.105530 76.206665
v 27.140791 -912.325684 76.206665
v 27.140791 -912.545776 76.206665
v -379.317505 -910.564575 -17.991879
v -379.317505 -910.784729 -17.991879
v -379.317505 -911.004883 -17.991879
v -379.317505 -911.224976 -17.991879
v -379.317505 -911.445129 -17.991879
v -379.317505 -911.665283 -17.991879
v -379.317505 -911.885376 -17.991879
v -379.317505 -912.105530 -17.991879
v -379.317505 -912.325684 -17.991879
v -379.317505 -912.545776 -17.991879
v -371.073975 -910.564575 -11.369711
v -371.073975 -910.784729 -11.369711
v -371.073975 -911.004883 -11.369711
v -371.073975 -911.224976 -11.369711
v -371.073975 -911.445129 -11.369711
v -371.073975 -911.665283 -11.369711
v -371.073975 -911.885376 -11.369711
v -371.073975 -912.105530 -11.369711
v -371.073975 -912.325684 -11.369711
v -371.073975 -912.545776 -11.369711
v -362.411285 -911.004883 -5.305949
v -362.411285 -911.224976 -5.305949
v -362.411285 -911.445129 -5.305949
v -362.411285 -911.665283 -5.305949
v -362.411285 -911.885376 -5.305949
v -362.411285 -912.105530 -5.305949
v -362.411285 -912.325684 -5.305949
v -362.411285 -912.545776 -5.305949
v -353.431458 -910.344482 0.272661
v -353.431458 -910.564575 0.272661
v -353.431458 -910.784729 0.272661
v -353.431458 -911.004883 0.272661
v -353.431458 -911.224976 0.272661
v -353.431458 -911.445129 0.272661
v -353.431458 -911.665283 0.272661
v -353.431458 -911.885376 0.272661
v -353.431458 -912.105530 0.272661
v -353.431458 -912.325684 0.272661
v -353.431458 -912.545776 0.272661
v -344.202240 -910.344482 5.429046
v -344.202240 -910.564575 5.429046
v -344.202240 -910.784729 5.429046
v -344.202240 -911.004883 5.429046
v -344.202240 -911.224976 5.429046
v -344.202240 -911.445129 5.429046
v -344.202240 -911.665283 5.429046
v -344.202240 -911.885376 5.429046
v -344.202240 -912.105530 5.429046
v -344.202240 -912.325684 5.429046
v -344.202240 -912.545776 5.429046
v -334.773071 -910.564575 10.216043
v -334.773071 -910.784729 10.216043
v -334.773071 -911.004883 10.216043
v -334.773071 -911.224976 10.216043
v -334.773071 -911.445129 10.216043
v -334.773071 -911.665283 10.216043
v -334.773071 -911.885376 10.216043
v -334.773071 -912.105530 10.216043
v -334.773071 -912.325684 10.216043
v -334.773071 -912.545776 10.216043
v -325.185059 -910.564575 14.674487
v -325.185059 -910.784729 14.674487
v -325.185059 -911.004883 14.674487
v -325.185059 -911.224976 14.674487
v -325.185059 -911.445129 14.674487
v -325.185059 -911.665283 14.674487
v -325.185059 -911.885376 14.674487
v -325.185059 -912.105530 14.674487
v -325.185059 -912.325684 14.674487
v -325.185059 -912.545776 14.674487
v -315.465759 -910.784729 18.837206
v -315.465759 -911.004883 18.837206
v -315.465759 -911.224976 18.837206
v -315.465759 -911.445129 18.837206
v -315.465759 -911.665283 18.837206
v -315.465759 -911.885376 18.837206
v -315.465759 -912.105530 18.837206
v -315.465759 -912.325684 18.837206
v -315.465759 -912.545776 18.837206
v -305.634979 -910.124329 22.730642
v -305.634979 -910.344482 22.730642
v -305.634979 -910.564575 22.730642
v -305.634979 -910.784729 22.730642
v -305.634979 -911.004883 22.730642
v -305.634979 -911.224976 22.730642
v -305.634979 -911.445129 22.730642
v -305.634979 -911.665283 22.730642
v -305.634979 -911.885376 22.730642
v -305.634979 -912.105530 22.730642
v -305.634979 -912.325684 22.730642
v -305.634979 -912.545776 22.730642
v -295.709198 -909.904175 26.377382
v -295.709198 -909.684082 26.377382
v -295.709198 -910.124329 26.377382
v -295.709198 -910.344482 26.377382
v -295.709198 -910.564575 26.377382
v -295.709198 -910.784729 26.377382
v -295.709198 -911.004883 26.377382
v -295.709198 -911.224976 26.377382
v -295.709198 -911.445129 26.377382
v -295.709198 -911.665283 26.377382
v -295.709198 -911.885376 26.377382
v -295.709198 -912.105530 26.377382
v -295.709198 -912.325684 26.377382
v -295.709198 -912.545776 26.377382
v -285.703552 -909.684082 29.797569
v -285.703552 -909.904175 29.797569
v -285.703552 -910.124329 29.797569
v -285.703552 -910.344482 29.797569
v -285.703552 -910.564575 29.797569
v -285.703552 -910.784729 29.797569
v -285.703552 -911.004883 29.797569
v -285.703552 -911.224976 29.797569
v -285.703552 -911.445129 29.797569
v -285.703552 -911.665283 29.797569
v -285.703552 -911.885376 29.797569
v -285.703552 -912.105530 29.797569
v -285.703552 -912.325684 29.797569
v -285.703552 -912.545776 29.797569
v -265.496429 -910.784729 36.031578
v -265.496429 -911.004883 36.031578
v -265.496429 -911.224976 36.031578
v -265.496429 -911.445129 36.031578
v -265.496429 -911.665283 36.031578
v -265.496429 -911.885376 36.031578
v -265.496429 -912.105530 36.031578
v -265.496429 -912.325684 36.031578
v -265.496429 -912.545776 36.031578
v -184.899124 -909.874207 -78.826485
v -184.899124 -910.074280 -78.826485
v -184.899124 -910.274414 -78.826485
v -184.899124 -910.474548 -78.826485
v -184.899124 -910.674683 -78.826485
v -184.899124 -910.874817 -78.826485
v -184.899124 -911.074890 -78.826485
v -184.899124 -911.275024 -78.826485
v -184.899124 -911.475159 -78.826485
v -184.899124 -911.675293 -78.826485
v -184.899124 -911.875366 -78.826485
v -184.899124 -912.075500 -78.826485
v -184.899124 -912.275635 -78.826485
v -184.899124 -912.475769 -78.826485
v -222.073090 -910.474548 -78.233841
v -222.073090 -910.674683 -78.233841
v -222.073090 -910.874817 -78.233841
v -222.073090 -911.074890 -78.233841
v -222.073090 -911.275024 -78.233841
v -222.073090 -911.475159 -78.233841
v -222.073090 -911.675293 -78.233841
v -222.073090 -911.875366 -78.233841
v -222.073090 -912.075500 -78.233841
v -222.073090 -912.275635 -78.233841
v -222.073090 -912.475769 -78.233841
v -259.231934 -911.074890 -77.022820
v -259.231934 -911.275024 -77.022820
v -259.231934 -911.475159 -77.022820
v -259.231934 -911.675293 -77.022820
v -259.231934 -911.875366 -77.022820
v -259.231934 -912.075500 -77.022820
v -259.231934 -912.275635 -77.022820
v -259.231934 -912.475769 -77.022820
v -277.800537 -910.674683 -76.147118
v -277.800537 -910.874817 -76.147118
v -277.800537 -911.074890 -76.147118
v -277.800537 -911.275024 -76.147118
v -277.800537 -911.475159 -76.147118
v -277.800537 -911.675293 -76.147118
v -277.800537 -911.875366 -76.147118
v -277.800537 -912.075500 -76.147118
v -277.800537 -912.275635 -76.147118
v -277.800537 -912.475769 -76.147118
v -296.358154 -910.274414 -75.056313
v -296.358154 -910.474548 -75.056313
v -296.358154 -910.674683 -75.056313
v -296.358154 -910.874817 -75.056313
v -296.358154 -911.074890 -75.056313
v -296.358154 -911.275024 -75.056313
v -296.358154 -911.475159 -75.056313
v -296.358154 -911.675293 -75.056313
v -296.358154 -911.875366 -75.056313
v -296.358154 -912.075500 -75.056313
v -296.358154 -912.275635 -75.056313
v -296.358154 -912.475769 -75.056313
v -314.897491 -910.074280 -73.700188
v -314.897491 -910.274414 -73.700188
v -314.897491 -910.474548 -73.700188
v -314.897491 -910.674683 -73.700188
v -314.897491 -910.874817 -73.700188
v -314.897491 -911.074890 -73.700188
v -314.897491 -911.275024 -73.700188
v -314.897491 -911.475159 -73.700188
v -314.897491 -911.675293 -73.700188
v -314.897491 -911.875366 -73.700188
v -314.897491 -912.075500 -73.700188
v -314.897491 -912.275635 -73.700188
v -314.897491 -912.475769 -73.700188
v -333.410339 -910.074280 -72.008743
v -333.410339 -910.274414 -72.008743
v -333.410339 -910.474548 -72.008743
v -333.410339 -910.674683 -72.008743
v -333.410339 -910.874817 -72.008743
v -333.410339 -911.074890 -72.008743
v -333.410339 -911.275024 -72.008743
v -333.410339 -911.475159 -72.008743
v -333.410339 -911.675293 -72.008743
v -333.410339 -911.875366 -72.008743
v -333.410339 -912.075500 -72.008743
v -333.410339 -912.275635 -72.008743
v -333.410339 -912.475769 -72.008743
v -351.873138 -910.474548 -69.861076
v -351.873138 -910.674683 -69.861076
v -351.873138 -910.874817 -69.861076
v -351.873138 -911.074890 -69.861076
v -351.873138 -911.275024 -69.861076
v -351.873138 -911.475159 -69.861076
v -351.873138 -911.675293 -69.861076
v -351.873138 -911.875366 -69.861076
v -351.873138 -912.075500 -69.861076
v -351.873138 -912.275635 -69.861076
v -351.873138 -912.475769 -69.861076
v -361.075653 -910.074280 -68.543907
v -361.075653 -910.274414 -68.543907
v -361.075653 -910.474548 -68.543907
v -361.075653 -910.674683 -68.543907
v -361.075653 -910.874817 -68.543907
v -361.075653 -911.074890 -68.543907
v -361.075653 -911.275024 -68.543907
v -361.075653 -911.475159 -68.543907
v -361.075653 -911.675293 -68.543907
v -361.075653 -911.875366 -68.543907
v -361.075653 -912.075500 -68.543907
v -361.075653 -912.275635 -68.543907
v -361.075653 -912.475769 -68.543907
v -370.236298 -909.874207 -66.977264
v -370.236298 -910.074280 -66.977264
v -370.236298 -910.274414 -66.977264
v -370.236298 -910.474548 -66.977264
v -370.236298 -910.674683 -66.977264
v -370.236298 -910.874817 -66.977264
v -370.236298 -911.074890 -66.977264
v -370.236298 -911.275024 -66.977264
v -370.236298 -911.475159 -66.977264
v -370.236298 -911.675293 -66.977264
v -370.236298 -911.875366 -66.977264
v -370.236298 -912.075500 -66.977264
v -370.236298 -912.275635 -66.977264
v -370.236298 -912.475769 -66.977264
v 186.511246 -910.074280 -64.172188
v 186.511246 -910.274414 -64.172188
v 186.511246 -910.474548 -64.172188
v 186.511246 -910.674683 -64.172188
v 186.511246 -910.874817 -64.172188
v 186.511246 -911.074890 -64.172188
v 186.511246 -911.275024 -64.172188
v 186.511246 -911.475159 -64.172188
v 186.511246 -911.675293 -64.172188
v 186.511246 -911.875366 -64.172188
v 186.511246 -912.075500 -64.172188
v 186.511246 -912.275635 -64.172188
v 186.511246 -912.475769 -64.172188
v 112.311058 -910.474548 -69.012932
v 112.311058 -910.674683 -69.012932
v 112.311058 -910.874817 -69.012932
v 112.311058 -911.074890 -69.012932
v 112.311058 -911.275024 -69.012932
v 112.311058 -911.475159 -69.012932
v 112.311058 -911.675293 -69.012932
v 112.311058 -911.875366 -69.012932
v 112.311058 -912.075500 -69.012932
v 112.311058 -912.275635 -69.012932
v 112.311058 -912.475769 -69.012932
v 38.072075 -911.275024 -73.213287
v 38.072075 -911.475159 -73.213287
v 38.072075 -911.675293 -73.213287
v 38.072075 -911.875366 -73.213287
v 38.072075 -912.075500 -73.213287
v 38.072075 -912.275635 -73.213287
v 38.072075 -912.475769 -73.213287
v 0.935121 -911.074890 -74.980164
v 0.935121 -911.275024 -74.980164
v 0.935121 -911.475159 -74.980164
v 0.935121 -911.675293 -74.980164
v 0.935121 -911.875366 -74.980164
v 0.935121 -912.075500 -74.980164
v 0.935121 -912.275635 -74.980164
v 0.935121 -912.475769 -74.980164
v -36.213814 -910.874817 -76.473450
v -36.213814 -911.074890 -76.473450
v -36.213814 -911.275024 -76.473450
v -36.213814 -911.475159 -76.473450
v -36.213814 -911.675293 -76.473450
v -36.213814 -911.875366 -76.473450
v -36.213814 -912.075500 -76.473450
v -36.213814 -912.275635 -76.473450
v -36.213814 -912.475769 -76.473450
v -73.374001 -910.874817 -77.653191
v -73.374001 -911.074890 -77.653191
v -73.374001 -911.275024 -77.653191
v -73.374001 -911.475159 -77.653191
v -73.374001 -911.675293 -77.653191
v -73.374001 -911.875366 -77.653191
v -73.374001 -912.075500 -77.653191
v -73.374001 -912.275635 -77.653191
v -73.374001 -912.475769 -77.653191
v -110.543854 -910.874817 -78.471756
v -110.543854 -911.074890 -78.471756
v -110.543854 -911.275024 -78.471756
v -110.543854 -911.475159 -78.471756
v -110.543854 -911.675293 -78.471756
v -110.543854 -911.875366 -78.471756
v -110.543854 -912.075500 -78.471756
v -110.543854 -912.275635 -78.471756
v -110.543854 -912.475769 -78.471756
v -147.720413 -910.074280 -78.882133
v -147.720413 -910.274414 -78.882133
v -147.720413 -910.474548 -78.882133
v -147.720413 -910.674683 -78.882133
v -147.720413 -910.874817 -78.882133
v -147.720413 -911.074890 -78.882133
v -147.720413 -911.275024 -78.882133
v -147.720413 -911.475159 -78.882133
v -147.720413 -911.675293 -78.882133
v -147.720413 -911.875366 -78.882133
v -147.720413 -912.075500 -78.882133
v -147.720413 -912.275635 -78.882133
v -147.720413 -912.475769 -78.882133
v 631.910461 -910.474548 -39.680527
v 631.910461 -910.674683 -39.680527
v 631.910461 -910.874817 -39.680527
v 631.910461 -911.074890 -39.680527
v 631.910461 -911.275024 -39.680527
v 631.910461 -911.475159 -39.680527
v 631.910461 -911.675293 -39.680527
v 631.910461 -911.875366 -39.680527
v 631.910461 -912.075500 -39.680527
v 631.910461 -912.275635 -39.680527
v 631.910461 -912.475769 -39.680527
v 594.735107 -910.074280 -40.176750
v 594.735107 -910.274414 -40.176750
v 594.735107 -910.474548 -40.176750
v 594.735107 -910.674683 -40.176750
v 594.735107 -910.874817 -40.176750
v 594.735107 -911.074890 -40.176750
v 594.735107 -911.275024 -40.176750
v 594.735107 -911.475159 -40.176750
v 594.735107 -911.675293 -40.176750
v 594.735107 -911.875366 -40.176750
v 594.735107 -912.075500 -40.176750
v 594.735107 -912.275635 -40.176750
v 594.735107 -912.475769 -40.176750
v 557.570496 -910.674683 -41.201935
v 557.570496 -910.874817 -41.201935
v 557.570496 -911.074890 -41.201935
v 557.570496 -911.275024 -41.201935
v 557.570496 -911.475159 -41.201935
v 557.570496 -911.675293 -41.201935
v 557.570496 -911.875366 -41.201935
v 557.570496 -912.075500 -41.201935
v 557.570496 -912.275635 -41.201935
v 557.570496 -912.475769 -41.201935
v 520.419739 -910.474548 -42.648361
v 520.419739 -910.674683 -42.648361
v 520.419739 -910.874817 -42.648361
v 520.419739 -911.074890 -42.648361
v 520.419739 -911.275024 -42.648361
v 520.419739 -911.475159 -42.648361
v 520.419739 -911.675293 -42.648361
v 520.419739 -911.875366 -42.648361
v 520.419739 -912.075500 -42.648361
v 520.419739 -912.275635 -42.648361
v 520.419739 -912.475769 -42.648361
v 483.283752 -910.674683 -44.434837
v 483.283752 -910.874817 -44.434837
v 483.283752 -911.074890 -44.434837
v 483.283752 -911.275024 -44.434837
v 483.283752 -911.475159 -44.434837
v 483.283752 -911.675293 -44.434837
v 483.283752 -911.875366 -44.434837
v 483.283752 -912.075500 -44.434837
v 483.283752 -912.275635 -44.434837
v 483.283752 -912.475769 -44.434837
v 446.161835 -910.074280 -46.493622
v 446.161835 -910.274414 -46.493622
v 446.161835 -910.474548 -46.493622
v 446.161835 -910.674683 -46.493622
v 446.161835 -910.874817 -46.493622
v 446.161835 -911.074890 -46.493622
v 446.161835 -911.275024 -46.493622
v 446.161835 -911.475159 -46.493622
v 446.161835 -911.675293 -46.493622
v 446.161835 -911.875366 -46.493622
v 446.161835 -912.075500 -46.493622
v 446.161835 -912.275635 -46.493622
v 446.161835 -912.475769 -46.493622
v 371.952728 -911.074890 -51.193928
v 371.952728 -911.275024 -51.193928
v 371.952728 -911.475159 -51.193928
v 371.952728 -911.675293 -51.193928
v 371.952728 -911.875366 -51.193928
v 371.952728 -912.075500 -51.193928
v 371.952728 -912.275635 -51.193928
v 371.952728 -912.475769 -51.193928
v 297.773254 -911.275024 -56.344139
v 297.773254 -911.074890 -56.344139
v 297.773254 -911.475159 -56.344139
v 297.773254 -911.675293 -56.344139
v 297.773254 -911.875366 -56.344139
v 297.773254 -912.075500 -56.344139
v 297.773254 -912.275635 -56.344139
v 297.773254 -912.475769 -56.344139
v 223.601242 -909.674072 -61.600765
v 223.601242 -909.874207 -61.600765
v 223.601242 -910.074280 -61.600765
v 223.601242 -910.274414 -61.600765
v 223.601242 -910.474548 -61.600765
v 223.601242 -910.674683 -61.600765
v 223.601242 -910.874817 -61.600765
v 223.601242 -911.074890 -61.600765
v 223.601242 -911.275024 -61.600765
v 223.601242 -911.475159 -61.600765
v 223.601242 -911.675293 -61.600765
v 223.601242 -911.875366 -61.600765
v 223.601242 -912.075500 -61.600765
v 223.601242 -912.275635 -61.600765
v 223.601242 -912.475769 -61.600765
v 223.601242 -912.775940 -61.600765
vn -0.021903 0.000000 -0.999760
vn -0.021903 0.000000 -0.999760
vn -0.142713 -0.075025 -0.986917
vn -0.146282 0.000000 -0.989243
vn -0.134331 -0.000000 -0.990937
vn -0.146282 0.000000 -0.989243
vn -0.134331 -0.000000 -0.990937
vn -0.134331 -0.000000 -0.990937
vn -0.146282 0.000000 -0.989243
vn -0.146282 0.000000 -0.989243
vn -0.134331 -0.000000 -0.990937
vn -0.134331 -0.000000 -0.990937
vn -0.146282 0.000000 -0.989243
vn -0.146282 0.000000 -0.989243
vn -0.134331 -0.000000 -0.990937
vn -0.134331 -0.000000 -0.990937
vn -0.146282 0.000000 -0.989243
vn -0.134331 -0.000000 -0.990937
vn -0.146282 0.000000 -0.989243
vn -0.134331 -0.000000 -0.990937
vn -0.146282 0.000000 -0.989243
vn -0.134331 -0.000000 -0.990937
vn -0.146282 0.000000 -0.989243
vn -0.134331 -0.000000 -0.990937
vn -0.146282 0.000000 -0.989243
vn -0.134331 -0.000000 -0.990937
vn -0.146282 0.000000 -0.989243
vn -0.142488 0.093641 -0.985357
vn -0.134331 -0.000000 -0.990937
vn -0.146282 0.000000 -0.989243
vn -0.119164 -0.007120 -0.992849
vn -0.119216 0.000000 -0.992868
vn -0.107654 -0.000000 -0.994188
vn -0.119216 0.000000 -0.992868
vn -0.107654 -0.000000 -0.994188
vn -0.107654 -0.000000 -0.994188
vn -0.119216 0.000000 -0.992868
vn -0.107654 -0.000000 -0.994188
vn -0.119216 0.000000 -0.992868
vn -0.096120 0.000648 -0.995370
vn -0.107654 -0.000000 -0.994188
vn -0.119216 0.000000 -0.992868
vn -0.096164 -0.000000 -0.995366
vn -0.119216 0.000000 -0.992868
vn -0.119216 0.000000 -0.992868
vn -0.096164 -0.000000 -0.995366
vn -0.119216 0.000000 -0.992868
vn -0.096164 -0.000000 -0.995365
vn -0.119216 0.000000 -0.992868
vn -0.096164 -0.000000 -0.995366
vn -0.096164 -0.000000 -0.995366
vn -0.119216 0.000000 -0.992868
vn -0.119216 0.000000 -0.992868
vn -0.096164 -0.000000 -0.995366
vn -0.096120 -0.000713 -0.995370
vn -0.119216 0.000000 -0.992868
vn -0.096164 -0.000000 -0.995366
vn -0.119216 0.000000 -0.992868
vn -0.107654 -0.000000 -0.994188
vn -0.119216 0.000000 -0.992868
vn -0.107654 -0.000000 -0.994188
vn -0.107654 -0.000000 -0.994188
vn -0.119216 0.000000 -0.992868
vn -0.119164 0.007125 -0.992849
vn -0.107654 -0.000000 -0.994188
vn -0.119216 0.000000 -0.992868
vn -0.074660 -0.074386 -0.994431
vn -0.083970 0.000000 -0.996468
vn -0.073430 -0.000000 -0.997300
vn -0.083970 0.000000 -0.996468
vn -0.073430 -0.000000 -0.997300
vn -0.083970 0.000000 -0.996468
vn -0.073430 -0.000000 -0.997300
vn -0.083970 0.000000 -0.996468
vn -0.073430 -0.000000 -0.997300
vn -0.083970 0.000000 -0.996468
vn -0.073430 -0.000000 -0.997300
vn -0.083970 0.000000 -0.996468
vn -0.073430 -0.000000 -0.997300
vn -0.083970 0.000000 -0.996468
vn -0.083970 0.000000 -0.996468
vn -0.073430 -0.000000 -0.997300
vn -0.073430 -0.000000 -0.997300
vn -0.083970 0.000000 -0.996468
vn -0.073430 -0.000000 -0.997300
vn -0.073430 -0.000000 -0.997300
vn -0.083970 0.000000 -0.996468
vn -0.073430 -0.000000 -0.997300
vn -0.083970 0.000000 -0.996468
vn -0.073430 -0.000000 -0.997300
vn -0.083970 0.000000 -0.996468
vn -0.073430 -0.000000 -0.997300
vn -0.083970 0.000000 -0.996468
vn -0.074751 0.055871 -0.995636
vn -0.073430 -0.000000 -0.997300
vn -0.083970 0.000000 -0.996468
vn -0.054549 -0.084317 -0.994945
vn -0.063041 0.000000 -0.998011
vn -0.053170 -0.000000 -0.998586
vn -0.063041 0.000000 -0.998011
vn -0.053170 -0.000000 -0.998585
vn -0.063041 0.000000 -0.998011
vn -0.053170 -0.000000 -0.998585
vn -0.063041 0.000000 -0.998011
vn -0.053170 -0.000000 -0.998585
vn -0.063041 0.000000 -0.998011
vn -0.053170 -0.000000 -0.998585
vn -0.063041 0.000000 -0.998011
vn -0.053170 -0.000000 -0.998586
vn -0.063041 0.000000 -0.998011
vn -0.053170 -0.000000 -0.998585
vn -0.063041 0.000000 -0.998011
vn -0.053170 -0.000000 -0.998585
vn -0.053170 -0.000000 -0.998585
vn -0.063041 0.000000 -0.998011
vn -0.053170 -0.000000 -0.998585
vn -0.063041 0.000000 -0.998011
vn -0.053170 -0.000000 -0.998586
vn -0.063041 0.000000 -0.998011
vn -0.053170 -0.000000 -0.998585
vn -0.063041 0.000000 -0.998011
vn -0.053170 -0.000000 -0.998585
vn -0.063041 0.000000 -0.998011
vn -0.054634 0.063353 -0.996495
vn -0.053170 -0.000000 -0.998585
vn -0.063041 0.000000 -0.998011
vn -0.036721 -0.060136 -0.997515
vn -0.044102 0.000000 -0.999027
vn -0.035693 -0.000000 -0.999363
vn -0.035693 -0.000000 -0.999363
vn -0.044102 0.000000 -0.999027
vn -0.035693 -0.000000 -0.999363
vn -0.044102 0.000000 -0.999027
vn -0.035693 -0.000000 -0.999363
vn -0.044102 0.000000 -0.999027
vn -0.035693 -0.000000 -0.999363
vn -0.044102 0.000000 -0.999027
vn -0.035693 -0.000000 -0.999363
vn -0.044102 0.000000 -0.999027
vn -0.035693 -0.000000 -0.999363
vn -0.044102 0.000000 -0.999027
vn -0.044102 0.000000 -0.999027
vn -0.035693 -0.000000 -0.999363
vn -0.035693 -0.000000 -0.999363
vn -0.044102 0.000000 -0.999027
vn -0.035693 -0.000000 -0.999363
vn -0.044102 0.000000 -0.999027
vn -0.035693 -0.000000 -0.999363
vn -0.044102 0.000000 -0.999027
vn -0.035693 -0.000000 -0.999363
vn -0.044102 0.000000 -0.999027
vn -0.035693 -0.000000 -0.999363
vn -0.044102 0.000000 -0.999027
vn -0.036750 0.045149 -0.998304
vn -0.035693 -0.000000 -0.999363
vn -0.044102 0.000000 -0.999027
vn 0.000000 -1.000000 0.000000
vn 0.000000 -1.000000 0.000000
vn 0.000000 -1.000000 0.000000
vn 0.000000 -1.000000 0.000000
vn 0.000000 -1.000000 0.000000
vn 0.000000 -1.000000 0.000000
vn 0.000000 -1.000000 0.000000
vn 0.000000 -1.000000 0.000000
vn 0.000000 -1.000000 0.000000
vn 0.000000 -1.000000 0.000000
vn 0.000000 -1.000000 0.000000
vn 0.000000 -1.000000 0.000000
vn 0.000000 -1.000000 0.000000
vn 0.000000 -1.000000 0.000000
vn 0.000000 -1.000000 0.000000
vn 0.000000 -1.000000 0.000000
vn 0.000000 -1.000000 0.000000
vn 0.000000 -1.000000 0.000000
vn 0.000000 -1.000000 0.000000
vn 0.000000 -1.000000 0.000000
vn 0.000000 -1.000000 0.000000
vn 0.000000 -1.000000 0.000000
vn 0.000000 -1.000000 0.000000
vn 0.000000 -1.000000 0.000000
vn 0.000000 -1.000000 0.000000
vn 0.000000 -1.000000 0.000000
vn 0.000000 -1.000000 0.000000
vn 0.000000 -1.000000 0.000000
vn 0.000000 -1.000000 0.000000
vn 0.000000 -1.000000 0.000000
vn 0.000000 -1.000000 0.000000
vn 0.000000 -1.000000 0.000000
vn 0.000000 -1.000000 0.000000
vn 0.000000 -1.000000 0.000000
vn 0.000000 -1.000000 0.000000
vn 0.000000 -1.000000 0.000000
vn 0.000000 -1.000000 0.000000
vn 0.000000 -1.000000 0.000000
vn 0.000000 -1.000000 0.000000
vn 0.000000 -1.000000 0.000000
vn 0.000000 -1.000000 0.000000
vn -0.000000 -1.000000 0.000000
vn 0.000000 -1.000000 0.000000
vn 0.000000 -1.000000 0.000000
vn 0.000000 -1.000000 0.000000
vn 0.000000 -1.000000 0.000000
vn 0.000000 -1.000000 0.000000
vn 0.000000 -1.000000 0.000000
vn -0.000000 -1.000000 0.000000
vn 0.000000 -1.000000 0.000000
vn 0.000000 -1.000000 0.000000
vn -0.000000 -1.000000 0.000000
vn -0.000000 -1.000000 0.000000
vn -0.000000 -1.000000 0.000000
vn 0.000000 -1.000000 0.000000
vn -0.000000 -1.000000 0.000000
vn 0.000000 -1.000000 0.000000
vn -0.000000 -1.000000 0.000000
vn 0.000000 -1.000000 0.000000
vn -0.000000 -1.000000 0.000000
vn -0.000000 -1.000000 0.000000
vn 0.000000 -1.000000 0.000000
vn -0.000000 -1.000000 0.000000
vn 0.000000 -1.000000 0.000000
vn 0.000000 -1.000000 0.000000
vn -0.000000 -1.000000 0.000000
vn -0.000000 -1.000000 0.000000
vn 0.000000 -1.000000 0.000000
vn -0.000000 -1.000000 0.000000
vn 0.000000 -1.000000 0.000000
vn -0.000000 -1.000000 0.000000
vn 0.000000 -1.000000 0.000000
vn 0.000000 -1.000000 0.000000
vn 0.000000 -1.000000 0.000000
vn 0.000000 -1.000000 0.000000
vn 0.000000 -1.000000 0.000000
vn 0.000000 -1.000000 0.000000
vn 0.000000 -1.000000 0.000000
vn 0.000000 -1.000000 0.000000
vn -0.000000 -1.000000 0.000000
vn 0.000000 -1.000000 0.000000
vn 0.000000 -1.000000 0.000000
vn 0.000000 -1.000000 0.000000
vn 0.000000 -1.000000 0.000000
vn 0.000000 -1.000000 0.000000
vn 0.000000 -1.000000 0.000000
vn 0.000000 -1.000000 0.000000
vn -0.000000 -1.000000 0.000000
vn -0.000000 -1.000000 0.000000
vn -0.000000 -1.000000 0.000000
vn 0.000000 -1.000000 0.000000
vn 0.000000 -1.000000 0.000000
vn 0.000000 -1.000000 0.000000
vn 0.000000 -1.000000 0.000000
vn -0.000000 -1.000000 0.000000
vn -0.000000 -1.000000 0.000000
vn -0.000000 -1.000000 0.000000
vn -0.000000 -1.000000 0.000000
vn 0.000000 -1.000000 0.000000
vn 0.000000 -1.000000 0.000000
vn 0.000000 -1.000000 0.000000
vn 0.000000 -1.000000 0.000000
vn 0.000000 -1.000000 0.000000
vn 0.000000 -1.000000 0.000000
vn 0.000000 -1.000000 0.000000
vn 0.000000 -1.000000 0.000000
vn -0.000000 -1.000000 0.000000
vn -0.000000 -1.000000 0.000000
vn -0.000000 -1.000000 0.000000
vn -0.000000 -1.000000 0.000000
vn 0.000000 -1.000000 0.000000
vn 0.000000 -1.000000 0.000000
vn 0.000000 -1.000000 0.000000
vn -0.000000 -1.000000 0.000000
vn -0.000000 -1.000000 0.000000
vn -0.000000 -1.000000 0.000000
vn 0.000000 -1.000000 0.000000
vn 0.000000 -1.000000 0.000000
vn 0.000000 -1.000000 0.000000
vn 0.000000 -1.000000 0.000000
vn 0.000000 -1.000000 0.000000
vn 0.000000 -1.000000 0.000000
vn 0.000000 -1.000000 0.000000
vn 0.000000 -1.000000 0.000000
vn 0.000000 -1.000000 0.000000
vn 0.000000 -1.000000 0.000000
vn 0.000000 -1.000000 0.000000
vn 0.000000 -1.000000 0.000000
vn 0.000000 -1.000000 0.000000
vn 0.000000 -1.000000 0.000000
vn 0.000000 -1.000000 0.000000
vn 0.000000 -1.000000 0.000000
vn 0.000000 -1.000000 0.000000
vn 0.000000 -1.000000 0.000000
vn 0.000000 -1.000000 0.000000
vn 0.000000 -1.000000 0.000000
vn 0.000000 -1.000000 0.000000
vn 0.000000 -1.000000 0.000000
vn -0.000000 -1.000000 0.000000
vn 0.000000 -1.000000 0.000000
vn 0.000000 -1.000000 0.000000
vn 0.000000 -1.000000 0.000000
vn 0.000000 -1.000000 0.000000
vn 0.000000 -1.000000 0.000000
vn 0.000000 -1.000000 0.000000
vn 0.000000 -1.000000 0.000000
vn 0.000000 -1.000000 0.000000
vn 0.000000 -1.000000 0.000000
vn 0.000000 -1.000000 0.000000
vn -0.000000 -1.000000 0.000000
vn 0.000000 -1.000000 0.000000
vn 0.000000 -1.000000 0.000000
vn 0.000000 -1.000000 0.000000
vn -0.000000 -1.000000 0.000000
vn 0.000000 -1.000000 0.000000
vn 0.000000 -1.000000 0.000000
vn 0.000000 -1.000000 0.000000
vn 0.000000 -1.000000 0.000000
vn 0.000000 -1.000000 0.000000
vn 0.000000 -1.000000 0.000000
vn 0.000000 -1.000000 0.000000
vn -0.000000 -1.000000 0.000000
vn 0.000000 -1.000000 0.000000
vn 0.000000 -1.000000 0.000000
vn -0.000000 -1.000000 0.000000
vn -0.000000 -1.000000 0.000000
vn 0.000000 -1.000000 0.000000
vn -0.000000 -1.000000 0.000000
vn 0.000000 -1.000000 0.000000
vn 0.000000 -1.000000 0.000000
vn 0.000000 -1.000000 0.000000
vn -0.000000 -1.000000 0.000000
vn 0.000000 -1.000000 0.000000
vn -0.000000 -1.000000 0.000000
vn -0.000000 -1.000000 0.000000
vn 0.000000 -1.000000 0.000000
vn -0.000000 -1.000000 0.000000
vn 0.000000 -1.000000 0.000000
vn -0.000000 -1.000000 0.000000
vn 0.000000 -1.000000 0.000000
vn 0.000000 -1.000000 0.000000
vn -0.000000 -1.000000 0.000000
vn 0.000000 -1.000000 0.000000
vn 0.000000 -1.000000 0.000000
vn 0.000000 -1.000000 0.000000
vn 0.000000 -1.000000 0.000000
vn -0.000000 -1.000000 0.000000
vn -0.000000 -1.000000 0.000000
vn -0.000000 -1.000000 0.000000
vn -0.000000 -1.000000 0.000000
vn 0.000000 -1.000000 0.000000
vn 0.000000 -1.000000 0.000000
vn 0.000000 -1.000000 0.000000
vn 0.000000 -1.000000 0.000000
vn 0.000000 -1.000000 0.000000
vn 0.000000 -1.000000 0.000000
vn 0.000000 -1.000000 0.000000
vn -0.000000 -1.000000 0.000000
vn -0.000000 -1.000000 0.000000
vn -0.000000 -1.000000 0.000000
vn -0.000000 -1.000000 0.000000
vn -0.000000 -1.000000 0.000000
vn -0.000000 -1.000000 0.000000
vn 0.000000 -1.000000 0.000000
vn 0.000000 -1.000000 0.000000
vn 0.000000 -1.000000 0.000000
vn 0.000000 -1.000000 0.000000
vn 0.000000 -1.000000 0.000000
vn 0.000000 -1.000000 0.000000
vn 0.000000 -1.000000 0.000000
vn -0.000000 -1.000000 0.000000
vn -0.000000 -1.000000 0.000000
vn -0.000000 -1.000000 0.000000
vn 0.000000 -1.000000 0.000000
vn 0.000000 -1.000000 0.000000
vn 0.000000 -1.000000 0.000000
vn 0.000000 -1.000000 0.000000
vn 0.000000 -1.000000 0.000000
vn 0.000000 -1.000000 0.000000
vn 0.000000 -1.000000 0.000000
vn 0.000000 -1.000000 0.000000
vn 0.000000 -1.000000 0.000000
vn 0.000000 -1.000000 0.000000
vn 0.000000 -1.000000 0.000000
vn 0.000000 -1.000000 0.000000
vn 0.000000 -1.000000 0.000000
vn 0.000000 -1.000000 0.000000
vn 0.000000 -1.000000 0.000000
vn -0.000000 -1.000000 0.000000
vn 0.000000 -1.000000 0.000000
vn -0.000000 -1.000000 0.000000
vn 0.000000 -1.000000 0.000000
vn -0.000000 -1.000000 0.000000
vn 0.000000 -1.000000 0.000000
vn 0.000000 -1.000000 0.000000
vn 0.000000 -1.000000 0.000000
vn -0.000000 -1.000000 0.000000
vn 0.000000 -1.000000 0.000000
vn 0.000000 -1.000000 0.000000
vn 0.000000 -1.000000 0.000000
vn 0.000000 -1.000000 0.000000
vn 0.000000 -1.000000 0.000000
vn 0.000000 -1.000000 0.000000
vn 0.000000 -1.000000 0.000000
vn 0.000000 -1.000000 0.000000
vn 0.000000 -1.000000 0.000000
vn 0.000000 -1.000000 0.000000
vn 0.000000 -1.000000 0.000000
vn 0.000000 -1.000000 0.000000
vn 0.000000 -1.000000 0.000000
vn 0.000000 -1.000000 0.000000
vn 0.000000 -1.000000 0.000000
vn -0.000000 -1.000000 0.000000
vn 0.000000 -1.000000 0.000000
vn -0.999931 0.000000 0.011728
vn -0.999931 0.000000 0.011728
vn 0.000000 1.000000 0.000000
vn 0.000000 1.000000 0.000000
vn 0.000000 1.000000 0.000000
vn 0.000000 1.000000 0.000000
vn 0.000000 1.000000 0.000000
vn 0.000000 1.000000 0.000000
vn 0.000000 1.000000 0.000000
vn 0.000000 1.000000 0.000000
vn 0.000000 1.000000 0.000000
vn 0.000000 1.000000 0.000000
vn 0.000000 1.000000 0.000000
vn 0.000000 1.000000 0.000000
vn 0.000000 1.000000 0.000000
vn 0.000000 1.000000 0.000000
vn 0.000000 1.000000 0.000000
vn 0.000000 1.000000 0.000000
vn 0.000000 1.000000 0.000000
vn 0.000000 1.000000 0.000000
vn 0.000000 1.000000 0.000000
vn 0.000000 1.000000 0.000000
vn 0.000000 1.000000 0.000000
vn 0.000000 1.000000 0.000000
vn 0.000000 1.000000 0.000000
vn 0.000000 1.000000 0.000000
vn 0.000000 1.000000 0.000000
vn 0.000000 1.000000 0.000000
vn 0.000000 1.000000 0.000000
vn 0.000000 1.000000 0.000000
vn 0.000000 1.000000 0.000000
vn 0.000000 1.000000 0.000000
vn 0.000000 1.000000 0.000000
vn 0.000000 1.000000 0.000000
vn 0.000000 1.000000 0.000000
vn 0.000000 1.000000 0.000000
vn 0.000000 1.000000 0.000000
vn 0.000000 1.000000 0.000000
vn 0.000000 1.000000 0.000000
vn 0.000000 1.000000 0.000000
vn 0.000000 1.000000 0.000000
vn 0.000000 1.000000 0.000000
vn 0.000000 1.000000 0.000000
vn 0.000000 1.000000 0.000000
vn 0.000000 1.000000 0.000000
vn 0.000000 1.000000 0.000000
vn 0.000000 1.000000 0.000000
vn 0.000000 1.000000 0.000000
vn 0.000000 1.000000 0.000000
vn 0.000000 1.000000 0.000000
vn 0.000000 1.000000 0.000000
vn 0.000000 1.000000 0.000000
vn 0.000000 1.000000 0.000000
vn 0.000000 1.000000 0.000000
vn 0.000000 1.000000 0.000000
vn 0.000000 1.000000 0.000000
vn 0.000000 1.000000 0.000000
vn 0.000000 1.000000 0.000000
vn 0.000000 1.000000 0.000000
vn 0.000000 1.000000 0.000000
vn 0.000000 1.000000 0.000000
vn 0.000000 1.000000 0.000000
vn 0.000000 1.000000 0.000000
vn 0.000000 1.000000 0.000000
vn 0.000000 1.000000 0.000000
vn 0.000000 1.000000 0.000000
vn 0.000000 1.000000 0.000000
vn 0.000000 1.000000 0.000000
vn 0.000000 1.000000 0.000000
vn 0.000000 1.000000 0.000000
vn 0.000000 1.000000 0.000000
vn 0.000000 1.000000 0.000000
vn 0.000000 1.000000 0.000000
vn 0.000000 1.000000 0.000000
vn 0.000000 1.000000 0.000000
vn 0.000000 1.000000 0.000000
vn 0.000000 1.000000 0.000000
vn 0.000000 1.000000 0.000000
vn 0.000000 1.000000 0.000000
vn 0.000000 1.000000 0.000000
vn 0.000000 1.000000 0.000000
vn 0.000000 1.000000 0.000000
vn 0.000000 1.000000 0.000000
vn 0.000000 1.000000 0.000000
vn 0.000000 1.000000 0.000000
vn 0.000000 1.000000 0.000000
vn 0.000000 1.000000 0.000000
vn 0.000000 1.000000 0.000000
vn 0.000000 1.000000 0.000000
vn 0.000000 1.000000 0.000000
vn 0.000000 1.000000 0.000000
vn 0.000000 1.000000 0.000000
vn 0.000000 1.000000 0.000000
vn 0.000000 1.000000 0.000000
vn 0.000000 1.000000 0.000000
vn 0.000000 1.000000 0.000000
vn 0.000000 1.000000 0.000000
vn 0.000000 1.000000 0.000000
vn 0.000000 1.000000 0.000000
vn 0.000000 1.000000 0.000000
vn 0.000000 1.000000 0.000000
vn 0.000000 1.000000 0.000000
vn 0.000000 1.000000 0.000000
vn 0.000000 1.000000 0.000000
vn 0.000000 1.000000 0.000000
vn 0.000000 1.000000 0.000000
vn 0.000000 1.000000 0.000000
vn 0.000000 1.000000 0.000000
vn 0.000000 1.000000 0.000000
vn 0.000000 1.000000 0.000000
vn 0.000000 1.000000 0.000000
vn 0.000000 1.000000 0.000000
vn 0.000000 1.000000 0.000000
vn 0.000000 1.000000 0.000000
vn 0.000000 1.000000 0.000000
vn 0.000000 1.000000 0.000000
vn 0.000000 1.000000 0.000000
vn 0.000000 1.000000 0.000000
vn 0.000000 1.000000 0.000000
vn 0.000000 1.000000 0.000000
vn 0.000000 1.000000 0.000000
vn 0.000000 1.000000 0.000000
vn 0.000000 1.000000 0.000000
vn 0.000000 1.000000 0.000000
vn 0.000000 1.000000 0.000000
vn 0.000000 1.000000 0.000000
vn 0.000000 1.000000 0.000000
vn 0.000000 1.000000 0.000000
vn 0.000000 1.000000 0.000000
vn 0.000000 1.000000 0.000000
vn 0.000000 1.000000 0.000000
vn 0.000000 1.000000 0.000000
vn 0.000000 1.000000 0.000000
vn 0.000000 1.000000 0.000000
vn 0.000000 1.000000 0.000000
vn 0.000000 1.000000 0.000000
vn 0.000000 1.000000 0.000000
vn 0.000000 1.000000 0.000000
vn 0.000000 1.000000 0.000000
vn 0.000000 1.000000 0.000000
vn 0.000000 1.000000 0.000000
vn 0.000000 1.000000 0.000000
vn 0.000000 1.000000 0.000000
vn 0.000000 1.000000 0.000000
vn 0.000000 1.000000 0.000000
vn 0.000000 1.000000 0.000000
vn 0.000000 1.000000 0.000000
vn 0.000000 1.000000 0.000000
vn 0.000000 1.000000 0.000000
vn 0.000000 1.000000 0.000000
vn 0.000000 1.000000 0.000000
vn 0.000000 1.000000 0.000000
vn 0.000000 1.000000 0.000000
vn 0.000000 1.000000 0.000000
vn 0.000000 1.000000 0.000000
vn 0.000000 1.000000 0.000000
vn 0.000000 1.000000 0.000000
vn 0.000000 1.000000 0.000000
vn 0.000000 1.000000 0.000000
vn 0.000000 1.000000 0.000000
vn 0.000000 1.000000 0.000000
vn 0.000000 1.000000 0.000000
vn 0.000000 1.000000 0.000000
vn 0.000000 1.000000 0.000000
vn 0.000000 1.000000 0.000000
vn 0.000000 1.000000 0.000000
vn 0.000000 1.000000 0.000000
vn 0.000000 1.000000 0.000000
vn 0.000000 1.000000 0.000000
vn 0.000000 1.000000 0.000000
vn 0.000000 1.000000 0.000000
vn 0.000000 1.000000 0.000000
vn 0.000000 1.000000 0.000000
vn 0.000000 1.000000 0.000000
vn 0.000000 1.000000 0.000000
vn 0.000000 1.000000 0.000000
vn 0.000000 1.000000 0.000000
vn 0.000000 1.000000 0.000000
vn 0.000000 1.000000 0.000000
vn 0.000000 1.000000 0.000000
vn 0.000000 1.000000 0.000000
vn 0.000000 1.000000 0.000000
vn 0.000000 1.000000 0.000000
vn 0.000000 1.000000 0.000000
vn 0.000000 1.000000 0.000000
vn 0.000000 1.000000 0.000000
vn 0.000000 1.000000 0.000000
vn 0.000000 1.000000 0.000000
vn 0.000000 1.000000 0.000000
vn 0.000000 1.000000 0.000000
vn 0.000000 1.000000 0.000000
vn 0.000000 1.000000 0.000000
vn 0.000000 1.000000 0.000000
vn 0.000000 1.000000 0.000000
vn 0.000000 1.000000 0.000000
vn 0.000000 1.000000 0.000000
vn 0.000000 1.000000 0.000000
vn 0.000000 1.000000 0.000000
vn 0.000000 1.000000 0.000000
vn 0.000000 1.000000 0.000000
vn 0.000000 1.000000 0.000000
vn 0.000000 1.000000 0.000000
vn 0.000000 1.000000 0.000000
vn 0.000000 1.000000 0.000000
vn 0.000000 1.000000 0.000000
vn 0.000000 1.000000 0.000000
vn 0.000000 1.000000 0.000000
vn 0.000000 1.000000 0.000000
vn 0.000000 1.000000 0.000000
vn 0.000000 1.000000 0.000000
vn 0.000000 1.000000 0.000000
vn 0.000000 1.000000 0.000000
vn 0.000000 1.000000 0.000000
vn 0.000000 1.000000 0.000000
vn 0.000000 1.000000 0.000000
vn 0.000000 1.000000 0.000000
vn 0.000000 1.000000 0.000000
vn 0.000000 1.000000 0.000000
vn 0.000000 1.000000 0.000000
vn 0.000000 1.000000 0.000000
vn 0.000000 1.000000 0.000000
vn 0.000000 1.000000 0.000000
vn 0.000000 1.000000 0.000000
vn 0.000000 1.000000 0.000000
vn 0.000000 1.000000 0.000000
vn 0.000000 1.000000 0.000000
vn 0.000000 1.000000 0.000000
vn 0.000000 1.000000 0.000000
vn 0.000000 1.000000 0.000000
vn 0.000000 1.000000 0.000000
vn 0.000000 1.000000 0.000000
vn 0.000000 1.000000 0.000000
vn 0.000000 1.000000 0.000000
vn 0.000000 1.000000 0.000000
vn 0.000000 1.000000 0.000000
vn 0.000000 1.000000 0.000000
vn 0.000000 1.000000 0.000000
vn 0.000000 1.000000 0.000000
vn 0.000000 1.000000 0.000000
vn 0.000000 1.000000 0.000000
vn 0.000000 1.000000 0.000000
vn 0.000000 1.000000 0.000000
vn 0.000000 1.000000 0.000000
vn 0.000000 1.000000 0.000000
vn 0.000000 1.000000 0.000000
vn 0.000000 1.000000 0.000000
vn 0.000000 1.000000 0.000000
vn 0.000000 1.000000 0.000000
vn 0.000000 1.000000 0.000000
vn 0.000000 1.000000 0.000000
vn 0.000000 1.000000 0.000000
vn 0.000000 1.000000 0.000000
vn 0.000000 1.000000 0.000000
vn 0.000000 1.000000 0.000000
vn 0.000000 1.000000 0.000000
vn 0.000000 1.000000 0.000000
vn 0.995330 0.000000 -0.096528
vn 0.995330 0.000000 -0.096528
vn -0.194401 0.000000 -0.980922
vn -0.194401 0.000000 -0.980922
vn 0.276190 -0.000000 0.961103
vn 0.276190 0.000000 0.961103
vn 0.995332 0.000000 -0.096514
vn 0.995332 0.000000 -0.096514
vn 0.151185 -0.000000 0.988506
vn 0.151185 0.000000 0.988506
vn 0.188850 0.000000 0.982006
vn 0.188850 -0.000000 0.982006
vn 0.245222 0.000000 0.969467
vn 0.245222 -0.000000 0.969467
vn 0.291161 0.000000 0.956674
vn 0.291161 -0.000000 0.956674
vn 0.163755 0.055502 0.984939
vn 0.159814 0.000000 0.987147
vn 0.166122 0.000000 0.986105
vn 0.159814 0.000000 0.987147
vn 0.166122 0.000000 0.986105
vn 0.159814 0.000000 0.987147
vn 0.166122 0.000000 0.986105
vn 0.159814 -0.000000 0.987147
vn 0.159814 0.000000 0.987147
vn 0.166122 0.000000 0.986105
vn 0.166122 0.000000 0.986105
vn 0.166122 0.000000 0.986105
vn 0.159814 0.000000 0.987147
vn 0.166122 0.000000 0.986105
vn 0.159814 0.000000 0.987147
vn 0.166122 0.000000 0.986105
vn 0.159814 0.000000 0.987147
vn 0.166122 0.000000 0.986105
vn 0.159814 0.000000 0.987147
vn 0.166122 0.000000 0.986105
vn 0.159814 0.000000 0.987147
vn 0.162645 -0.128633 0.978264
vn 0.166122 0.000000 0.986105
vn 0.159814 0.000000 0.987147
vn 0.176441 0.032616 0.983771
vn 0.181011 0.000000 0.983481
vn 0.174792 0.000000 0.984605
vn 0.174792 -0.000000 0.984605
vn 0.181011 0.000000 0.983481
vn 0.181011 0.000000 0.983481
vn 0.174792 0.000000 0.984605
vn 0.181011 0.000000 0.983481
vn 0.174792 0.000000 0.984605
vn 0.181011 0.000000 0.983481
vn 0.174792 0.000000 0.984605
vn 0.181011 0.000000 0.983481
vn 0.174792 0.000000 0.984605
vn 0.181011 0.000000 0.983481
vn 0.174792 0.000000 0.984605
vn 0.181011 0.000000 0.983481
vn 0.174792 0.000000 0.984605
vn 0.175284 -0.118811 0.977323
vn 0.181011 0.000000 0.983481
vn 0.174792 0.000000 0.984605
vn 0.199817 0.101158 0.974597
vn 0.195255 0.000000 0.980753
vn 0.201209 0.000000 0.979548
vn 0.195255 0.000000 0.980752
vn 0.201209 0.000000 0.979548
vn 0.195255 0.000000 0.980752
vn 0.201209 0.000000 0.979548
vn 0.195255 0.000000 0.980752
vn 0.201209 0.000000 0.979548
vn 0.195255 0.000000 0.980752
vn 0.201209 0.000000 0.979548
vn 0.195255 0.000000 0.980752
vn 0.201209 0.000000 0.979548
vn 0.195255 0.000000 0.980753
vn 0.201209 0.000000 0.979548
vn 0.195255 -0.000000 0.980752
vn 0.201209 0.000000 0.979548
vn 0.195255 0.000000 0.980752
vn 0.201209 0.000000 0.979548
vn 0.201209 0.000000 0.979548
vn 0.195255 0.000000 0.980753
vn 0.201209 0.000000 0.979548
vn 0.195255 0.000000 0.980753
vn 0.201209 0.000000 0.979548
vn 0.195255 0.000000 0.980752
vn 0.201209 0.000000 0.979548
vn 0.195255 0.000000 0.980752
vn 0.200732 -0.033886 0.979060
vn 0.201209 0.000000 0.979548
vn 0.195255 0.000000 0.980753
vn 0.212184 0.058901 0.975453
vn 0.208832 0.000000 0.977952
vn 0.214653 0.000000 0.976690
vn 0.208832 0.000000 0.977952
vn 0.214653 0.000000 0.976690
vn 0.208832 0.000000 0.977952
vn 0.214653 0.000000 0.976690
vn 0.208832 -0.000000 0.977952
vn 0.214653 0.000000 0.976690
vn 0.208832 0.000000 0.977952
vn 0.214653 0.000000 0.976690
vn 0.214653 0.000000 0.976690
vn 0.208832 0.000000 0.977952
vn 0.214653 0.000000 0.976690
vn 0.208832 0.000000 0.977952
vn 0.214653 0.000000 0.976690
vn 0.208832 0.000000 0.977952
vn 0.214653 0.000000 0.976690
vn 0.208832 0.000000 0.977952
vn 0.214653 0.000000 0.976690
vn 0.208832 0.000000 0.977952
vn 0.210566 -0.136397 0.968018
vn 0.214653 0.000000 0.976690
vn 0.208832 0.000000 0.977952
vn 0.223792 0.037164 0.973928
vn 0.221872 0.000000 0.975076
vn 0.227415 0.000000 0.973798
vn 0.221872 -0.000000 0.975076
vn 0.227415 0.000000 0.973798
vn 0.221872 0.000000 0.975076
vn 0.227415 0.000000 0.973798
vn 0.227415 0.000000 0.973798
vn 0.221872 0.000000 0.975076
vn 0.227415 0.000000 0.973798
vn 0.221872 0.000000 0.975076
vn 0.227415 0.000000 0.973798
vn 0.221872 0.000000 0.975076
vn 0.227415 0.000000 0.973798
vn 0.221872 0.000000 0.975076
vn 0.227415 0.000000 0.973798
vn 0.221872 0.000000 0.975076
vn 0.221893 -0.135113 0.965664
vn 0.227415 0.000000 0.973798
vn 0.221872 0.000000 0.975076
vn 0.234778 0.017349 0.971894
vn 0.234000 0.000000 0.972237
vn 0.239244 0.000000 0.970959
vn 0.234000 -0.000000 0.972237
vn 0.239244 0.000000 0.970959
vn 0.234000 0.000000 0.972237
vn 0.239244 0.000000 0.970959
vn 0.239244 0.000000 0.970959
vn 0.234000 0.000000 0.972237
vn 0.239244 0.000000 0.970959
vn 0.234000 0.000000 0.972237
vn 0.239244 0.000000 0.970959
vn 0.234000 0.000000 0.972237
vn 0.239244 0.000000 0.970959
vn 0.234000 0.000000 0.972237
vn 0.234153 -0.074981 0.969304
vn 0.239244 0.000000 0.970959
vn 0.234000 0.000000 0.972237
vn 0.255323 0.013853 0.966757
vn 0.250311 0.000000 0.968166
vn 0.255387 0.000000 0.966839
vn 0.250311 0.000000 0.968166
vn 0.255387 0.000000 0.966839
vn 0.250311 0.000000 0.968166
vn 0.255387 0.000000 0.966839
vn 0.250311 0.000000 0.968166
vn 0.255387 0.000000 0.966839
vn 0.250311 0.000000 0.968166
vn 0.255387 0.000000 0.966839
vn 0.250311 0.000000 0.968166
vn 0.255387 0.000000 0.966839
vn 0.250311 0.000000 0.968166
vn 0.255387 0.000000 0.966839
vn 0.250311 -0.000000 0.968166
vn 0.255387 0.000000 0.966839
vn 0.250311 0.000000 0.968166
vn 0.255387 0.000000 0.966839
vn 0.255387 0.000000 0.966839
vn 0.250311 0.000000 0.968166
vn 0.255387 0.000000 0.966839
vn 0.250311 0.000000 0.968166
vn 0.255387 0.000000 0.966839
vn 0.250311 0.000000 0.968166
vn 0.255387 0.000000 0.966839
vn 0.250311 0.000000 0.968166
vn 0.255345 -0.004619 0.966839
vn 0.255387 0.000000 0.966839
vn 0.250311 0.000000 0.968166
vn 0.261085 0.000000 0.965316
vn 0.261085 0.000000 0.965316
vn 0.261085 0.000000 0.965316
vn 0.261085 0.000000 0.965316
vn 0.261085 0.000000 0.965316
vn 0.261085 0.000000 0.965316
vn 0.261085 -0.000000 0.965316
vn 0.261085 0.000000 0.965316
vn 0.261085 0.000000 0.965316
vn 0.261085 0.000000 0.965316
vn 0.261085 0.000000 0.965316
vn 0.261085 0.000000 0.965316
vn 0.261085 0.000000 0.965316
vn 0.260961 0.184428 0.947568
vn 0.264487 0.062961 0.962332
vn 0.265646 0.000000 0.964071
vn 0.270936 0.000000 0.962597
vn 0.265646 0.000000 0.964071
vn 0.270936 0.000000 0.962597
vn 0.265646 -0.000000 0.964071
vn 0.270936 0.000000 0.962597
vn 0.265646 0.000000 0.964071
vn 0.265646 -0.000000 0.964071
vn 0.265646 -0.000000 0.964071
vn 0.265646 0.000000 0.964071
vn 0.270936 0.000000 0.962597
vn 0.265646 -0.000000 0.964071
vn 0.270936 0.000000 0.962597
vn 0.265646 0.000000 0.964071
vn 0.265646 -0.000000 0.964071
vn 0.265646 0.000000 0.964071
vn 0.270936 0.000000 0.962597
vn 0.265646 -0.000000 0.964071
vn 0.270936 0.000000 0.962597
vn 0.270936 0.000000 0.962598
vn 0.265646 0.000000 0.964071
vn 0.265646 -0.000000 0.964071
vn 0.265646 0.000000 0.964071
vn 0.270936 0.000000 0.962597
vn 0.265646 -0.000000 0.964071
vn 0.265646 0.000000 0.964071
vn 0.270936 0.000000 0.962597
vn 0.265646 -0.000000 0.964071
vn 0.265646 -0.000000 0.964071
vn 0.265646 0.000000 0.964071
vn 0.270936 0.000000 0.962597
vn 0.265646 0.000000 0.964071
vn 0.270936 0.000000 0.962597
vn 0.265646 -0.000000 0.964071
vn 0.265646 0.000000 0.964071
vn 0.270936 0.000000 0.962597
vn 0.265646 -0.000000 0.964071
vn 0.265646 0.000000 0.964071
vn 0.270936 0.000000 0.962597
vn 0.260957 -0.184525 0.947551
vn 0.264487 -0.062959 0.962332
vn 0.270936 0.000000 0.962597
vn 0.265646 0.000000 0.964071
vn 0.278827 0.033950 0.959741
vn 0.276727 0.000000 0.960949
vn 0.284407 0.000000 0.958704
vn 0.276727 0.000000 0.960949
vn 0.284407 0.000000 0.958704
vn 0.276727 -0.000000 0.960949
vn 0.284407 0.000000 0.958704
vn 0.276727 0.000000 0.960949
vn 0.284407 0.000000 0.958704
vn 0.284407 0.000000 0.958704
vn 0.276727 0.000000 0.960949
vn 0.284407 0.000000 0.958704
vn 0.276727 0.000000 0.960949
vn 0.284407 0.000000 0.958704
vn 0.276727 0.000000 0.960949
vn 0.284407 0.000000 0.958704
vn 0.276727 0.000000 0.960949
vn 0.276848 -0.123603 0.952931
vn 0.284407 0.000000 0.958704
vn 0.276727 0.000000 0.960949
vn 0.298862 0.003065 0.954291
vn 0.295607 0.000000 0.955310
vn 0.299104 0.000000 0.954221
vn 0.295606 0.000000 0.955310
vn 0.299104 0.000000 0.954221
vn 0.299103 0.000000 0.954221
vn 0.295607 -0.000000 0.955310
vn 0.295607 0.000000 0.955310
vn 0.299104 0.000000 0.954221
vn 0.299104 0.000000 0.954221
vn 0.295606 0.000000 0.955310
vn 0.299104 0.000000 0.954221
vn 0.295607 0.000000 0.955310
vn 0.299103 0.000000 0.954221
vn 0.295607 0.000000 0.955310
vn 0.299104 0.000000 0.954221
vn 0.295607 0.000000 0.955310
vn 0.299104 0.000000 0.954221
vn 0.295607 0.000000 0.955310
vn 0.298851 -0.009194 0.954255
vn 0.299103 0.000000 0.954221
vn 0.295607 0.000000 0.955310
vn 0.302416 -0.007853 0.953144
vn 0.303062 0.000000 0.952971
vn 0.302084 0.000000 0.953281
vn 0.303062 0.000000 0.952971
vn 0.302084 0.000000 0.953281
vn 0.303062 0.000000 0.952971
vn 0.302084 0.000000 0.953281
vn 0.302084 0.000000 0.953281
vn 0.302084 0.000000 0.953281
vn 0.303062 0.000000 0.952971
vn 0.303062 -0.000000 0.952971
vn 0.303062 0.000000 0.952971
vn 0.302084 0.000000 0.953281
vn 0.302084 0.000000 0.953281
vn 0.303062 0.000000 0.952971
vn 0.302084 0.000000 0.953281
vn 0.303062 0.000000 0.952971
vn 0.302084 0.000000 0.953281
vn 0.303062 0.000000 0.952971
vn 0.302084 0.000000 0.953281
vn 0.303062 0.000000 0.952971
vn 0.302374 0.018321 0.953013
vn 0.302084 0.000000 0.953281
vn 0.303062 0.000000 0.952971
vn -0.989887 0.000000 0.141861
vn -0.989887 0.000000 0.141861
vn 0.141858 -0.000000 0.989887
vn 0.141858 0.000000 0.989887
vn 0.989887 0.000000 -0.141861
vn 0.989887 0.000000 -0.141861
vn 0.133810 0.000000 0.991007
vn 0.133810 -0.000000 0.991007
vn -0.003456 0.035337 0.999370
vn -0.008626 0.000000 0.999963
vn -0.001062 0.000000 0.999999
vn -0.008626 0.000000 0.999963
vn -0.001062 0.000000 0.999999
vn -0.008626 0.000000 0.999963
vn -0.001062 0.000000 0.999999
vn -0.008626 0.000000 0.999963
vn -0.001062 0.000000 0.999999
vn -0.001062 0.000000 0.999999
vn -0.008626 0.000000 0.999963
vn -0.001062 0.000000 0.999999
vn -0.008626 0.000000 0.999963
vn -0.008626 0.000000 0.999963
vn -0.001062 0.000000 0.999999
vn -0.001062 0.000000 0.999999
vn -0.008626 0.000000 0.999963
vn -0.003429 -0.128575 0.991694
vn -0.001062 0.000000 0.999999
vn -0.008626 0.000000 0.999963
vn 0.004978 -0.000000 0.999988
vn 0.004978 0.000000 0.999988
vn 0.004978 0.000000 0.999988
vn 0.004978 0.000000 0.999988
vn 0.004978 0.000000 0.999988
vn 0.004978 0.000000 0.999988
vn 0.004978 0.000000 0.999988
vn 0.011315 0.105637 0.994340
vn 0.010952 0.011869 0.999870
vn 0.018160 0.000000 0.999835
vn 0.011818 0.000000 0.999930
vn 0.011818 0.000000 0.999930
vn 0.018160 0.000000 0.999835
vn 0.011818 0.000000 0.999930
vn 0.018160 0.000000 0.999835
vn 0.018160 0.000000 0.999835
vn 0.011818 0.000000 0.999930
vn 0.018160 0.000000 0.999835
vn 0.011818 0.000000 0.999930
vn 0.018160 0.000000 0.999835
vn 0.011818 0.000000 0.999930
vn 0.018160 0.000000 0.999835
vn 0.018160 0.000000 0.999835
vn 0.011818 -0.000000 0.999930
vn 0.011818 0.000000 0.999930
vn 0.011818 0.000000 0.999930
vn 0.018160 0.000000 0.999835
vn 0.018160 0.000000 0.999835
vn 0.011818 0.000000 0.999930
vn 0.011818 -0.000000 0.999930
vn 0.011818 -0.000000 0.999930
vn 0.011818 0.000000 0.999930
vn 0.018160 0.000000 0.999835
vn 0.018160 0.000000 0.999835
vn 0.011818 0.000000 0.999930
vn 0.011818 -0.000000 0.999930
vn 0.018160 0.000000 0.999835
vn 0.011818 0.000000 0.999930
vn 0.011818 -0.000000 0.999930
vn 0.018160 0.000000 0.999835
vn 0.011818 0.000000 0.999930
vn 0.011818 -0.000000 0.999930
vn 0.011315 -0.105695 0.994334
vn 0.018160 0.000000 0.999835
vn 0.011818 0.000000 0.999930
vn 0.011156 -0.061454 0.998048
vn 0.026001 0.032778 0.999124
vn 0.023972 0.000000 0.999713
vn 0.031306 0.000000 0.999510
vn 0.023972 -0.000000 0.999713
vn 0.023972 0.000000 0.999713
vn 0.031306 0.000000 0.999510
vn 0.031306 0.000000 0.999510
vn 0.023972 0.000000 0.999713
vn 0.031306 0.000000 0.999510
vn 0.031306 0.000000 0.999510
vn 0.023972 0.000000 0.999713
vn 0.031306 0.000000 0.999510
vn 0.023972 0.000000 0.999713
vn 0.031306 0.000000 0.999510
vn 0.023972 0.000000 0.999713
vn 0.031306 0.000000 0.999510
vn 0.023972 0.000000 0.999713
vn 0.025829 -0.119394 0.992511
vn 0.031306 0.000000 0.999510
vn 0.023972 0.000000 0.999713
vn 0.040554 0.049821 0.997934
vn 0.036986 0.000000 0.999316
vn 0.044232 0.000000 0.999021
vn 0.036986 0.000000 0.999316
vn 0.044232 0.000000 0.999021
vn 0.036986 -0.000000 0.999316
vn 0.044232 0.000000 0.999021
vn 0.036986 0.000000 0.999316
vn 0.044232 0.000000 0.999021
vn 0.044232 0.000000 0.999021
vn 0.036986 0.000000 0.999316
vn 0.044232 0.000000 0.999021
vn 0.036986 0.000000 0.999316
vn 0.044232 0.000000 0.999021
vn 0.036986 0.000000 0.999316
vn 0.044232 0.000000 0.999021
vn 0.036986 0.000000 0.999316
vn 0.044232 0.000000 0.999021
vn 0.036986 0.000000 0.999316
vn 0.040157 -0.148002 0.988171
vn 0.044232 0.000000 0.999021
vn 0.036986 0.000000 0.999316
vn 0.054992 0.032500 0.997958
vn 0.049806 0.000000 0.998759
vn 0.056986 0.000000 0.998375
vn 0.049806 -0.000000 0.998759
vn 0.056986 0.000000 0.998375
vn 0.049806 0.000000 0.998759
vn 0.056986 0.000000 0.998375
vn 0.056986 0.000000 0.998375
vn 0.049806 0.000000 0.998759
vn 0.056986 0.000000 0.998375
vn 0.049806 0.000000 0.998759
vn 0.056986 0.000000 0.998375
vn 0.049806 0.000000 0.998759
vn 0.056986 0.000000 0.998375
vn 0.049806 0.000000 0.998759
vn 0.056986 0.000000 0.998375
vn 0.049806 0.000000 0.998759
vn 0.054634 -0.118393 0.991463
vn 0.056986 0.000000 0.998375
vn 0.049806 0.000000 0.998759
vn 0.062449 0.000000 0.998048
vn 0.062449 0.000000 0.998048
vn 0.062449 0.000000 0.998048
vn 0.062449 0.000000 0.998048
vn 0.062449 0.000000 0.998048
vn 0.062449 0.000000 0.998048
vn 0.062449 0.000000 0.998048
vn 0.062449 -0.000000 0.998048
vn 0.062449 0.000000 0.998048
vn 0.062449 0.000000 0.998048
vn 0.062449 0.000000 0.998048
vn 0.062449 0.000000 0.998048
vn 0.062449 0.000000 0.998048
vn 0.062449 0.000000 0.998048
vn 0.066551 0.277033 0.958553
vn 0.068013 0.058835 0.995948
vn 0.068131 -0.000000 0.997676
vn 0.074916 0.000000 0.997190
vn 0.068131 0.000000 0.997676
vn 0.068132 -0.000000 0.997676
vn 0.074916 0.000000 0.997190
vn 0.068132 0.000000 0.997676
vn 0.068132 -0.000000 0.997676
vn 0.074916 0.000000 0.997190
vn 0.068132 0.000000 0.997676
vn 0.068131 -0.000000 0.997676
vn 0.074916 0.000000 0.997190
vn 0.068131 0.000000 0.997676
vn 0.068132 -0.000000 0.997676
vn 0.074916 0.000000 0.997190
vn 0.068132 0.000000 0.997676
vn 0.074916 0.000000 0.997190
vn 0.068132 -0.000000 0.997676
vn 0.068132 0.000000 0.997676
vn 0.068131 -0.000000 0.997676
vn 0.074916 0.000000 0.997190
vn 0.068131 0.000000 0.997676
vn 0.074916 0.000000 0.997190
vn 0.068132 -0.000000 0.997676
vn 0.074916 0.000000 0.997190
vn 0.068132 0.000000 0.997676
vn 0.068132 -0.000000 0.997676
vn 0.074916 0.000000 0.997190
vn 0.068132 0.000000 0.997676
vn 0.068131 -0.000000 0.997676
vn 0.068131 0.000000 0.997676
vn 0.074916 0.000000 0.997190
vn 0.068132 -0.000000 0.997676
vn 0.074916 0.000000 0.997190
vn 0.068132 0.000000 0.997676
vn 0.068132 -0.000000 0.997676
vn 0.074916 0.000000 0.997190
vn 0.068132 0.000000 0.997676
vn 0.068944 -0.095700 0.993020
vn 0.068118 -0.019649 0.997484
vn 0.068131 -0.000000 0.997676
vn 0.074916 0.000000 0.997190
vn 0.068131 0.000000 0.997676
vn 0.083201 0.063210 0.994526
vn 0.080239 0.000000 0.996776
vn 0.087237 0.000000 0.996188
vn 0.087237 0.000000 0.996188
vn 0.080239 0.000000 0.996776
vn 0.087237 0.000000 0.996188
vn 0.080239 0.000000 0.996776
vn 0.087237 0.000000 0.996188
vn 0.080239 0.000000 0.996776
vn 0.080239 -0.000000 0.996776
vn 0.087237 0.000000 0.996188
vn 0.087237 0.000000 0.996188
vn 0.080239 0.000000 0.996776
vn 0.087237 0.000000 0.996188
vn 0.080239 0.000000 0.996776
vn 0.087237 0.000000 0.996188
vn 0.080239 0.000000 0.996776
vn 0.087237 0.000000 0.996188
vn 0.080239 0.000000 0.996776
vn 0.087237 0.000000 0.996188
vn 0.080239 0.000000 0.996776
vn 0.082472 -0.146205 0.985811
vn 0.087237 0.000000 0.996188
vn 0.080239 0.000000 0.996776
vn 0.096970 0.075367 0.992430
vn 0.092421 0.000000 0.995720
vn 0.099322 0.000000 0.995055
vn 0.092421 0.000000 0.995720
vn 0.099322 0.000000 0.995055
vn 0.092421 0.000000 0.995720
vn 0.099322 0.000000 0.995055
vn 0.092421 0.000000 0.995720
vn 0.099322 0.000000 0.995055
vn 0.092421 0.000000 0.995720
vn 0.099322 0.000000 0.995055
vn 0.092421 -0.000000 0.995720
vn 0.099322 0.000000 0.995055
vn 0.092421 0.000000 0.995720
vn 0.099322 0.000000 0.995055
vn 0.099322 0.000000 0.995055
vn 0.092421 0.000000 0.995720
vn 0.099322 0.000000 0.995055
vn 0.092421 0.000000 0.995720
vn 0.099322 0.000000 0.995055
vn 0.092421 0.000000 0.995720
vn 0.099322 0.000000 0.995055
vn 0.092421 0.000000 0.995720
vn 0.096484 -0.124986 0.987456
vn 0.099322 0.000000 0.995055
vn 0.092421 0.000000 0.995720
vn 0.104406 0.000000 0.994535
vn 0.104406 0.000000 0.994535
vn 0.104406 0.000000 0.994535
vn 0.104406 0.000000 0.994535
vn 0.104406 0.000000 0.994535
vn 0.104406 0.000000 0.994535
vn 0.104406 -0.000000 0.994535
vn 0.104406 0.000000 0.994535
vn 0.104406 0.000000 0.994535
vn 0.104406 0.000000 0.994535
vn 0.104406 0.000000 0.994535
vn 0.104406 0.000000 0.994535
vn 0.104406 0.000000 0.994535
vn 0.104406 0.000000 0.994535
vn 0.105939 0.298261 0.948587
vn 0.109560 0.058463 0.992259
vn 0.109747 0.000000 0.993959
vn 0.109747 -0.000000 0.993959
vn 0.116290 0.000000 0.993215
vn 0.116290 0.000000 0.993215
vn 0.109747 0.000000 0.993960
vn 0.109747 -0.000000 0.993960
vn 0.109747 0.000000 0.993960
vn 0.116290 0.000000 0.993215
vn 0.109747 -0.000000 0.993960
vn 0.116290 0.000000 0.993215
vn 0.109747 0.000000 0.993959
vn 0.109747 -0.000000 0.993959
vn 0.109747 -0.000000 0.993960
vn 0.116290 0.000000 0.993215
vn 0.109747 0.000000 0.993960
vn 0.109747 -0.000000 0.993960
vn 0.116290 0.000000 0.993215
vn 0.109747 0.000000 0.993960
vn 0.116290 0.000000 0.993215
vn 0.109747 0.000000 0.993959
vn 0.116290 0.000000 0.993215
vn 0.109747 -0.000000 0.993959
vn 0.109747 -0.000000 0.993960
vn 0.116290 0.000000 0.993215
vn 0.109747 0.000000 0.993960
vn 0.109747 -0.000000 0.993960
vn 0.109747 -0.000000 0.993959
vn 0.109747 0.000000 0.993960
vn 0.116290 0.000000 0.993215
vn 0.109747 0.000000 0.993959
vn 0.116290 0.000000 0.993215
vn 0.109747 -0.000000 0.993960
vn 0.109747 0.000000 0.993960
vn 0.116290 0.000000 0.993215
vn 0.109747 -0.000000 0.993960
vn 0.116290 0.000000 0.993215
vn 0.109747 0.000000 0.993960
vn 0.110393 -0.103638 0.988470
vn 0.109727 -0.019525 0.993770
vn 0.109747 -0.000000 0.993959
vn 0.116290 0.000000 0.993215
vn 0.109747 0.000000 0.993959
vn 0.123155 0.024070 0.992095
vn 0.121222 0.000000 0.992625
vn 0.126582 0.000000 0.991956
vn 0.121222 0.000000 0.992625
vn 0.126582 0.000000 0.991956
vn 0.121222 -0.000000 0.992625
vn 0.126582 0.000000 0.991956
vn 0.121222 0.000000 0.992625
vn 0.126582 0.000000 0.991956
vn 0.126582 0.000000 0.991956
vn 0.121222 0.000000 0.992625
vn 0.126582 0.000000 0.991956
vn 0.121222 0.000000 0.992625
vn 0.126582 0.000000 0.991956
vn 0.121222 0.000000 0.992625
vn 0.126582 0.000000 0.991956
vn 0.121222 0.000000 0.992625
vn 0.122714 -0.087940 0.988538
vn 0.126582 0.000000 0.991956
vn 0.121222 0.000000 0.992625
vn -0.999891 0.000000 -0.014765
vn -0.999891 0.000000 -0.014765
vn -0.014766 0.000000 0.999891
vn -0.014766 0.000000 0.999891
vn 0.999891 0.000000 0.014765
vn 0.999891 -0.000000 0.014765
vn -0.236129 0.000000 0.971722
vn -0.236129 0.000000 0.971722
vn -0.023325 0.000000 0.999728
vn -0.023325 0.000000 0.999728
vn -0.215907 0.052371 0.975008
vn -0.223633 0.000000 0.974673
vn -0.214107 0.000000 0.976810
vn -0.223633 0.000000 0.974673
vn -0.214107 0.000000 0.976810
vn -0.223633 0.000000 0.974673
vn -0.214107 0.000000 0.976810
vn -0.223633 0.000000 0.974673
vn -0.214107 0.000000 0.976810
vn -0.223633 0.000000 0.974673
vn -0.214107 0.000000 0.976810
vn -0.223633 0.000000 0.974673
vn -0.214107 0.000000 0.976810
vn -0.214107 0.000000 0.976810
vn -0.223633 0.000000 0.974673
vn -0.214107 0.000000 0.976810
vn -0.223633 0.000000 0.974673
vn -0.214107 0.000000 0.976810
vn -0.223633 0.000000 0.974673
vn -0.223633 0.000000 0.974673
vn -0.214107 0.000000 0.976810
vn -0.214107 0.000000 0.976810
vn -0.223633 0.000000 0.974673
vn -0.215383 -0.087075 0.972640
vn -0.214107 0.000000 0.976810
vn -0.223633 0.000000 0.974673
vn -0.196876 0.058682 0.978671
vn -0.202976 0.000000 0.979184
vn -0.193417 0.000000 0.981117
vn -0.202976 0.000000 0.979184
vn -0.193417 0.000000 0.981117
vn -0.193417 0.000000 0.981117
vn -0.202976 0.000000 0.979184
vn -0.202976 0.000000 0.979184
vn -0.202976 0.000000 0.979184
vn -0.193417 0.000000 0.981117
vn -0.193417 0.000000 0.981117
vn -0.193417 0.000000 0.981117
vn -0.202976 0.000000 0.979184
vn -0.193417 0.000000 0.981117
vn -0.202976 0.000000 0.979184
vn -0.193417 0.000000 0.981117
vn -0.202976 0.000000 0.979184
vn -0.193417 0.000000 0.981117
vn -0.202976 0.000000 0.979184
vn -0.193417 0.000000 0.981117
vn -0.202976 0.000000 0.979184
vn -0.195387 -0.135896 0.971265
vn -0.193417 0.000000 0.981117
vn -0.202976 0.000000 0.979184
vn -0.178246 0.061594 0.982056
vn -0.183530 0.000000 0.983014
vn -0.174366 0.000000 0.984681
vn -0.183530 0.000000 0.983014
vn -0.174366 0.000000 0.984681
vn -0.183530 0.000000 0.983014
vn -0.174366 0.000000 0.984681
vn -0.183530 0.000000 0.983014
vn -0.174366 0.000000 0.984681
vn -0.183530 0.000000 0.983014
vn -0.174366 0.000000 0.984681
vn -0.183530 0.000000 0.983014
vn -0.174366 0.000000 0.984681
vn -0.174366 0.000000 0.984681
vn -0.183530 0.000000 0.983014
vn -0.174366 0.000000 0.984681
vn -0.183530 0.000000 0.983014
vn -0.174366 0.000000 0.984681
vn -0.183530 0.000000 0.983014
vn -0.174366 0.000000 0.984681
vn -0.183530 0.000000 0.983014
vn -0.176762 -0.142530 0.973879
vn -0.174366 0.000000 0.984681
vn -0.183530 0.000000 0.983014
vn -0.160268 0.062071 0.985120
vn -0.165280 0.000000 0.986247
vn -0.156420 0.000000 0.987691
vn -0.165281 0.000000 0.986247
vn -0.156420 0.000000 0.987691
vn -0.165280 0.000000 0.986247
vn -0.156420 0.000000 0.987691
vn -0.165281 0.000000 0.986247
vn -0.156420 0.000000 0.987691
vn -0.165280 0.000000 0.986247
vn -0.156420 0.000000 0.987691
vn -0.156420 0.000000 0.987691
vn -0.165280 0.000000 0.986247
vn -0.156420 0.000000 0.987691
vn -0.165281 0.000000 0.986247
vn -0.156420 0.000000 0.987691
vn -0.165280 0.000000 0.986247
vn -0.156420 0.000000 0.987691
vn -0.165280 0.000000 0.986247
vn -0.156420 0.000000 0.987691
vn -0.165280 0.000000 0.986247
vn -0.158913 -0.143616 0.976791
vn -0.156420 0.000000 0.987691
vn -0.165281 0.000000 0.986247
vn -0.142875 0.061787 0.987810
vn -0.147979 0.000000 0.988991
vn -0.139374 0.000000 0.990240
vn -0.147979 0.000000 0.988991
vn -0.139374 0.000000 0.990240
vn -0.147979 0.000000 0.988991
vn -0.139374 0.000000 0.990240
vn -0.147979 0.000000 0.988991
vn -0.139374 0.000000 0.990240
vn -0.147979 0.000000 0.988991
vn -0.139374 0.000000 0.990240
vn -0.139374 0.000000 0.990240
vn -0.147979 0.000000 0.988991
vn -0.139374 0.000000 0.990240
vn -0.147979 0.000000 0.988991
vn -0.139374 0.000000 0.990240
vn -0.147979 0.000000 0.988991
vn -0.139374 0.000000 0.990240
vn -0.147979 0.000000 0.988991
vn -0.139374 0.000000 0.990240
vn -0.147979 0.000000 0.988991
vn -0.141678 -0.142968 0.979534
vn -0.139374 0.000000 0.990240
vn -0.147979 0.000000 0.988991
vn -0.125917 0.059435 0.990259
vn -0.131407 0.000000 0.991329
vn -0.122964 0.000000 0.992411
vn -0.131407 0.000000 0.991329
vn -0.122964 0.000000 0.992411
vn -0.131407 0.000000 0.991329
vn -0.122964 0.000000 0.992411
vn -0.131406 0.000000 0.991329
vn -0.122964 0.000000 0.992411
vn -0.131407 0.000000 0.991329
vn -0.122964 0.000000 0.992411
vn -0.131407 0.000000 0.991329
vn -0.122964 0.000000 0.992411
vn -0.122964 0.000000 0.992411
vn -0.131406 0.000000 0.991329
vn -0.122964 0.000000 0.992411
vn -0.131407 0.000000 0.991329
vn -0.122964 0.000000 0.992411
vn -0.131406 0.000000 0.991329
vn -0.122964 0.000000 0.992411
vn -0.131407 0.000000 0.991329
vn -0.124940 -0.137613 0.982574
vn -0.122964 0.000000 0.992411
vn -0.131407 0.000000 0.991329
vn -0.109186 0.072907 0.991344
vn -0.115344 0.000000 0.993326
vn -0.107086 0.000000 0.994250
vn -0.115344 0.000000 0.993326
vn -0.107086 0.000000 0.994250
vn -0.115344 0.000000 0.993326
vn -0.107086 0.000000 0.994250
vn -0.115344 0.000000 0.993326
vn -0.107086 0.000000 0.994250
vn -0.115344 0.000000 0.993326
vn -0.107086 0.000000 0.994250
vn -0.115344 0.000000 0.993326
vn -0.107086 0.000000 0.994250
vn -0.115344 0.000000 0.993326
vn -0.107086 0.000000 0.994250
vn -0.107086 0.000000 0.994250
vn -0.115344 0.000000 0.993326
vn -0.107086 0.000000 0.994250
vn -0.115344 0.000000 0.993326
vn -0.107086 0.000000 0.994250
vn -0.115344 0.000000 0.993326
vn -0.107086 0.000000 0.994250
vn -0.115344 0.000000 0.993326
vn -0.108674 -0.120947 0.986692
vn -0.107086 0.000000 0.994250
vn -0.115344 0.000000 0.993326
vn -0.093133 0.020632 0.995440
vn -0.099795 0.000000 0.995008
vn -0.091659 0.000000 0.995791
vn -0.099795 0.000000 0.995008
vn -0.091659 0.000000 0.995790
vn -0.091659 0.000000 0.995790
vn -0.099795 0.000000 0.995008
vn -0.091659 0.000000 0.995790
vn -0.099796 0.000000 0.995008
vn -0.091659 0.000000 0.995790
vn -0.099795 0.000000 0.995008
vn -0.091659 0.000000 0.995790
vn -0.099796 0.000000 0.995008
vn -0.091659 0.000000 0.995790
vn -0.099795 0.000000 0.995008
vn -0.092782 -0.089073 0.991694
vn -0.091659 0.000000 0.995790
vn -0.099796 0.000000 0.995008
vn -0.084611 0.000000 0.996414
vn -0.084611 0.000000 0.996414
vn -0.084611 0.000000 0.996414
vn -0.084611 0.000000 0.996414
vn -0.084611 0.000000 0.996414
vn -0.084611 0.000000 0.996414
vn -0.084611 0.000000 0.996414
vn -0.084611 0.000000 0.996414
vn -0.084611 0.000000 0.996414
vn -0.084611 0.000000 0.996414
vn -0.084611 0.000000 0.996414
vn -0.084611 0.000000 0.996414
vn -0.084611 0.000000 0.996414
vn -0.084611 0.000000 0.996414
vn -0.076870 0.097821 0.992231
vn -0.076439 0.129197 0.988668
vn -0.077240 0.000000 0.997012
vn -0.077240 0.000000 0.997012
vn -0.069784 0.000000 0.997562
vn -0.077240 0.000000 0.997013
vn -0.077240 0.000000 0.997013
vn -0.069784 0.000000 0.997562
vn -0.077240 0.000000 0.997013
vn -0.069784 0.000000 0.997562
vn -0.077240 0.000000 0.997013
vn -0.077240 0.000000 0.997012
vn -0.077240 0.000000 0.997012
vn -0.069784 0.000000 0.997562
vn -0.077240 0.000000 0.997013
vn -0.077240 0.000000 0.997013
vn -0.077240 0.000000 0.997013
vn -0.069784 0.000000 0.997562
vn -0.077240 0.000000 0.997013
vn -0.069784 0.000000 0.997562
vn -0.077240 0.000000 0.997012
vn -0.077240 0.000000 0.997012
vn -0.069784 0.000000 0.997562
vn -0.069784 0.000000 0.997562
vn -0.077240 0.000000 0.997013
vn -0.077240 0.000000 0.997013
vn -0.069784 0.000000 0.997562
vn -0.077240 0.000000 0.997013
vn -0.077240 0.000000 0.997013
vn -0.077240 0.000000 0.997012
vn -0.069784 0.000000 0.997562
vn -0.077240 0.000000 0.997012
vn -0.069784 0.000000 0.997562
vn -0.077240 0.000000 0.997013
vn -0.077240 0.000000 0.997013
vn -0.077240 0.000000 0.997013
vn -0.069784 0.000000 0.997562
vn -0.077240 0.000000 0.997013
vn -0.069784 0.000000 0.997562
vn -0.077012 -0.043405 0.996085
vn -0.077199 -0.032758 0.996477
vn -0.077240 0.000000 0.997012
vn -0.077240 0.000000 0.997012
vn -0.069784 0.000000 0.997562
vn -0.061234 0.024461 0.997824
vn -0.063074 0.000000 0.998009
vn -0.055228 0.000000 0.998474
vn -0.063074 0.000000 0.998009
vn -0.055228 0.000000 0.998474
vn -0.055228 0.000000 0.998474
vn -0.063074 0.000000 0.998009
vn -0.055228 0.000000 0.998474
vn -0.063074 0.000000 0.998009
vn -0.055228 0.000000 0.998474
vn -0.063074 0.000000 0.998009
vn -0.055228 0.000000 0.998474
vn -0.063074 0.000000 0.998009
vn -0.055228 0.000000 0.998474
vn -0.063074 0.000000 0.998009
vn -0.060911 -0.105443 0.992558
vn -0.055228 0.000000 0.998474
vn -0.063074 0.000000 0.998009
vn -0.045604 0.038904 0.998202
vn -0.048707 0.000000 0.998813
vn -0.040957 0.000000 0.999161
vn -0.048707 0.000000 0.998813
vn -0.040957 0.000000 0.999161
vn -0.048707 0.000000 0.998813
vn -0.040957 0.000000 0.999161
vn -0.048707 0.000000 0.998813
vn -0.040957 0.000000 0.999161
vn -0.040957 0.000000 0.999161
vn -0.048707 0.000000 0.998813
vn -0.040957 0.000000 0.999161
vn -0.048707 0.000000 0.998813
vn -0.040957 0.000000 0.999161
vn -0.048707 0.000000 0.998813
vn -0.040957 0.000000 0.999161
vn -0.048707 0.000000 0.998813
vn -0.045181 -0.141324 0.988932
vn -0.040957 0.000000 0.999161
vn -0.048707 0.000000 0.998813
vn -0.033024 0.014085 0.999355
vn -0.034564 0.000000 0.999402
vn -0.029692 0.000000 0.999559
vn -0.034564 0.000000 0.999403
vn -0.029692 0.000000 0.999559
vn -0.034564 0.000000 0.999403
vn -0.029692 0.000000 0.999559
vn -0.034564 0.000000 0.999402
vn -0.029692 0.000000 0.999559
vn -0.029692 0.000000 0.999559
vn -0.034564 0.000000 0.999402
vn -0.029692 0.000000 0.999559
vn -0.034564 0.000000 0.999403
vn -0.029692 0.000000 0.999559
vn -0.034564 0.000000 0.999402
vn -0.029692 0.000000 0.999559
vn -0.034564 0.000000 0.999402
vn -0.032983 -0.051582 0.998124
vn -0.029692 0.000000 0.999559
vn -0.034564 0.000000 0.999402
vn -0.966820 0.000000 -0.255459
vn -0.966820 0.000000 -0.255459
vn -0.255458 0.000000 0.966820
vn -0.255458 0.000000 0.966820
vn 0.966820 0.000000 0.255460
vn 0.966820 -0.000000 0.255460
vn -0.938856 0.000000 0.344310
vn -0.938856 0.000000 0.344310
vn -0.901442 0.000000 0.432901
vn -0.901442 0.000000 0.432901
vn -0.861024 0.000000 0.508564
vn -0.861024 0.000000 0.508564
vn -0.818019 0.000000 0.575191
vn -0.818019 0.000000 0.575191
vn -0.775790 0.000000 0.630992
vn -0.775790 0.000000 0.630992
vn -0.734510 0.000000 0.678597
vn -0.734510 0.000000 0.678597
vn -0.693599 0.000000 0.720361
vn -0.693599 0.000000 0.720361
vn -0.574847 0.000000 0.818261
vn -0.574847 0.000000 0.818261
vn -0.296672 0.000000 0.954979
vn -0.296672 0.000000 0.954979
vn -0.652180 0.046451 0.756640
vn -0.664217 0.000000 0.747540
vn -0.644022 0.000000 0.765007
vn -0.664217 0.000000 0.747540
vn -0.644022 0.000000 0.765007
vn -0.644022 0.000000 0.765007
vn -0.664217 0.000000 0.747540
vn -0.644022 0.000000 0.765007
vn -0.664217 0.000000 0.747540
vn -0.644022 0.000000 0.765007
vn -0.664217 0.000000 0.747540
vn -0.644022 0.000000 0.765007
vn -0.664217 0.000000 0.747540
vn -0.644022 0.000000 0.765007
vn -0.664217 0.000000 0.747540
vn -0.644022 0.000000 0.765007
vn -0.664217 0.000000 0.747540
vn -0.644022 0.000000 0.765007
vn -0.664217 0.000000 0.747540
vn -0.664217 0.000000 0.747540
vn -0.646623 -0.138166 0.750192
vn -0.644022 0.000000 0.765007
vn -0.613074 0.019557 0.789784
vn -0.615501 0.000000 0.788136
vn -0.596207 0.000000 0.802831
vn -0.615501 0.000000 0.788136
vn -0.596207 0.000000 0.802831
vn -0.596207 0.000000 0.802831
vn -0.615501 0.000000 0.788136
vn -0.615501 0.000000 0.788136
vn -0.596207 0.000000 0.802831
vn -0.596207 0.000000 0.802831
vn -0.615501 0.000000 0.788136
vn -0.596207 0.000000 0.802831
vn -0.615501 0.000000 0.788136
vn -0.596207 0.000000 0.802831
vn -0.615501 0.000000 0.788136
vn -0.596207 0.000000 0.802831
vn -0.615501 0.000000 0.788136
vn -0.596207 0.000000 0.802831
vn -0.615501 0.000000 0.788136
vn -0.612138 -0.058581 0.788578
vn -0.596207 0.000000 0.802831
vn -0.615501 0.000000 0.788136
vn -0.537828 0.019626 0.842826
vn -0.552873 0.000000 0.833265
vn -0.534597 0.000000 0.845107
vn -0.552873 0.000000 0.833265
vn -0.534597 0.000000 0.845107
vn -0.552873 0.000000 0.833265
vn -0.534597 0.000000 0.845107
vn -0.534597 0.000000 0.845107
vn -0.552873 0.000000 0.833265
vn -0.534597 0.000000 0.845107
vn -0.552874 0.000000 0.833265
vn -0.534597 0.000000 0.845107
vn -0.552873 0.000000 0.833265
vn -0.534597 0.000000 0.845107
vn -0.552873 0.000000 0.833265
vn -0.535996 -0.084757 0.839955
vn -0.534597 0.000000 0.845107
vn -0.552873 0.000000 0.833265
vn -0.501714 0.056767 0.863169
vn -0.513424 0.000000 0.858135
vn -0.496037 0.000000 0.868301
vn -0.513424 0.000000 0.858135
vn -0.496037 0.000000 0.868301
vn -0.513424 0.000000 0.858135
vn -0.496037 0.000000 0.868301
vn -0.513424 0.000000 0.858135
vn -0.496037 0.000000 0.868301
vn -0.513424 0.000000 0.858135
vn -0.496037 0.000000 0.868301
vn -0.513424 0.000000 0.858135
vn -0.496037 0.000000 0.868301
vn -0.496037 0.000000 0.868301
vn -0.513424 0.000000 0.858135
vn -0.496037 0.000000 0.868301
vn -0.513424 0.000000 0.858135
vn -0.496037 0.000000 0.868301
vn -0.513424 0.000000 0.858135
vn -0.496037 0.000000 0.868301
vn -0.513424 0.000000 0.858135
vn -0.498159 -0.131526 0.857052
vn -0.496037 0.000000 0.868301
vn -0.513424 0.000000 0.858135
vn -0.467876 0.060190 0.881742
vn -0.477397 0.000000 0.878688
vn -0.460913 0.000000 0.887445
vn -0.477396 0.000000 0.878688
vn -0.460913 0.000000 0.887445
vn -0.460913 0.000000 0.887445
vn -0.477396 0.000000 0.878688
vn -0.460913 0.000000 0.887445
vn -0.477396 0.000000 0.878688
vn -0.477396 0.000000 0.878688
vn -0.460913 0.000000 0.887445
vn -0.460913 0.000000 0.887445
vn -0.477396 0.000000 0.878688
vn -0.460913 0.000000 0.887445
vn -0.477396 0.000000 0.878688
vn -0.460913 0.000000 0.887445
vn -0.477396 0.000000 0.878688
vn -0.460913 0.000000 0.887445
vn -0.477397 0.000000 0.878688
vn -0.460913 0.000000 0.887445
vn -0.477396 0.000000 0.878688
vn -0.464154 -0.139332 0.874727
vn -0.460913 0.000000 0.887445
vn -0.477396 0.000000 0.878688
vn -0.436101 0.047117 0.898663
vn -0.428796 0.000000 0.903401
vn -0.444486 0.000000 0.895786
vn -0.428796 0.000000 0.903401
vn -0.444486 0.000000 0.895786
vn -0.428796 0.000000 0.903401
vn -0.428796 0.000000 0.903401
vn -0.444486 0.000000 0.895786
vn -0.444486 0.000000 0.895786
vn -0.428796 0.000000 0.903401
vn -0.444486 0.000000 0.895786
vn -0.428796 0.000000 0.903401
vn -0.444486 0.000000 0.895786
vn -0.428796 0.000000 0.903401
vn -0.444486 0.000000 0.895786
vn -0.428796 0.000000 0.903401
vn -0.444486 0.000000 0.895786
vn -0.428796 0.000000 0.903401
vn -0.444486 0.000000 0.895786
vn -0.432279 -0.140113 0.890788
vn -0.428796 0.000000 0.903401
vn -0.444486 0.000000 0.895786
vn -0.405441 0.047073 0.912908
vn -0.414133 0.000000 0.910217
vn -0.399085 0.000000 0.916914
vn -0.414132 0.000000 0.910217
vn -0.399085 0.000000 0.916914
vn -0.414133 0.000000 0.910217
vn -0.399085 0.000000 0.916914
vn -0.414133 0.000000 0.910217
vn -0.399085 0.000000 0.916914
vn -0.414133 0.000000 0.910216
vn -0.399085 0.000000 0.916914
vn -0.399085 0.000000 0.916914
vn -0.414132 0.000000 0.910217
vn -0.399085 0.000000 0.916914
vn -0.414133 0.000000 0.910217
vn -0.399085 0.000000 0.916914
vn -0.414133 0.000000 0.910217
vn -0.399085 0.000000 0.916914
vn -0.414133 0.000000 0.910217
vn -0.401895 -0.139982 0.904923
vn -0.399085 0.000000 0.916914
vn -0.414133 0.000000 0.910217
vn -0.376220 0.035848 0.925837
vn -0.385811 0.000000 0.922578
vn -0.371331 0.000000 0.928501
vn -0.385811 0.000000 0.922578
vn -0.385811 0.000000 0.922578
vn -0.371331 0.000000 0.928501
vn -0.371331 0.000000 0.928501
vn -0.385811 0.000000 0.922578
vn -0.371331 0.000000 0.928501
vn -0.371331 0.000000 0.928501
vn -0.385811 0.000000 0.922578
vn -0.371331 0.000000 0.928501
vn -0.385811 0.000000 0.922578
vn -0.371331 0.000000 0.928501
vn -0.385811 0.000000 0.922578
vn -0.371331 0.000000 0.928501
vn -0.385811 0.000000 0.922578
vn -0.371331 0.000000 0.928501
vn -0.385811 0.000000 0.922578
vn -0.373247 -0.130406 0.918521
vn -0.347694 0.057777 0.935826
vn -0.359220 0.000000 0.933253
vn -0.345326 0.000000 0.938483
vn -0.359220 0.000000 0.933253
vn -0.345326 0.000000 0.938483
vn -0.359220 0.000000 0.933253
vn -0.345326 0.000000 0.938483
vn -0.359220 0.000000 0.933253
vn -0.345326 0.000000 0.938483
vn -0.359220 0.000000 0.933253
vn -0.345326 0.000000 0.938483
vn -0.359220 0.000000 0.933253
vn -0.345326 0.000000 0.938483
vn -0.359220 0.000000 0.933253
vn -0.345326 0.000000 0.938483
vn -0.345326 0.000000 0.938483
vn -0.359220 0.000000 0.933253
vn -0.345326 0.000000 0.938483
vn -0.359220 0.000000 0.933253
vn -0.345326 0.000000 0.938483
vn -0.359220 0.000000 0.933253
vn -0.345326 0.000000 0.938483
vn -0.359220 0.000000 0.933253
vn -0.346667 -0.096014 0.933061
vn -0.345326 0.000000 0.938483
vn -0.359220 0.000000 0.933253
vn -0.334305 0.000000 0.942465
vn -0.334305 0.000000 0.942465
vn -0.334305 0.000000 0.942465
vn -0.334305 0.000000 0.942465
vn -0.334305 0.000000 0.942465
vn -0.334305 0.000000 0.942465
vn -0.334305 0.000000 0.942465
vn -0.334305 0.000000 0.942465
vn -0.334305 0.000000 0.942465
vn -0.334305 0.000000 0.942465
vn -0.334305 0.000000 0.942465
vn -0.334305 0.000000 0.942465
vn -0.334305 0.000000 0.942465
vn -0.334305 0.000000 0.942465
vn -0.310984 0.252757 0.916189
vn -0.323100 0.046550 0.945219
vn -0.323451 0.000000 0.946245
vn -0.310940 0.000000 0.950430
vn -0.323451 0.000000 0.946245
vn -0.323451 0.000000 0.946245
vn -0.323451 0.000000 0.946245
vn -0.310940 0.000000 0.950430
vn -0.323451 0.000000 0.946245
vn -0.323451 0.000000 0.946245
vn -0.323451 0.000000 0.946245
vn -0.310940 0.000000 0.950430
vn -0.310940 0.000000 0.950430
vn -0.323451 0.000000 0.946245
vn -0.310940 0.000000 0.950430
vn -0.323451 0.000000 0.946245
vn -0.323451 0.000000 0.946245
vn -0.323451 0.000000 0.946245
vn -0.310940 0.000000 0.950430
vn -0.323451 0.000000 0.946245
vn -0.310940 0.000000 0.950430
vn -0.310940 0.000000 0.950430
vn -0.323451 0.000000 0.946245
vn -0.323451 0.000000 0.946245
vn -0.310940 0.000000 0.950430
vn -0.323451 0.000000 0.946245
vn -0.323451 0.000000 0.946245
vn -0.323451 0.000000 0.946245
vn -0.310940 0.000000 0.950430
vn -0.323451 0.000000 0.946245
vn -0.323451 0.000000 0.946245
vn -0.310940 0.000000 0.950430
vn -0.323451 0.000000 0.946245
vn -0.310940 0.000000 0.950430
vn -0.323451 0.000000 0.946245
vn -0.323451 0.000000 0.946245
vn -0.323451 0.000000 0.946245
vn -0.310940 0.000000 0.950430
vn -0.323451 0.000000 0.946245
vn -0.323451 0.000000 0.946245
vn -0.320208 -0.086783 0.943364
vn -0.310940 0.000000 0.950430
vn -0.323451 0.000000 0.946245
vn -0.323412 -0.015537 0.946131
vn -0.274479 0.028358 0.961175
vn -0.281207 0.000000 0.959647
vn -0.270735 0.000000 0.962654
vn -0.281207 0.000000 0.959647
vn -0.281207 0.000000 0.959647
vn -0.270735 0.000000 0.962654
vn -0.270735 0.000000 0.962654
vn -0.270735 0.000000 0.962654
vn -0.281208 0.000000 0.959647
vn -0.270735 0.000000 0.962654
vn -0.281207 0.000000 0.959647
vn -0.270735 0.000000 0.962654
vn -0.281208 0.000000 0.959647
vn -0.270735 0.000000 0.962654
vn -0.281207 0.000000 0.959647
vn -0.270735 0.000000 0.962654
vn -0.281207 0.000000 0.959647
vn -0.273116 -0.103466 0.956401
vn -0.270735 0.000000 0.962654
vn -0.281207 0.000000 0.959647
vn -0.707108 0.000000 -0.707106
vn -0.707108 0.000000 -0.707106
vn -0.707106 0.000000 0.707107
vn -0.707106 0.000000 0.707107
vn -0.239852 0.000000 -0.970810
vn -0.239852 0.000000 -0.970810
vn -0.290616 0.000000 -0.956840
vn -0.290616 0.000000 -0.956840
vn -0.362193 0.000000 -0.932103
vn -0.362193 0.000000 -0.932103
vn -0.459419 0.000000 -0.888219
vn -0.459419 0.000000 -0.888219
vn -0.573823 0.000000 -0.818980
vn -0.685435 -0.000000 -0.728134
vn -0.573823 0.000000 -0.818980
vn -0.685435 0.000000 -0.728134
vn -0.782030 0.000000 -0.623241
vn -0.782030 0.000000 -0.623241
vn -0.012271 0.077104 -0.996948
vn -0.007465 0.000000 -0.999972
vn -0.013260 -0.000000 -0.999912
vn -0.007465 0.000000 -0.999972
vn -0.013260 -0.000000 -0.999912
vn -0.007465 0.000000 -0.999972
vn -0.013260 -0.000000 -0.999912
vn -0.007465 0.000000 -0.999972
vn -0.013260 -0.000000 -0.999912
vn -0.007465 0.000000 -0.999972
vn -0.013260 -0.000000 -0.999912
vn -0.007465 0.000000 -0.999972
vn -0.013260 -0.000000 -0.999912
vn -0.007465 0.000000 -0.999972
vn -0.013260 -0.000000 -0.999912
vn -0.007465 0.000000 -0.999972
vn -0.013260 -0.000000 -0.999912
vn -0.013260 -0.000000 -0.999912
vn -0.007465 0.000000 -0.999972
vn -0.013260 -0.000000 -0.999912
vn -0.007465 0.000000 -0.999972
vn -0.013260 -0.000000 -0.999912
vn -0.007465 0.000000 -0.999972
vn -0.013260 -0.000000 -0.999912
vn -0.007465 0.000000 -0.999972
vn -0.007465 0.000000 -0.999972
vn -0.013260 -0.000000 -0.999912
vn -0.012287 -0.057918 -0.998246
vn -0.007465 0.000000 -0.999972
vn -0.013260 -0.000000 -0.999912
vn -0.024665 0.051934 -0.998346
vn -0.021042 0.000000 -0.999779
vn -0.027559 -0.000000 -0.999620
vn -0.021042 0.000000 -0.999779
vn -0.027559 -0.000000 -0.999620
vn -0.021042 0.000000 -0.999779
vn -0.027559 -0.000000 -0.999620
vn -0.021042 0.000000 -0.999779
vn -0.027559 -0.000000 -0.999620
vn -0.021042 0.000000 -0.999779
vn -0.027559 -0.000000 -0.999620
vn -0.021042 0.000000 -0.999779
vn -0.027559 -0.000000 -0.999620
vn -0.027559 -0.000000 -0.999620
vn -0.021042 0.000000 -0.999779
vn -0.027559 -0.000000 -0.999620
vn -0.021042 0.000000 -0.999779
vn -0.027559 -0.000000 -0.999620
vn -0.021042 0.000000 -0.999779
vn -0.027559 -0.000000 -0.999620
vn -0.021042 0.000000 -0.999779
vn -0.024531 -0.116230 -0.992919
vn -0.027559 -0.000000 -0.999620
vn -0.021042 0.000000 -0.999779
vn -0.037878 0.019022 -0.999101
vn -0.036514 0.000000 -0.999333
vn -0.043314 -0.000000 -0.999062
vn -0.036514 0.000000 -0.999333
vn -0.043314 -0.000000 -0.999061
vn -0.036514 0.000000 -0.999333
vn -0.043314 -0.000000 -0.999062
vn -0.043314 -0.000000 -0.999062
vn -0.036514 0.000000 -0.999333
vn -0.043314 -0.000000 -0.999061
vn -0.036514 0.000000 -0.999333
vn -0.043314 -0.000000 -0.999062
vn -0.036514 0.000000 -0.999333
vn -0.043314 -0.000000 -0.999062
vn -0.036514 0.000000 -0.999333
vn -0.037789 -0.071171 -0.996748
vn -0.043314 -0.000000 -0.999062
vn -0.036514 0.000000 -0.999333
vn -0.051862 0.040010 -0.997852
vn -0.048603 0.000000 -0.998818
vn -0.055999 -0.000000 -0.998431
vn -0.048603 0.000000 -0.998818
vn -0.055999 -0.000000 -0.998431
vn -0.048603 0.000000 -0.998818
vn -0.055999 -0.000000 -0.998431
vn -0.048603 0.000000 -0.998818
vn -0.055999 -0.000000 -0.998431
vn -0.055999 -0.000000 -0.998431
vn -0.048603 0.000000 -0.998818
vn -0.055999 -0.000000 -0.998431
vn -0.048603 0.000000 -0.998818
vn -0.055999 -0.000000 -0.998431
vn -0.048603 0.000000 -0.998818
vn -0.055999 -0.000000 -0.998431
vn -0.048603 0.000000 -0.998818
vn -0.055999 -0.000000 -0.998431
vn -0.048603 0.000000 -0.998818
vn -0.051592 -0.109467 -0.992651
vn -0.055999 -0.000000 -0.998431
vn -0.048603 0.000000 -0.998818
vn -0.067660 0.060885 -0.995849
vn -0.062349 0.000000 -0.998054
vn -0.070869 -0.000000 -0.997486
vn -0.062349 0.000000 -0.998054
vn -0.070869 -0.000000 -0.997486
vn -0.070869 -0.000000 -0.997486
vn -0.062349 0.000000 -0.998054
vn -0.070869 -0.000000 -0.997486
vn -0.062349 0.000000 -0.998054
vn -0.070869 -0.000000 -0.997486
vn -0.062349 0.000000 -0.998054
vn -0.062349 0.000000 -0.998054
vn -0.070869 -0.000000 -0.997486
vn -0.070869 -0.000000 -0.997486
vn -0.062349 0.000000 -0.998054
vn -0.070869 -0.000000 -0.997486
vn -0.062349 0.000000 -0.998054
vn -0.070869 -0.000000 -0.997486
vn -0.062349 0.000000 -0.998054
vn -0.070869 -0.000000 -0.997486
vn -0.062349 0.000000 -0.998054
vn -0.070869 -0.000000 -0.997486
vn -0.062349 0.000000 -0.998054
vn -0.067403 -0.106156 -0.992062
vn -0.070869 -0.000000 -0.997486
vn -0.062349 0.000000 -0.998054
vn -0.085888 0.067433 -0.994020
vn -0.079006 0.000000 -0.996874
vn -0.088468 -0.000000 -0.996079
vn -0.079006 0.000000 -0.996874
vn -0.088468 -0.000000 -0.996079
vn -0.079006 0.000000 -0.996874
vn -0.088468 -0.000000 -0.996079
vn -0.079006 0.000000 -0.996874
vn -0.088468 -0.000000 -0.996079
vn -0.079006 0.000000 -0.996874
vn -0.088468 -0.000000 -0.996079
vn -0.079006 0.000000 -0.996874
vn -0.088468 -0.000000 -0.996079
vn -0.079006 0.000000 -0.996874
vn -0.088468 -0.000000 -0.996079
vn -0.079006 0.000000 -0.996874
vn -0.088468 -0.000000 -0.996079
vn -0.088468 -0.000000 -0.996079
vn -0.079006 0.000000 -0.996874
vn -0.088468 -0.000000 -0.996079
vn -0.079006 0.000000 -0.996874
vn -0.088468 -0.000000 -0.996079
vn -0.079006 0.000000 -0.996874
vn -0.088468 -0.000000 -0.996079
vn -0.079006 0.000000 -0.996874
vn -0.085778 -0.084191 -0.992751
vn -0.088468 -0.000000 -0.996079
vn -0.079006 0.000000 -0.996874
vn -0.106902 0.073573 -0.991544
vn -0.098963 0.000000 -0.995091
vn -0.110249 -0.000000 -0.993904
vn -0.098963 0.000000 -0.995091
vn -0.110249 -0.000000 -0.993904
vn -0.098963 0.000000 -0.995091
vn -0.110249 -0.000000 -0.993904
vn -0.098963 0.000000 -0.995091
vn -0.110249 -0.000000 -0.993904
vn -0.098963 0.000000 -0.995091
vn -0.110249 -0.000000 -0.993904
vn -0.098963 0.000000 -0.995091
vn -0.110249 -0.000000 -0.993904
vn -0.098963 0.000000 -0.995091
vn -0.110249 -0.000000 -0.993904
vn -0.110249 -0.000000 -0.993904
vn -0.098963 0.000000 -0.995091
vn -0.110249 -0.000000 -0.993904
vn -0.098963 0.000000 -0.995091
vn -0.110249 -0.000000 -0.993904
vn -0.098963 0.000000 -0.995091
vn -0.110249 -0.000000 -0.993904
vn -0.098963 0.000000 -0.995091
vn -0.110249 -0.000000 -0.993904
vn -0.098963 0.000000 -0.995091
vn -0.110249 -0.000000 -0.993904
vn -0.098963 0.000000 -0.995091
vn -0.106740 -0.091835 -0.990037
vn -0.132439 0.054798 -0.989675
vn -0.125193 0.000000 -0.992132
vn -0.139305 -0.000000 -0.990250
vn -0.125193 0.000000 -0.992132
vn -0.139305 -0.000000 -0.990250
vn -0.125193 0.000000 -0.992132
vn -0.139305 -0.000000 -0.990250
vn -0.125193 0.000000 -0.992132
vn -0.139305 -0.000000 -0.990250
vn -0.125193 0.000000 -0.992132
vn -0.139305 -0.000000 -0.990250
vn -0.125193 0.000000 -0.992132
vn -0.139305 -0.000000 -0.990250
vn -0.139305 -0.000000 -0.990250
vn -0.125193 0.000000 -0.992132
vn -0.139305 -0.000000 -0.990250
vn -0.125193 0.000000 -0.992132
vn -0.139305 -0.000000 -0.990250
vn -0.125193 0.000000 -0.992132
vn -0.139305 -0.000000 -0.990250
vn -0.125193 0.000000 -0.992132
vn -0.131638 -0.122564 -0.983692
vn -0.139305 -0.000000 -0.990250
vn -0.125193 0.000000 -0.992132
vn -0.162964 0.049370 -0.985396
vn -0.150648 0.000000 -0.988588
vn -0.166205 -0.000000 -0.986091
vn -0.150648 0.000000 -0.988587
vn -0.166205 -0.000000 -0.986091
vn -0.150648 0.000000 -0.988588
vn -0.166205 -0.000000 -0.986091
vn -0.150648 0.000000 -0.988587
vn -0.166205 -0.000000 -0.986091
vn -0.150648 0.000000 -0.988587
vn -0.166205 -0.000000 -0.986091
vn -0.150648 0.000000 -0.988588
vn -0.166205 -0.000000 -0.986091
vn -0.150648 0.000000 -0.988588
vn -0.166205 -0.000000 -0.986091
vn -0.150648 0.000000 -0.988587
vn -0.166205 -0.000000 -0.986091
vn -0.166205 -0.000000 -0.986091
vn -0.150648 0.000000 -0.988588
vn -0.166205 -0.000000 -0.986091
vn -0.150648 0.000000 -0.988587
vn -0.166205 -0.000000 -0.986091
vn -0.150648 0.000000 -0.988588
vn -0.166205 -0.000000 -0.986091
vn -0.150648 0.000000 -0.988588
vn -0.162852 -0.061676 -0.984721
vn -0.166205 -0.000000 -0.986091
vn -0.150648 0.000000 -0.988587
vn -0.199697 0.072565 -0.977167
vn -0.183420 0.000000 -0.983035
vn -0.203065 -0.000000 -0.979165
vn -0.183420 0.000000 -0.983035
vn -0.203065 -0.000000 -0.979165
vn -0.183420 0.000000 -0.983035
vn -0.203065 -0.000000 -0.979165
vn -0.183421 0.000000 -0.983035
vn -0.203065 -0.000000 -0.979165
vn -0.183420 0.000000 -0.983035
vn -0.203065 -0.000000 -0.979165
vn -0.183420 0.000000 -0.983035
vn -0.203065 -0.000000 -0.979165
vn -0.203065 -0.000000 -0.979165
vn -0.183420 0.000000 -0.983034
vn -0.203065 -0.000000 -0.979165
vn -0.183420 0.000000 -0.983035
vn -0.203065 -0.000000 -0.979165
vn -0.183421 0.000000 -0.983035
vn -0.203065 -0.000000 -0.979165
vn -0.183420 0.000000 -0.983035
vn -0.203065 -0.000000 -0.979165
vn -0.183420 0.000000 -0.983035
vn -0.203065 -0.000000 -0.979165
vn -0.183420 0.000000 -0.983035
vn -0.203065 -0.000000 -0.979165
vn -0.183421 0.000000 -0.983035
vn -0.199928 -0.054500 -0.978294
vn -0.203065 -0.000000 -0.979165
vn -0.183420 0.000000 -0.983035
vn 0.999991 0.000000 -0.004165
vn 0.999991 0.000000 -0.004165
vn -0.004164 0.000000 -0.999991
vn -0.004164 0.000000 -0.999991
vn -0.999991 0.000000 0.004165
vn -0.999991 0.000000 0.004165
vn 0.010570 0.000000 -0.999944
vn 0.010570 0.000000 -0.999944
vn 0.066967 0.046119 -0.996689
vn 0.068599 0.000000 -0.997644
vn 0.066510 0.000000 -0.997786
vn 0.068599 0.000000 -0.997644
vn 0.066510 0.000000 -0.997786
vn 0.068599 0.000000 -0.997644
vn 0.066510 0.000000 -0.997786
vn 0.066510 0.000000 -0.997786
vn 0.068599 0.000000 -0.997644
vn 0.068599 0.000000 -0.997644
vn 0.066510 0.000000 -0.997786
vn 0.068599 0.000000 -0.997644
vn 0.066510 0.000000 -0.997786
vn 0.068599 0.000000 -0.997644
vn 0.066510 0.000000 -0.997786
vn 0.066510 0.000000 -0.997786
vn 0.068599 0.000000 -0.997644
vn 0.068599 0.000000 -0.997644
vn 0.066510 0.000000 -0.997786
vn 0.066510 0.000000 -0.997786
vn 0.068599 0.000000 -0.997644
vn 0.066510 0.000000 -0.997786
vn 0.068599 0.000000 -0.997644
vn 0.066510 0.000000 -0.997786
vn 0.068599 0.000000 -0.997644
vn 0.066927 -0.057620 -0.996093
vn 0.066510 0.000000 -0.997786
vn 0.068599 0.000000 -0.997644
vn 0.061431 0.053943 -0.996653
vn 0.063100 0.000000 -0.998007
vn 0.059764 0.000000 -0.998213
vn 0.063100 0.000000 -0.998007
vn 0.059764 0.000000 -0.998213
vn 0.063100 0.000000 -0.998007
vn 0.059764 0.000000 -0.998213
vn 0.063100 0.000000 -0.998007
vn 0.059764 0.000000 -0.998213
vn 0.063100 0.000000 -0.998007
vn 0.059764 0.000000 -0.998213
vn 0.059764 0.000000 -0.998213
vn 0.063100 0.000000 -0.998007
vn 0.059764 0.000000 -0.998213
vn 0.063100 0.000000 -0.998007
vn 0.059764 0.000000 -0.998213
vn 0.063100 0.000000 -0.998007
vn 0.059764 0.000000 -0.998213
vn 0.063100 0.000000 -0.998007
vn 0.059764 0.000000 -0.998213
vn 0.063100 0.000000 -0.998007
vn 0.061071 -0.120675 -0.990812
vn 0.059764 0.000000 -0.998213
vn 0.063100 0.000000 -0.998007
vn 0.054390 0.004379 -0.998510
vn 0.054549 0.000000 -0.998511
vn 0.050657 0.000000 -0.998716
vn 0.054550 0.000000 -0.998511
vn 0.050657 0.000000 -0.998716
vn 0.050657 0.000000 -0.998716
vn 0.054549 0.000000 -0.998511
vn 0.050657 0.000000 -0.998716
vn 0.054549 0.000000 -0.998511
vn 0.050657 0.000000 -0.998716
vn 0.054549 0.000000 -0.998511
vn 0.050657 0.000000 -0.998716
vn 0.054550 0.000000 -0.998511
vn 0.054381 -0.018609 -0.998347
vn 0.050657 0.000000 -0.998716
vn 0.054549 0.000000 -0.998511
vn 0.046552 0.018442 -0.998746
vn 0.047346 0.000000 -0.998879
vn 0.043209 0.000000 -0.999066
vn 0.047346 0.000000 -0.998879
vn 0.043209 0.000000 -0.999066
vn 0.047346 0.000000 -0.998879
vn 0.043209 0.000000 -0.999066
vn 0.043209 0.000000 -0.999066
vn 0.047346 0.000000 -0.998879
vn 0.043209 0.000000 -0.999066
vn 0.047346 0.000000 -0.998879
vn 0.043209 0.000000 -0.999066
vn 0.047346 0.000000 -0.998879
vn 0.043209 0.000000 -0.999066
vn 0.047346 0.000000 -0.998879
vn 0.046449 -0.069011 -0.996534
vn 0.043209 0.000000 -0.999066
vn 0.047346 0.000000 -0.998879
vn 0.038098 0.026364 -0.998926
vn 0.039296 0.000000 -0.999228
vn 0.034911 0.000000 -0.999390
vn 0.039296 0.000000 -0.999228
vn 0.034911 0.000000 -0.999390
vn 0.039296 0.000000 -0.999228
vn 0.034911 0.000000 -0.999390
vn 0.034911 0.000000 -0.999390
vn 0.039296 0.000000 -0.999228
vn 0.034911 0.000000 -0.999390
vn 0.039296 0.000000 -0.999228
vn 0.034911 0.000000 -0.999390
vn 0.039296 0.000000 -0.999228
vn 0.034911 0.000000 -0.999390
vn 0.039296 0.000000 -0.999228
vn 0.034911 0.000000 -0.999390
vn 0.039296 0.000000 -0.999228
vn 0.037972 -0.085412 -0.995622
vn 0.034911 0.000000 -0.999390
vn 0.039296 0.000000 -0.999228
vn 0.029067 0.027790 -0.999191
vn 0.030444 0.000000 -0.999537
vn 0.025685 0.000000 -0.999670
vn 0.030444 0.000000 -0.999537
vn 0.025685 0.000000 -0.999670
vn 0.030444 0.000000 -0.999536
vn 0.025685 0.000000 -0.999670
vn 0.025685 0.000000 -0.999670
vn 0.030444 0.000000 -0.999536
vn 0.025685 0.000000 -0.999670
vn 0.030444 0.000000 -0.999536
vn 0.025685 0.000000 -0.999670
vn 0.030444 0.000000 -0.999537
vn 0.025685 0.000000 -0.999670
vn 0.030444 0.000000 -0.999536
vn 0.025685 0.000000 -0.999670
vn 0.030444 0.000000 -0.999536
vn 0.025685 0.000000 -0.999670
vn 0.030444 0.000000 -0.999536
vn 0.028960 -0.089997 -0.995521
vn 0.019385 0.023513 -0.999536
vn 0.020544 0.000000 -0.999789
vn 0.015553 0.000000 -0.999879
vn 0.020544 0.000000 -0.999789
vn 0.015553 0.000000 -0.999879
vn 0.020544 0.000000 -0.999789
vn 0.015553 0.000000 -0.999879
vn 0.020544 0.000000 -0.999789
vn 0.015553 0.000000 -0.999879
vn 0.020544 0.000000 -0.999789
vn 0.015553 0.000000 -0.999879
vn 0.015553 0.000000 -0.999879
vn 0.020544 0.000000 -0.999789
vn 0.015553 0.000000 -0.999879
vn 0.020544 0.000000 -0.999789
vn 0.015553 0.000000 -0.999879
vn 0.020544 0.000000 -0.999789
vn 0.019334 -0.076226 -0.996903
vn 0.015553 0.000000 -0.999879
vn 0.020544 0.000000 -0.999789
vn 0.002495 0.032188 -0.999479
vn 0.005881 0.000000 -0.999983
vn 0.001678 0.000000 -0.999999
vn 0.001678 0.000000 -0.999999
vn 0.005881 0.000000 -0.999983
vn 0.001678 0.000000 -0.999999
vn 0.005881 0.000000 -0.999983
vn 0.001678 0.000000 -0.999999
vn 0.005881 0.000000 -0.999983
vn 0.001678 0.000000 -0.999999
vn 0.005881 0.000000 -0.999983
vn 0.001678 0.000000 -0.999999
vn 0.001678 0.000000 -0.999999
vn 0.005881 0.000000 -0.999983
vn 0.005881 0.000000 -0.999983
vn 0.005881 0.000000 -0.999983
vn 0.001678 0.000000 -0.999999
vn 0.001678 0.000000 -0.999999
vn 0.005881 0.000000 -0.999983
vn 0.001678 0.000000 -0.999999
vn 0.005881 0.000000 -0.999983
vn 0.001678 0.000000 -0.999999
vn 0.005881 0.000000 -0.999983
vn 0.001678 0.000000 -0.999999
vn 0.005881 0.000000 -0.999983
vn 0.002495 -0.040227 -0.999188
vn 0.001678 0.000000 -0.999999
vn 0.005881 0.000000 -0.999983
vn 0.997594 -0.000000 0.069321
vn 0.997594 0.000000 0.069321
vn 0.069323 0.000000 -0.997594
vn 0.069323 0.000000 -0.997594
vn -0.997594 0.000000 -0.069323
vn -0.997594 0.000000 -0.069323
vn 0.011549 0.000000 -0.999933
vn 0.011549 0.000000 -0.999933
vn 0.069231 0.000000 -0.997601
vn 0.069231 0.000000 -0.997601
vn -0.001080 -0.005693 -0.999983
vn -0.001276 0.000000 -0.999999
vn 0.005374 0.000000 -0.999986
vn -0.001276 0.000000 -0.999999
vn 0.005374 0.000000 -0.999986
vn -0.001276 0.000000 -0.999999
vn 0.005374 0.000000 -0.999986
vn -0.001276 0.000000 -0.999999
vn 0.005374 0.000000 -0.999986
vn -0.001276 0.000000 -0.999999
vn 0.005374 0.000000 -0.999986
vn 0.005374 0.000000 -0.999986
vn -0.001276 0.000000 -0.999999
vn 0.005374 0.000000 -0.999986
vn -0.001276 0.000000 -0.999999
vn -0.001276 0.000000 -0.999999
vn 0.005374 0.000000 -0.999986
vn 0.005374 0.000000 -0.999986
vn -0.001276 0.000000 -0.999999
vn 0.005374 0.000000 -0.999986
vn -0.001276 0.000000 -0.999999
vn -0.001080 0.012809 -0.999917
vn 0.005374 0.000000 -0.999986
vn -0.001276 0.000000 -0.999999
vn 0.023176 -0.077049 -0.996758
vn 0.019151 0.000000 -0.999817
vn 0.025006 0.000000 -0.999687
vn 0.019151 0.000000 -0.999817
vn 0.025006 0.000000 -0.999687
vn 0.019151 0.000000 -0.999817
vn 0.025006 0.000000 -0.999687
vn 0.019151 0.000000 -0.999817
vn 0.025006 0.000000 -0.999687
vn 0.019151 0.000000 -0.999817
vn 0.025006 0.000000 -0.999687
vn 0.019151 0.000000 -0.999817
vn 0.025006 0.000000 -0.999687
vn 0.019151 0.000000 -0.999817
vn 0.025006 0.000000 -0.999687
vn 0.025006 0.000000 -0.999687
vn 0.019151 0.000000 -0.999817
vn 0.025006 0.000000 -0.999687
vn 0.019151 0.000000 -0.999817
vn 0.025006 0.000000 -0.999687
vn 0.019151 0.000000 -0.999817
vn 0.025006 0.000000 -0.999687
vn 0.019151 0.000000 -0.999817
vn 0.025006 0.000000 -0.999687
vn 0.019151 0.000000 -0.999817
vn 0.023138 0.096159 -0.995097
vn 0.025006 0.000000 -0.999687
vn 0.019151 0.000000 -0.999817
vn 0.034175 -0.040477 -0.998596
vn 0.031277 0.000000 -0.999511
vn 0.036491 0.000000 -0.999334
vn 0.031277 0.000000 -0.999511
vn 0.036491 0.000000 -0.999334
vn 0.031277 0.000000 -0.999511
vn 0.036491 0.000000 -0.999334
vn 0.031277 0.000000 -0.999511
vn 0.036491 0.000000 -0.999334
vn 0.031277 0.000000 -0.999511
vn 0.036491 0.000000 -0.999334
vn 0.036491 0.000000 -0.999334
vn 0.031277 0.000000 -0.999511
vn 0.036491 0.000000 -0.999334
vn 0.031277 0.000000 -0.999511
vn 0.036491 0.000000 -0.999334
vn 0.031277 0.000000 -0.999511
vn 0.036491 0.000000 -0.999334
vn 0.031277 0.000000 -0.999511
vn 0.033993 0.110732 -0.993269
vn 0.036491 0.000000 -0.999334
vn 0.031277 0.000000 -0.999511
vn 0.044029 -0.049577 -0.997799
vn 0.041560 0.000000 -0.999136
vn 0.046245 0.000000 -0.998930
vn 0.041560 0.000000 -0.999136
vn 0.046245 0.000000 -0.998930
vn 0.041560 0.000000 -0.999136
vn 0.046245 0.000000 -0.998930
vn 0.041560 0.000000 -0.999136
vn 0.046245 0.000000 -0.998930
vn 0.041560 0.000000 -0.999136
vn 0.046245 0.000000 -0.998930
vn 0.041560 0.000000 -0.999136
vn 0.046245 0.000000 -0.998930
vn 0.046245 0.000000 -0.998930
vn 0.041560 0.000000 -0.999136
vn 0.046245 0.000000 -0.998930
vn 0.041560 0.000000 -0.999136
vn 0.046245 0.000000 -0.998930
vn 0.041560 0.000000 -0.999136
vn 0.046245 0.000000 -0.998930
vn 0.041560 0.000000 -0.999136
vn 0.043811 0.111009 -0.992853
vn 0.046245 0.000000 -0.998930
vn 0.041560 0.000000 -0.999136
vn 0.052825 -0.038389 -0.997866
vn 0.050308 0.000000 -0.998734
vn 0.054461 0.000000 -0.998516
vn 0.050308 0.000000 -0.998734
vn 0.054461 0.000000 -0.998516
vn 0.050308 0.000000 -0.998734
vn 0.054461 0.000000 -0.998516
vn 0.050308 0.000000 -0.998734
vn 0.054461 0.000000 -0.998516
vn 0.054461 0.000000 -0.998516
vn 0.050308 0.000000 -0.998734
vn 0.054461 0.000000 -0.998516
vn 0.050308 0.000000 -0.998734
vn 0.054461 0.000000 -0.998516
vn 0.050308 0.000000 -0.998734
vn 0.054461 0.000000 -0.998516
vn 0.050308 0.000000 -0.998734
vn 0.054461 0.000000 -0.998516
vn 0.050308 0.000000 -0.998734
vn 0.050308 0.000000 -0.998734
vn 0.052572 0.105077 -0.993073
vn 0.054461 0.000000 -0.998516
vn 0.060293 -0.059465 -0.996408
vn 0.057627 0.000000 -0.998338
vn 0.061167 0.000000 -0.998128
vn 0.061167 0.000000 -0.998128
vn 0.057627 0.000000 -0.998338
vn 0.061167 0.000000 -0.998128
vn 0.057627 0.000000 -0.998338
vn 0.061167 0.000000 -0.998128
vn 0.057627 0.000000 -0.998338
vn 0.061167 0.000000 -0.998128
vn 0.057628 0.000000 -0.998338
vn 0.061167 0.000000 -0.998128
vn 0.057627 0.000000 -0.998338
vn 0.057627 0.000000 -0.998338
vn 0.061167 0.000000 -0.998128
vn 0.061167 0.000000 -0.998128
vn 0.057627 0.000000 -0.998338
vn 0.061167 0.000000 -0.998128
vn 0.057627 0.000000 -0.998338
vn 0.061167 0.000000 -0.998128
vn 0.057627 0.000000 -0.998338
vn 0.061167 0.000000 -0.998128
vn 0.057627 0.000000 -0.998338
vn 0.061167 0.000000 -0.998128
vn 0.057627 0.000000 -0.998338
vn 0.060233 0.074264 -0.995418
vn 0.061167 0.000000 -0.998128
vn 0.057627 0.000000 -0.998338
vn 0.065795 -0.008522 -0.997797
vn 0.065439 0.000000 -0.997857
vn 0.067386 0.000000 -0.997727
vn 0.065439 0.000000 -0.997857
vn 0.067386 0.000000 -0.997727
vn 0.065439 0.000000 -0.997857
vn 0.067386 0.000000 -0.997727
vn 0.067386 0.000000 -0.997727
vn 0.065439 0.000000 -0.997857
vn 0.067386 0.000000 -0.997727
vn 0.065439 0.000000 -0.997857
vn 0.067386 0.000000 -0.997727
vn 0.065439 0.000000 -0.997857
vn 0.067386 0.000000 -0.997727
vn 0.065439 0.000000 -0.997857
vn 0.065764 0.031944 -0.997324
vn 0.067386 0.000000 -0.997727
vn 0.065439 0.000000 -0.997857
vn 0.070558 0.000000 -0.997508
vn 0.070558 0.000000 -0.997508
vn 0.070558 0.000000 -0.997508
vn 0.070558 0.000000 -0.997508
vn 0.070558 0.000000 -0.997508
vn 0.070558 0.000000 -0.997508
vn 0.070558 0.000000 -0.997508
vn 0.070558 0.000000 -0.997508
vn 0.070387 0.075276 -0.994675
vn 0.070674 -0.001006 -0.997499
vn 0.069811 0.000000 -0.997560
vn 0.070693 0.000000 -0.997498
vn 0.070693 0.000000 -0.997498
vn 0.069811 0.000000 -0.997560
vn 0.070693 0.000000 -0.997498
vn 0.069811 0.000000 -0.997560
vn 0.070693 0.000000 -0.997498
vn 0.069811 0.000000 -0.997560
vn 0.069811 0.000000 -0.997560
vn 0.070693 0.000000 -0.997498
vn 0.069811 0.000000 -0.997560
vn 0.070693 0.000000 -0.997498
vn 0.070693 0.000000 -0.997498
vn 0.069811 0.000000 -0.997560
vn 0.070693 0.000000 -0.997498
vn 0.069811 0.000000 -0.997560
vn 0.069811 0.000000 -0.997560
vn 0.070693 0.000000 -0.997498
vn 0.070693 0.000000 -0.997498
vn 0.070693 0.000000 -0.997498
vn 0.069811 0.000000 -0.997560
vn 0.069811 0.000000 -0.997560
vn 0.070693 0.000000 -0.997498
vn 0.070693 0.000000 -0.997498
vn 0.069811 0.000000 -0.997560
vn 0.070693 0.000000 -0.997498
vn 0.070693 0.000000 -0.997498
vn 0.070693 0.000000 -0.997498
vn 0.069811 0.000000 -0.997560
vn 0.070693 0.000000 -0.997498
vn 0.070693 0.000000 -0.997498
vn 0.069811 0.000000 -0.997560
vn 0.070693 0.000000 -0.997498
vn 0.069811 0.000000 -0.997560
vn 0.070693 0.000000 -0.997498
vn 0.070693 0.000000 -0.997498
vn 0.070387 -0.075321 -0.994672
vn 0.069811 0.000000 -0.997560
vn 0.070693 0.000000 -0.997498
vn 0.070677 0.003879 -0.997492
vn 0.999931 0.000000 -0.011720
vn 0.999931 0.000000 -0.011720
vn -0.011723 0.000000 -0.999931
vn -0.011723 0.000000 -0.999931
vn -0.737277 0.000000 0.675591
vn -0.737277 0.000000 0.675591
vn -0.793353 0.000000 0.608761
vn -0.793353 0.000000 0.608761
vn -0.843391 0.000000 0.537300
vn -0.843391 0.000000 0.537300
vn -0.887011 0.000000 0.461749
vn -0.887011 0.000000 0.461749
vn -0.923880 0.000000 0.382683
vn -0.953717 0.000000 0.300706
vn -0.923880 0.000000 0.382683
vn -0.953717 0.000000 0.300706
vn -0.976296 0.000000 0.216439
vn -0.976296 0.000000 0.216439
vn -0.991445 0.000000 0.130526
vn -0.999048 0.000000 0.043620
vn -0.991445 0.000000 0.130526
vn -0.999048 0.000000 0.043620
vn -0.999048 0.000000 -0.043620
vn -0.991445 -0.000000 -0.130526
vn -0.999048 -0.000000 -0.043620
vn -0.991445 0.000000 -0.130526
vn -0.976296 0.000000 -0.216439
vn -0.976296 0.000000 -0.216439
vn -0.953717 0.000000 -0.300706
vn -0.953717 0.000000 -0.300706
vn -0.923880 0.000000 -0.382683
vn -0.887011 -0.000000 -0.461749
vn -0.923880 0.000000 -0.382683
vn -0.887011 0.000000 -0.461749
vn -0.843391 0.000000 -0.537300
vn -0.843391 0.000000 -0.537300
vn -0.793353 0.000000 -0.608761
vn -0.793353 0.000000 -0.608761
vn -0.737277 0.000000 -0.675591
vn -0.737277 0.000000 -0.675591
vn -0.589070 0.000000 0.808082
vn -0.589070 0.000000 0.808082
vn -0.650756 0.000000 0.759287
vn -0.708417 0.000000 0.705794
vn -0.650756 0.000000 0.759287
vn -0.708417 0.000000 0.705794
vn 0.485983 -0.000000 0.873968
vn 0.485983 0.000000 0.873968
vn 0.410413 0.000000 0.911900
vn 0.410413 -0.000000 0.911900
vn 0.331907 0.000000 0.943312
vn 0.251030 0.000000 0.967979
vn 0.331907 -0.000000 0.943312
vn 0.251030 0.000000 0.967979
vn 0.168357 0.000000 0.985726
vn 0.168357 -0.000000 0.985726
vn 0.084481 0.000000 0.996425
vn 0.084481 -0.000000 0.996425
vn -0.000000 0.000000 1.000000
vn -0.084481 0.000000 0.996425
vn 0.000000 0.000000 1.000000
vn -0.084481 0.000000 0.996425
vn -0.168357 0.000000 0.985726
vn -0.168357 0.000000 0.985726
vn -0.251030 0.000000 0.967979
vn -0.251030 0.000000 0.967979
vn -0.331907 0.000000 0.943312
vn -0.331907 0.000000 0.943312
vn -0.410413 0.000000 0.911900
vn -0.485983 0.000000 0.873968
vn -0.410413 0.000000 0.911900
vn -0.485983 0.000000 0.873968
vn 0.708417 -0.000000 0.705794
vn 0.708417 0.000000 0.705794
vn 0.650756 0.000000 0.759287
vn 0.589070 0.000000 0.808082
vn 0.650756 -0.000000 0.759287
vn 0.589070 0.000000 0.808082
vn 0.737277 0.000000 -0.675591
vn 0.737277 0.000000 -0.675591
vn 0.793353 0.000000 -0.608761
vn 0.793353 0.000000 -0.608761
vn 0.843391 0.000000 -0.537300
vn 0.843391 0.000000 -0.537300
vn 0.887011 0.000000 -0.461749
vn 0.887011 0.000000 -0.461749
vn 0.923880 0.000000 -0.382683
vn 0.953717 0.000000 -0.300706
vn 0.923880 0.000000 -0.382683
vn 0.976296 0.000000 -0.216439
vn 0.953717 0.000000 -0.300706
vn 0.976296 0.000000 -0.216439
vn 0.991445 0.000000 -0.130526
vn 0.999048 0.000000 -0.043620
vn 0.991445 0.000000 -0.130526
vn 0.999048 0.000000 -0.043620
vn 0.999048 0.000000 0.043620
vn 0.991445 0.000000 0.130526
vn 0.999048 0.000000 0.043620
vn 0.991445 0.000000 0.130526
vn 0.976296 0.000000 0.216439
vn 0.953717 0.000000 0.300706
vn 0.976296 -0.000000 0.216439
vn 0.953717 0.000000 0.300706
vn 0.923880 0.000000 0.382683
vn 0.887011 0.000000 0.461749
vn 0.923880 -0.000000 0.382683
vn 0.887011 0.000000 0.461749
vn 0.843391 -0.000000 0.537300
vn 0.843391 0.000000 0.537300
vn 0.793353 -0.000000 0.608761
vn 0.793353 0.000000 0.608761
vn 0.737277 0.000000 0.675591
vn 0.737277 0.000000 0.675591
vn 0.589070 0.000000 -0.808082
vn 0.589070 0.000000 -0.808082
vn 0.650756 0.000000 -0.759287
vn 0.650756 0.000000 -0.759287
vn 0.708417 0.000000 -0.705794
vn 0.708417 0.000000 -0.705794
vn -0.485983 -0.000000 -0.873968
vn -0.485983 0.000000 -0.873968
vn -0.410413 0.000000 -0.911900
vn -0.410413 0.000000 -0.911900
vn -0.331907 0.000000 -0.943312
vn -0.251030 -0.000000 -0.967979
vn -0.331907 0.000000 -0.943312
vn -0.168357 -0.000000 -0.985726
vn -0.251030 0.000000 -0.967979
vn -0.168357 0.000000 -0.985726
vn -0.084481 0.000000 -0.996425
vn -0.084481 0.000000 -0.996425
vn -0.000000 0.000000 -1.000000
vn 0.000000 0.000000 -1.000000
vn 0.084481 0.000000 -0.996425
vn 0.084481 0.000000 -0.996425
vn 0.168357 0.000000 -0.985726
vn 0.168357 0.000000 -0.985726
vn 0.251030 0.000000 -0.967979
vn 0.251030 0.000000 -0.967979
vn 0.331907 0.000000 -0.943312
vn 0.331907 0.000000 -0.943312
vn 0.410413 0.000000 -0.911900
vn 0.410413 0.000000 -0.911900
vn 0.485983 0.000000 -0.873968
vn 0.485983 0.000000 -0.873968
vn -0.708417 -0.000000 -0.705794
vn -0.708417 0.000000 -0.705794
vn -0.650756 0.000000 -0.759287
vn -0.650756 0.000000 -0.759287
vn -0.589070 0.000000 -0.808082
vn -0.589070 0.000000 -0.808082
vn -0.998102 0.000000 -0.061578
vn -0.998102 0.000000 -0.061578
vn -0.982974 0.000000 -0.183745
vn -0.982974 0.000000 -0.183745
vn -0.952943 0.000000 -0.303150
vn -0.952943 0.000000 -0.303150
vn -0.908466 0.000000 -0.417958
vn -0.908466 0.000000 -0.417958
vn -0.850217 -0.000000 -0.526433
vn -0.850217 0.000000 -0.526433
vn -0.779082 0.000000 -0.626922
vn -0.779082 0.000000 -0.626922
vn -0.696131 -0.000000 -0.717915
vn -0.696131 0.000000 -0.717915
vn -0.602636 0.000000 -0.798016
vn -0.602636 0.000000 -0.798016
vn -0.499999 0.000000 -0.866026
vn -0.499999 0.000000 -0.866026
vn -0.389786 0.000000 -0.920905
vn -0.389786 0.000000 -0.920905
vn -0.273664 0.000000 -0.961825
vn -0.273664 0.000000 -0.961825
vn -0.153392 0.000000 -0.988165
vn -0.153392 0.000000 -0.988165
vn -0.030795 -0.000000 -0.999526
vn -0.030795 0.000000 -0.999526
vn 0.092268 0.000000 -0.995734
vn 0.092268 0.000000 -0.995734
vn 0.213932 0.000000 -0.976849
vn 0.213932 0.000000 -0.976849
vn 0.332355 0.000000 -0.943154
vn 0.332355 0.000000 -0.943154
vn 0.445739 0.000000 -0.895163
vn 0.445739 0.000000 -0.895163
vn 0.552366 0.000000 -0.833602
vn 0.552366 0.000000 -0.833602
vn 0.650617 0.000000 -0.759406
vn 0.650617 0.000000 -0.759406
vn 0.739009 0.000000 -0.673696
vn 0.739009 0.000000 -0.673696
vn 0.816195 0.000000 -0.577776
vn 0.816195 0.000000 -0.577776
vn 0.881014 0.000000 -0.473091
vn 0.881014 0.000000 -0.473091
vn 0.932471 0.000000 -0.361244
vn 0.932471 0.000000 -0.361244
vn 0.969797 0.000000 -0.243914
vn 0.969797 0.000000 -0.243914
vn 0.992420 0.000000 -0.122890
vn 0.992420 0.000000 -0.122890
vn 1.000000 -0.000000 0.000000
vn 1.000000 0.000000 0.000000
vn 0.992420 -0.000000 0.122890
vn 0.992420 0.000000 0.122890
vn 0.969797 -0.000000 0.243914
vn 0.969797 0.000000 0.243914
vn 0.932471 -0.000000 0.361244
vn 0.932471 0.000000 0.361244
vn 0.881014 -0.000000 0.473091
vn 0.881014 0.000000 0.473091
vn 0.816195 -0.000000 0.577776
vn 0.816195 0.000000 0.577776
vn 0.739009 -0.000000 0.673696
vn 0.739009 0.000000 0.673696
vn 0.650617 -0.000000 0.759406
vn 0.650617 0.000000 0.759406
vn 0.552365 -0.000000 0.833602
vn 0.552365 0.000000 0.833602
vn 0.445740 -0.000000 0.895163
vn 0.445740 0.000000 0.895163
vn 0.332355 -0.000000 0.943154
vn 0.332355 0.000000 0.943154
vn 0.213932 -0.000000 0.976849
vn 0.213932 0.000000 0.976849
vn 0.092268 -0.000000 0.995734
vn 0.092268 0.000000 0.995734
vn -0.030795 0.000000 0.999526
vn -0.030795 0.000000 0.999526
vn -0.153392 0.000000 0.988165
vn -0.153392 0.000000 0.988165
vn -0.273664 0.000000 0.961825
vn -0.273664 0.000000 0.961825
vn -0.389786 0.000000 0.920905
vn -0.389786 0.000000 0.920905
vn -0.499999 0.000000 0.866026
vn -0.499999 0.000000 0.866026
vn -0.602636 0.000000 0.798016
vn -0.602636 0.000000 0.798016
vn -0.696131 0.000000 0.717915
vn -0.696131 0.000000 0.717915
vn -0.779082 0.000000 0.626922
vn -0.779082 0.000000 0.626922
vn -0.850217 0.000000 0.526433
vn -0.850217 0.000000 0.526433
vn -0.908466 0.000000 0.417958
vn -0.908466 0.000000 0.417958
vn -0.952943 0.000000 0.303150
vn -0.952943 0.000000 0.303150
vn -0.982974 0.000000 0.183745
vn -0.982974 0.000000 0.183745
vn -0.998102 0.000000 0.061578
vn -0.998102 0.000000 0.061578
vn -0.021903 0.000000 -0.999760
vn -0.021903 0.000000 -0.999760
vn -0.142713 -0.075025 -0.986917
vn -0.146282 0.000000 -0.989243
vn -0.134331 -0.000000 -0.990937
vn -0.146282 0.000000 -0.989243
vn -0.134331 -0.000000 -0.990937
vn -0.134331 -0.000000 -0.990937
vn -0.146282 0.000000 -0.989243
vn -0.146282 0.000000 -0.989243
vn -0.134331 -0.000000 -0.990937
vn -0.134331 -0.000000 -0.990937
vn -0.146282 0.000000 -0.989243
vn -0.146282 0.000000 -0.989243
vn -0.134331 -0.000000 -0.990937
vn -0.134331 -0.000000 -0.990937
vn -0.146282 0.000000 -0.989243
vn -0.134331 -0.000000 -0.990937
vn -0.146282 0.000000 -0.989243
vn -0.134331 -0.000000 -0.990937
vn -0.146282 0.000000 -0.989243
vn -0.134331 -0.000000 -0.990937
vn -0.146282 0.000000 -0.989243
vn -0.134331 -0.000000 -0.990937
vn -0.146282 0.000000 -0.989243
vn -0.134331 -0.000000 -0.990937
vn -0.146282 0.000000 -0.989243
vn -0.142488 0.093641 -0.985357
vn -0.134331 -0.000000 -0.990937
vn -0.146282 0.000000 -0.989243
vn -0.119164 -0.007120 -0.992849
vn -0.119216 0.000000 -0.992868
vn -0.107654 -0.000000 -0.994188
vn -0.119216 0.000000 -0.992868
vn -0.107654 -0.000000 -0.994188
vn -0.107654 -0.000000 -0.994188
vn -0.119216 0.000000 -0.992868
vn -0.107654 -0.000000 -0.994188
vn -0.119216 0.000000 -0.992868
vn -0.096120 0.000648 -0.995370
vn -0.107654 -0.000000 -0.994188
vn -0.119216 0.000000 -0.992868
vn -0.096164 -0.000000 -0.995366
vn -0.119216 0.000000 -0.992868
vn -0.119216 0.000000 -0.992868
vn -0.096164 -0.000000 -0.995366
vn -0.119216 0.000000 -0.992868
vn -0.096164 -0.000000 -0.995365
vn -0.119216 0.000000 -0.992868
vn -0.096164 -0.000000 -0.995366
vn -0.096164 -0.000000 -0.995366
vn -0.119216 0.000000 -0.992868
vn -0.119216 0.000000 -0.992868
vn -0.096164 -0.000000 -0.995366
vn -0.096120 -0.000713 -0.995370
vn -0.119216 0.000000 -0.992868
vn -0.096164 -0.000000 -0.995366
vn -0.119216 0.000000 -0.992868
vn -0.107654 -0.000000 -0.994188
vn -0.119216 0.000000 -0.992868
vn -0.107654 -0.000000 -0.994188
vn -0.107654 -0.000000 -0.994188
vn -0.119216 0.000000 -0.992868
vn -0.119164 0.007125 -0.992849
vn -0.107654 -0.000000 -0.994188
vn -0.119216 0.000000 -0.992868
vn -0.074660 -0.074386 -0.994431
vn -0.083970 0.000000 -0.996468
vn -0.073430 -0.000000 -0.997300
vn -0.083970 0.000000 -0.996468
vn -0.073430 -0.000000 -0.997300
vn -0.083970 0.000000 -0.996468
vn -0.073430 -0.000000 -0.997300
vn -0.083970 0.000000 -0.996468
vn -0.073430 -0.000000 -0.997300
vn -0.083970 0.000000 -0.996468
vn -0.073430 -0.000000 -0.997300
vn -0.083970 0.000000 -0.996468
vn -0.073430 -0.000000 -0.997300
vn -0.083970 0.000000 -0.996468
vn -0.083970 0.000000 -0.996468
vn -0.073430 -0.000000 -0.997300
vn -0.073430 -0.000000 -0.997300
vn -0.083970 0.000000 -0.996468
vn -0.073430 -0.000000 -0.997300
vn -0.073430 -0.000000 -0.997300
vn -0.083970 0.000000 -0.996468
vn -0.073430 -0.000000 -0.997300
vn -0.083970 0.000000 -0.996468
vn -0.073430 -0.000000 -0.997300
vn -0.083970 0.000000 -0.996468
vn -0.073430 -0.000000 -0.997300
vn -0.083970 0.000000 -0.996468
vn -0.074751 0.055871 -0.995636
vn -0.073430 -0.000000 -0.997300
vn -0.083970 0.000000 -0.996468
vn -0.054549 -0.084317 -0.994945
vn -0.063041 0.000000 -0.998011
vn -0.053170 -0.000000 -0.998586
vn -0.063041 0.000000 -0.998011
vn -0.053170 -0.000000 -0.998585
vn -0.063041 0.000000 -0.998011
vn -0.053170 -0.000000 -0.998585
vn -0.063041 0.000000 -0.998011
vn -0.053170 -0.000000 -0.998585
vn -0.063041 0.000000 -0.998011
vn -0.053170 -0.000000 -0.998585
vn -0.063041 0.000000 -0.998011
vn -0.053170 -0.000000 -0.998586
vn -0.063041 0.000000 -0.998011
vn -0.053170 -0.000000 -0.998585
vn -0.063041 0.000000 -0.998011
vn -0.053170 -0.000000 -0.998585
vn -0.053170 -0.000000 -0.998585
vn -0.063041 0.000000 -0.998011
vn -0.053170 -0.000000 -0.998585
vn -0.063041 0.000000 -0.998011
vn -0.053170 -0.000000 -0.998586
vn -0.063041 0.000000 -0.998011
vn -0.053170 -0.000000 -0.998585
vn -0.063041 0.000000 -0.998011
vn -0.053170 -0.000000 -0.998585
vn -0.063041 0.000000 -0.998011
vn -0.054634 0.063353 -0.996495
vn -0.053170 -0.000000 -0.998585
vn -0.063041 0.000000 -0.998011
vn -0.036721 -0.060136 -0.997515
vn -0.044102 0.000000 -0.999027
vn -0.035693 -0.000000 -0.999363
vn -0.035693 -0.000000 -0.999363
vn -0.044102 0.000000 -0.999027
vn -0.035693 -0.000000 -0.999363
vn -0.044102 0.000000 -0.999027
vn -0.035693 -0.000000 -0.999363
vn -0.044102 0.000000 -0.999027
vn -0.035693 -0.000000 -0.999363
vn -0.044102 0.000000 -0.999027
vn -0.035693 -0.000000 -0.999363
vn -0.044102 0.000000 -0.999027
vn -0.035693 -0.000000 -0.999363
vn -0.044102 0.000000 -0.999027
vn -0.044102 0.000000 -0.999027
vn -0.035693 -0.000000 -0.999363
vn -0.035693 -0.000000 -0.999363
vn -0.044102 0.000000 -0.999027
vn -0.035693 -0.000000 -0.999363
vn -0.044102 0.000000 -0.999027
vn -0.035693 -0.000000 -0.999363
vn -0.044102 0.000000 -0.999027
vn -0.035693 -0.000000 -0.999363
vn -0.044102 0.000000 -0.999027
vn -0.035693 -0.000000 -0.999363
vn -0.044102 0.000000 -0.999027
vn -0.036750 0.045149 -0.998304
vn -0.035693 -0.000000 -0.999363
vn -0.044102 0.000000 -0.999027
vn 0.000000 -1.000000 0.000000
vn 0.000000 -1.000000 0.000000
vn 0.000000 -1.000000 0.000000
vn 0.000000 -1.000000 0.000000
vn 0.000000 -1.000000 0.000000
vn 0.000000 -1.000000 0.000000
vn 0.000000 -1.000000 0.000000
vn 0.000000 -1.000000 0.000000
vn 0.000000 -1.000000 0.000000
vn 0.000000 -1.000000 0.000000
vn 0.000000 -1.000000 0.000000
vn 0.000000 -1.000000 0.000000
vn 0.000000 -1.000000 0.000000
vn 0.000000 -1.000000 0.000000
vn 0.000000 -1.000000 0.000000
vn 0.000000 -1.000000 0.000000
vn 0.000000 -1.000000 0.000000
vn 0.000000 -1.000000 0.000000
vn 0.000000 -1.000000 0.000000
vn 0.000000 -1.000000 0.000000
vn 0.000000 -1.000000 0.000000
vn 0.000000 -1.000000 0.000000
vn 0.000000 -1.000000 0.000000
vn 0.000000 -1.000000 0.000000
vn 0.000000 -1.000000 0.000000
vn 0.000000 -1.000000 0.000000
vn 0.000000 -1.000000 0.000000
vn 0.000000 -1.000000 0.000000
vn 0.000000 -1.000000 0.000000
vn 0.000000 -1.000000 0.000000
vn 0.000000 -1.000000 0.000000
vn 0.000000 -1.000000 0.000000
vn 0.000000 -1.000000 0.000000
vn 0.000000 -1.000000 0.000000
vn 0.000000 -1.000000 0.000000
vn 0.000000 -1.000000 0.000000
vn 0.000000 -1.000000 0.000000
vn 0.000000 -1.000000 0.000000
vn 0.000000 -1.000000 0.000000
vn 0.000000 -1.000000 0.000000
vn 0.000000 -1.000000 0.000000
vn -0.000000 -1.000000 0.000000
vn 0.000000 -1.000000 0.000000
vn 0.000000 -1.000000 0.000000
vn 0.000000 -1.000000 0.000000
vn 0.000000 -1.000000 0.000000
vn 0.000000 -1.000000 0.000000
vn 0.000000 -1.000000 0.000000
vn -0.000000 -1.000000 0.000000
vn 0.000000 -1.000000 0.000000
vn 0.000000 -1.000000 0.000000
vn -0.000000 -1.000000 0.000000
vn -0.000000 -1.000000 0.000000
vn -0.000000 -1.000000 0.000000
vn 0.000000 -1.000000 0.000000
vn -0.000000 -1.000000 0.000000
vn 0.000000 -1.000000 0.000000
vn -0.000000 -1.000000 0.000000
vn 0.000000 -1.000000 0.000000
vn -0.000000 -1.000000 0.000000
vn -0.000000 -1.000000 0.000000
vn 0.000000 -1.000000 0.000000
vn -0.000000 -1.000000 0.000000
vn 0.000000 -1.000000 0.000000
vn 0.000000 -1.000000 0.000000
vn -0.000000 -1.000000 0.000000
vn -0.000000 -1.000000 0.000000
vn 0.000000 -1.000000 0.000000
vn -0.000000 -1.000000 0.000000
vn 0.000000 -1.000000 0.000000
vn -0.000000 -1.000000 0.000000
vn 0.000000 -1.000000 0.000000
vn 0.000000 -1.000000 0.000000
vn 0.000000 -1.000000 0.000000
vn 0.000000 -1.000000 0.000000
vn 0.000000 -1.000000 0.000000
vn 0.000000 -1.000000 0.000000
vn 0.000000 -1.000000 0.000000
vn 0.000000 -1.000000 0.000000
vn -0.000000 -1.000000 0.000000
vn 0.000000 -1.000000 0.000000
vn 0.000000 -1.000000 0.000000
vn 0.000000 -1.000000 0.000000
vn 0.000000 -1.000000 0.000000
vn 0.000000 -1.000000 0.000000
vn 0.000000 -1.000000 0.000000
vn 0.000000 -1.000000 0.000000
vn -0.000000 -1.000000 0.000000
vn -0.000000 -1.000000 0.000000
vn -0.000000 -1.000000 0.000000
vn 0.000000 -1.000000 0.000000
vn 0.000000 -1.000000 0.000000
vn 0.000000 -1.000000 0.000000
vn 0.000000 -1.000000 0.000000
vn -0.000000 -1.000000 0.000000
vn -0.000000 -1.000000 0.000000
vn -0.000000 -1.000000 0.000000
vn -0.000000 -1.000000 0.000000
vn 0.000000 -1.000000 0.000000
vn 0.000000 -1.000000 0.000000
vn 0.000000 -1.000000 0.000000
vn 0.000000 -1.000000 0.000000
vn 0.000000 -1.000000 0.000000
vn 0.000000 -1.000000 0.000000
vn 0.000000 -1.000000 0.000000
vn 0.000000 -1.000000 0.000000
vn -0.000000 -1.000000 0.000000
vn -0.000000 -1.000000 0.000000
vn -0.000000 -1.000000 0.000000
vn -0.000000 -1.000000 0.000000
vn 0.000000 -1.000000 0.000000
vn 0.000000 -1.000000 0.000000
vn 0.000000 -1.000000 0.000000
vn -0.000000 -1.000000 0.000000
vn -0.000000 -1.000000 0.000000
vn -0.000000 -1.000000 0.000000
vn 0.000000 -1.000000 0.000000
vn 0.000000 -1.000000 0.000000
vn 0.000000 -1.000000 0.000000
vn 0.000000 -1.000000 0.000000
vn 0.000000 -1.000000 0.000000
vn 0.000000 -1.000000 0.000000
vn 0.000000 -1.000000 0.000000
vn 0.000000 -1.000000 0.000000
vn 0.000000 -1.000000 0.000000
vn 0.000000 -1.000000 0.000000
vn 0.000000 -1.000000 0.000000
vn 0.000000 -1.000000 0.000000
vn 0.000000 -1.000000 0.000000
vn 0.000000 -1.000000 0.000000
vn 0.000000 -1.000000 0.000000
vn 0.000000 -1.000000 0.000000
vn 0.000000 -1.000000 0.000000
vn 0.000000 -1.000000 0.000000
vn 0.000000 -1.000000 0.000000
vn 0.000000 -1.000000 0.000000
vn 0.000000 -1.000000 0.000000
vn 0.000000 -1.000000 0.000000
vn -0.000000 -1.000000 0.000000
vn 0.000000 -1.000000 0.000000
vn 0.000000 -1.000000 0.000000
vn 0.000000 -1.000000 0.000000
vn 0.000000 -1.000000 0.000000
vn 0.000000 -1.000000 0.000000
vn 0.000000 -1.000000 0.000000
vn 0.000000 -1.000000 0.000000
vn 0.000000 -1.000000 0.000000
vn 0.000000 -1.000000 0.000000
vn 0.000000 -1.000000 0.000000
vn -0.000000 -1.000000 0.000000
vn 0.000000 -1.000000 0.000000
vn 0.000000 -1.000000 0.000000
vn 0.000000 -1.000000 0.000000
vn -0.000000 -1.000000 0.000000
vn 0.000000 -1.000000 0.000000
vn 0.000000 -1.000000 0.000000
vn 0.000000 -1.000000 0.000000
vn 0.000000 -1.000000 0.000000
vn 0.000000 -1.000000 0.000000
vn 0.000000 -1.000000 0.000000
vn 0.000000 -1.000000 0.000000
vn -0.000000 -1.000000 0.000000
vn 0.000000 -1.000000 0.000000
vn 0.000000 -1.000000 0.000000
vn -0.000000 -1.000000 0.000000
vn -0.000000 -1.000000 0.000000
vn 0.000000 -1.000000 0.000000
vn -0.000000 -1.000000 0.000000
vn 0.000000 -1.000000 0.000000
vn 0.000000 -1.000000 0.000000
vn 0.000000 -1.000000 0.000000
vn -0.000000 -1.000000 0.000000
vn 0.000000 -1.000000 0.000000
vn -0.000000 -1.000000 0.000000
vn -0.000000 -1.000000 0.000000
vn 0.000000 -1.000000 0.000000
vn -0.000000 -1.000000 0.000000
vn 0.000000 -1.000000 0.000000
vn -0.000000 -1.000000 0.000000
vn 0.000000 -1.000000 0.000000
vn 0.000000 -1.000000 0.000000
vn -0.000000 -1.000000 0.000000
vn 0.000000 -1.000000 0.000000
vn 0.000000 -1.000000 0.000000
vn 0.000000 -1.000000 0.000000
vn 0.000000 -1.000000 0.000000
vn -0.000000 -1.000000 0.000000
vn -0.000000 -1.000000 0.000000
vn -0.000000 -1.000000 0.000000
vn -0.000000 -1.000000 0.000000
vn 0.000000 -1.000000 0.000000
vn 0.000000 -1.000000 0.000000
vn 0.000000 -1.000000 0.000000
vn 0.000000 -1.000000 0.000000
vn 0.000000 -1.000000 0.000000
vn 0.000000 -1.000000 0.000000
vn 0.000000 -1.000000 0.000000
vn -0.000000 -1.000000 0.000000
vn -0.000000 -1.000000 0.000000
vn -0.000000 -1.000000 0.000000
vn -0.000000 -1.000000 0.000000
vn -0.000000 -1.000000 0.000000
vn -0.000000 -1.000000 0.000000
vn 0.000000 -1.000000 0.000000
vn 0.000000 -1.000000 0.000000
vn 0.000000 -1.000000 0.000000
vn 0.000000 -1.000000 0.000000
vn 0.000000 -1.000000 0.000000
vn 0.000000 -1.000000 0.000000
vn 0.000000 -1.000000 0.000000
vn -0.000000 -1.000000 0.000000
vn -0.000000 -1.000000 0.000000
vn -0.000000 -1.000000 0.000000
vn 0.000000 -1.000000 0.000000
vn 0.000000 -1.000000 0.000000
vn 0.000000 -1.000000 0.000000
vn 0.000000 -1.000000 0.000000
vn 0.000000 -1.000000 0.000000
vn 0.000000 -1.000000 0.000000
vn 0.000000 -1.000000 0.000000
vn 0.000000 -1.000000 0.000000
vn 0.000000 -1.000000 0.000000
vn 0.000000 -1.000000 0.000000
vn 0.000000 -1.000000 0.000000
vn 0.000000 -1.000000 0.000000
vn 0.000000 -1.000000 0.000000
vn 0.000000 -1.000000 0.000000
vn 0.000000 -1.000000 0.000000
vn -0.000000 -1.000000 0.000000
vn 0.000000 -1.000000 0.000000
vn -0.000000 -1.000000 0.000000
vn 0.000000 -1.000000 0.000000
vn -0.000000 -1.000000 0.000000
vn 0.000000 -1.000000 0.000000
vn 0.000000 -1.000000 0.000000
vn 0.000000 -1.000000 0.000000
vn -0.000000 -1.000000 0.000000
vn 0.000000 -1.000000 0.000000
vn 0.000000 -1.000000 0.000000
vn 0.000000 -1.000000 0.000000
vn 0.000000 -1.000000 0.000000
vn 0.000000 -1.000000 0.000000
vn 0.000000 -1.000000 0.000000
vn 0.000000 -1.000000 0.000000
vn 0.000000 -1.000000 0.000000
vn 0.000000 -1.000000 0.000000
vn 0.000000 -1.000000 0.000000
vn 0.000000 -1.000000 0.000000
vn 0.000000 -1.000000 0.000000
vn 0.000000 -1.000000 0.000000
vn 0.000000 -1.000000 0.000000
vn 0.000000 -1.000000 0.000000
vn -0.000000 -1.000000 0.000000
vn 0.000000 -1.000000 0.000000
vn -0.999931 0.000000 0.011728
vn -0.999931 0.000000 0.011728
vn 0.000000 1.000000 0.000000
vn 0.000000 1.000000 0.000000
vn 0.000000 1.000000 0.000000
vn 0.000000 1.000000 0.000000
vn 0.000000 1.000000 0.000000
vn 0.000000 1.000000 0.000000
vn 0.000000 1.000000 0.000000
vn 0.000000 1.000000 0.000000
vn 0.000000 1.000000 0.000000
vn 0.000000 1.000000 0.000000
vn 0.000000 1.000000 0.000000
vn 0.000000 1.000000 0.000000
vn 0.000000 1.000000 0.000000
vn 0.000000 1.000000 0.000000
vn 0.000000 1.000000 0.000000
vn 0.000000 1.000000 0.000000
vn 0.000000 1.000000 0.000000
vn 0.000000 1.000000 0.000000
vn 0.000000 1.000000 0.000000
vn 0.000000 1.000000 0.000000
vn 0.000000 1.000000 0.000000
vn 0.000000 1.000000 0.000000
vn 0.000000 1.000000 0.000000
vn 0.000000 1.000000 0.000000
vn 0.000000 1.000000 0.000000
vn 0.000000 1.000000 0.000000
vn 0.000000 1.000000 0.000000
vn 0.000000 1.000000 0.000000
vn 0.000000 1.000000 0.000000
vn 0.000000 1.000000 0.000000
vn 0.000000 1.000000 0.000000
vn 0.000000 1.000000 0.000000
vn 0.000000 1.000000 0.000000
vn 0.000000 1.000000 0.000000
vn 0.000000 1.000000 0.000000
vn 0.000000 1.000000 0.000000
vn 0.000000 1.000000 0.000000
vn 0.000000 1.000000 0.000000
vn 0.000000 1.000000 0.000000
vn 0.000000 1.000000 0.000000
vn 0.000000 1.000000 0.000000
vn 0.000000 1.000000 0.000000
vn 0.000000 1.000000 0.000000
vn 0.000000 1.000000 0.000000
vn 0.000000 1.000000 0.000000
vn 0.000000 1.000000 0.000000
vn 0.000000 1.000000 0.000000
vn 0.000000 1.000000 0.000000
vn 0.000000 1.000000 0.000000
vn 0.000000 1.000000 0.000000
vn 0.000000 1.000000 0.000000
vn 0.000000 1.000000 0.000000
vn 0.000000 1.000000 0.000000
vn 0.000000 1.000000 0.000000
vn 0.000000 1.000000 0.000000
vn 0.000000 1.000000 0.000000
vn 0.000000 1.000000 0.000000
vn 0.000000 1.000000 0.000000
vn 0.000000 1.000000 0.000000
vn 0.000000 1.000000 0.000000
vn 0.000000 1.000000 0.000000
vn 0.000000 1.000000 0.000000
vn 0.000000 1.000000 0.000000
vn 0.000000 1.000000 0.000000
vn 0.000000 1.000000 0.000000
vn 0.000000 1.000000 0.000000
vn 0.000000 1.000000 0.000000
vn 0.000000 1.000000 0.000000
vn 0.000000 1.000000 0.000000
vn 0.000000 1.000000 0.000000
vn 0.000000 1.000000 0.000000
vn 0.000000 1.000000 0.000000
vn 0.000000 1.000000 0.000000
vn 0.000000 1.000000 0.000000
vn 0.000000 1.000000 0.000000
vn 0.000000 1.000000 0.000000
vn 0.000000 1.000000 0.000000
vn 0.000000 1.000000 0.000000
vn 0.000000 1.000000 0.000000
vn 0.000000 1.000000 0.000000
vn 0.000000 1.000000 0.000000
vn 0.000000 1.000000 0.000000
vn 0.000000 1.000000 0.000000
vn 0.000000 1.000000 0.000000
vn 0.000000 1.000000 0.000000
vn 0.000000 1.000000 0.000000
vn 0.000000 1.000000 0.000000
vn 0.000000 1.000000 0.000000
vn 0.000000 1.000000 0.000000
vn 0.000000 1.000000 0.000000
vn 0.000000 1.000000 0.000000
vn 0.000000 1.000000 0.000000
vn 0.000000 1.000000 0.000000
vn 0.000000 1.000000 0.000000
vn 0.000000 1.000000 0.000000
vn 0.000000 1.000000 0.000000
vn 0.000000 1.000000 0.000000
vn 0.000000 1.000000 0.000000
vn 0.000000 1.000000 0.000000
vn 0.000000 1.000000 0.000000
vn 0.000000 1.000000 0.000000
vn 0.000000 1.000000 0.000000
vn 0.000000 1.000000 0.000000
vn 0.000000 1.000000 0.000000
vn 0.000000 1.000000 0.000000
vn 0.000000 1.000000 0.000000
vn 0.000000 1.000000 0.000000
vn 0.000000 1.000000 0.000000
vn 0.000000 1.000000 0.000000
vn 0.000000 1.000000 0.000000
vn 0.000000 1.000000 0.000000
vn 0.000000 1.000000 0.000000
vn 0.000000 1.000000 0.000000
vn 0.000000 1.000000 0.000000
vn 0.000000 1.000000 0.000000
vn 0.000000 1.000000 0.000000
vn 0.000000 1.000000 0.000000
vn 0.000000 1.000000 0.000000
vn 0.000000 1.000000 0.000000
vn 0.000000 1.000000 0.000000
vn 0.000000 1.000000 0.000000
vn 0.000000 1.000000 0.000000
vn 0.000000 1.000000 0.000000
vn 0.000000 1.000000 0.000000
vn 0.000000 1.000000 0.000000
vn 0.000000 1.000000 0.000000
vn 0.000000 1.000000 0.000000
vn 0.000000 1.000000 0.000000
vn 0.000000 1.000000 0.000000
vn 0.000000 1.000000 0.000000
vn 0.000000 1.000000 0.000000
vn 0.000000 1.000000 0.000000
vn 0.000000 1.000000 0.000000
vn 0.000000 1.000000 0.000000
vn 0.000000 1.000000 0.000000
vn 0.000000 1.000000 0.000000
vn 0.000000 1.000000 0.000000
vn 0.000000 1.000000 0.000000
vn 0.000000 1.000000 0.000000
vn 0.000000 1.000000 0.000000
vn 0.000000 1.000000 0.000000
vn 0.000000 1.000000 0.000000
vn 0.000000 1.000000 0.000000
vn 0.000000 1.000000 0.000000
vn 0.000000 1.000000 0.000000
vn 0.000000 1.000000 0.000000
vn 0.000000 1.000000 0.000000
vn 0.000000 1.000000 0.000000
vn 0.000000 1.000000 0.000000
vn 0.000000 1.000000 0.000000
vn 0.000000 1.000000 0.000000
vn 0.000000 1.000000 0.000000
vn 0.000000 1.000000 0.000000
vn 0.000000 1.000000 0.000000
vn 0.000000 1.000000 0.000000
vn 0.000000 1.000000 0.000000
vn 0.000000 1.000000 0.000000
vn 0.000000 1.000000 0.000000
vn 0.000000 1.000000 0.000000
vn 0.000000 1.000000 0.000000
vn 0.000000 1.000000 0.000000
vn 0.000000 1.000000 0.000000
vn 0.000000 1.000000 0.000000
vn 0.000000 1.000000 0.000000
vn 0.000000 1.000000 0.000000
vn 0.000000 1.000000 0.000000
vn 0.000000 1.000000 0.000000
vn 0.000000 1.000000 0.000000
vn 0.000000 1.000000 0.000000
vn 0.000000 1.000000 0.000000
vn 0.000000 1.000000 0.000000
vn 0.000000 1.000000 0.000000
vn 0.000000 1.000000 0.000000
vn 0.000000 1.000000 0.000000
vn 0.000000 1.000000 0.000000
vn 0.000000 1.000000 0.000000
vn 0.000000 1.000000 0.000000
vn 0.000000 1.000000 0.000000
vn 0.000000 1.000000 0.000000
vn 0.000000 1.000000 0.000000
vn 0.000000 1.000000 0.000000
vn 0.000000 1.000000 0.000000
vn 0.000000 1.000000 0.000000
vn 0.000000 1.000000 0.000000
vn 0.000000 1.000000 0.000000
vn 0.000000 1.000000 0.000000
vn 0.000000 1.000000 0.000000
vn 0.000000 1.000000 0.000000
vn 0.000000 1.000000 0.000000
vn 0.000000 1.000000 0.000000
vn 0.000000 1.000000 0.000000
vn 0.000000 1.000000 0.000000
vn 0.000000 1.000000 0.000000
vn 0.000000 1.000000 0.000000
vn 0.000000 1.000000 0.000000
vn 0.000000 1.000000 0.000000
vn 0.000000 1.000000 0.000000
vn 0.000000 1.000000 0.000000
vn 0.000000 1.000000 0.000000
vn 0.000000 1.000000 0.000000
vn 0.000000 1.000000 0.000000
vn 0.000000 1.000000 0.000000
vn 0.000000 1.000000 0.000000
vn 0.000000 1.000000 0.000000
vn 0.000000 1.000000 0.000000
vn 0.000000 1.000000 0.000000
vn 0.000000 1.000000 0.000000
vn 0.000000 1.000000 0.000000
vn 0.000000 1.000000 0.000000
vn 0.000000 1.000000 0.000000
vn 0.000000 1.000000 0.000000
vn 0.000000 1.000000 0.000000
vn 0.000000 1.000000 0.000000
vn 0.000000 1.000000 0.000000
vn 0.000000 1.000000 0.000000
vn 0.000000 1.000000 0.000000
vn 0.000000 1.000000 0.000000
vn 0.000000 1.000000 0.000000
vn 0.000000 1.000000 0.000000
vn 0.000000 1.000000 0.000000
vn 0.000000 1.000000 0.000000
vn 0.000000 1.000000 0.000000
vn 0.000000 1.000000 0.000000
vn 0.000000 1.000000 0.000000
vn 0.000000 1.000000 0.000000
vn 0.000000 1.000000 0.000000
vn 0.000000 1.000000 0.000000
vn 0.000000 1.000000 0.000000
vn 0.000000 1.000000 0.000000
vn 0.000000 1.000000 0.000000
vn 0.000000 1.000000 0.000000
vn 0.000000 1.000000 0.000000
vn 0.000000 1.000000 0.000000
vn 0.000000 1.000000 0.000000
vn 0.000000 1.000000 0.000000
vn 0.000000 1.000000 0.000000
vn 0.000000 1.000000 0.000000
vn 0.000000 1.000000 0.000000
vn 0.000000 1.000000 0.000000
vn 0.000000 1.000000 0.000000
vn 0.000000 1.000000 0.000000
vn 0.000000 1.000000 0.000000
vn 0.000000 1.000000 0.000000
vn 0.000000 1.000000 0.000000
vn 0.000000 1.000000 0.000000
vn 0.000000 1.000000 0.000000
vn 0.000000 1.000000 0.000000
vn 0.000000 1.000000 0.000000
vn 0.000000 1.000000 0.000000
vn 0.000000 1.000000 0.000000
vn 0.000000 1.000000 0.000000
vn 0.000000 1.000000 0.000000
vn 0.000000 1.000000 0.000000
vn 0.000000 1.000000 0.000000
vn 0.995330 0.000000 -0.096528
vn 0.995330 0.000000 -0.096528
vn -0.194401 0.000000 -0.980922
vn -0.194401 0.000000 -0.980922
vn 0.276190 -0.000000 0.961103
vn 0.276190 0.000000 0.961103
vn 0.995332 0.000000 -0.096514
vn 0.995332 0.000000 -0.096514
vn 0.151185 -0.000000 0.988506
vn 0.151185 0.000000 0.988506
vn 0.188850 0.000000 0.982006
vn 0.188850 -0.000000 0.982006
vn 0.245222 0.000000 0.969467
vn 0.245222 -0.000000 0.969467
vn 0.291161 0.000000 0.956674
vn 0.291161 -0.000000 0.956674
vn 0.163755 0.055502 0.984939
vn 0.159814 0.000000 0.987147
vn 0.166122 0.000000 0.986105
vn 0.159814 0.000000 0.987147
vn 0.166122 0.000000 0.986105
vn 0.159814 0.000000 0.987147
vn 0.166122 0.000000 0.986105
vn 0.159814 -0.000000 0.987147
vn 0.159814 0.000000 0.987147
vn 0.166122 0.000000 0.986105
vn 0.166122 0.000000 0.986105
vn 0.166122 0.000000 0.986105
vn 0.159814 0.000000 0.987147
vn 0.166122 0.000000 0.986105
vn 0.159814 0.000000 0.987147
vn 0.166122 0.000000 0.986105
vn 0.159814 0.000000 0.987147
vn 0.166122 0.000000 0.986105
vn 0.159814 0.000000 0.987147
vn 0.166122 0.000000 0.986105
vn 0.159814 0.000000 0.987147
vn 0.162645 -0.128633 0.978264
vn 0.166122 0.000000 0.986105
vn 0.159814 0.000000 0.987147
vn 0.176441 0.032616 0.983771
vn 0.181011 0.000000 0.983481
vn 0.174792 0.000000 0.984605
vn 0.174792 -0.000000 0.984605
vn 0.181011 0.000000 0.983481
vn 0.181011 0.000000 0.983481
vn 0.174792 0.000000 0.984605
vn 0.181011 0.000000 0.983481
vn 0.174792 0.000000 0.984605
vn 0.181011 0.000000 0.983481
vn 0.174792 0.000000 0.984605
vn 0.181011 0.000000 0.983481
vn 0.174792 0.000000 0.984605
vn 0.181011 0.000000 0.983481
vn 0.174792 0.000000 0.984605
vn 0.181011 0.000000 0.983481
vn 0.174792 0.000000 0.984605
vn 0.175284 -0.118811 0.977323
vn 0.181011 0.000000 0.983481
vn 0.174792 0.000000 0.984605
vn 0.199817 0.101158 0.974597
vn 0.195255 0.000000 0.980753
vn 0.201209 0.000000 0.979548
vn 0.195255 0.000000 0.980752
vn 0.201209 0.000000 0.979548
vn 0.195255 0.000000 0.980752
vn 0.201209 0.000000 0.979548
vn 0.195255 0.000000 0.980752
vn 0.201209 0.000000 0.979548
vn 0.195255 0.000000 0.980752
vn 0.201209 0.000000 0.979548
vn 0.195255 0.000000 0.980752
vn 0.201209 0.000000 0.979548
vn 0.195255 0.000000 0.980753
vn 0.201209 0.000000 0.979548
vn 0.195255 -0.000000 0.980752
vn 0.201209 0.000000 0.979548
vn 0.195255 0.000000 0.980752
vn 0.201209 0.000000 0.979548
vn 0.201209 0.000000 0.979548
vn 0.195255 0.000000 0.980753
vn 0.201209 0.000000 0.979548
vn 0.195255 0.000000 0.980753
vn 0.201209 0.000000 0.979548
vn 0.195255 0.000000 0.980752
vn 0.201209 0.000000 0.979548
vn 0.195255 0.000000 0.980752
vn 0.200732 -0.033886 0.979060
vn 0.201209 0.000000 0.979548
vn 0.195255 0.000000 0.980753
vn 0.212184 0.058901 0.975453
vn 0.208832 0.000000 0.977952
vn 0.214653 0.000000 0.976690
vn 0.208832 0.000000 0.977952
vn 0.214653 0.000000 0.976690
vn 0.208832 0.000000 0.977952
vn 0.214653 0.000000 0.976690
vn 0.208832 -0.000000 0.977952
vn 0.214653 0.000000 0.976690
vn 0.208832 0.000000 0.977952
vn 0.214653 0.000000 0.976690
vn 0.214653 0.000000 0.976690
vn 0.208832 0.000000 0.977952
vn 0.214653 0.000000 0.976690
vn 0.208832 0.000000 0.977952
vn 0.214653 0.000000 0.976690
vn 0.208832 0.000000 0.977952
vn 0.214653 0.000000 0.976690
vn 0.208832 0.000000 0.977952
vn 0.214653 0.000000 0.976690
vn 0.208832 0.000000 0.977952
vn 0.210566 -0.136397 0.968018
vn 0.214653 0.000000 0.976690
vn 0.208832 0.000000 0.977952
vn 0.223792 0.037164 0.973928
vn 0.221872 0.000000 0.975076
vn 0.227415 0.000000 0.973798
vn 0.221872 -0.000000 0.975076
vn 0.227415 0.000000 0.973798
vn 0.221872 0.000000 0.975076
vn 0.227415 0.000000 0.973798
vn 0.227415 0.000000 0.973798
vn 0.221872 0.000000 0.975076
vn 0.227415 0.000000 0.973798
vn 0.221872 0.000000 0.975076
vn 0.227415 0.000000 0.973798
vn 0.221872 0.000000 0.975076
vn 0.227415 0.000000 0.973798
vn 0.221872 0.000000 0.975076
vn 0.227415 0.000000 0.973798
vn 0.221872 0.000000 0.975076
vn 0.221893 -0.135113 0.965664
vn 0.227415 0.000000 0.973798
vn 0.221872 0.000000 0.975076
vn 0.234778 0.017349 0.971894
vn 0.234000 0.000000 0.972237
vn 0.239244 0.000000 0.970959
vn 0.234000 -0.000000 0.972237
vn 0.239244 0.000000 0.970959
vn 0.234000 0.000000 0.972237
vn 0.239244 0.000000 0.970959
vn 0.239244 0.000000 0.970959
vn 0.234000 0.000000 0.972237
vn 0.239244 0.000000 0.970959
vn 0.234000 0.000000 0.972237
vn 0.239244 0.000000 0.970959
vn 0.234000 0.000000 0.972237
vn 0.239244 0.000000 0.970959
vn 0.234000 0.000000 0.972237
vn 0.234153 -0.074981 0.969304
vn 0.239244 0.000000 0.970959
vn 0.234000 0.000000 0.972237
vn 0.255323 0.013853 0.966757
vn 0.250311 0.000000 0.968166
vn 0.255387 0.000000 0.966839
vn 0.250311 0.000000 0.968166
vn 0.255387 0.000000 0.966839
vn 0.250311 0.000000 0.968166
vn 0.255387 0.000000 0.966839
vn 0.250311 0.000000 0.968166
vn 0.255387 0.000000 0.966839
vn 0.250311 0.000000 0.968166
vn 0.255387 0.000000 0.966839
vn 0.250311 0.000000 0.968166
vn 0.255387 0.000000 0.966839
vn 0.250311 0.000000 0.968166
vn 0.255387 0.000000 0.966839
vn 0.250311 -0.000000 0.968166
vn 0.255387 0.000000 0.966839
vn 0.250311 0.000000 0.968166
vn 0.255387 0.000000 0.966839
vn 0.255387 0.000000 0.966839
vn 0.250311 0.000000 0.968166
vn 0.255387 0.000000 0.966839
vn 0.250311 0.000000 0.968166
vn 0.255387 0.000000 0.966839
vn 0.250311 0.000000 0.968166
vn 0.255387 0.000000 0.966839
vn 0.250311 0.000000 0.968166
vn 0.255345 -0.004619 0.966839
vn 0.255387 0.000000 0.966839
vn 0.250311 0.000000 0.968166
vn 0.261085 0.000000 0.965316
vn 0.261085 0.000000 0.965316
vn 0.261085 0.000000 0.965316
vn 0.261085 0.000000 0.965316
vn 0.261085 0.000000 0.965316
vn 0.261085 0.000000 0.965316
vn 0.261085 -0.000000 0.965316
vn 0.261085 0.000000 0.965316
vn 0.261085 0.000000 0.965316
vn 0.261085 0.000000 0.965316
vn 0.261085 0.000000 0.965316
vn 0.261085 0.000000 0.965316
vn 0.261085 0.000000 0.965316
vn 0.260961 0.184428 0.947568
vn 0.264487 0.062961 0.962332
vn 0.265646 0.000000 0.964071
vn 0.270936 0.000000 0.962597
vn 0.265646 0.000000 0.964071
vn 0.270936 0.000000 0.962597
vn 0.265646 -0.000000 0.964071
vn 0.270936 0.000000 0.962597
vn 0.265646 0.000000 0.964071
vn 0.265646 -0.000000 0.964071
vn 0.265646 -0.000000 0.964071
vn 0.265646 0.000000 0.964071
vn 0.270936 0.000000 0.962597
vn 0.265646 -0.000000 0.964071
vn 0.270936 0.000000 0.962597
vn 0.265646 0.000000 0.964071
vn 0.265646 -0.000000 0.964071
vn 0.265646 0.000000 0.964071
vn 0.270936 0.000000 0.962597
vn 0.265646 -0.000000 0.964071
vn 0.270936 0.000000 0.962597
vn 0.270936 0.000000 0.962598
vn 0.265646 0.000000 0.964071
vn 0.265646 -0.000000 0.964071
vn 0.265646 0.000000 0.964071
vn 0.270936 0.000000 0.962597
vn 0.265646 -0.000000 0.964071
vn 0.265646 0.000000 0.964071
vn 0.270936 0.000000 0.962597
vn 0.265646 -0.000000 0.964071
vn 0.265646 -0.000000 0.964071
vn 0.265646 0.000000 0.964071
vn 0.270936 0.000000 0.962597
vn 0.265646 0.000000 0.964071
vn 0.270936 0.000000 0.962597
vn 0.265646 -0.000000 0.964071
vn 0.265646 0.000000 0.964071
vn 0.270936 0.000000 0.962597
vn 0.265646 -0.000000 0.964071
vn 0.265646 0.000000 0.964071
vn 0.270936 0.000000 0.962597
vn 0.260957 -0.184525 0.947551
vn 0.264487 -0.062959 0.962332
vn 0.270936 0.000000 0.962597
vn 0.265646 0.000000 0.964071
vn 0.278827 0.033950 0.959741
vn 0.276727 0.000000 0.960949
vn 0.284407 0.000000 0.958704
vn 0.276727 0.000000 0.960949
vn 0.284407 0.000000 0.958704
vn 0.276727 -0.000000 0.960949
vn 0.284407 0.000000 0.958704
vn 0.276727 0.000000 0.960949
vn 0.284407 0.000000 0.958704
vn 0.284407 0.000000 0.958704
vn 0.276727 0.000000 0.960949
vn 0.284407 0.000000 0.958704
vn 0.276727 0.000000 0.960949
vn 0.284407 0.000000 0.958704
vn 0.276727 0.000000 0.960949
vn 0.284407 0.000000 0.958704
vn 0.276727 0.000000 0.960949
vn 0.276848 -0.123603 0.952931
vn 0.284407 0.000000 0.958704
vn 0.276727 0.000000 0.960949
vn 0.298862 0.003065 0.954291
vn 0.295607 0.000000 0.955310
vn 0.299104 0.000000 0.954221
vn 0.295606 0.000000 0.955310
vn 0.299104 0.000000 0.954221
vn 0.299103 0.000000 0.954221
vn 0.295607 -0.000000 0.955310
vn 0.295607 0.000000 0.955310
vn 0.299104 0.000000 0.954221
vn 0.299104 0.000000 0.954221
vn 0.295606 0.000000 0.955310
vn 0.299104 0.000000 0.954221
vn 0.295607 0.000000 0.955310
vn 0.299103 0.000000 0.954221
vn 0.295607 0.000000 0.955310
vn 0.299104 0.000000 0.954221
vn 0.295607 0.000000 0.955310
vn 0.299104 0.000000 0.954221
vn 0.295607 0.000000 0.955310
vn 0.298851 -0.009194 0.954255
vn 0.299103 0.000000 0.954221
vn 0.295607 0.000000 0.955310
vn 0.302416 -0.007853 0.953144
vn 0.303062 0.000000 0.952971
vn 0.302084 0.000000 0.953281
vn 0.303062 0.000000 0.952971
vn 0.302084 0.000000 0.953281
vn 0.303062 0.000000 0.952971
vn 0.302084 0.000000 0.953281
vn 0.302084 0.000000 0.953281
vn 0.302084 0.000000 0.953281
vn 0.303062 0.000000 0.952971
vn 0.303062 -0.000000 0.952971
vn 0.303062 0.000000 0.952971
vn 0.302084 0.000000 0.953281
vn 0.302084 0.000000 0.953281
vn 0.303062 0.000000 0.952971
vn 0.302084 0.000000 0.953281
vn 0.303062 0.000000 0.952971
vn 0.302084 0.000000 0.953281
vn 0.303062 0.000000 0.952971
vn 0.302084 0.000000 0.953281
vn 0.303062 0.000000 0.952971
vn 0.302374 0.018321 0.953013
vn 0.302084 0.000000 0.953281
vn 0.303062 0.000000 0.952971
vn -0.989887 0.000000 0.141861
vn -0.989887 0.000000 0.141861
vn 0.141858 -0.000000 0.989887
vn 0.141858 0.000000 0.989887
vn 0.989887 0.000000 -0.141861
vn 0.989887 0.000000 -0.141861
vn 0.133810 0.000000 0.991007
vn 0.133810 -0.000000 0.991007
vn -0.003456 0.035337 0.999370
vn -0.008626 0.000000 0.999963
vn -0.001062 0.000000 0.999999
vn -0.008626 0.000000 0.999963
vn -0.001062 0.000000 0.999999
vn -0.008626 0.000000 0.999963
vn -0.001062 0.000000 0.999999
vn -0.008626 0.000000 0.999963
vn -0.001062 0.000000 0.999999
vn -0.001062 0.000000 0.999999
vn -0.008626 0.000000 0.999963
vn -0.001062 0.000000 0.999999
vn -0.008626 0.000000 0.999963
vn -0.008626 0.000000 0.999963
vn -0.001062 0.000000 0.999999
vn -0.001062 0.000000 0.999999
vn -0.008626 0.000000 0.999963
vn -0.003429 -0.128575 0.991694
vn -0.001062 0.000000 0.999999
vn -0.008626 0.000000 0.999963
vn 0.004978 -0.000000 0.999988
vn 0.004978 0.000000 0.999988
vn 0.004978 0.000000 0.999988
vn 0.004978 0.000000 0.999988
vn 0.004978 0.000000 0.999988
vn 0.004978 0.000000 0.999988
vn 0.004978 0.000000 0.999988
vn 0.011315 0.105637 0.994340
vn 0.010952 0.011869 0.999870
vn 0.018160 0.000000 0.999835
vn 0.011818 0.000000 0.999930
vn 0.011818 0.000000 0.999930
vn 0.018160 0.000000 0.999835
vn 0.011818 0.000000 0.999930
vn 0.018160 0.000000 0.999835
vn 0.018160 0.000000 0.999835
vn 0.011818 0.000000 0.999930
vn 0.018160 0.000000 0.999835
vn 0.011818 0.000000 0.999930
vn 0.018160 0.000000 0.999835
vn 0.011818 0.000000 0.999930
vn 0.018160 0.000000 0.999835
vn 0.018160 0.000000 0.999835
vn 0.011818 -0.000000 0.999930
vn 0.011818 0.000000 0.999930
vn 0.011818 0.000000 0.999930
vn 0.018160 0.000000 0.999835
vn 0.018160 0.000000 0.999835
vn 0.011818 0.000000 0.999930
vn 0.011818 -0.000000 0.999930
vn 0.011818 -0.000000 0.999930
vn 0.011818 0.000000 0.999930
vn 0.018160 0.000000 0.999835
vn 0.018160 0.000000 0.999835
vn 0.011818 0.000000 0.999930
vn 0.011818 -0.000000 0.999930
vn 0.018160 0.000000 0.999835
vn 0.011818 0.000000 0.999930
vn 0.011818 -0.000000 0.999930
vn 0.018160 0.000000 0.999835
vn 0.011818 0.000000 0.999930
vn 0.011818 -0.000000 0.999930
vn 0.011315 -0.105695 0.994334
vn 0.018160 0.000000 0.999835
vn 0.011818 0.000000 0.999930
vn 0.011156 -0.061454 0.998048
vn 0.026001 0.032778 0.999124
vn 0.023972 0.000000 0.999713
vn 0.031306 0.000000 0.999510
vn 0.023972 -0.000000 0.999713
vn 0.023972 0.000000 0.999713
vn 0.031306 0.000000 0.999510
vn 0.031306 0.000000 0.999510
vn 0.023972 0.000000 0.999713
vn 0.031306 0.000000 0.999510
vn 0.031306 0.000000 0.999510
vn 0.023972 0.000000 0.999713
vn 0.031306 0.000000 0.999510
vn 0.023972 0.000000 0.999713
vn 0.031306 0.000000 0.999510
vn 0.023972 0.000000 0.999713
vn 0.031306 0.000000 0.999510
vn 0.023972 0.000000 0.999713
vn 0.025829 -0.119394 0.992511
vn 0.031306 0.000000 0.999510
vn 0.023972 0.000000 0.999713
vn 0.040554 0.049821 0.997934
vn 0.036986 0.000000 0.999316
vn 0.044232 0.000000 0.999021
vn 0.036986 0.000000 0.999316
vn 0.044232 0.000000 0.999021
vn 0.036986 -0.000000 0.999316
vn 0.044232 0.000000 0.999021
vn 0.036986 0.000000 0.999316
vn 0.044232 0.000000 0.999021
vn 0.044232 0.000000 0.999021
vn 0.036986 0.000000 0.999316
vn 0.044232 0.000000 0.999021
vn 0.036986 0.000000 0.999316
vn 0.044232 0.000000 0.999021
vn 0.036986 0.000000 0.999316
vn 0.044232 0.000000 0.999021
vn 0.036986 0.000000 0.999316
vn 0.044232 0.000000 0.999021
vn 0.036986 0.000000 0.999316
vn 0.040157 -0.148002 0.988171
vn 0.044232 0.000000 0.999021
vn 0.036986 0.000000 0.999316
vn 0.054992 0.032500 0.997958
vn 0.049806 0.000000 0.998759
vn 0.056986 0.000000 0.998375
vn 0.049806 -0.000000 0.998759
vn 0.056986 0.000000 0.998375
vn 0.049806 0.000000 0.998759
vn 0.056986 0.000000 0.998375
vn 0.056986 0.000000 0.998375
vn 0.049806 0.000000 0.998759
vn 0.056986 0.000000 0.998375
vn 0.049806 0.000000 0.998759
vn 0.056986 0.000000 0.998375
vn 0.049806 0.000000 0.998759
vn 0.056986 0.000000 0.998375
vn 0.049806 0.000000 0.998759
vn 0.056986 0.000000 0.998375
vn 0.049806 0.000000 0.998759
vn 0.054634 -0.118393 0.991463
vn 0.056986 0.000000 0.998375
vn 0.049806 0.000000 0.998759
vn 0.062449 0.000000 0.998048
vn 0.062449 0.000000 0.998048
vn 0.062449 0.000000 0.998048
vn 0.062449 0.000000 0.998048
vn 0.062449 0.000000 0.998048
vn 0.062449 0.000000 0.998048
vn 0.062449 0.000000 0.998048
vn 0.062449 -0.000000 0.998048
vn 0.062449 0.000000 0.998048
vn 0.062449 0.000000 0.998048
vn 0.062449 0.000000 0.998048
vn 0.062449 0.000000 0.998048
vn 0.062449 0.000000 0.998048
vn 0.062449 0.000000 0.998048
vn 0.066551 0.277033 0.958553
vn 0.068013 0.058835 0.995948
vn 0.068131 -0.000000 0.997676
vn 0.074916 0.000000 0.997190
vn 0.068131 0.000000 0.997676
vn 0.068132 -0.000000 0.997676
vn 0.074916 0.000000 0.997190
vn 0.068132 0.000000 0.997676
vn 0.068132 -0.000000 0.997676
vn 0.074916 0.000000 0.997190
vn 0.068132 0.000000 0.997676
vn 0.068131 -0.000000 0.997676
vn 0.074916 0.000000 0.997190
vn 0.068131 0.000000 0.997676
vn 0.068132 -0.000000 0.997676
vn 0.074916 0.000000 0.997190
vn 0.068132 0.000000 0.997676
vn 0.074916 0.000000 0.997190
vn 0.068132 -0.000000 0.997676
vn 0.068132 0.000000 0.997676
vn 0.068131 -0.000000 0.997676
vn 0.074916 0.000000 0.997190
vn 0.068131 0.000000 0.997676
vn 0.074916 0.000000 0.997190
vn 0.068132 -0.000000 0.997676
vn 0.074916 0.000000 0.997190
vn 0.068132 0.000000 0.997676
vn 0.068132 -0.000000 0.997676
vn 0.074916 0.000000 0.997190
vn 0.068132 0.000000 0.997676
vn 0.068131 -0.000000 0.997676
vn 0.068131 0.000000 0.997676
vn 0.074916 0.000000 0.997190
vn 0.068132 -0.000000 0.997676
vn 0.074916 0.000000 0.997190
vn 0.068132 0.000000 0.997676
vn 0.068132 -0.000000 0.997676
vn 0.074916 0.000000 0.997190
vn 0.068132 0.000000 0.997676
vn 0.068944 -0.095700 0.993020
vn 0.068118 -0.019649 0.997484
vn 0.068131 -0.000000 0.997676
vn 0.074916 0.000000 0.997190
vn 0.068131 0.000000 0.997676
vn 0.083201 0.063210 0.994526
vn 0.080239 0.000000 0.996776
vn 0.087237 0.000000 0.996188
vn 0.087237 0.000000 0.996188
vn 0.080239 0.000000 0.996776
vn 0.087237 0.000000 0.996188
vn 0.080239 0.000000 0.996776
vn 0.087237 0.000000 0.996188
vn 0.080239 0.000000 0.996776
vn 0.080239 -0.000000 0.996776
vn 0.087237 0.000000 0.996188
vn 0.087237 0.000000 0.996188
vn 0.080239 0.000000 0.996776
vn 0.087237 0.000000 0.996188
vn 0.080239 0.000000 0.996776
vn 0.087237 0.000000 0.996188
vn 0.080239 0.000000 0.996776
vn 0.087237 0.000000 0.996188
vn 0.080239 0.000000 0.996776
vn 0.087237 0.000000 0.996188
vn 0.080239 0.000000 0.996776
vn 0.082472 -0.146205 0.985811
vn 0.087237 0.000000 0.996188
vn 0.080239 0.000000 0.996776
vn 0.096970 0.075367 0.992430
vn 0.092421 0.000000 0.995720
vn 0.099322 0.000000 0.995055
vn 0.092421 0.000000 0.995720
vn 0.099322 0.000000 0.995055
vn 0.092421 0.000000 0.995720
vn 0.099322 0.000000 0.995055
vn 0.092421 0.000000 0.995720
vn 0.099322 0.000000 0.995055
vn 0.092421 0.000000 0.995720
vn 0.099322 0.000000 0.995055
vn 0.092421 -0.000000 0.995720
vn 0.099322 0.000000 0.995055
vn 0.092421 0.000000 0.995720
vn 0.099322 0.000000 0.995055
vn 0.099322 0.000000 0.995055
vn 0.092421 0.000000 0.995720
vn 0.099322 0.000000 0.995055
vn 0.092421 0.000000 0.995720
vn 0.099322 0.000000 0.995055
vn 0.092421 0.000000 0.995720
vn 0.099322 0.000000 0.995055
vn 0.092421 0.000000 0.995720
vn 0.096484 -0.124986 0.987456
vn 0.099322 0.000000 0.995055
vn 0.092421 0.000000 0.995720
vn 0.104406 0.000000 0.994535
vn 0.104406 0.000000 0.994535
vn 0.104406 0.000000 0.994535
vn 0.104406 0.000000 0.994535
vn 0.104406 0.000000 0.994535
vn 0.104406 0.000000 0.994535
vn 0.104406 -0.000000 0.994535
vn 0.104406 0.000000 0.994535
vn 0.104406 0.000000 0.994535
vn 0.104406 0.000000 0.994535
vn 0.104406 0.000000 0.994535
vn 0.104406 0.000000 0.994535
vn 0.104406 0.000000 0.994535
vn 0.104406 0.000000 0.994535
vn 0.105939 0.298261 0.948587
vn 0.109560 0.058463 0.992259
vn 0.109747 0.000000 0.993959
vn 0.109747 -0.000000 0.993959
vn 0.116290 0.000000 0.993215
vn 0.116290 0.000000 0.993215
vn 0.109747 0.000000 0.993960
vn 0.109747 -0.000000 0.993960
vn 0.109747 0.000000 0.993960
vn 0.116290 0.000000 0.993215
vn 0.109747 -0.000000 0.993960
vn 0.116290 0.000000 0.993215
vn 0.109747 0.000000 0.993959
vn 0.109747 -0.000000 0.993959
vn 0.109747 -0.000000 0.993960
vn 0.116290 0.000000 0.993215
vn 0.109747 0.000000 0.993960
vn 0.109747 -0.000000 0.993960
vn 0.116290 0.000000 0.993215
vn 0.109747 0.000000 0.993960
vn 0.116290 0.000000 0.993215
vn 0.109747 0.000000 0.993959
vn 0.116290 0.000000 0.993215
vn 0.109747 -0.000000 0.993959
vn 0.109747 -0.000000 0.993960
vn 0.116290 0.000000 0.993215
vn 0.109747 0.000000 0.993960
vn 0.109747 -0.000000 0.993960
vn 0.109747 -0.000000 0.993959
vn 0.109747 0.000000 0.993960
vn 0.116290 0.000000 0.993215
vn 0.109747 0.000000 0.993959
vn 0.116290 0.000000 0.993215
vn 0.109747 -0.000000 0.993960
vn 0.109747 0.000000 0.993960
vn 0.116290 0.000000 0.993215
vn 0.109747 -0.000000 0.993960
vn 0.116290 0.000000 0.993215
vn 0.109747 0.000000 0.993960
vn 0.110393 -0.103638 0.988470
vn 0.109727 -0.019525 0.993770
vn 0.109747 -0.000000 0.993959
vn 0.116290 0.000000 0.993215
vn 0.109747 0.000000 0.993959
vn 0.123155 0.024070 0.992095
vn 0.121222 0.000000 0.992625
vn 0.126582 0.000000 0.991956
vn 0.121222 0.000000 0.992625
vn 0.126582 0.000000 0.991956
vn 0.121222 -0.000000 0.992625
vn 0.126582 0.000000 0.991956
vn 0.121222 0.000000 0.992625
vn 0.126582 0.000000 0.991956
vn 0.126582 0.000000 0.991956
vn 0.121222 0.000000 0.992625
vn 0.126582 0.000000 0.991956
vn 0.121222 0.000000 0.992625
vn 0.126582 0.000000 0.991956
vn 0.121222 0.000000 0.992625
vn 0.126582 0.000000 0.991956
vn 0.121222 0.000000 0.992625
vn 0.122714 -0.087940 0.988538
vn 0.126582 0.000000 0.991956
vn 0.121222 0.000000 0.992625
vn -0.999891 0.000000 -0.014765
vn -0.999891 0.000000 -0.014765
vn -0.014766 0.000000 0.999891
vn -0.014766 0.000000 0.999891
vn 0.999891 0.000000 0.014765
vn 0.999891 -0.000000 0.014765
vn -0.236129 0.000000 0.971722
vn -0.236129 0.000000 0.971722
vn -0.023325 0.000000 0.999728
vn -0.023325 0.000000 0.999728
vn -0.215907 0.052371 0.975008
vn -0.223633 0.000000 0.974673
vn -0.214107 0.000000 0.976810
vn -0.223633 0.000000 0.974673
vn -0.214107 0.000000 0.976810
vn -0.223633 0.000000 0.974673
vn -0.214107 0.000000 0.976810
vn -0.223633 0.000000 0.974673
vn -0.214107 0.000000 0.976810
vn -0.223633 0.000000 0.974673
vn -0.214107 0.000000 0.976810
vn -0.223633 0.000000 0.974673
vn -0.214107 0.000000 0.976810
vn -0.214107 0.000000 0.976810
vn -0.223633 0.000000 0.974673
vn -0.214107 0.000000 0.976810
vn -0.223633 0.000000 0.974673
vn -0.214107 0.000000 0.976810
vn -0.223633 0.000000 0.974673
vn -0.223633 0.000000 0.974673
vn -0.214107 0.000000 0.976810
vn -0.214107 0.000000 0.976810
vn -0.223633 0.000000 0.974673
vn -0.215383 -0.087075 0.972640
vn -0.214107 0.000000 0.976810
vn -0.223633 0.000000 0.974673
vn -0.196876 0.058682 0.978671
vn -0.202976 0.000000 0.979184
vn -0.193417 0.000000 0.981117
vn -0.202976 0.000000 0.979184
vn -0.193417 0.000000 0.981117
vn -0.193417 0.000000 0.981117
vn -0.202976 0.000000 0.979184
vn -0.202976 0.000000 0.979184
vn -0.202976 0.000000 0.979184
vn -0.193417 0.000000 0.981117
vn -0.193417 0.000000 0.981117
vn -0.193417 0.000000 0.981117
vn -0.202976 0.000000 0.979184
vn -0.193417 0.000000 0.981117
vn -0.202976 0.000000 0.979184
vn -0.193417 0.000000 0.981117
vn -0.202976 0.000000 0.979184
vn -0.193417 0.000000 0.981117
vn -0.202976 0.000000 0.979184
vn -0.193417 0.000000 0.981117
vn -0.202976 0.000000 0.979184
vn -0.195387 -0.135896 0.971265
vn -0.193417 0.000000 0.981117
vn -0.202976 0.000000 0.979184
vn -0.178246 0.061594 0.982056
vn -0.183530 0.000000 0.983014
vn -0.174366 0.000000 0.984681
vn -0.183530 0.000000 0.983014
vn -0.174366 0.000000 0.984681
vn -0.183530 0.000000 0.983014
vn -0.174366 0.000000 0.984681
vn -0.183530 0.000000 0.983014
vn -0.174366 0.000000 0.984681
vn -0.183530 0.000000 0.983014
vn -0.174366 0.000000 0.984681
vn -0.183530 0.000000 0.983014
vn -0.174366 0.000000 0.984681
vn -0.174366 0.000000 0.984681
vn -0.183530 0.000000 0.983014
vn -0.174366 0.000000 0.984681
vn -0.183530 0.000000 0.983014
vn -0.174366 0.000000 0.984681
vn -0.183530 0.000000 0.983014
vn -0.174366 0.000000 0.984681
vn -0.183530 0.000000 0.983014
vn -0.176762 -0.142530 0.973879
vn -0.174366 0.000000 0.984681
vn -0.183530 0.000000 0.983014
vn -0.160268 0.062071 0.985120
vn -0.165280 0.000000 0.986247
vn -0.156420 0.000000 0.987691
vn -0.165281 0.000000 0.986247
vn -0.156420 0.000000 0.987691
vn -0.165280 0.000000 0.986247
vn -0.156420 0.000000 0.987691
vn -0.165281 0.000000 0.986247
vn -0.156420 0.000000 0.987691
vn -0.165280 0.000000 0.986247
vn -0.156420 0.000000 0.987691
vn -0.156420 0.000000 0.987691
vn -0.165280 0.000000 0.986247
vn -0.156420 0.000000 0.987691
vn -0.165281 0.000000 0.986247
vn -0.156420 0.000000 0.987691
vn -0.165280 0.000000 0.986247
vn -0.156420 0.000000 0.987691
vn -0.165280 0.000000 0.986247
vn -0.156420 0.000000 0.987691
vn -0.165280 0.000000 0.986247
vn -0.158913 -0.143616 0.976791
vn -0.156420 0.000000 0.987691
vn -0.165281 0.000000 0.986247
vn -0.142875 0.061787 0.987810
vn -0.147979 0.000000 0.988991
vn -0.139374 0.000000 0.990240
vn -0.147979 0.000000 0.988991
vn -0.139374 0.000000 0.990240
vn -0.147979 0.000000 0.988991
vn -0.139374 0.000000 0.990240
vn -0.147979 0.000000 0.988991
vn -0.139374 0.000000 0.990240
vn -0.147979 0.000000 0.988991
vn -0.139374 0.000000 0.990240
vn -0.139374 0.000000 0.990240
vn -0.147979 0.000000 0.988991
vn -0.139374 0.000000 0.990240
vn -0.147979 0.000000 0.988991
vn -0.139374 0.000000 0.990240
vn -0.147979 0.000000 0.988991
vn -0.139374 0.000000 0.990240
vn -0.147979 0.000000 0.988991
vn -0.139374 0.000000 0.990240
vn -0.147979 0.000000 0.988991
vn -0.141678 -0.142968 0.979534
vn -0.139374 0.000000 0.990240
vn -0.147979 0.000000 0.988991
vn -0.125917 0.059435 0.990259
vn -0.131407 0.000000 0.991329
vn -0.122964 0.000000 0.992411
vn -0.131407 0.000000 0.991329
vn -0.122964 0.000000 0.992411
vn -0.131407 0.000000 0.991329
vn -0.122964 0.000000 0.992411
vn -0.131406 0.000000 0.991329
vn -0.122964 0.000000 0.992411
vn -0.131407 0.000000 0.991329
vn -0.122964 0.000000 0.992411
vn -0.131407 0.000000 0.991329
vn -0.122964 0.000000 0.992411
vn -0.122964 0.000000 0.992411
vn -0.131406 0.000000 0.991329
vn -0.122964 0.000000 0.992411
vn -0.131407 0.000000 0.991329
vn -0.122964 0.000000 0.992411
vn -0.131406 0.000000 0.991329
vn -0.122964 0.000000 0.992411
vn -0.131407 0.000000 0.991329
vn -0.124940 -0.137613 0.982574
vn -0.122964 0.000000 0.992411
vn -0.131407 0.000000 0.991329
vn -0.109186 0.072907 0.991344
vn -0.115344 0.000000 0.993326
vn -0.107086 0.000000 0.994250
vn -0.115344 0.000000 0.993326
vn -0.107086 0.000000 0.994250
vn -0.115344 0.000000 0.993326
vn -0.107086 0.000000 0.994250
vn -0.115344 0.000000 0.993326
vn -0.107086 0.000000 0.994250
vn -0.115344 0.000000 0.993326
vn -0.107086 0.000000 0.994250
vn -0.115344 0.000000 0.993326
vn -0.107086 0.000000 0.994250
vn -0.115344 0.000000 0.993326
vn -0.107086 0.000000 0.994250
vn -0.107086 0.000000 0.994250
vn -0.115344 0.000000 0.993326
vn -0.107086 0.000000 0.994250
vn -0.115344 0.000000 0.993326
vn -0.107086 0.000000 0.994250
vn -0.115344 0.000000 0.993326
vn -0.107086 0.000000 0.994250
vn -0.115344 0.000000 0.993326
vn -0.108674 -0.120947 0.986692
vn -0.107086 0.000000 0.994250
vn -0.115344 0.000000 0.993326
vn -0.093133 0.020632 0.995440
vn -0.099795 0.000000 0.995008
vn -0.091659 0.000000 0.995791
vn -0.099795 0.000000 0.995008
vn -0.091659 0.000000 0.995790
vn -0.091659 0.000000 0.995790
vn -0.099795 0.000000 0.995008
vn -0.091659 0.000000 0.995790
vn -0.099796 0.000000 0.995008
vn -0.091659 0.000000 0.995790
vn -0.099795 0.000000 0.995008
vn -0.091659 0.000000 0.995790
vn -0.099796 0.000000 0.995008
vn -0.091659 0.000000 0.995790
vn -0.099795 0.000000 0.995008
vn -0.092782 -0.089073 0.991694
vn -0.091659 0.000000 0.995790
vn -0.099796 0.000000 0.995008
vn -0.084611 0.000000 0.996414
vn -0.084611 0.000000 0.996414
vn -0.084611 0.000000 0.996414
vn -0.084611 0.000000 0.996414
vn -0.084611 0.000000 0.996414
vn -0.084611 0.000000 0.996414
vn -0.084611 0.000000 0.996414
vn -0.084611 0.000000 0.996414
vn -0.084611 0.000000 0.996414
vn -0.084611 0.000000 0.996414
vn -0.084611 0.000000 0.996414
vn -0.084611 0.000000 0.996414
vn -0.084611 0.000000 0.996414
vn -0.084611 0.000000 0.996414
vn -0.076870 0.097821 0.992231
vn -0.076439 0.129197 0.988668
vn -0.077240 0.000000 0.997012
vn -0.077240 0.000000 0.997012
vn -0.069784 0.000000 0.997562
vn -0.077240 0.000000 0.997013
vn -0.077240 0.000000 0.997013
vn -0.069784 0.000000 0.997562
vn -0.077240 0.000000 0.997013
vn -0.069784 0.000000 0.997562
vn -0.077240 0.000000 0.997013
vn -0.077240 0.000000 0.997012
vn -0.077240 0.000000 0.997012
vn -0.069784 0.000000 0.997562
vn -0.077240 0.000000 0.997013
vn -0.077240 0.000000 0.997013
vn -0.077240 0.000000 0.997013
vn -0.069784 0.000000 0.997562
vn -0.077240 0.000000 0.997013
vn -0.069784 0.000000 0.997562
vn -0.077240 0.000000 0.997012
vn -0.077240 0.000000 0.997012
vn -0.069784 0.000000 0.997562
vn -0.069784 0.000000 0.997562
vn -0.077240 0.000000 0.997013
vn -0.077240 0.000000 0.997013
vn -0.069784 0.000000 0.997562
vn -0.077240 0.000000 0.997013
vn -0.077240 0.000000 0.997013
vn -0.077240 0.000000 0.997012
vn -0.069784 0.000000 0.997562
vn -0.077240 0.000000 0.997012
vn -0.069784 0.000000 0.997562
vn -0.077240 0.000000 0.997013
vn -0.077240 0.000000 0.997013
vn -0.077240 0.000000 0.997013
vn -0.069784 0.000000 0.997562
vn -0.077240 0.000000 0.997013
vn -0.069784 0.000000 0.997562
vn -0.077012 -0.043405 0.996085
vn -0.077199 -0.032758 0.996477
vn -0.077240 0.000000 0.997012
vn -0.077240 0.000000 0.997012
vn -0.069784 0.000000 0.997562
vn -0.061234 0.024461 0.997824
vn -0.063074 0.000000 0.998009
vn -0.055228 0.000000 0.998474
vn -0.063074 0.000000 0.998009
vn -0.055228 0.000000 0.998474
vn -0.055228 0.000000 0.998474
vn -0.063074 0.000000 0.998009
vn -0.055228 0.000000 0.998474
vn -0.063074 0.000000 0.998009
vn -0.055228 0.000000 0.998474
vn -0.063074 0.000000 0.998009
vn -0.055228 0.000000 0.998474
vn -0.063074 0.000000 0.998009
vn -0.055228 0.000000 0.998474
vn -0.063074 0.000000 0.998009
vn -0.060911 -0.105443 0.992558
vn -0.055228 0.000000 0.998474
vn -0.063074 0.000000 0.998009
vn -0.045604 0.038904 0.998202
vn -0.048707 0.000000 0.998813
vn -0.040957 0.000000 0.999161
vn -0.048707 0.000000 0.998813
vn -0.040957 0.000000 0.999161
vn -0.048707 0.000000 0.998813
vn -0.040957 0.000000 0.999161
vn -0.048707 0.000000 0.998813
vn -0.040957 0.000000 0.999161
vn -0.040957 0.000000 0.999161
vn -0.048707 0.000000 0.998813
vn -0.040957 0.000000 0.999161
vn -0.048707 0.000000 0.998813
vn -0.040957 0.000000 0.999161
vn -0.048707 0.000000 0.998813
vn -0.040957 0.000000 0.999161
vn -0.048707 0.000000 0.998813
vn -0.045181 -0.141324 0.988932
vn -0.040957 0.000000 0.999161
vn -0.048707 0.000000 0.998813
vn -0.033024 0.014085 0.999355
vn -0.034564 0.000000 0.999402
vn -0.029692 0.000000 0.999559
vn -0.034564 0.000000 0.999403
vn -0.029692 0.000000 0.999559
vn -0.034564 0.000000 0.999403
vn -0.029692 0.000000 0.999559
vn -0.034564 0.000000 0.999402
vn -0.029692 0.000000 0.999559
vn -0.029692 0.000000 0.999559
vn -0.034564 0.000000 0.999402
vn -0.029692 0.000000 0.999559
vn -0.034564 0.000000 0.999403
vn -0.029692 0.000000 0.999559
vn -0.034564 0.000000 0.999402
vn -0.029692 0.000000 0.999559
vn -0.034564 0.000000 0.999402
vn -0.032983 -0.051582 0.998124
vn -0.029692 0.000000 0.999559
vn -0.034564 0.000000 0.999402
vn -0.966820 0.000000 -0.255459
vn -0.966820 0.000000 -0.255459
vn -0.255458 0.000000 0.966820
vn -0.255458 0.000000 0.966820
vn 0.966820 0.000000 0.255460
vn 0.966820 -0.000000 0.255460
vn -0.938856 0.000000 0.344310
vn -0.938856 0.000000 0.344310
vn -0.901442 0.000000 0.432901
vn -0.901442 0.000000 0.432901
vn -0.861024 0.000000 0.508564
vn -0.861024 0.000000 0.508564
vn -0.818019 0.000000 0.575191
vn -0.818019 0.000000 0.575191
vn -0.775790 0.000000 0.630992
vn -0.775790 0.000000 0.630992
vn -0.734510 0.000000 0.678597
vn -0.734510 0.000000 0.678597
vn -0.693599 0.000000 0.720361
vn -0.693599 0.000000 0.720361
vn -0.574847 0.000000 0.818261
vn -0.574847 0.000000 0.818261
vn -0.296672 0.000000 0.954979
vn -0.296672 0.000000 0.954979
vn -0.652180 0.046451 0.756640
vn -0.664217 0.000000 0.747540
vn -0.644022 0.000000 0.765007
vn -0.664217 0.000000 0.747540
vn -0.644022 0.000000 0.765007
vn -0.644022 0.000000 0.765007
vn -0.664217 0.000000 0.747540
vn -0.644022 0.000000 0.765007
vn -0.664217 0.000000 0.747540
vn -0.644022 0.000000 0.765007
vn -0.664217 0.000000 0.747540
vn -0.644022 0.000000 0.765007
vn -0.664217 0.000000 0.747540
vn -0.644022 0.000000 0.765007
vn -0.664217 0.000000 0.747540
vn -0.644022 0.000000 0.765007
vn -0.664217 0.000000 0.747540
vn -0.644022 0.000000 0.765007
vn -0.664217 0.000000 0.747540
vn -0.664217 0.000000 0.747540
vn -0.646623 -0.138166 0.750192
vn -0.644022 0.000000 0.765007
vn -0.613074 0.019557 0.789784
vn -0.615501 0.000000 0.788136
vn -0.596207 0.000000 0.802831
vn -0.615501 0.000000 0.788136
vn -0.596207 0.000000 0.802831
vn -0.596207 0.000000 0.802831
vn -0.615501 0.000000 0.788136
vn -0.615501 0.000000 0.788136
vn -0.596207 0.000000 0.802831
vn -0.596207 0.000000 0.802831
vn -0.615501 0.000000 0.788136
vn -0.596207 0.000000 0.802831
vn -0.615501 0.000000 0.788136
vn -0.596207 0.000000 0.802831
vn -0.615501 0.000000 0.788136
vn -0.596207 0.000000 0.802831
vn -0.615501 0.000000 0.788136
vn -0.596207 0.000000 0.802831
vn -0.615501 0.000000 0.788136
vn -0.612138 -0.058581 0.788578
vn -0.596207 0.000000 0.802831
vn -0.615501 0.000000 0.788136
vn -0.537828 0.019626 0.842826
vn -0.552873 0.000000 0.833265
vn -0.534597 0.000000 0.845107
vn -0.552873 0.000000 0.833265
vn -0.534597 0.000000 0.845107
vn -0.552873 0.000000 0.833265
vn -0.534597 0.000000 0.845107
vn -0.534597 0.000000 0.845107
vn -0.552873 0.000000 0.833265
vn -0.534597 0.000000 0.845107
vn -0.552874 0.000000 0.833265
vn -0.534597 0.000000 0.845107
vn -0.552873 0.000000 0.833265
vn -0.534597 0.000000 0.845107
vn -0.552873 0.000000 0.833265
vn -0.535996 -0.084757 0.839955
vn -0.534597 0.000000 0.845107
vn -0.552873 0.000000 0.833265
vn -0.501714 0.056767 0.863169
vn -0.513424 0.000000 0.858135
vn -0.496037 0.000000 0.868301
vn -0.513424 0.000000 0.858135
vn -0.496037 0.000000 0.868301
vn -0.513424 0.000000 0.858135
vn -0.496037 0.000000 0.868301
vn -0.513424 0.000000 0.858135
vn -0.496037 0.000000 0.868301
vn -0.513424 0.000000 0.858135
vn -0.496037 0.000000 0.868301
vn -0.513424 0.000000 0.858135
vn -0.496037 0.000000 0.868301
vn -0.496037 0.000000 0.868301
vn -0.513424 0.000000 0.858135
vn -0.496037 0.000000 0.868301
vn -0.513424 0.000000 0.858135
vn -0.496037 0.000000 0.868301
vn -0.513424 0.000000 0.858135
vn -0.496037 0.000000 0.868301
vn -0.513424 0.000000 0.858135
vn -0.498159 -0.131526 0.857052
vn -0.496037 0.000000 0.868301
vn -0.513424 0.000000 0.858135
vn -0.467876 0.060190 0.881742
vn -0.477397 0.000000 0.878688
vn -0.460913 0.000000 0.887445
vn -0.477396 0.000000 0.878688
vn -0.460913 0.000000 0.887445
vn -0.460913 0.000000 0.887445
vn -0.477396 0.000000 0.878688
vn -0.460913 0.000000 0.887445
vn -0.477396 0.000000 0.878688
vn -0.477396 0.000000 0.878688
vn -0.460913 0.000000 0.887445
vn -0.460913 0.000000 0.887445
vn -0.477396 0.000000 0.878688
vn -0.460913 0.000000 0.887445
vn -0.477396 0.000000 0.878688
vn -0.460913 0.000000 0.887445
vn -0.477396 0.000000 0.878688
vn -0.460913 0.000000 0.887445
vn -0.477397 0.000000 0.878688
vn -0.460913 0.000000 0.887445
vn -0.477396 0.000000 0.878688
vn -0.464154 -0.139332 0.874727
vn -0.460913 0.000000 0.887445
vn -0.477396 0.000000 0.878688
vn -0.436101 0.047117 0.898663
vn -0.428796 0.000000 0.903401
vn -0.444486 0.000000 0.895786
vn -0.428796 0.000000 0.903401
vn -0.444486 0.000000 0.895786
vn -0.428796 0.000000 0.903401
vn -0.428796 0.000000 0.903401
vn -0.444486 0.000000 0.895786
vn -0.444486 0.000000 0.895786
vn -0.428796 0.000000 0.903401
vn -0.444486 0.000000 0.895786
vn -0.428796 0.000000 0.903401
vn -0.444486 0.000000 0.895786
vn -0.428796 0.000000 0.903401
vn -0.444486 0.000000 0.895786
vn -0.428796 0.000000 0.903401
vn -0.444486 0.000000 0.895786
vn -0.428796 0.000000 0.903401
vn -0.444486 0.000000 0.895786
vn -0.432279 -0.140113 0.890788
vn -0.428796 0.000000 0.903401
vn -0.444486 0.000000 0.895786
vn -0.405441 0.047073 0.912908
vn -0.414133 0.000000 0.910217
vn -0.399085 0.000000 0.916914
vn -0.414132 0.000000 0.910217
vn -0.399085 0.000000 0.916914
vn -0.414133 0.000000 0.910217
vn -0.399085 0.000000 0.916914
vn -0.414133 0.000000 0.910217
vn -0.399085 0.000000 0.916914
vn -0.414133 0.000000 0.910216
vn -0.399085 0.000000 0.916914
vn -0.399085 0.000000 0.916914
vn -0.414132 0.000000 0.910217
vn -0.399085 0.000000 0.916914
vn -0.414133 0.000000 0.910217
vn -0.399085 0.000000 0.916914
vn -0.414133 0.000000 0.910217
vn -0.399085 0.000000 0.916914
vn -0.414133 0.000000 0.910217
vn -0.401895 -0.139982 0.904923
vn -0.399085 0.000000 0.916914
vn -0.414133 0.000000 0.910217
vn -0.376220 0.035848 0.925837
vn -0.385811 0.000000 0.922578
vn -0.371331 0.000000 0.928501
vn -0.385811 0.000000 0.922578
vn -0.385811 0.000000 0.922578
vn -0.371331 0.000000 0.928501
vn -0.371331 0.000000 0.928501
vn -0.385811 0.000000 0.922578
vn -0.371331 0.000000 0.928501
vn -0.371331 0.000000 0.928501
vn -0.385811 0.000000 0.922578
vn -0.371331 0.000000 0.928501
vn -0.385811 0.000000 0.922578
vn -0.371331 0.000000 0.928501
vn -0.385811 0.000000 0.922578
vn -0.371331 0.000000 0.928501
vn -0.385811 0.000000 0.922578
vn -0.371331 0.000000 0.928501
vn -0.385811 0.000000 0.922578
vn -0.373247 -0.130406 0.918521
vn -0.347694 0.057777 0.935826
vn -0.359220 0.000000 0.933253
vn -0.345326 0.000000 0.938483
vn -0.359220 0.000000 0.933253
vn -0.345326 0.000000 0.938483
vn -0.359220 0.000000 0.933253
vn -0.345326 0.000000 0.938483
vn -0.359220 0.000000 0.933253
vn -0.345326 0.000000 0.938483
vn -0.359220 0.000000 0.933253
vn -0.345326 0.000000 0.938483
vn -0.359220 0.000000 0.933253
vn -0.345326 0.000000 0.938483
vn -0.359220 0.000000 0.933253
vn -0.345326 0.000000 0.938483
vn -0.345326 0.000000 0.938483
vn -0.359220 0.000000 0.933253
vn -0.345326 0.000000 0.938483
vn -0.359220 0.000000 0.933253
vn -0.345326 0.000000 0.938483
vn -0.359220 0.000000 0.933253
vn -0.345326 0.000000 0.938483
vn -0.359220 0.000000 0.933253
vn -0.346667 -0.096014 0.933061
vn -0.345326 0.000000 0.938483
vn -0.359220 0.000000 0.933253
vn -0.334305 0.000000 0.942465
vn -0.334305 0.000000 0.942465
vn -0.334305 0.000000 0.942465
vn -0.334305 0.000000 0.942465
vn -0.334305 0.000000 0.942465
vn -0.334305 0.000000 0.942465
vn -0.334305 0.000000 0.942465
vn -0.334305 0.000000 0.942465
vn -0.334305 0.000000 0.942465
vn -0.334305 0.000000 0.942465
vn -0.334305 0.000000 0.942465
vn -0.334305 0.000000 0.942465
vn -0.334305 0.000000 0.942465
vn -0.334305 0.000000 0.942465
vn -0.310984 0.252757 0.916189
vn -0.323100 0.046550 0.945219
vn -0.323451 0.000000 0.946245
vn -0.310940 0.000000 0.950430
vn -0.323451 0.000000 0.946245
vn -0.323451 0.000000 0.946245
vn -0.323451 0.000000 0.946245
vn -0.310940 0.000000 0.950430
vn -0.323451 0.000000 0.946245
vn -0.323451 0.000000 0.946245
vn -0.323451 0.000000 0.946245
vn -0.310940 0.000000 0.950430
vn -0.310940 0.000000 0.950430
vn -0.323451 0.000000 0.946245
vn -0.310940 0.000000 0.950430
vn -0.323451 0.000000 0.946245
vn -0.323451 0.000000 0.946245
vn -0.323451 0.000000 0.946245
vn -0.310940 0.000000 0.950430
vn -0.323451 0.000000 0.946245
vn -0.310940 0.000000 0.950430
vn -0.310940 0.000000 0.950430
vn -0.323451 0.000000 0.946245
vn -0.323451 0.000000 0.946245
vn -0.310940 0.000000 0.950430
vn -0.323451 0.000000 0.946245
vn -0.323451 0.000000 0.946245
vn -0.323451 0.000000 0.946245
vn -0.310940 0.000000 0.950430
vn -0.323451 0.000000 0.946245
vn -0.323451 0.000000 0.946245
vn -0.310940 0.000000 0.950430
vn -0.323451 0.000000 0.946245
vn -0.310940 0.000000 0.950430
vn -0.323451 0.000000 0.946245
vn -0.323451 0.000000 0.946245
vn -0.323451 0.000000 0.946245
vn -0.310940 0.000000 0.950430
vn -0.323451 0.000000 0.946245
vn -0.323451 0.000000 0.946245
vn -0.320208 -0.086783 0.943364
vn -0.310940 0.000000 0.950430
vn -0.323451 0.000000 0.946245
vn -0.323412 -0.015537 0.946131
vn -0.274479 0.028358 0.961175
vn -0.281207 0.000000 0.959647
vn -0.270735 0.000000 0.962654
vn -0.281207 0.000000 0.959647
vn -0.281207 0.000000 0.959647
vn -0.270735 0.000000 0.962654
vn -0.270735 0.000000 0.962654
vn -0.270735 0.000000 0.962654
vn -0.281208 0.000000 0.959647
vn -0.270735 0.000000 0.962654
vn -0.281207 0.000000 0.959647
vn -0.270735 0.000000 0.962654
vn -0.281208 0.000000 0.959647
vn -0.270735 0.000000 0.962654
vn -0.281207 0.000000 0.959647
vn -0.270735 0.000000 0.962654
vn -0.281207 0.000000 0.959647
vn -0.273116 -0.103466 0.956401
vn -0.270735 0.000000 0.962654
vn -0.281207 0.000000 0.959647
vn -0.707108 0.000000 -0.707106
vn -0.707108 0.000000 -0.707106
vn -0.707106 0.000000 0.707107
vn -0.707106 0.000000 0.707107
vn -0.239852 0.000000 -0.970810
vn -0.239852 0.000000 -0.970810
vn -0.290616 0.000000 -0.956840
vn -0.290616 0.000000 -0.956840
vn -0.362193 0.000000 -0.932103
vn -0.362193 0.000000 -0.932103
vn -0.459419 0.000000 -0.888219
vn -0.459419 0.000000 -0.888219
vn -0.573823 0.000000 -0.818980
vn -0.685435 -0.000000 -0.728134
vn -0.573823 0.000000 -0.818980
vn -0.685435 0.000000 -0.728134
vn -0.782030 0.000000 -0.623241
vn -0.782030 0.000000 -0.623241
vn -0.012271 0.077104 -0.996948
vn -0.007465 0.000000 -0.999972
vn -0.013260 -0.000000 -0.999912
vn -0.007465 0.000000 -0.999972
vn -0.013260 -0.000000 -0.999912
vn -0.007465 0.000000 -0.999972
vn -0.013260 -0.000000 -0.999912
vn -0.007465 0.000000 -0.999972
vn -0.013260 -0.000000 -0.999912
vn -0.007465 0.000000 -0.999972
vn -0.013260 -0.000000 -0.999912
vn -0.007465 0.000000 -0.999972
vn -0.013260 -0.000000 -0.999912
vn -0.007465 0.000000 -0.999972
vn -0.013260 -0.000000 -0.999912
vn -0.007465 0.000000 -0.999972
vn -0.013260 -0.000000 -0.999912
vn -0.013260 -0.000000 -0.999912
vn -0.007465 0.000000 -0.999972
vn -0.013260 -0.000000 -0.999912
vn -0.007465 0.000000 -0.999972
vn -0.013260 -0.000000 -0.999912
vn -0.007465 0.000000 -0.999972
vn -0.013260 -0.000000 -0.999912
vn -0.007465 0.000000 -0.999972
vn -0.007465 0.000000 -0.999972
vn -0.013260 -0.000000 -0.999912
vn -0.012287 -0.057918 -0.998246
vn -0.007465 0.000000 -0.999972
vn -0.013260 -0.000000 -0.999912
vn -0.024665 0.051934 -0.998346
vn -0.021042 0.000000 -0.999779
vn -0.027559 -0.000000 -0.999620
vn -0.021042 0.000000 -0.999779
vn -0.027559 -0.000000 -0.999620
vn -0.021042 0.000000 -0.999779
vn -0.027559 -0.000000 -0.999620
vn -0.021042 0.000000 -0.999779
vn -0.027559 -0.000000 -0.999620
vn -0.021042 0.000000 -0.999779
vn -0.027559 -0.000000 -0.999620
vn -0.021042 0.000000 -0.999779
vn -0.027559 -0.000000 -0.999620
vn -0.027559 -0.000000 -0.999620
vn -0.021042 0.000000 -0.999779
vn -0.027559 -0.000000 -0.999620
vn -0.021042 0.000000 -0.999779
vn -0.027559 -0.000000 -0.999620
vn -0.021042 0.000000 -0.999779
vn -0.027559 -0.000000 -0.999620
vn -0.021042 0.000000 -0.999779
vn -0.024531 -0.116230 -0.992919
vn -0.027559 -0.000000 -0.999620
vn -0.021042 0.000000 -0.999779
vn -0.037878 0.019022 -0.999101
vn -0.036514 0.000000 -0.999333
vn -0.043314 -0.000000 -0.999062
vn -0.036514 0.000000 -0.999333
vn -0.043314 -0.000000 -0.999061
vn -0.036514 0.000000 -0.999333
vn -0.043314 -0.000000 -0.999062
vn -0.043314 -0.000000 -0.999062
vn -0.036514 0.000000 -0.999333
vn -0.043314 -0.000000 -0.999061
vn -0.036514 0.000000 -0.999333
vn -0.043314 -0.000000 -0.999062
vn -0.036514 0.000000 -0.999333
vn -0.043314 -0.000000 -0.999062
vn -0.036514 0.000000 -0.999333
vn -0.037789 -0.071171 -0.996748
vn -0.043314 -0.000000 -0.999062
vn -0.036514 0.000000 -0.999333
vn -0.051862 0.040010 -0.997852
vn -0.048603 0.000000 -0.998818
vn -0.055999 -0.000000 -0.998431
vn -0.048603 0.000000 -0.998818
vn -0.055999 -0.000000 -0.998431
vn -0.048603 0.000000 -0.998818
vn -0.055999 -0.000000 -0.998431
vn -0.048603 0.000000 -0.998818
vn -0.055999 -0.000000 -0.998431
vn -0.055999 -0.000000 -0.998431
vn -0.048603 0.000000 -0.998818
vn -0.055999 -0.000000 -0.998431
vn -0.048603 0.000000 -0.998818
vn -0.055999 -0.000000 -0.998431
vn -0.048603 0.000000 -0.998818
vn -0.055999 -0.000000 -0.998431
vn -0.048603 0.000000 -0.998818
vn -0.055999 -0.000000 -0.998431
vn -0.048603 0.000000 -0.998818
vn -0.051592 -0.109467 -0.992651
vn -0.055999 -0.000000 -0.998431
vn -0.048603 0.000000 -0.998818
vn -0.067660 0.060885 -0.995849
vn -0.062349 0.000000 -0.998054
vn -0.070869 -0.000000 -0.997486
vn -0.062349 0.000000 -0.998054
vn -0.070869 -0.000000 -0.997486
vn -0.070869 -0.000000 -0.997486
vn -0.062349 0.000000 -0.998054
vn -0.070869 -0.000000 -0.997486
vn -0.062349 0.000000 -0.998054
vn -0.070869 -0.000000 -0.997486
vn -0.062349 0.000000 -0.998054
vn -0.062349 0.000000 -0.998054
vn -0.070869 -0.000000 -0.997486
vn -0.070869 -0.000000 -0.997486
vn -0.062349 0.000000 -0.998054
vn -0.070869 -0.000000 -0.997486
vn -0.062349 0.000000 -0.998054
vn -0.070869 -0.000000 -0.997486
vn -0.062349 0.000000 -0.998054
vn -0.070869 -0.000000 -0.997486
vn -0.062349 0.000000 -0.998054
vn -0.070869 -0.000000 -0.997486
vn -0.062349 0.000000 -0.998054
vn -0.067403 -0.106156 -0.992062
vn -0.070869 -0.000000 -0.997486
vn -0.062349 0.000000 -0.998054
vn -0.085888 0.067433 -0.994020
vn -0.079006 0.000000 -0.996874
vn -0.088468 -0.000000 -0.996079
vn -0.079006 0.000000 -0.996874
vn -0.088468 -0.000000 -0.996079
vn -0.079006 0.000000 -0.996874
vn -0.088468 -0.000000 -0.996079
vn -0.079006 0.000000 -0.996874
vn -0.088468 -0.000000 -0.996079
vn -0.079006 0.000000 -0.996874
vn -0.088468 -0.000000 -0.996079
vn -0.079006 0.000000 -0.996874
vn -0.088468 -0.000000 -0.996079
vn -0.079006 0.000000 -0.996874
vn -0.088468 -0.000000 -0.996079
vn -0.079006 0.000000 -0.996874
vn -0.088468 -0.000000 -0.996079
vn -0.088468 -0.000000 -0.996079
vn -0.079006 0.000000 -0.996874
vn -0.088468 -0.000000 -0.996079
vn -0.079006 0.000000 -0.996874
vn -0.088468 -0.000000 -0.996079
vn -0.079006 0.000000 -0.996874
vn -0.088468 -0.000000 -0.996079
vn -0.079006 0.000000 -0.996874
vn -0.085778 -0.084191 -0.992751
vn -0.088468 -0.000000 -0.996079
vn -0.079006 0.000000 -0.996874
vn -0.106902 0.073573 -0.991544
vn -0.098963 0.000000 -0.995091
vn -0.110249 -0.000000 -0.993904
vn -0.098963 0.000000 -0.995091
vn -0.110249 -0.000000 -0.993904
vn -0.098963 0.000000 -0.995091
vn -0.110249 -0.000000 -0.993904
vn -0.098963 0.000000 -0.995091
vn -0.110249 -0.000000 -0.993904
vn -0.098963 0.000000 -0.995091
vn -0.110249 -0.000000 -0.993904
vn -0.098963 0.000000 -0.995091
vn -0.110249 -0.000000 -0.993904
vn -0.098963 0.000000 -0.995091
vn -0.110249 -0.000000 -0.993904
vn -0.110249 -0.000000 -0.993904
vn -0.098963 0.000000 -0.995091
vn -0.110249 -0.000000 -0.993904
vn -0.098963 0.000000 -0.995091
vn -0.110249 -0.000000 -0.993904
vn -0.098963 0.000000 -0.995091
vn -0.110249 -0.000000 -0.993904
vn -0.098963 0.000000 -0.995091
vn -0.110249 -0.000000 -0.993904
vn -0.098963 0.000000 -0.995091
vn -0.110249 -0.000000 -0.993904
vn -0.098963 0.000000 -0.995091
vn -0.106740 -0.091835 -0.990037
vn -0.132439 0.054798 -0.989675
vn -0.125193 0.000000 -0.992132
vn -0.139305 -0.000000 -0.990250
vn -0.125193 0.000000 -0.992132
vn -0.139305 -0.000000 -0.990250
vn -0.125193 0.000000 -0.992132
vn -0.139305 -0.000000 -0.990250
vn -0.125193 0.000000 -0.992132
vn -0.139305 -0.000000 -0.990250
vn -0.125193 0.000000 -0.992132
vn -0.139305 -0.000000 -0.990250
vn -0.125193 0.000000 -0.992132
vn -0.139305 -0.000000 -0.990250
vn -0.139305 -0.000000 -0.990250
vn -0.125193 0.000000 -0.992132
vn -0.139305 -0.000000 -0.990250
vn -0.125193 0.000000 -0.992132
vn -0.139305 -0.000000 -0.990250
vn -0.125193 0.000000 -0.992132
vn -0.139305 -0.000000 -0.990250
vn -0.125193 0.000000 -0.992132
vn -0.131638 -0.122564 -0.983692
vn -0.139305 -0.000000 -0.990250
vn -0.125193 0.000000 -0.992132
vn -0.162964 0.049370 -0.985396
vn -0.150648 0.000000 -0.988588
vn -0.166205 -0.000000 -0.986091
vn -0.150648 0.000000 -0.988587
vn -0.166205 -0.000000 -0.986091
vn -0.150648 0.000000 -0.988588
vn -0.166205 -0.000000 -0.986091
vn -0.150648 0.000000 -0.988587
vn -0.166205 -0.000000 -0.986091
vn -0.150648 0.000000 -0.988587
vn -0.166205 -0.000000 -0.986091
vn -0.150648 0.000000 -0.988588
vn -0.166205 -0.000000 -0.986091
vn -0.150648 0.000000 -0.988588
vn -0.166205 -0.000000 -0.986091
vn -0.150648 0.000000 -0.988587
vn -0.166205 -0.000000 -0.986091
vn -0.166205 -0.000000 -0.986091
vn -0.150648 0.000000 -0.988588
vn -0.166205 -0.000000 -0.986091
vn -0.150648 0.000000 -0.988587
vn -0.166205 -0.000000 -0.986091
vn -0.150648 0.000000 -0.988588
vn -0.166205 -0.000000 -0.986091
vn -0.150648 0.000000 -0.988588
vn -0.162852 -0.061676 -0.984721
vn -0.166205 -0.000000 -0.986091
vn -0.150648 0.000000 -0.988587
vn -0.199697 0.072565 -0.977167
vn -0.183420 0.000000 -0.983035
vn -0.203065 -0.000000 -0.979165
vn -0.183420 0.000000 -0.983035
vn -0.203065 -0.000000 -0.979165
vn -0.183420 0.000000 -0.983035
vn -0.203065 -0.000000 -0.979165
vn -0.183421 0.000000 -0.983035
vn -0.203065 -0.000000 -0.979165
vn -0.183420 0.000000 -0.983035
vn -0.203065 -0.000000 -0.979165
vn -0.183420 0.000000 -0.983035
vn -0.203065 -0.000000 -0.979165
vn -0.203065 -0.000000 -0.979165
vn -0.183420 0.000000 -0.983034
vn -0.203065 -0.000000 -0.979165
vn -0.183420 0.000000 -0.983035
vn -0.203065 -0.000000 -0.979165
vn -0.183421 0.000000 -0.983035
vn -0.203065 -0.000000 -0.979165
vn -0.183420 0.000000 -0.983035
vn -0.203065 -0.000000 -0.979165
vn -0.183420 0.000000 -0.983035
vn -0.203065 -0.000000 -0.979165
vn -0.183420 0.000000 -0.983035
vn -0.203065 -0.000000 -0.979165
vn -0.183421 0.000000 -0.983035
vn -0.199928 -0.054500 -0.978294
vn -0.203065 -0.000000 -0.979165
vn -0.183420 0.000000 -0.983035
vn 0.999991 0.000000 -0.004165
vn 0.999991 0.000000 -0.004165
vn -0.004164 0.000000 -0.999991
vn -0.004164 0.000000 -0.999991
vn -0.999991 0.000000 0.004165
vn -0.999991 0.000000 0.004165
vn 0.010570 0.000000 -0.999944
vn 0.010570 0.000000 -0.999944
vn 0.066967 0.046119 -0.996689
vn 0.068599 0.000000 -0.997644
vn 0.066510 0.000000 -0.997786
vn 0.068599 0.000000 -0.997644
vn 0.066510 0.000000 -0.997786
vn 0.068599 0.000000 -0.997644
vn 0.066510 0.000000 -0.997786
vn 0.066510 0.000000 -0.997786
vn 0.068599 0.000000 -0.997644
vn 0.068599 0.000000 -0.997644
vn 0.066510 0.000000 -0.997786
vn 0.068599 0.000000 -0.997644
vn 0.066510 0.000000 -0.997786
vn 0.068599 0.000000 -0.997644
vn 0.066510 0.000000 -0.997786
vn 0.066510 0.000000 -0.997786
vn 0.068599 0.000000 -0.997644
vn 0.068599 0.000000 -0.997644
vn 0.066510 0.000000 -0.997786
vn 0.066510 0.000000 -0.997786
vn 0.068599 0.000000 -0.997644
vn 0.066510 0.000000 -0.997786
vn 0.068599 0.000000 -0.997644
vn 0.066510 0.000000 -0.997786
vn 0.068599 0.000000 -0.997644
vn 0.066927 -0.057620 -0.996093
vn 0.066510 0.000000 -0.997786
vn 0.068599 0.000000 -0.997644
vn 0.061431 0.053943 -0.996653
vn 0.063100 0.000000 -0.998007
vn 0.059764 0.000000 -0.998213
vn 0.063100 0.000000 -0.998007
vn 0.059764 0.000000 -0.998213
vn 0.063100 0.000000 -0.998007
vn 0.059764 0.000000 -0.998213
vn 0.063100 0.000000 -0.998007
vn 0.059764 0.000000 -0.998213
vn 0.063100 0.000000 -0.998007
vn 0.059764 0.000000 -0.998213
vn 0.059764 0.000000 -0.998213
vn 0.063100 0.000000 -0.998007
vn 0.059764 0.000000 -0.998213
vn 0.063100 0.000000 -0.998007
vn 0.059764 0.000000 -0.998213
vn 0.063100 0.000000 -0.998007
vn 0.059764 0.000000 -0.998213
vn 0.063100 0.000000 -0.998007
vn 0.059764 0.000000 -0.998213
vn 0.063100 0.000000 -0.998007
vn 0.061071 -0.120675 -0.990812
vn 0.059764 0.000000 -0.998213
vn 0.063100 0.000000 -0.998007
vn 0.054390 0.004379 -0.998510
vn 0.054549 0.000000 -0.998511
vn 0.050657 0.000000 -0.998716
vn 0.054550 0.000000 -0.998511
vn 0.050657 0.000000 -0.998716
vn 0.050657 0.000000 -0.998716
vn 0.054549 0.000000 -0.998511
vn 0.050657 0.000000 -0.998716
vn 0.054549 0.000000 -0.998511
vn 0.050657 0.000000 -0.998716
vn 0.054549 0.000000 -0.998511
vn 0.050657 0.000000 -0.998716
vn 0.054550 0.000000 -0.998511
vn 0.054381 -0.018609 -0.998347
vn 0.050657 0.000000 -0.998716
vn 0.054549 0.000000 -0.998511
vn 0.046552 0.018442 -0.998746
vn 0.047346 0.000000 -0.998879
vn 0.043209 0.000000 -0.999066
vn 0.047346 0.000000 -0.998879
vn 0.043209 0.000000 -0.999066
vn 0.047346 0.000000 -0.998879
vn 0.043209 0.000000 -0.999066
vn 0.043209 0.000000 -0.999066
vn 0.047346 0.000000 -0.998879
vn 0.043209 0.000000 -0.999066
vn 0.047346 0.000000 -0.998879
vn 0.043209 0.000000 -0.999066
vn 0.047346 0.000000 -0.998879
vn 0.043209 0.000000 -0.999066
vn 0.047346 0.000000 -0.998879
vn 0.046449 -0.069011 -0.996534
vn 0.043209 0.000000 -0.999066
vn 0.047346 0.000000 -0.998879
vn 0.038098 0.026364 -0.998926
vn 0.039296 0.000000 -0.999228
vn 0.034911 0.000000 -0.999390
vn 0.039296 0.000000 -0.999228
vn 0.034911 0.000000 -0.999390
vn 0.039296 0.000000 -0.999228
vn 0.034911 0.000000 -0.999390
vn 0.034911 0.000000 -0.999390
vn 0.039296 0.000000 -0.999228
vn 0.034911 0.000000 -0.999390
vn 0.039296 0.000000 -0.999228
vn 0.034911 0.000000 -0.999390
vn 0.039296 0.000000 -0.999228
vn 0.034911 0.000000 -0.999390
vn 0.039296 0.000000 -0.999228
vn 0.034911 0.000000 -0.999390
vn 0.039296 0.000000 -0.999228
vn 0.037972 -0.085412 -0.995622
vn 0.034911 0.000000 -0.999390
vn 0.039296 0.000000 -0.999228
vn 0.029067 0.027790 -0.999191
vn 0.030444 0.000000 -0.999537
vn 0.025685 0.000000 -0.999670
vn 0.030444 0.000000 -0.999537
vn 0.025685 0.000000 -0.999670
vn 0.030444 0.000000 -0.999536
vn 0.025685 0.000000 -0.999670
vn 0.025685 0.000000 -0.999670
vn 0.030444 0.000000 -0.999536
vn 0.025685 0.000000 -0.999670
vn 0.030444 0.000000 -0.999536
vn 0.025685 0.000000 -0.999670
vn 0.030444 0.000000 -0.999537
vn 0.025685 0.000000 -0.999670
vn 0.030444 0.000000 -0.999536
vn 0.025685 0.000000 -0.999670
vn 0.030444 0.000000 -0.999536
vn 0.025685 0.000000 -0.999670
vn 0.030444 0.000000 -0.999536
vn 0.028960 -0.089997 -0.995521
vn 0.019385 0.023513 -0.999536
vn 0.020544 0.000000 -0.999789
vn 0.015553 0.000000 -0.999879
vn 0.020544 0.000000 -0.999789
vn 0.015553 0.000000 -0.999879
vn 0.020544 0.000000 -0.999789
vn 0.015553 0.000000 -0.999879
vn 0.020544 0.000000 -0.999789
vn 0.015553 0.000000 -0.999879
vn 0.020544 0.000000 -0.999789
vn 0.015553 0.000000 -0.999879
vn 0.015553 0.000000 -0.999879
vn 0.020544 0.000000 -0.999789
vn 0.015553 0.000000 -0.999879
vn 0.020544 0.000000 -0.999789
vn 0.015553 0.000000 -0.999879
vn 0.020544 0.000000 -0.999789
vn 0.019334 -0.076226 -0.996903
vn 0.015553 0.000000 -0.999879
vn 0.020544 0.000000 -0.999789
vn 0.002495 0.032188 -0.999479
vn 0.005881 0.000000 -0.999983
vn 0.001678 0.000000 -0.999999
vn 0.001678 0.000000 -0.999999
vn 0.005881 0.000000 -0.999983
vn 0.001678 0.000000 -0.999999
vn 0.005881 0.000000 -0.999983
vn 0.001678 0.000000 -0.999999
vn 0.005881 0.000000 -0.999983
vn 0.001678 0.000000 -0.999999
vn 0.005881 0.000000 -0.999983
vn 0.001678 0.000000 -0.999999
vn 0.001678 0.000000 -0.999999
vn 0.005881 0.000000 -0.999983
vn 0.005881 0.000000 -0.999983
vn 0.005881 0.000000 -0.999983
vn 0.001678 0.000000 -0.999999
vn 0.001678 0.000000 -0.999999
vn 0.005881 0.000000 -0.999983
vn 0.001678 0.000000 -0.999999
vn 0.005881 0.000000 -0.999983
vn 0.001678 0.000000 -0.999999
vn 0.005881 0.000000 -0.999983
vn 0.001678 0.000000 -0.999999
vn 0.005881 0.000000 -0.999983
vn 0.002495 -0.040227 -0.999188
vn 0.001678 0.000000 -0.999999
vn 0.005881 0.000000 -0.999983
vn 0.997594 -0.000000 0.069321
vn 0.997594 0.000000 0.069321
vn 0.069323 0.000000 -0.997594
vn 0.069323 0.000000 -0.997594
vn -0.997594 0.000000 -0.069323
vn -0.997594 0.000000 -0.069323
vn 0.011549 0.000000 -0.999933
vn 0.011549 0.000000 -0.999933
vn 0.069231 0.000000 -0.997601
vn 0.069231 0.000000 -0.997601
vn -0.001080 -0.005693 -0.999983
vn -0.001276 0.000000 -0.999999
vn 0.005374 0.000000 -0.999986
vn -0.001276 0.000000 -0.999999
vn 0.005374 0.000000 -0.999986
vn -0.001276 0.000000 -0.999999
vn 0.005374 0.000000 -0.999986
vn -0.001276 0.000000 -0.999999
vn 0.005374 0.000000 -0.999986
vn -0.001276 0.000000 -0.999999
vn 0.005374 0.000000 -0.999986
vn 0.005374 0.000000 -0.999986
vn -0.001276 0.000000 -0.999999
vn 0.005374 0.000000 -0.999986
vn -0.001276 0.000000 -0.999999
vn -0.001276 0.000000 -0.999999
vn 0.005374 0.000000 -0.999986
vn 0.005374 0.000000 -0.999986
vn -0.001276 0.000000 -0.999999
vn 0.005374 0.000000 -0.999986
vn -0.001276 0.000000 -0.999999
vn -0.001080 0.012809 -0.999917
vn 0.005374 0.000000 -0.999986
vn -0.001276 0.000000 -0.999999
vn 0.023176 -0.077049 -0.996758
vn 0.019151 0.000000 -0.999817
vn 0.025006 0.000000 -0.999687
vn 0.019151 0.000000 -0.999817
vn 0.025006 0.000000 -0.999687
vn 0.019151 0.000000 -0.999817
vn 0.025006 0.000000 -0.999687
vn 0.019151 0.000000 -0.999817
vn 0.025006 0.000000 -0.999687
vn 0.019151 0.000000 -0.999817
vn 0.025006 0.000000 -0.999687
vn 0.019151 0.000000 -0.999817
vn 0.025006 0.000000 -0.999687
vn 0.019151 0.000000 -0.999817
vn 0.025006 0.000000 -0.999687
vn 0.025006 0.000000 -0.999687
vn 0.019151 0.000000 -0.999817
vn 0.025006 0.000000 -0.999687
vn 0.019151 0.000000 -0.999817
vn 0.025006 0.000000 -0.999687
vn 0.019151 0.000000 -0.999817
vn 0.025006 0.000000 -0.999687
vn 0.019151 0.000000 -0.999817
vn 0.025006 0.000000 -0.999687
vn 0.019151 0.000000 -0.999817
vn 0.023138 0.096159 -0.995097
vn 0.025006 0.000000 -0.999687
vn 0.019151 0.000000 -0.999817
vn 0.034175 -0.040477 -0.998596
vn 0.031277 0.000000 -0.999511
vn 0.036491 0.000000 -0.999334
vn 0.031277 0.000000 -0.999511
vn 0.036491 0.000000 -0.999334
vn 0.031277 0.000000 -0.999511
vn 0.036491 0.000000 -0.999334
vn 0.031277 0.000000 -0.999511
vn 0.036491 0.000000 -0.999334
vn 0.031277 0.000000 -0.999511
vn 0.036491 0.000000 -0.999334
vn 0.036491 0.000000 -0.999334
vn 0.031277 0.000000 -0.999511
vn 0.036491 0.000000 -0.999334
vn 0.031277 0.000000 -0.999511
vn 0.036491 0.000000 -0.999334
vn 0.031277 0.000000 -0.999511
vn 0.036491 0.000000 -0.999334
vn 0.031277 0.000000 -0.999511
vn 0.033993 0.110732 -0.993269
vn 0.036491 0.000000 -0.999334
vn 0.031277 0.000000 -0.999511
vn 0.044029 -0.049577 -0.997799
vn 0.041560 0.000000 -0.999136
vn 0.046245 0.000000 -0.998930
vn 0.041560 0.000000 -0.999136
vn 0.046245 0.000000 -0.998930
vn 0.041560 0.000000 -0.999136
vn 0.046245 0.000000 -0.998930
vn 0.041560 0.000000 -0.999136
vn 0.046245 0.000000 -0.998930
vn 0.041560 0.000000 -0.999136
vn 0.046245 0.000000 -0.998930
vn 0.041560 0.000000 -0.999136
vn 0.046245 0.000000 -0.998930
vn 0.046245 0.000000 -0.998930
vn 0.041560 0.000000 -0.999136
vn 0.046245 0.000000 -0.998930
vn 0.041560 0.000000 -0.999136
vn 0.046245 0.000000 -0.998930
vn 0.041560 0.000000 -0.999136
vn 0.046245 0.000000 -0.998930
vn 0.041560 0.000000 -0.999136
vn 0.043811 0.111009 -0.992853
vn 0.046245 0.000000 -0.998930
vn 0.041560 0.000000 -0.999136
vn 0.052825 -0.038389 -0.997866
vn 0.050308 0.000000 -0.998734
vn 0.054461 0.000000 -0.998516
vn 0.050308 0.000000 -0.998734
vn 0.054461 0.000000 -0.998516
vn 0.050308 0.000000 -0.998734
vn 0.054461 0.000000 -0.998516
vn 0.050308 0.000000 -0.998734
vn 0.054461 0.000000 -0.998516
vn 0.054461 0.000000 -0.998516
vn 0.050308 0.000000 -0.998734
vn 0.054461 0.000000 -0.998516
vn 0.050308 0.000000 -0.998734
vn 0.054461 0.000000 -0.998516
vn 0.050308 0.000000 -0.998734
vn 0.054461 0.000000 -0.998516
vn 0.050308 0.000000 -0.998734
vn 0.054461 0.000000 -0.998516
vn 0.050308 0.000000 -0.998734
vn 0.050308 0.000000 -0.998734
vn 0.052572 0.105077 -0.993073
vn 0.054461 0.000000 -0.998516
vn 0.060293 -0.059465 -0.996408
vn 0.057627 0.000000 -0.998338
vn 0.061167 0.000000 -0.998128
vn 0.061167 0.000000 -0.998128
vn 0.057627 0.000000 -0.998338
vn 0.061167 0.000000 -0.998128
vn 0.057627 0.000000 -0.998338
vn 0.061167 0.000000 -0.998128
vn 0.057627 0.000000 -0.998338
vn 0.061167 0.000000 -0.998128
vn 0.057628 0.000000 -0.998338
vn 0.061167 0.000000 -0.998128
vn 0.057627 0.000000 -0.998338
vn 0.057627 0.000000 -0.998338
vn 0.061167 0.000000 -0.998128
vn 0.061167 0.000000 -0.998128
vn 0.057627 0.000000 -0.998338
vn 0.061167 0.000000 -0.998128
vn 0.057627 0.000000 -0.998338
vn 0.061167 0.000000 -0.998128
vn 0.057627 0.000000 -0.998338
vn 0.061167 0.000000 -0.998128
vn 0.057627 0.000000 -0.998338
vn 0.061167 0.000000 -0.998128
vn 0.057627 0.000000 -0.998338
vn 0.060233 0.074264 -0.995418
vn 0.061167 0.000000 -0.998128
vn 0.057627 0.000000 -0.998338
vn 0.065795 -0.008522 -0.997797
vn 0.065439 0.000000 -0.997857
vn 0.067386 0.000000 -0.997727
vn 0.065439 0.000000 -0.997857
vn 0.067386 0.000000 -0.997727
vn 0.065439 0.000000 -0.997857
vn 0.067386 0.000000 -0.997727
vn 0.067386 0.000000 -0.997727
vn 0.065439 0.000000 -0.997857
vn 0.067386 0.000000 -0.997727
vn 0.065439 0.000000 -0.997857
vn 0.067386 0.000000 -0.997727
vn 0.065439 0.000000 -0.997857
vn 0.067386 0.000000 -0.997727
vn 0.065439 0.000000 -0.997857
vn 0.065764 0.031944 -0.997324
vn 0.067386 0.000000 -0.997727
vn 0.065439 0.000000 -0.997857
vn 0.070558 0.000000 -0.997508
vn 0.070558 0.000000 -0.997508
vn 0.070558 0.000000 -0.997508
vn 0.070558 0.000000 -0.997508
vn 0.070558 0.000000 -0.997508
vn 0.070558 0.000000 -0.997508
vn 0.070558 0.000000 -0.997508
vn 0.070558 0.000000 -0.997508
vn 0.070387 0.075276 -0.994675
vn 0.070674 -0.001006 -0.997499
vn 0.069811 0.000000 -0.997560
vn 0.070693 0.000000 -0.997498
vn 0.070693 0.000000 -0.997498
vn 0.069811 0.000000 -0.997560
vn 0.070693 0.000000 -0.997498
vn 0.069811 0.000000 -0.997560
vn 0.070693 0.000000 -0.997498
vn 0.069811 0.000000 -0.997560
vn 0.069811 0.000000 -0.997560
vn 0.070693 0.000000 -0.997498
vn 0.069811 0.000000 -0.997560
vn 0.070693 0.000000 -0.997498
vn 0.070693 0.000000 -0.997498
vn 0.069811 0.000000 -0.997560
vn 0.070693 0.000000 -0.997498
vn 0.069811 0.000000 -0.997560
vn 0.069811 0.000000 -0.997560
vn 0.070693 0.000000 -0.997498
vn 0.070693 0.000000 -0.997498
vn 0.070693 0.000000 -0.997498
vn 0.069811 0.000000 -0.997560
vn 0.069811 0.000000 -0.997560
vn 0.070693 0.000000 -0.997498
vn 0.070693 0.000000 -0.997498
vn 0.069811 0.000000 -0.997560
vn 0.070693 0.000000 -0.997498
vn 0.070693 0.000000 -0.997498
vn 0.070693 0.000000 -0.997498
vn 0.069811 0.000000 -0.997560
vn 0.070693 0.000000 -0.997498
vn 0.070693 0.000000 -0.997498
vn 0.069811 0.000000 -0.997560
vn 0.070693 0.000000 -0.997498
vn 0.069811 0.000000 -0.997560
vn 0.070693 0.000000 -0.997498
vn 0.070693 0.000000 -0.997498
vn 0.070387 -0.075321 -0.994672
vn 0.069811 0.000000 -0.997560
vn 0.070693 0.000000 -0.997498
vn 0.070677 0.003879 -0.997492
vn 0.999931 0.000000 -0.011720
vn 0.999931 0.000000 -0.011720
vn -0.011723 0.000000 -0.999931
vn -0.011723 0.000000 -0.999931
vn -0.737277 0.000000 0.675591
vn -0.737277 0.000000 0.675591
vn -0.793353 0.000000 0.608761
vn -0.793353 0.000000 0.608761
vn -0.843391 0.000000 0.537300
vn -0.843391 0.000000 0.537300
vn -0.887011 0.000000 0.461749
vn -0.887011 0.000000 0.461749
vn -0.923880 0.000000 0.382683
vn -0.953717 0.000000 0.300706
vn -0.923880 0.000000 0.382683
vn -0.953717 0.000000 0.300706
vn -0.976296 0.000000 0.216439
vn -0.976296 0.000000 0.216439
vn -0.991445 0.000000 0.130526
vn -0.999048 0.000000 0.043620
vn -0.991445 0.000000 0.130526
vn -0.999048 0.000000 0.043620
vn -0.999048 0.000000 -0.043620
vn -0.991445 -0.000000 -0.130526
vn -0.999048 -0.000000 -0.043620
vn -0.991445 0.000000 -0.130526
vn -0.976296 0.000000 -0.216439
vn -0.976296 0.000000 -0.216439
vn -0.953717 0.000000 -0.300706
vn -0.953717 0.000000 -0.300706
vn -0.923880 0.000000 -0.382683
vn -0.887011 -0.000000 -0.461749
vn -0.923880 0.000000 -0.382683
vn -0.887011 0.000000 -0.461749
vn -0.843391 0.000000 -0.537300
vn -0.843391 0.000000 -0.537300
vn -0.793353 0.000000 -0.608761
vn -0.793353 0.000000 -0.608761
vn -0.737277 0.000000 -0.675591
vn -0.737277 0.000000 -0.675591
vn -0.589070 0.000000 0.808082
vn -0.589070 0.000000 0.808082
vn -0.650756 0.000000 0.759287
vn -0.708417 0.000000 0.705794
vn -0.650756 0.000000 0.759287
vn -0.708417 0.000000 0.705794
vn 0.485983 -0.000000 0.873968
vn 0.485983 0.000000 0.873968
vn 0.410413 0.000000 0.911900
vn 0.410413 -0.000000 0.911900
vn 0.331907 0.000000 0.943312
vn 0.251030 0.000000 0.967979
vn 0.331907 -0.000000 0.943312
vn 0.251030 0.000000 0.967979
vn 0.168357 0.000000 0.985726
vn 0.168357 -0.000000 0.985726
vn 0.084481 0.000000 0.996425
vn 0.084481 -0.000000 0.996425
vn -0.000000 0.000000 1.000000
vn -0.084481 0.000000 0.996425
vn 0.000000 0.000000 1.000000
vn -0.084481 0.000000 0.996425
vn -0.168357 0.000000 0.985726
vn -0.168357 0.000000 0.985726
vn -0.251030 0.000000 0.967979
vn -0.251030 0.000000 0.967979
vn -0.331907 0.000000 0.943312
vn -0.331907 0.000000 0.943312
vn -0.410413 0.000000 0.911900
vn -0.485983 0.000000 0.873968
vn -0.410413 0.000000 0.911900
vn -0.485983 0.000000 0.873968
vn 0.708417 -0.000000 0.705794
vn 0.708417 0.000000 0.705794
vn 0.650756 0.000000 0.759287
vn 0.589070 0.000000 0.808082
vn 0.650756 -0.000000 0.759287
vn 0.589070 0.000000 0.808082
vn 0.737277 0.000000 -0.675591
vn 0.737277 0.000000 -0.675591
vn 0.793353 0.000000 -0.608761
vn 0.793353 0.000000 -0.608761
vn 0.843391 0.000000 -0.537300
vn 0.843391 0.000000 -0.537300
vn 0.887011 0.000000 -0.461749
vn 0.887011 0.000000 -0.461749
vn 0.923880 0.000000 -0.382683
vn 0.953717 0.000000 -0.300706
vn 0.923880 0.000000 -0.382683
vn 0.976296 0.000000 -0.216439
vn 0.953717 0.000000 -0.300706
vn 0.976296 0.000000 -0.216439
vn 0.991445 0.000000 -0.130526
vn 0.999048 0.000000 -0.043620
vn 0.991445 0.000000 -0.130526
vn 0.999048 0.000000 -0.043620
vn 0.999048 0.000000 0.043620
vn 0.991445 0.000000 0.130526
vn 0.999048 0.000000 0.043620
vn 0.991445 0.000000 0.130526
vn 0.976296 0.000000 0.216439
vn 0.953717 0.000000 0.300706
vn 0.976296 -0.000000 0.216439
vn 0.953717 0.000000 0.300706
vn 0.923880 0.000000 0.382683
vn 0.887011 0.000000 0.461749
vn 0.923880 -0.000000 0.382683
vn 0.887011 0.000000 0.461749
vn 0.843391 -0.000000 0.537300
vn 0.843391 0.000000 0.537300
vn 0.793353 -0.000000 0.608761
vn 0.793353 0.000000 0.608761
vn 0.737277 0.000000 0.675591
vn 0.737277 0.000000 0.675591
vn 0.589070 0.000000 -0.808082
vn 0.589070 0.000000 -0.808082
vn 0.650756 0.000000 -0.759287
vn 0.650756 0.000000 -0.759287
vn 0.708417 0.000000 -0.705794
vn 0.708417 0.000000 -0.705794
vn -0.485983 -0.000000 -0.873968
vn -0.485983 0.000000 -0.873968
vn -0.410413 0.000000 -0.911900
vn -0.410413 0.000000 -0.911900
vn -0.331907 0.000000 -0.943312
vn -0.251030 -0.000000 -0.967979
vn -0.331907 0.000000 -0.943312
vn -0.168357 -0.000000 -0.985726
vn -0.251030 0.000000 -0.967979
vn -0.168357 0.000000 -0.985726
vn -0.084481 0.000000 -0.996425
vn -0.084481 0.000000 -0.996425
vn -0.000000 0.000000 -1.000000
vn 0.000000 0.000000 -1.000000
vn 0.084481 0.000000 -0.996425
vn 0.084481 0.000000 -0.996425
vn 0.168357 0.000000 -0.985726
vn 0.168357 0.000000 -0.985726
vn 0.251030 0.000000 -0.967979
vn 0.251030 0.000000 -0.967979
vn 0.331907 0.000000 -0.943312
vn 0.331907 0.000000 -0.943312
vn 0.410413 0.000000 -0.911900
vn 0.410413 0.000000 -0.911900
vn 0.485983 0.000000 -0.873968
vn 0.485983 0.000000 -0.873968
vn -0.708417 -0.000000 -0.705794
vn -0.708417 0.000000 -0.705794
vn -0.650756 0.000000 -0.759287
vn -0.650756 0.000000 -0.759287
vn -0.589070 0.000000 -0.808082
vn -0.589070 0.000000 -0.808082
vn -0.998102 0.000000 -0.061578
vn -0.998102 0.000000 -0.061578
vn -0.982974 0.000000 -0.183745
vn -0.982974 0.000000 -0.183745
vn -0.952943 0.000000 -0.303150
vn -0.952943 0.000000 -0.303150
vn -0.908466 0.000000 -0.417958
vn -0.908466 0.000000 -0.417958
vn -0.850217 -0.000000 -0.526433
vn -0.850217 0.000000 -0.526433
vn -0.779082 0.000000 -0.626922
vn -0.779082 0.000000 -0.626922
vn -0.696131 -0.000000 -0.717915
vn -0.696131 0.000000 -0.717915
vn -0.602636 0.000000 -0.798016
vn -0.602636 0.000000 -0.798016
vn -0.499999 0.000000 -0.866026
vn -0.499999 0.000000 -0.866026
vn -0.389786 0.000000 -0.920905
vn -0.389786 0.000000 -0.920905
vn -0.273664 0.000000 -0.961825
vn -0.273664 0.000000 -0.961825
vn -0.153392 0.000000 -0.988165
vn -0.153392 0.000000 -0.988165
vn -0.030795 -0.000000 -0.999526
vn -0.030795 0.000000 -0.999526
vn 0.092268 0.000000 -0.995734
vn 0.092268 0.000000 -0.995734
vn 0.213932 0.000000 -0.976849
vn 0.213932 0.000000 -0.976849
vn 0.332355 0.000000 -0.943154
vn 0.332355 0.000000 -0.943154
vn 0.445739 0.000000 -0.895163
vn 0.445739 0.000000 -0.895163
vn 0.552366 0.000000 -0.833602
vn 0.552366 0.000000 -0.833602
vn 0.650617 0.000000 -0.759406
vn 0.650617 0.000000 -0.759406
vn 0.739009 0.000000 -0.673696
vn 0.739009 0.000000 -0.673696
vn 0.816195 0.000000 -0.577776
vn 0.816195 0.000000 -0.577776
vn 0.881014 0.000000 -0.473091
vn 0.881014 0.000000 -0.473091
vn 0.932471 0.000000 -0.361244
vn 0.932471 0.000000 -0.361244
vn 0.969797 0.000000 -0.243914
vn 0.969797 0.000000 -0.243914
vn 0.992420 0.000000 -0.122890
vn 0.992420 0.000000 -0.122890
vn 1.000000 -0.000000 0.000000
vn 1.000000 0.000000 0.000000
vn 0.992420 -0.000000 0.122890
vn 0.992420 0.000000 0.122890
vn 0.969797 -0.000000 0.243914
vn 0.969797 0.000000 0.243914
vn 0.932471 -0.000000 0.361244
vn 0.932471 0.000000 0.361244
vn 0.881014 -0.000000 0.473091
vn 0.881014 0.000000 0.473091
vn 0.816195 -0.000000 0.577776
vn 0.816195 0.000000 0.577776
vn 0.739009 -0.000000 0.673696
vn 0.739009 0.000000 0.673696
vn 0.650617 -0.000000 0.759406
vn 0.650617 0.000000 0.759406
vn 0.552365 -0.000000 0.833602
vn 0.552365 0.000000 0.833602
vn 0.445740 -0.000000 0.895163
vn 0.445740 0.000000 0.895163
vn 0.332355 -0.000000 0.943154
vn 0.332355 0.000000 0.943154
vn 0.213932 -0.000000 0.976849
vn 0.213932 0.000000 0.976849
vn 0.092268 -0.000000 0.995734
vn 0.092268 0.000000 0.995734
vn -0.030795 0.000000 0.999526
vn -0.030795 0.000000 0.999526
vn -0.153392 0.000000 0.988165
vn -0.153392 0.000000 0.988165
vn -0.273664 0.000000 0.961825
vn -0.273664 0.000000 0.961825
vn -0.389786 0.000000 0.920905
vn -0.389786 0.000000 0.920905
vn -0.499999 0.000000 0.866026
vn -0.499999 0.000000 0.866026
vn -0.602636 0.000000 0.798016
vn -0.602636 0.000000 0.798016
vn -0.696131 0.000000 0.717915
vn -0.696131 0.000000 0.717915
vn -0.779082 0.000000 0.626922
vn -0.779082 0.000000 0.626922
vn -0.850217 0.000000 0.526433
vn -0.850217 0.000000 0.526433
vn -0.908466 0.000000 0.417958
vn -0.908466 0.000000 0.417958
vn -0.952943 0.000000 0.303150
vn -0.952943 0.000000 0.303150
vn -0.982974 0.000000 0.183745
vn -0.982974 0.000000 0.183745
vn -0.998102 0.000000 0.061578
vn -0.998102 0.000000 0.061578
g MeshExport
f 1//1 2//1 3//1
f 1//2 4//2 2//2
f 5//3 6//3 7//3
f 5//4 8//4 6//4
f 6//5 8//5 7//5
f 5//6 9//6 8//6
f 8//7 9//7 7//7
f 9//8 10//8 7//8
f 5//9 10//9 9//9
f 5//10 11//10 10//10
f 10//11 11//11 7//11
f 11//12 12//12 7//12
f 5//13 12//13 11//13
f 13//14 14//14 5//14
f 7//15 14//15 15//15
f 12//16 14//16 7//16
f 5//17 14//17 12//17
f 14//18 16//18 15//18
f 13//19 16//19 14//19
f 16//20 17//20 15//20
f 13//21 17//21 16//21
f 17//22 18//22 15//22
f 13//23 18//23 17//23
f 18//24 19//24 15//24
f 13//25 19//25 18//25
f 19//26 20//26 15//26
f 13//27 20//27 19//27
f 15//28 21//28 13//28
f 20//29 21//29 15//29
f 13//30 21//30 20//30
f 7//31 22//31 23//31
f 7//32 24//32 22//32
f 22//33 24//33 23//33
f 7//34 25//34 24//34
f 24//35 25//35 23//35
f 25//36 26//36 23//36
f 7//37 26//37 25//37
f 26//38 27//38 23//38
f 7//39 27//39 26//39
f 23//40 28//40 29//40
f 27//41 28//41 23//41
f 7//42 28//42 27//42
f 28//43 30//43 29//43
f 7//44 30//44 28//44
f 7//45 31//45 30//45
f 30//46 31//46 29//46
f 15//47 32//47 7//47
f 29//48 32//48 33//48
f 7//49 32//49 31//49
f 31//50 32//50 29//50
f 32//51 34//51 33//51
f 15//52 34//52 32//52
f 15//53 35//53 34//53
f 34//54 35//54 33//54
f 33//55 36//55 37//55
f 15//56 36//56 35//56
f 35//57 36//57 33//57
f 15//58 38//58 36//58
f 36//59 38//59 37//59
f 15//60 39//60 38//60
f 38//61 39//61 37//61
f 39//62 40//62 37//62
f 15//63 40//63 39//63
f 37//64 41//64 15//64
f 40//65 41//65 37//65
f 15//66 41//66 40//66
f 29//67 42//67 43//67
f 29//68 44//68 42//68
f 42//69 44//69 43//69
f 29//70 45//70 44//70
f 44//71 45//71 43//71
f 29//72 46//72 45//72
f 45//73 46//73 43//73
f 29//74 47//74 46//74
f 46//75 47//75 43//75
f 29//76 48//76 47//76
f 47//77 48//77 43//77
f 29//78 49//78 48//78
f 48//79 49//79 43//79
f 33//80 50//80 29//80
f 29//81 50//81 49//81
f 49//82 50//82 43//82
f 43//83 50//83 51//83
f 33//84 52//84 50//84
f 50//85 52//85 51//85
f 52//86 53//86 51//86
f 33//87 53//87 52//87
f 53//88 54//88 51//88
f 33//89 54//89 53//89
f 54//90 55//90 51//90
f 33//91 55//91 54//91
f 55//92 56//92 51//92
f 33//93 56//93 55//93
f 51//94 57//94 33//94
f 56//95 57//95 51//95
f 33//96 57//96 56//96
f 43//97 58//97 59//97
f 43//98 60//98 58//98
f 58//99 60//99 59//99
f 43//100 61//100 60//100
f 60//101 61//101 59//101
f 43//102 62//102 61//102
f 61//103 62//103 59//103
f 43//104 63//104 62//104
f 62//105 63//105 59//105
f 43//106 64//106 63//106
f 63//107 64//107 59//107
f 43//108 65//108 64//108
f 64//109 65//109 59//109
f 51//110 66//110 43//110
f 59//111 66//111 67//111
f 43//112 66//112 65//112
f 65//113 66//113 59//113
f 66//114 68//114 67//114
f 51//115 68//115 66//115
f 68//116 69//116 67//116
f 51//117 69//117 68//117
f 69//118 70//118 67//118
f 51//119 70//119 69//119
f 70//120 71//120 67//120
f 51//121 71//121 70//121
f 71//122 72//122 67//122
f 51//123 72//123 71//123
f 67//124 73//124 51//124
f 72//125 73//125 67//125
f 51//126 73//126 72//126
f 59//127 74//127 3//127
f 59//128 75//128 74//128
f 74//129 75//129 3//129
f 75//130 76//130 3//130
f 59//131 76//131 75//131
f 76//132 77//132 3//132
f 59//133 77//133 76//133
f 77//134 78//134 3//134
f 59//135 78//135 77//135
f 78//136 79//136 3//136
f 59//137 79//137 78//137
f 79//138 80//138 3//138
f 59//139 80//139 79//139
f 80//140 81//140 3//140
f 59//141 81//141 80//141
f 67//142 81//142 59//142
f 3//143 81//143 1//143
f 81//144 82//144 1//144
f 67//145 82//145 81//145
f 82//146 83//146 1//146
f 67//147 83//147 82//147
f 83//148 84//148 1//148
f 67//149 84//149 83//149
f 84//150 85//150 1//150
f 67//151 85//151 84//151
f 85//152 86//152 1//152
f 67//153 86//153 85//153
f 1//154 87//154 67//154
f 86//155 87//155 1//155
f 67//156 87//156 86//156
f 88//157 89//157 90//157
f 90//158 89//158 91//158
f 91//159 89//159 92//159
f 92//160 89//160 93//160
f 93//161 89//161 94//161
f 94//162 89//162 95//162
f 89//163 96//163 97//163
f 89//164 98//164 96//164
f 89//165 99//165 98//165
f 100//166 101//166 88//166
f 88//167 101//167 89//167
f 89//168 101//168 99//168
f 100//169 102//169 101//169
f 103//170 104//170 100//170
f 100//171 104//171 102//171
f 103//172 105//172 104//172
f 106//173 107//173 103//173
f 103//174 107//174 105//174
f 108//175 109//175 106//175
f 106//176 109//176 107//176
f 108//177 110//177 109//177
f 108//178 111//178 110//178
f 112//179 111//179 108//179
f 112//180 113//180 111//180
f 114//181 115//181 112//181
f 112//182 115//182 113//182
f 114//183 116//183 115//183
f 114//184 117//184 116//184
f 118//185 117//185 114//185
f 118//186 119//186 117//186
f 120//187 121//187 118//187
f 118//188 121//188 119//188
f 120//189 122//189 121//189
f 123//190 124//190 125//190
f 126//191 127//191 120//191
f 120//192 127//192 122//192
f 122//193 127//193 128//193
f 129//194 130//194 131//194
f 127//195 132//195 128//195
f 126//196 133//196 127//196
f 125//197 133//197 126//197
f 124//198 133//198 125//198
f 133//199 134//199 135//199
f 124//200 136//200 133//200
f 133//201 136//201 134//201
f 131//202 137//202 124//202
f 124//203 137//203 136//203
f 131//204 138//204 137//204
f 139//205 140//205 130//205
f 130//206 140//206 131//206
f 131//207 140//207 138//207
f 141//208 142//208 143//208
f 143//209 144//209 145//209
f 142//210 144//210 143//210
f 143//211 146//211 141//211
f 144//212 147//212 145//212
f 143//213 148//213 146//213
f 147//214 149//214 145//214
f 143//215 150//215 148//215
f 149//216 151//216 145//216
f 152//217 153//217 143//217
f 143//218 153//218 150//218
f 151//219 154//219 145//219
f 152//220 155//220 153//220
f 139//221 156//221 140//221
f 145//222 157//222 139//222
f 154//223 157//223 145//223
f 152//224 158//224 155//224
f 157//225 159//225 139//225
f 152//226 160//226 158//226
f 159//227 161//227 139//227
f 139//228 161//228 156//228
f 152//229 162//229 160//229
f 161//230 163//230 156//230
f 152//231 164//231 162//231
f 163//232 165//232 156//232
f 152//233 166//233 164//233
f 152//234 167//234 166//234
f 165//235 168//235 156//235
f 169//236 168//236 165//236
f 152//237 170//237 167//237
f 169//238 171//238 168//238
f 170//239 172//239 167//239
f 170//240 173//240 172//240
f 170//241 174//241 173//241
f 170//242 175//242 174//242
f 171//243 176//243 168//243
f 177//244 176//244 178//244
f 178//245 176//245 179//245
f 179//246 176//246 171//246
f 177//247 180//247 176//247
f 170//248 181//248 175//248
f 170//249 182//249 181//249
f 170//250 183//250 182//250
f 184//251 185//251 186//251
f 186//252 185//252 187//252
f 187//253 185//253 188//253
f 188//254 185//254 180//254
f 180//255 185//255 176//255
f 183//256 189//256 190//256
f 190//257 189//257 191//257
f 170//258 189//258 183//258
f 189//259 192//259 191//259
f 189//260 193//260 192//260
f 189//261 194//261 193//261
f 189//262 195//262 194//262
f 196//263 197//263 198//263
f 198//264 197//264 199//264
f 199//265 197//265 200//265
f 200//266 197//266 184//266
f 184//267 197//267 185//267
f 189//268 201//268 195//268
f 202//269 203//269 204//269
f 204//270 203//270 205//270
f 205//271 203//271 206//271
f 206//272 203//272 196//272
f 196//273 203//273 197//273
f 201//274 207//274 208//274
f 208//275 207//275 209//275
f 189//276 207//276 201//276
f 210//277 211//277 212//277
f 212//278 211//278 213//278
f 213//279 211//279 214//279
f 214//280 211//280 202//280
f 202//281 211//281 203//281
f 215//282 216//282 217//282
f 217//283 216//283 210//283
f 210//284 216//284 211//284
f 215//285 218//285 216//285
f 219//286 218//286 220//286
f 220//287 218//287 221//287
f 221//288 218//288 222//288
f 222//289 218//289 215//289
f 218//290 223//290 216//290
f 224//291 225//291 226//291
f 226//292 225//292 227//292
f 227//293 225//293 219//293
f 219//294 225//294 218//294
f 228//295 229//295 207//295
f 230//296 231//296 232//296
f 232//297 231//297 224//297
f 224//298 231//298 225//298
f 225//299 231//299 233//299
f 209//300 234//300 235//300
f 235//301 234//301 236//301
f 236//302 234//302 230//302
f 230//303 234//303 231//303
f 207//304 237//304 209//304
f 209//305 237//305 234//305
f 229//306 238//306 207//306
f 207//307 238//307 237//307
f 239//308 240//308 241//308
f 229//309 242//309 238//309
f 241//310 242//310 229//310
f 241//311 243//311 242//311
f 241//312 244//312 243//312
f 240//313 245//313 241//313
f 241//314 245//314 244//314
f 240//315 246//315 245//315
f 240//316 247//316 246//316
f 240//317 248//317 247//317
f 249//318 248//318 240//318
f 248//319 250//319 247//319
f 249//320 251//320 248//320
f 252//321 251//321 249//321
f 253//322 254//322 255//322
f 255//323 256//323 253//323
f 254//324 257//324 255//324
f 251//325 258//325 259//325
f 252//326 258//326 251//326
f 255//327 260//327 256//327
f 257//328 261//328 255//328
f 255//329 262//329 260//329
f 255//330 263//330 252//330
f 261//331 263//331 255//331
f 255//332 264//332 262//332
f 263//333 265//333 252//333
f 255//334 266//334 264//334
f 265//335 267//335 252//335
f 255//336 268//336 266//336
f 266//337 268//337 269//337
f 267//338 270//338 252//338
f 268//339 271//339 269//339
f 268//340 272//340 271//340
f 268//341 273//341 272//341
f 268//342 274//342 273//342
f 275//343 276//343 277//343
f 277//344 276//344 278//344
f 278//345 276//345 270//345
f 270//346 276//346 252//346
f 252//347 276//347 258//347
f 268//348 279//348 274//348
f 268//349 280//349 279//349
f 268//350 281//350 280//350
f 280//351 281//351 282//351
f 282//352 281//352 283//352
f 283//353 281//353 284//353
f 285//354 286//354 287//354
f 287//355 286//355 288//355
f 288//356 286//356 289//356
f 289//357 286//357 290//357
f 290//358 286//358 291//358
f 291//359 286//359 275//359
f 275//360 286//360 276//360
f 281//361 292//361 284//361
f 281//362 293//362 292//362
f 281//363 294//363 293//363
f 295//364 296//364 297//364
f 297//365 296//365 298//365
f 298//366 296//366 299//366
f 299//367 296//367 300//367
f 300//368 296//368 301//368
f 301//369 296//369 285//369
f 285//370 296//370 286//370
f 302//371 303//371 304//371
f 304//372 303//372 305//372
f 305//373 303//373 306//373
f 306//374 303//374 307//374
f 307//375 303//375 308//375
f 308//376 303//376 309//376
f 309//377 303//377 295//377
f 295//378 303//378 296//378
f 310//379 311//379 312//379
f 312//380 311//380 313//380
f 313//381 311//381 302//381
f 294//382 311//382 310//382
f 281//383 311//383 294//383
f 302//384 311//384 303//384
f 314//385 311//385 281//385
f 314//386 315//386 311//386
f 316//387 315//387 314//387
f 316//388 317//388 315//388
f 318//389 317//389 316//389
f 319//390 320//390 318//390
f 4//391 1//391 321//391
f 318//392 322//392 317//392
f 320//393 322//393 318//393
f 321//394 322//394 320//394
f 1//395 323//395 321//395
f 321//396 323//396 322//396
f 67//397 323//397 1//397
f 67//398 324//398 323//398
f 51//399 324//399 67//399
f 51//400 325//400 324//400
f 33//401 325//401 51//401
f 33//402 326//402 325//402
f 37//403 326//403 33//403
f 37//404 327//404 326//404
f 15//405 327//405 37//405
f 13//406 328//406 15//406
f 328//407 329//407 15//407
f 15//408 330//408 327//408
f 329//409 330//409 15//409
f 328//410 331//410 329//410
f 2//411 321//411 332//411
f 4//412 321//412 2//412
f 333//413 334//413 335//413
f 333//414 335//414 336//414
f 333//415 336//415 337//415
f 333//416 337//416 338//416
f 333//417 338//417 339//417
f 333//418 339//418 340//418
f 341//419 333//419 342//419
f 343//420 333//420 341//420
f 344//421 333//421 343//421
f 345//422 346//422 334//422
f 345//423 334//423 333//423
f 345//424 333//424 344//424
f 347//425 346//425 345//425
f 348//426 349//426 346//426
f 348//427 346//427 347//427
f 350//428 349//428 348//428
f 351//429 352//429 349//429
f 351//430 349//430 350//430
f 353//431 354//431 352//431
f 353//432 352//432 351//432
f 355//433 354//433 353//433
f 356//434 354//434 355//434
f 356//435 357//435 354//435
f 358//436 357//436 356//436
f 359//437 360//437 357//437
f 359//438 357//438 358//438
f 361//439 360//439 359//439
f 362//440 360//440 361//440
f 362//441 363//441 360//441
f 364//442 363//442 362//442
f 365//443 366//443 363//443
f 365//444 363//444 364//444
f 367//445 366//445 365//445
f 368//446 369//446 370//446
f 371//447 372//447 366//447
f 371//448 366//448 367//448
f 371//449 367//449 373//449
f 374//450 375//450 376//450
f 377//451 371//451 373//451
f 378//452 372//452 371//452
f 378//453 370//453 372//453
f 378//454 368//454 370//454
f 379//455 378//455 380//455
f 381//456 368//456 378//456
f 381//457 378//457 379//457
f 382//458 376//458 368//458
f 382//459 368//459 381//459
f 383//460 376//460 382//460
f 384//461 385//461 374//461
f 384//462 374//462 376//462
f 384//463 376//463 383//463
f 386//464 387//464 388//464
f 389//465 388//465 390//465
f 389//466 386//466 388//466
f 391//467 388//467 387//467
f 392//468 389//468 390//468
f 393//469 388//469 391//469
f 394//470 392//470 390//470
f 395//471 388//471 393//471
f 396//472 394//472 390//472
f 397//473 398//473 388//473
f 397//474 388//474 395//474
f 399//475 396//475 390//475
f 400//476 398//476 397//476
f 401//477 385//477 384//477
f 402//478 390//478 385//478
f 402//479 399//479 390//479
f 403//480 398//480 400//480
f 404//481 402//481 385//481
f 405//482 398//482 403//482
f 406//483 404//483 385//483
f 406//484 385//484 401//484
f 407//485 398//485 405//485
f 408//486 406//486 401//486
f 409//487 398//487 407//487
f 410//488 408//488 401//488
f 411//489 398//489 409//489
f 412//490 398//490 411//490
f 413//491 410//491 401//491
f 413//492 414//492 410//492
f 415//493 398//493 412//493
f 416//494 414//494 413//494
f 417//495 415//495 412//495
f 418//496 415//496 417//496
f 419//497 415//497 418//497
f 420//498 415//498 419//498
f 421//499 416//499 413//499
f 421//500 422//500 423//500
f 421//501 423//501 424//501
f 421//502 424//502 416//502
f 425//503 422//503 421//503
f 426//504 415//504 420//504
f 427//505 415//505 426//505
f 428//506 415//506 427//506
f 429//507 425//507 421//507
f 429//508 430//508 431//508
f 429//509 431//509 432//509
f 429//510 432//510 433//510
f 429//511 433//511 425//511
f 434//512 428//512 435//512
f 434//513 435//513 436//513
f 434//514 415//514 428//514
f 437//515 434//515 436//515
f 438//516 434//516 437//516
f 439//517 434//517 438//517
f 440//518 434//518 439//518
f 441//519 430//519 429//519
f 441//520 442//520 443//520
f 441//521 443//521 444//521
f 441//522 444//522 445//522
f 441//523 445//523 430//523
f 446//524 434//524 440//524
f 447//525 448//525 449//525
f 447//526 449//526 450//526
f 447//527 450//527 451//527
f 447//528 451//528 442//528
f 447//529 442//529 441//529
f 452//530 446//530 453//530
f 452//531 453//531 454//531
f 452//532 434//532 446//532
f 455//533 456//533 457//533
f 455//534 457//534 458//534
f 455//535 458//535 459//535
f 455//536 459//536 448//536
f 455//537 448//537 447//537
f 460//538 456//538 455//538
f 460//539 461//539 462//539
f 460//540 462//540 456//540
f 463//541 464//541 465//541
f 463//542 465//542 466//542
f 463//543 466//543 467//543
f 463//544 467//544 461//544
f 463//545 461//545 460//545
f 468//546 463//546 460//546
f 469//547 470//547 471//547
f 469//548 471//548 472//548
f 469//549 472//549 464//549
f 469//550 464//550 463//550
f 473//551 474//551 452//551
f 475//552 476//552 477//552
f 475//553 477//553 470//553
f 475//554 470//554 469//554
f 475//555 469//555 478//555
f 479//556 454//556 480//556
f 479//557 480//557 481//557
f 479//558 481//558 476//558
f 479//559 476//559 475//559
f 482//560 452//560 454//560
f 482//561 454//561 479//561
f 483//562 473//562 452//562
f 483//563 452//563 482//563
f 484//564 485//564 486//564
f 487//565 473//565 483//565
f 487//566 486//566 473//566
f 488//567 486//567 487//567
f 489//568 486//568 488//568
f 490//569 484//569 486//569
f 490//570 486//570 489//570
f 491//571 484//571 490//571
f 492//572 484//572 491//572
f 493//573 484//573 492//573
f 493//574 494//574 484//574
f 495//575 493//575 492//575
f 496//576 494//576 493//576
f 496//577 497//577 494//577
f 498//578 499//578 500//578
f 501//579 500//579 499//579
f 502//580 498//580 500//580
f 503//581 496//581 504//581
f 503//582 497//582 496//582
f 505//583 500//583 501//583
f 506//584 502//584 500//584
f 507//585 500//585 505//585
f 508//586 500//586 497//586
f 508//587 506//587 500//587
f 509//588 500//588 507//588
f 510//589 508//589 497//589
f 511//590 500//590 509//590
f 512//591 510//591 497//591
f 513//592 500//592 511//592
f 513//593 511//593 514//593
f 515//594 512//594 497//594
f 516//595 513//595 514//595
f 517//596 513//596 516//596
f 518//597 513//597 517//597
f 519//598 513//598 518//598
f 520//599 521//599 522//599
f 520//600 522//600 523//600
f 520//601 523//601 515//601
f 520//602 497//602 503//602
f 520//603 515//603 497//603
f 524//604 513//604 519//604
f 525//605 513//605 524//605
f 526//606 513//606 525//606
f 526//607 525//607 527//607
f 526//608 527//608 528//608
f 526//609 528//609 529//609
f 530//610 531//610 532//610
f 530//611 532//611 533//611
f 530//612 533//612 534//612
f 530//613 534//613 535//613
f 530//614 535//614 536//614
f 530//615 536//615 521//615
f 530//616 521//616 520//616
f 537//617 526//617 529//617
f 538//618 526//618 537//618
f 539//619 526//619 538//619
f 540//620 541//620 542//620
f 540//621 542//621 543//621
f 540//622 543//622 544//622
f 540//623 544//623 545//623
f 540//624 545//624 546//624
f 540//625 546//625 531//625
f 540//626 531//626 530//626
f 547//627 548//627 549//627
f 547//628 549//628 550//628
f 547//629 550//629 551//629
f 547//630 551//630 552//630
f 547//631 552//631 553//631
f 547//632 553//632 554//632
f 547//633 554//633 541//633
f 547//634 541//634 540//634
f 555//635 556//635 557//635
f 555//636 557//636 558//636
f 555//637 558//637 548//637
f 555//638 539//638 556//638
f 555//639 526//639 539//639
f 555//640 548//640 547//640
f 555//641 559//641 526//641
f 560//642 559//642 555//642
f 560//643 561//643 559//643
f 562//644 561//644 560//644
f 562//645 563//645 561//645
f 564//646 565//646 563//646
f 3//647 2//647 332//647
f 566//648 563//648 562//648
f 566//649 564//649 563//649
f 566//650 332//650 564//650
f 567//651 3//651 332//651
f 567//652 332//652 566//652
f 567//653 59//653 3//653
f 568//654 59//654 567//654
f 568//655 43//655 59//655
f 569//656 43//656 568//656
f 569//657 29//657 43//657
f 570//658 29//658 569//658
f 570//659 23//659 29//659
f 571//660 23//660 570//660
f 571//661 7//661 23//661
f 572//662 5//662 7//662
f 573//663 572//663 7//663
f 574//664 7//664 571//664
f 574//665 573//665 7//665
f 575//666 572//666 573//666
f 572//667 328//667 5//667
f 328//668 13//668 5//668
f 331//669 572//669 575//669
f 331//670 328//670 572//670
f 329//671 331//671 573//671
f 573//672 331//672 575//672
f 329//673 573//673 574//673
f 330//674 329//674 574//674
f 259//675 258//675 504//675
f 504//676 258//676 503//676
f 530//677 296//677 540//677
f 286//678 296//678 530//678
f 562//679 322//679 566//679
f 317//680 322//680 562//680
f 569//681 326//681 570//681
f 325//682 326//682 569//682
f 503//683 576//683 520//683
f 503//684 577//684 576//684
f 576//685 577//685 520//685
f 503//686 578//686 577//686
f 577//687 578//687 520//687
f 503//688 579//688 578//688
f 578//689 579//689 520//689
f 258//690 580//690 503//690
f 503//691 580//691 579//691
f 520//692 580//692 276//692
f 579//693 580//693 520//693
f 580//694 581//694 276//694
f 258//695 581//695 580//695
f 581//696 582//696 276//696
f 258//697 582//697 581//697
f 582//698 583//698 276//698
f 258//699 583//699 582//699
f 583//700 584//700 276//700
f 258//701 584//701 583//701
f 584//702 585//702 276//702
f 258//703 585//703 584//703
f 276//704 586//704 258//704
f 585//705 586//705 276//705
f 258//706 586//706 585//706
f 520//707 587//707 530//707
f 587//708 588//708 530//708
f 520//709 588//709 587//709
f 276//710 589//710 520//710
f 530//711 589//711 286//711
f 588//712 589//712 530//712
f 520//713 589//713 588//713
f 589//714 590//714 286//714
f 276//715 590//715 589//715
f 590//716 591//716 286//716
f 276//717 591//717 590//717
f 591//718 592//718 286//718
f 276//719 592//719 591//719
f 592//720 593//720 286//720
f 276//721 593//721 592//721
f 593//722 594//722 286//722
f 276//723 594//723 593//723
f 286//724 595//724 276//724
f 594//725 595//725 286//725
f 276//726 595//726 594//726
f 540//727 596//727 547//727
f 540//728 597//728 596//728
f 596//729 597//729 547//729
f 540//730 598//730 597//730
f 597//731 598//731 547//731
f 540//732 599//732 598//732
f 598//733 599//733 547//733
f 540//734 600//734 599//734
f 599//735 600//735 547//735
f 540//736 601//736 600//736
f 600//737 601//737 547//737
f 540//738 602//738 601//738
f 601//739 602//739 547//739
f 540//740 603//740 602//740
f 602//741 603//741 547//741
f 296//742 603//742 540//742
f 547//743 603//743 303//743
f 296//744 604//744 603//744
f 603//745 604//745 303//745
f 604//746 605//746 303//746
f 296//747 605//747 604//747
f 605//748 606//748 303//748
f 296//749 606//749 605//749
f 606//750 607//750 303//750
f 296//751 607//751 606//751
f 607//752 608//752 303//752
f 296//753 608//753 607//753
f 303//754 609//754 296//754
f 608//755 609//755 303//755
f 296//756 609//756 608//756
f 547//757 610//757 555//757
f 547//758 611//758 610//758
f 610//759 611//759 555//759
f 547//760 612//760 611//760
f 611//761 612//761 555//761
f 547//762 613//762 612//762
f 612//763 613//763 555//763
f 303//764 614//764 547//764
f 555//765 614//765 311//765
f 547//766 614//766 613//766
f 613//767 614//767 555//767
f 614//768 615//768 311//768
f 303//769 615//769 614//769
f 615//770 616//770 311//770
f 303//771 616//771 615//771
f 616//772 617//772 311//772
f 303//773 617//773 616//773
f 617//774 618//774 311//774
f 303//775 618//775 617//775
f 618//776 619//776 311//776
f 303//777 619//777 618//777
f 311//778 620//778 303//778
f 619//779 620//779 311//779
f 303//780 620//780 619//780
f 555//781 621//781 560//781
f 555//782 622//782 621//782
f 621//783 622//783 560//783
f 311//784 623//784 555//784
f 560//785 623//785 315//785
f 555//786 623//786 622//786
f 622//787 623//787 560//787
f 623//788 624//788 315//788
f 311//789 624//789 623//789
f 624//790 625//790 315//790
f 311//791 625//791 624//791
f 625//792 626//792 315//792
f 311//793 626//793 625//793
f 626//794 627//794 315//794
f 311//795 627//795 626//795
f 627//796 628//796 315//796
f 311//797 628//797 627//797
f 315//798 629//798 311//798
f 628//799 629//799 315//799
f 311//800 629//800 628//800
f 560//801 630//801 562//801
f 560//802 631//802 630//802
f 630//803 631//803 562//803
f 315//804 631//804 560//804
f 562//805 631//805 317//805
f 315//806 632//806 631//806
f 631//807 632//807 317//807
f 632//808 633//808 317//808
f 315//809 633//809 632//809
f 633//810 634//810 317//810
f 315//811 634//811 633//811
f 634//812 635//812 317//812
f 315//813 635//813 634//813
f 635//814 636//814 317//814
f 315//815 636//815 635//815
f 317//816 637//816 315//816
f 636//817 637//817 317//817
f 315//818 637//818 636//818
f 566//819 638//819 567//819
f 566//820 639//820 638//820
f 638//821 639//821 567//821
f 566//822 640//822 639//822
f 639//823 640//823 567//823
f 566//824 641//824 640//824
f 640//825 641//825 567//825
f 566//826 642//826 641//826
f 641//827 642//827 567//827
f 566//828 643//828 642//828
f 642//829 643//829 567//829
f 566//830 644//830 643//830
f 643//831 644//831 567//831
f 566//832 645//832 644//832
f 644//833 645//833 567//833
f 322//834 645//834 566//834
f 567//835 645//835 323//835
f 322//836 646//836 645//836
f 645//837 646//837 323//837
f 646//838 647//838 323//838
f 322//839 647//839 646//839
f 647//840 648//840 323//840
f 322//841 648//841 647//841
f 648//842 649//842 323//842
f 322//843 649//843 648//843
f 649//844 650//844 323//844
f 322//845 650//845 649//845
f 323//846 651//846 322//846
f 650//847 651//847 323//847
f 322//848 651//848 650//848
f 567//849 652//849 653//849
f 567//850 654//850 652//850
f 567//851 655//851 654//851
f 567//852 656//852 655//852
f 567//853 657//853 656//853
f 567//854 658//854 657//854
f 323//855 658//855 567//855
f 323//856 659//856 658//856
f 323//857 660//857 659//857
f 323//858 661//858 660//858
f 323//859 662//859 661//859
f 323//860 663//860 662//860
f 323//861 664//861 663//861
f 567//862 665//862 568//862
f 653//863 665//863 567//863
f 653//864 666//864 665//864
f 665//865 666//865 568//865
f 653//866 667//866 666//866
f 666//867 667//867 568//867
f 652//868 667//868 653//868
f 667//869 668//869 568//869
f 652//870 668//870 667//870
f 654//871 668//871 652//871
f 655//872 668//872 654//872
f 655//873 669//873 668//873
f 668//874 669//874 568//874
f 656//875 670//875 655//875
f 669//876 670//876 568//876
f 655//877 670//877 669//877
f 658//878 671//878 657//878
f 656//879 671//879 670//879
f 670//880 671//880 568//880
f 657//881 671//881 656//881
f 671//882 672//882 568//882
f 568//883 672//883 324//883
f 658//884 672//884 671//884
f 659//885 673//885 658//885
f 658//886 673//886 672//886
f 672//887 673//887 324//887
f 660//888 674//888 659//888
f 659//889 674//889 673//889
f 673//890 674//890 324//890
f 661//891 675//891 660//891
f 662//892 675//892 661//892
f 660//893 675//893 674//893
f 674//894 675//894 324//894
f 662//895 676//895 675//895
f 675//896 676//896 324//896
f 663//897 677//897 662//897
f 662//898 677//898 676//898
f 676//899 677//899 324//899
f 664//900 678//900 663//900
f 663//901 678//901 677//901
f 677//902 678//902 324//902
f 324//903 679//903 323//903
f 323//904 679//904 664//904
f 678//905 679//905 324//905
f 664//906 679//906 678//906
f 568//907 680//907 569//907
f 568//908 681//908 680//908
f 680//909 681//909 569//909
f 568//910 682//910 681//910
f 681//911 682//911 569//911
f 324//912 682//912 568//912
f 569//913 682//913 325//913
f 324//914 683//914 682//914
f 682//915 683//915 325//915
f 683//916 684//916 325//916
f 324//917 684//917 683//917
f 684//918 685//918 325//918
f 324//919 685//919 684//919
f 685//920 686//920 325//920
f 324//921 686//921 685//921
f 686//922 687//922 325//922
f 324//923 687//923 686//923
f 325//924 688//924 324//924
f 687//925 688//925 325//925
f 324//926 688//926 687//926
f 570//927 689//927 571//927
f 570//928 690//928 689//928
f 689//929 690//929 571//929
f 570//930 691//930 690//930
f 690//931 691//931 571//931
f 691//932 692//932 571//932
f 326//933 692//933 570//933
f 570//934 692//934 691//934
f 571//935 692//935 327//935
f 692//936 693//936 327//936
f 326//937 693//937 692//937
f 693//938 694//938 327//938
f 326//939 694//939 693//939
f 694//940 695//940 327//940
f 326//941 695//941 694//941
f 695//942 696//942 327//942
f 326//943 696//943 695//943
f 696//944 697//944 327//944
f 326//945 697//945 696//945
f 327//946 698//946 326//946
f 697//947 698//947 327//947
f 326//948 698//948 697//948
f 571//949 699//949 574//949
f 571//950 700//950 699//950
f 699//951 700//951 574//951
f 571//952 701//952 700//952
f 700//953 701//953 574//953
f 571//954 702//954 701//954
f 701//955 702//955 574//955
f 574//956 703//956 330//956
f 702//957 703//957 574//957
f 571//958 703//958 702//958
f 327//959 703//959 571//959
f 327//960 704//960 703//960
f 703//961 704//961 330//961
f 704//962 705//962 330//962
f 327//963 705//963 704//963
f 705//964 706//964 330//964
f 327//965 706//965 705//965
f 706//966 707//966 330//966
f 327//967 707//967 706//967
f 707//968 708//968 330//968
f 327//969 708//969 707//969
f 330//970 709//970 327//970
f 708//971 709//971 330//971
f 327//972 709//972 708//972
f 251//973 504//973 496//973
f 251//974 259//974 504//974
f 248//975 251//975 493//975
f 493//976 251//976 496//976
f 495//977 248//977 493//977
f 250//978 248//978 495//978
f 492//979 250//979 495//979
f 247//980 250//980 492//980
f 478//981 710//981 475//981
f 478//982 711//982 710//982
f 710//983 711//983 475//983
f 233//984 712//984 478//984
f 475//985 712//985 231//985
f 478//986 712//986 711//986
f 711//987 712//987 475//987
f 233//988 713//988 712//988
f 712//989 713//989 231//989
f 713//990 714//990 231//990
f 233//991 714//991 713//991
f 714//992 715//992 231//992
f 233//993 715//993 714//993
f 233//994 716//994 715//994
f 715//995 716//995 231//995
f 716//996 717//996 231//996
f 233//997 717//997 716//997
f 231//998 718//998 233//998
f 717//999 718//999 231//999
f 233//1000 718//1000 717//1000
f 231//1001 719//1001 475//1001
f 231//1002 720//1002 719//1002
f 231//1003 721//1003 720//1003
f 231//1004 722//1004 721//1004
f 231//1005 723//1005 722//1005
f 231//1006 724//1006 723//1006
f 231//1007 725//1007 724//1007
f 475//1008 726//1008 479//1008
f 719//1009 726//1009 475//1009
f 726//1010 727//1010 479//1010
f 719//1011 727//1011 726//1011
f 719//1012 728//1012 727//1012
f 727//1013 728//1013 479//1013
f 719//1014 729//1014 728//1014
f 728//1015 729//1015 479//1015
f 729//1016 730//1016 479//1016
f 719//1017 730//1017 729//1017
f 730//1018 731//1018 479//1018
f 719//1019 731//1019 730//1019
f 731//1020 732//1020 479//1020
f 719//1021 732//1021 731//1021
f 732//1022 733//1022 479//1022
f 479//1023 733//1023 234//1023
f 720//1024 733//1024 719//1024
f 719//1025 733//1025 732//1025
f 720//1026 734//1026 733//1026
f 733//1027 734//1027 234//1027
f 734//1028 735//1028 234//1028
f 720//1029 735//1029 734//1029
f 721//1030 735//1030 720//1030
f 722//1031 735//1031 721//1031
f 722//1032 736//1032 735//1032
f 735//1033 736//1033 234//1033
f 736//1034 737//1034 234//1034
f 722//1035 737//1035 736//1035
f 723//1036 737//1036 722//1036
f 737//1037 738//1037 234//1037
f 723//1038 738//1038 737//1038
f 724//1039 738//1039 723//1039
f 738//1040 739//1040 234//1040
f 724//1041 739//1041 738//1041
f 725//1042 739//1042 724//1042
f 234//1043 740//1043 231//1043
f 739//1044 740//1044 234//1044
f 725//1045 740//1045 739//1045
f 231//1046 740//1046 725//1046
f 479//1047 741//1047 482//1047
f 479//1048 742//1048 741//1048
f 741//1049 742//1049 482//1049
f 234//1050 743//1050 479//1050
f 479//1051 743//1051 742//1051
f 482//1052 743//1052 237//1052
f 742//1053 743//1053 482//1053
f 234//1054 744//1054 743//1054
f 743//1055 744//1055 237//1055
f 744//1056 745//1056 237//1056
f 234//1057 745//1057 744//1057
f 745//1058 746//1058 237//1058
f 234//1059 746//1059 745//1059
f 746//1060 747//1060 237//1060
f 234//1061 747//1061 746//1061
f 747//1062 748//1062 237//1062
f 234//1063 748//1063 747//1063
f 237//1064 749//1064 234//1064
f 748//1065 749//1065 237//1065
f 234//1066 749//1066 748//1066
f 482//1067 750//1067 483//1067
f 482//1068 751//1068 750//1068
f 750//1069 751//1069 483//1069
f 482//1070 752//1070 751//1070
f 751//1071 752//1071 483//1071
f 237//1072 753//1072 482//1072
f 483//1073 753//1073 238//1073
f 482//1074 753//1074 752//1074
f 752//1075 753//1075 483//1075
f 753//1076 754//1076 238//1076
f 237//1077 754//1077 753//1077
f 754//1078 755//1078 238//1078
f 237//1079 755//1079 754//1079
f 755//1080 756//1080 238//1080
f 237//1081 756//1081 755//1081
f 756//1082 757//1082 238//1082
f 237//1083 757//1083 756//1083
f 757//1084 758//1084 238//1084
f 237//1085 758//1085 757//1085
f 238//1086 759//1086 237//1086
f 758//1087 759//1087 238//1087
f 237//1088 759//1088 758//1088
f 483//1089 760//1089 487//1089
f 483//1090 761//1090 760//1090
f 760//1091 761//1091 487//1091
f 238//1092 762//1092 483//1092
f 487//1093 762//1093 242//1093
f 483//1094 762//1094 761//1094
f 761//1095 762//1095 487//1095
f 762//1096 763//1096 242//1096
f 238//1097 763//1097 762//1097
f 763//1098 764//1098 242//1098
f 238//1099 764//1099 763//1099
f 764//1100 765//1100 242//1100
f 238//1101 765//1101 764//1101
f 765//1102 766//1102 242//1102
f 238//1103 766//1103 765//1103
f 766//1104 767//1104 242//1104
f 238//1105 767//1105 766//1105
f 242//1106 768//1106 238//1106
f 767//1107 768//1107 242//1107
f 238//1108 768//1108 767//1108
f 487//1109 769//1109 770//1109
f 487//1110 771//1110 769//1110
f 487//1111 772//1111 771//1111
f 487//1112 773//1112 772//1112
f 487//1113 774//1113 773//1113
f 487//1114 775//1114 774//1114
f 487//1115 776//1115 775//1115
f 242//1116 776//1116 487//1116
f 242//1117 777//1117 776//1117
f 242//1118 778//1118 777//1118
f 242//1119 779//1119 778//1119
f 242//1120 780//1120 779//1120
f 242//1121 781//1121 780//1121
f 242//1122 782//1122 781//1122
f 487//1123 783//1123 488//1123
f 770//1124 783//1124 487//1124
f 769//1125 784//1125 770//1125
f 783//1126 784//1126 488//1126
f 770//1127 784//1127 783//1127
f 771//1128 785//1128 769//1128
f 784//1129 785//1129 488//1129
f 769//1130 785//1130 784//1130
f 772//1131 786//1131 771//1131
f 785//1132 786//1132 488//1132
f 771//1133 786//1133 785//1133
f 773//1134 787//1134 772//1134
f 786//1135 787//1135 488//1135
f 772//1136 787//1136 786//1136
f 774//1137 788//1137 773//1137
f 787//1138 788//1138 488//1138
f 773//1139 788//1139 787//1139
f 788//1140 789//1140 488//1140
f 775//1141 789//1141 774//1141
f 774//1142 789//1142 788//1142
f 776//1143 790//1143 775//1143
f 488//1144 790//1144 243//1144
f 775//1145 790//1145 789//1145
f 789//1146 790//1146 488//1146
f 777//1147 791//1147 776//1147
f 790//1148 791//1148 243//1148
f 776//1149 791//1149 790//1149
f 778//1150 792//1150 777//1150
f 791//1151 792//1151 243//1151
f 777//1152 792//1152 791//1152
f 779//1153 793//1153 778//1153
f 778//1154 793//1154 792//1154
f 792//1155 793//1155 243//1155
f 780//1156 794//1156 779//1156
f 793//1157 794//1157 243//1157
f 779//1158 794//1158 793//1158
f 781//1159 795//1159 780//1159
f 794//1160 795//1160 243//1160
f 780//1161 795//1161 794//1161
f 243//1162 796//1162 242//1162
f 242//1163 796//1163 782//1163
f 782//1164 796//1164 781//1164
f 795//1165 796//1165 243//1165
f 781//1166 796//1166 795//1166
f 488//1167 797//1167 489//1167
f 488//1168 798//1168 797//1168
f 797//1169 798//1169 489//1169
f 798//1170 799//1170 489//1170
f 488//1171 799//1171 798//1171
f 799//1172 800//1172 489//1172
f 488//1173 800//1173 799//1173
f 800//1174 801//1174 489//1174
f 488//1175 801//1175 800//1175
f 243//1176 801//1176 488//1176
f 489//1177 801//1177 244//1177
f 801//1178 802//1178 244//1178
f 243//1179 802//1179 801//1179
f 802//1180 803//1180 244//1180
f 243//1181 803//1181 802//1181
f 803//1182 804//1182 244//1182
f 243//1183 804//1183 803//1183
f 804//1184 805//1184 244//1184
f 243//1185 805//1185 804//1185
f 805//1186 806//1186 244//1186
f 243//1187 806//1187 805//1187
f 244//1188 807//1188 243//1188
f 806//1189 807//1189 244//1189
f 243//1190 807//1190 806//1190
f 489//1191 808//1191 490//1191
f 489//1192 809//1192 808//1192
f 808//1193 809//1193 490//1193
f 489//1194 810//1194 809//1194
f 809//1195 810//1195 490//1195
f 489//1196 811//1196 810//1196
f 810//1197 811//1197 490//1197
f 489//1198 812//1198 811//1198
f 811//1199 812//1199 490//1199
f 489//1200 813//1200 812//1200
f 812//1201 813//1201 490//1201
f 244//1202 813//1202 489//1202
f 490//1203 813//1203 245//1203
f 244//1204 814//1204 813//1204
f 813//1205 814//1205 245//1205
f 814//1206 815//1206 245//1206
f 244//1207 815//1207 814//1207
f 815//1208 816//1208 245//1208
f 244//1209 816//1209 815//1209
f 816//1210 817//1210 245//1210
f 244//1211 817//1211 816//1211
f 817//1212 818//1212 245//1212
f 244//1213 818//1213 817//1213
f 245//1214 819//1214 244//1214
f 818//1215 819//1215 245//1215
f 244//1216 819//1216 818//1216
f 490//1217 820//1217 821//1217
f 490//1218 822//1218 820//1218
f 490//1219 823//1219 822//1219
f 490//1220 824//1220 823//1220
f 490//1221 825//1221 824//1221
f 490//1222 826//1222 825//1222
f 245//1223 827//1223 490//1223
f 490//1224 827//1224 826//1224
f 245//1225 828//1225 827//1225
f 245//1226 829//1226 828//1226
f 245//1227 830//1227 829//1227
f 245//1228 831//1228 830//1228
f 245//1229 832//1229 831//1229
f 245//1230 833//1230 832//1230
f 490//1231 834//1231 491//1231
f 821//1232 834//1232 490//1232
f 821//1233 835//1233 834//1233
f 820//1234 835//1234 821//1234
f 834//1235 835//1235 491//1235
f 835//1236 836//1236 491//1236
f 820//1237 836//1237 835//1237
f 822//1238 836//1238 820//1238
f 822//1239 837//1239 836//1239
f 836//1240 837//1240 491//1240
f 823//1241 837//1241 822//1241
f 837//1242 838//1242 491//1242
f 823//1243 838//1243 837//1243
f 824//1244 838//1244 823//1244
f 825//1245 838//1245 824//1245
f 838//1246 839//1246 491//1246
f 825//1247 839//1247 838//1247
f 826//1248 839//1248 825//1248
f 839//1249 840//1249 491//1249
f 826//1250 840//1250 839//1250
f 840//1251 841//1251 491//1251
f 826//1252 841//1252 840//1252
f 491//1253 841//1253 246//1253
f 827//1254 841//1254 826//1254
f 829//1255 842//1255 828//1255
f 841//1256 842//1256 246//1256
f 827//1257 842//1257 841//1257
f 828//1258 842//1258 827//1258
f 830//1259 843//1259 829//1259
f 829//1260 843//1260 842//1260
f 842//1261 843//1261 246//1261
f 830//1262 844//1262 843//1262
f 843//1263 844//1263 246//1263
f 831//1264 845//1264 830//1264
f 830//1265 845//1265 844//1265
f 844//1266 845//1266 246//1266
f 832//1267 846//1267 831//1267
f 845//1268 846//1268 246//1268
f 831//1269 846//1269 845//1269
f 246//1270 847//1270 245//1270
f 245//1271 847//1271 833//1271
f 833//1272 847//1272 832//1272
f 846//1273 847//1273 246//1273
f 832//1274 847//1274 846//1274
f 491//1275 848//1275 492//1275
f 491//1276 849//1276 848//1276
f 848//1277 849//1277 492//1277
f 491//1278 850//1278 849//1278
f 849//1279 850//1279 492//1279
f 246//1280 850//1280 491//1280
f 492//1281 850//1281 247//1281
f 246//1282 851//1282 850//1282
f 850//1283 851//1283 247//1283
f 851//1284 852//1284 247//1284
f 246//1285 852//1285 851//1285
f 852//1286 853//1286 247//1286
f 246//1287 853//1287 852//1287
f 853//1288 854//1288 247//1288
f 246//1289 854//1289 853//1289
f 854//1290 855//1290 247//1290
f 246//1291 855//1291 854//1291
f 247//1292 856//1292 246//1292
f 855//1293 856//1293 247//1293
f 246//1294 856//1294 855//1294
f 225//1295 478//1295 469//1295
f 225//1296 233//1296 478//1296
f 218//1297 225//1297 463//1297
f 463//1298 225//1298 469//1298
f 468//1299 218//1299 463//1299
f 223//1300 218//1300 468//1300
f 135//1301 134//1301 380//1301
f 380//1302 134//1302 379//1302
f 460//1303 223//1303 468//1303
f 216//1304 223//1304 460//1304
f 379//1305 857//1305 381//1305
f 379//1306 858//1306 857//1306
f 857//1307 858//1307 381//1307
f 379//1308 859//1308 858//1308
f 858//1309 859//1309 381//1309
f 379//1310 860//1310 859//1310
f 859//1311 860//1311 381//1311
f 379//1312 861//1312 860//1312
f 860//1313 861//1313 381//1313
f 134//1314 862//1314 379//1314
f 381//1315 862//1315 136//1315
f 379//1316 862//1316 861//1316
f 861//1317 862//1317 381//1317
f 862//1318 863//1318 136//1318
f 134//1319 863//1319 862//1319
f 863//1320 864//1320 136//1320
f 134//1321 864//1321 863//1321
f 864//1322 865//1322 136//1322
f 134//1323 865//1323 864//1323
f 134//1324 866//1324 865//1324
f 865//1325 866//1325 136//1325
f 866//1326 867//1326 136//1326
f 134//1327 867//1327 866//1327
f 136//1328 868//1328 134//1328
f 867//1329 868//1329 136//1329
f 134//1330 868//1330 867//1330
f 381//1331 869//1331 382//1331
f 381//1332 870//1332 869//1332
f 869//1333 870//1333 382//1333
f 381//1334 871//1334 870//1334
f 870//1335 871//1335 382//1335
f 871//1336 872//1336 382//1336
f 381//1337 872//1337 871//1337
f 381//1338 873//1338 872//1338
f 136//1339 873//1339 381//1339
f 382//1340 873//1340 137//1340
f 872//1341 873//1341 382//1341
f 873//1342 874//1342 137//1342
f 136//1343 874//1343 873//1343
f 874//1344 875//1344 137//1344
f 136//1345 875//1345 874//1345
f 875//1346 876//1346 137//1346
f 136//1347 876//1347 875//1347
f 876//1348 877//1348 137//1348
f 136//1349 877//1349 876//1349
f 877//1350 878//1350 137//1350
f 136//1351 878//1351 877//1351
f 137//1352 879//1352 136//1352
f 878//1353 879//1353 137//1353
f 136//1354 879//1354 878//1354
f 382//1355 880//1355 383//1355
f 382//1356 881//1356 880//1356
f 880//1357 881//1357 383//1357
f 382//1358 882//1358 881//1358
f 881//1359 882//1359 383//1359
f 382//1360 883//1360 882//1360
f 882//1361 883//1361 383//1361
f 382//1362 884//1362 883//1362
f 883//1363 884//1363 383//1363
f 137//1364 884//1364 382//1364
f 383//1365 884//1365 138//1365
f 137//1366 885//1366 884//1366
f 884//1367 885//1367 138//1367
f 885//1368 886//1368 138//1368
f 137//1369 886//1369 885//1369
f 886//1370 887//1370 138//1370
f 137//1371 887//1371 886//1371
f 887//1372 888//1372 138//1372
f 137//1373 888//1373 887//1373
f 888//1374 889//1374 138//1374
f 137//1375 889//1375 888//1375
f 138//1376 890//1376 137//1376
f 889//1377 890//1377 138//1377
f 137//1378 890//1378 889//1378
f 383//1379 891//1379 384//1379
f 383//1380 892//1380 891//1380
f 891//1381 892//1381 384//1381
f 383//1382 893//1382 892//1382
f 892//1383 893//1383 384//1383
f 383//1384 894//1384 893//1384
f 893//1385 894//1385 384//1385
f 138//1386 895//1386 383//1386
f 384//1387 895//1387 140//1387
f 383//1388 895//1388 894//1388
f 894//1389 895//1389 384//1389
f 895//1390 896//1390 140//1390
f 138//1391 896//1391 895//1391
f 896//1392 897//1392 140//1392
f 138//1393 897//1393 896//1393
f 897//1394 898//1394 140//1394
f 138//1395 898//1395 897//1395
f 898//1396 899//1396 140//1396
f 138//1397 899//1397 898//1397
f 899//1398 900//1398 140//1398
f 138//1399 900//1399 899//1399
f 140//1400 901//1400 138//1400
f 900//1401 901//1401 140//1401
f 138//1402 901//1402 900//1402
f 384//1403 902//1403 401//1403
f 384//1404 903//1404 902//1404
f 902//1405 903//1405 401//1405
f 384//1406 904//1406 903//1406
f 903//1407 904//1407 401//1407
f 384//1408 905//1408 904//1408
f 904//1409 905//1409 401//1409
f 384//1410 906//1410 905//1410
f 905//1411 906//1411 401//1411
f 140//1412 906//1412 384//1412
f 401//1413 906//1413 156//1413
f 906//1414 907//1414 156//1414
f 140//1415 907//1415 906//1415
f 907//1416 908//1416 156//1416
f 140//1417 908//1417 907//1417
f 908//1418 909//1418 156//1418
f 140//1419 909//1419 908//1419
f 909//1420 910//1420 156//1420
f 140//1421 910//1421 909//1421
f 910//1422 911//1422 156//1422
f 140//1423 911//1423 910//1423
f 156//1424 912//1424 140//1424
f 911//1425 912//1425 156//1425
f 140//1426 912//1426 911//1426
f 401//1427 913//1427 413//1427
f 401//1428 914//1428 913//1428
f 913//1429 914//1429 413//1429
f 401//1430 915//1430 914//1430
f 914//1431 915//1431 413//1431
f 401//1432 916//1432 915//1432
f 915//1433 916//1433 413//1433
f 401//1434 917//1434 916//1434
f 916//1435 917//1435 413//1435
f 156//1436 917//1436 401//1436
f 413//1437 917//1437 168//1437
f 156//1438 918//1438 917//1438
f 917//1439 918//1439 168//1439
f 918//1440 919//1440 168//1440
f 156//1441 919//1441 918//1441
f 919//1442 920//1442 168//1442
f 156//1443 920//1443 919//1443
f 920//1444 921//1444 168//1444
f 156//1445 921//1445 920//1445
f 921//1446 922//1446 168//1446
f 156//1447 922//1447 921//1447
f 168//1448 923//1448 156//1448
f 922//1449 923//1449 168//1449
f 156//1450 923//1450 922//1450
f 413//1451 924//1451 421//1451
f 413//1452 925//1452 924//1452
f 924//1453 925//1453 421//1453
f 413//1454 926//1454 925//1454
f 925//1455 926//1455 421//1455
f 413//1456 927//1456 926//1456
f 926//1457 927//1457 421//1457
f 413//1458 928//1458 927//1458
f 927//1459 928//1459 421//1459
f 168//1460 929//1460 413//1460
f 421//1461 929//1461 176//1461
f 413//1462 929//1462 928//1462
f 928//1463 929//1463 421//1463
f 168//1464 930//1464 929//1464
f 929//1465 930//1465 176//1465
f 930//1466 931//1466 176//1466
f 168//1467 931//1467 930//1467
f 931//1468 932//1468 176//1468
f 168//1469 932//1469 931//1469
f 932//1470 933//1470 176//1470
f 168//1471 933//1471 932//1471
f 933//1472 934//1472 176//1472
f 168//1473 934//1473 933//1473
f 176//1474 935//1474 168//1474
f 934//1475 935//1475 176//1475
f 168//1476 935//1476 934//1476
f 421//1477 936//1477 429//1477
f 176//1478 937//1478 421//1478
f 429//1479 937//1479 185//1479
f 421//1480 937//1480 936//1480
f 936//1481 937//1481 429//1481
f 937//1482 938//1482 185//1482
f 176//1483 938//1483 937//1483
f 938//1484 939//1484 185//1484
f 176//1485 939//1485 938//1485
f 939//1486 940//1486 185//1486
f 176//1487 940//1487 939//1487
f 940//1488 941//1488 185//1488
f 176//1489 941//1489 940//1489
f 941//1490 942//1490 185//1490
f 176//1491 942//1491 941//1491
f 185//1492 943//1492 176//1492
f 942//1493 943//1493 185//1493
f 176//1494 943//1494 942//1494
f 429//1495 944//1495 945//1495
f 429//1496 946//1496 944//1496
f 429//1497 947//1497 946//1497
f 429//1498 948//1498 947//1498
f 429//1499 949//1499 948//1499
f 429//1500 950//1500 949//1500
f 429//1501 951//1501 950//1501
f 185//1502 951//1502 429//1502
f 185//1503 952//1503 951//1503
f 185//1504 953//1504 952//1504
f 185//1505 954//1505 953//1505
f 185//1506 955//1506 954//1506
f 185//1507 956//1507 955//1507
f 185//1508 957//1508 956//1508
f 945//1509 958//1509 429//1509
f 429//1510 958//1510 441//1510
f 944//1511 959//1511 945//1511
f 945//1512 959//1512 958//1512
f 958//1513 959//1513 441//1513
f 946//1514 960//1514 944//1514
f 947//1515 960//1515 946//1515
f 959//1516 960//1516 441//1516
f 944//1517 960//1517 959//1517
f 960//1518 961//1518 441//1518
f 947//1519 961//1519 960//1519
f 948//1520 962//1520 947//1520
f 947//1521 962//1521 961//1521
f 961//1522 962//1522 441//1522
f 949//1523 963//1523 948//1523
f 950//1524 963//1524 949//1524
f 948//1525 963//1525 962//1525
f 962//1526 963//1526 441//1526
f 950//1527 964//1527 963//1527
f 963//1528 964//1528 441//1528
f 951//1529 965//1529 950//1529
f 950//1530 965//1530 964//1530
f 441//1531 965//1531 197//1531
f 964//1532 965//1532 441//1532
f 952//1533 966//1533 951//1533
f 953//1534 966//1534 952//1534
f 965//1535 966//1535 197//1535
f 951//1536 966//1536 965//1536
f 953//1537 967//1537 966//1537
f 954//1538 967//1538 953//1538
f 966//1539 967//1539 197//1539
f 954//1540 968//1540 967//1540
f 967//1541 968//1541 197//1541
f 955//1542 969//1542 954//1542
f 956//1543 969//1543 955//1543
f 954//1544 969//1544 968//1544
f 968//1545 969//1545 197//1545
f 956//1546 970//1546 969//1546
f 969//1547 970//1547 197//1547
f 197//1548 971//1548 185//1548
f 185//1549 971//1549 957//1549
f 957//1550 971//1550 956//1550
f 956//1551 971//1551 970//1551
f 970//1552 971//1552 197//1552
f 441//1553 972//1553 447//1553
f 441//1554 973//1554 972//1554
f 972//1555 973//1555 447//1555
f 197//1556 973//1556 441//1556
f 447//1557 973//1557 203//1557
f 973//1558 974//1558 203//1558
f 197//1559 974//1559 973//1559
f 974//1560 975//1560 203//1560
f 197//1561 975//1561 974//1561
f 975//1562 976//1562 203//1562
f 197//1563 976//1563 975//1563
f 976//1564 977//1564 203//1564
f 197//1565 977//1565 976//1565
f 977//1566 978//1566 203//1566
f 197//1567 978//1567 977//1567
f 203//1568 979//1568 197//1568
f 978//1569 979//1569 203//1569
f 197//1570 979//1570 978//1570
f 447//1571 980//1571 455//1571
f 447//1572 981//1572 980//1572
f 980//1573 981//1573 455//1573
f 447//1574 982//1574 981//1574
f 981//1575 982//1575 455//1575
f 203//1576 982//1576 447//1576
f 455//1577 982//1577 211//1577
f 203//1578 983//1578 982//1578
f 982//1579 983//1579 211//1579
f 983//1580 984//1580 211//1580
f 203//1581 984//1581 983//1581
f 984//1582 985//1582 211//1582
f 203//1583 985//1583 984//1583
f 985//1584 986//1584 211//1584
f 203//1585 986//1585 985//1585
f 986//1586 987//1586 211//1586
f 203//1587 987//1587 986//1587
f 211//1588 988//1588 203//1588
f 987//1589 988//1589 211//1589
f 203//1590 988//1590 987//1590
f 455//1591 989//1591 460//1591
f 455//1592 990//1592 989//1592
f 989//1593 990//1593 460//1593
f 455//1594 991//1594 990//1594
f 990//1595 991//1595 460//1595
f 211//1596 991//1596 455//1596
f 460//1597 991//1597 216//1597
f 211//1598 992//1598 991//1598
f 991//1599 992//1599 216//1599
f 992//1600 993//1600 216//1600
f 211//1601 993//1601 992//1601
f 993//1602 994//1602 216//1602
f 211//1603 994//1603 993//1603
f 994//1604 995//1604 216//1604
f 211//1605 995//1605 994//1605
f 995//1606 996//1606 216//1606
f 211//1607 996//1607 995//1607
f 216//1608 997//1608 211//1608
f 996//1609 997//1609 216//1609
f 211//1610 997//1610 996//1610
f 133//1611 380//1611 378//1611
f 133//1612 135//1612 380//1612
f 127//1613 133//1613 371//1613
f 371//1614 133//1614 378//1614
f 377//1615 127//1615 371//1615
f 132//1616 127//1616 377//1616
f 97//1617 341//1617 342//1617
f 97//1618 96//1618 341//1618
f 341//1619 98//1619 343//1619
f 96//1620 98//1620 341//1620
f 343//1621 99//1621 344//1621
f 98//1622 99//1622 343//1622
f 99//1623 345//1623 344//1623
f 99//1624 101//1624 345//1624
f 345//1625 102//1625 347//1625
f 101//1626 102//1626 345//1626
f 347//1627 104//1627 348//1627
f 102//1628 104//1628 347//1628
f 348//1629 105//1629 350//1629
f 104//1630 105//1630 348//1630
f 353//1631 110//1631 355//1631
f 109//1632 110//1632 353//1632
f 122//1633 128//1633 367//1633
f 367//1634 128//1634 373//1634
f 350//1635 998//1635 351//1635
f 350//1636 999//1636 998//1636
f 998//1637 999//1637 351//1637
f 350//1638 1000//1638 999//1638
f 999//1639 1000//1639 351//1639
f 1000//1640 1001//1640 351//1640
f 105//1641 1001//1641 350//1641
f 351//1642 1001//1642 107//1642
f 350//1643 1001//1643 1000//1643
f 1001//1644 1002//1644 107//1644
f 105//1645 1002//1645 1001//1645
f 1002//1646 1003//1646 107//1646
f 105//1647 1003//1647 1002//1647
f 1003//1648 1004//1648 107//1648
f 105//1649 1004//1649 1003//1649
f 1004//1650 1005//1650 107//1650
f 105//1651 1005//1651 1004//1651
f 1005//1652 1006//1652 107//1652
f 105//1653 1006//1653 1005//1653
f 105//1654 1007//1654 1006//1654
f 107//1655 1007//1655 105//1655
f 1006//1656 1007//1656 107//1656
f 351//1657 1008//1657 353//1657
f 351//1658 1009//1658 1008//1658
f 1008//1659 1009//1659 353//1659
f 351//1660 1010//1660 1009//1660
f 1009//1661 1010//1661 353//1661
f 1010//1662 1011//1662 353//1662
f 351//1663 1011//1663 1010//1663
f 107//1664 1011//1664 351//1664
f 353//1665 1011//1665 109//1665
f 1011//1666 1012//1666 109//1666
f 107//1667 1012//1667 1011//1667
f 1012//1668 1013//1668 109//1668
f 107//1669 1013//1669 1012//1669
f 1013//1670 1014//1670 109//1670
f 107//1671 1014//1671 1013//1671
f 1014//1672 1015//1672 109//1672
f 107//1673 1015//1673 1014//1673
f 1015//1674 1016//1674 109//1674
f 107//1675 1016//1675 1015//1675
f 109//1676 1017//1676 107//1676
f 1016//1677 1017//1677 109//1677
f 107//1678 1017//1678 1016//1678
f 355//1679 1018//1679 356//1679
f 355//1680 1019//1680 1018//1680
f 1018//1681 1019//1681 356//1681
f 110//1682 1019//1682 355//1682
f 356//1683 1019//1683 111//1683
f 110//1684 1020//1684 1019//1684
f 1019//1685 1020//1685 111//1685
f 1020//1686 1021//1686 111//1686
f 110//1687 1021//1687 1020//1687
f 1021//1688 1022//1688 111//1688
f 110//1689 1022//1689 1021//1689
f 1022//1690 1023//1690 111//1690
f 110//1691 1023//1691 1022//1691
f 1023//1692 1024//1692 111//1692
f 110//1693 1024//1693 1023//1693
f 111//1694 1025//1694 110//1694
f 1024//1695 1025//1695 111//1695
f 110//1696 1025//1696 1024//1696
f 356//1697 1026//1697 358//1697
f 356//1698 1027//1698 1026//1698
f 1026//1699 1027//1699 358//1699
f 356//1700 1028//1700 1027//1700
f 1027//1701 1028//1701 358//1701
f 356//1702 1029//1702 1028//1702
f 1028//1703 1029//1703 358//1703
f 356//1704 1030//1704 1029//1704
f 1029//1705 1030//1705 358//1705
f 111//1706 1030//1706 356//1706
f 358//1707 1030//1707 113//1707
f 111//1708 1031//1708 1030//1708
f 1030//1709 1031//1709 113//1709
f 1031//1710 1032//1710 113//1710
f 111//1711 1032//1711 1031//1711
f 1032//1712 1033//1712 113//1712
f 111//1713 1033//1713 1032//1713
f 1033//1714 1034//1714 113//1714
f 111//1715 1034//1715 1033//1715
f 1034//1716 1035//1716 113//1716
f 111//1717 1035//1717 1034//1717
f 113//1718 1036//1718 111//1718
f 1035//1719 1036//1719 113//1719
f 111//1720 1036//1720 1035//1720
f 358//1721 1037//1721 359//1721
f 358//1722 1038//1722 1037//1722
f 1037//1723 1038//1723 359//1723
f 358//1724 1039//1724 1038//1724
f 1038//1725 1039//1725 359//1725
f 1039//1726 1040//1726 359//1726
f 358//1727 1040//1727 1039//1727
f 1040//1728 1041//1728 359//1728
f 358//1729 1041//1729 1040//1729
f 113//1730 1041//1730 358//1730
f 359//1731 1041//1731 115//1731
f 1041//1732 1042//1732 115//1732
f 113//1733 1042//1733 1041//1733
f 1042//1734 1043//1734 115//1734
f 113//1735 1043//1735 1042//1735
f 1043//1736 1044//1736 115//1736
f 113//1737 1044//1737 1043//1737
f 1044//1738 1045//1738 115//1738
f 113//1739 1045//1739 1044//1739
f 1045//1740 1046//1740 115//1740
f 113//1741 1046//1741 1045//1741
f 115//1742 1047//1742 113//1742
f 1046//1743 1047//1743 115//1743
f 113//1744 1047//1744 1046//1744
f 359//1745 1048//1745 361//1745
f 1048//1746 1049//1746 361//1746
f 359//1747 1049//1747 1048//1747
f 1049//1748 1050//1748 361//1748
f 359//1749 1050//1749 1049//1749
f 361//1750 1051//1750 116//1750
f 1050//1751 1051//1751 361//1751
f 359//1752 1051//1752 1050//1752
f 115//1753 1051//1753 359//1753
f 1051//1754 1052//1754 116//1754
f 115//1755 1052//1755 1051//1755
f 1052//1756 1053//1756 116//1756
f 115//1757 1053//1757 1052//1757
f 1053//1758 1054//1758 116//1758
f 115//1759 1054//1759 1053//1759
f 1054//1760 1055//1760 116//1760
f 115//1761 1055//1761 1054//1761
f 1055//1762 1056//1762 116//1762
f 115//1763 1056//1763 1055//1763
f 116//1764 1057//1764 115//1764
f 1056//1765 1057//1765 116//1765
f 115//1766 1057//1766 1056//1766
f 361//1767 1058//1767 362//1767
f 361//1768 1059//1768 1058//1768
f 1058//1769 1059//1769 362//1769
f 361//1770 1060//1770 1059//1770
f 1059//1771 1060//1771 362//1771
f 116//1772 1061//1772 361//1772
f 362//1773 1061//1773 117//1773
f 361//1774 1061//1774 1060//1774
f 1060//1775 1061//1775 362//1775
f 116//1776 1062//1776 1061//1776
f 1061//1777 1062//1777 117//1777
f 1062//1778 1063//1778 117//1778
f 116//1779 1063//1779 1062//1779
f 1063//1780 1064//1780 117//1780
f 116//1781 1064//1781 1063//1781
f 1064//1782 1065//1782 117//1782
f 116//1783 1065//1783 1064//1783
f 1065//1784 1066//1784 117//1784
f 116//1785 1066//1785 1065//1785
f 117//1786 1067//1786 116//1786
f 1066//1787 1067//1787 117//1787
f 116//1788 1067//1788 1066//1788
f 362//1789 1068//1789 364//1789
f 362//1790 1069//1790 1068//1790
f 1068//1791 1069//1791 364//1791
f 117//1792 1070//1792 362//1792
f 362//1793 1070//1793 1069//1793
f 364//1794 1070//1794 119//1794
f 1069//1795 1070//1795 364//1795
f 117//1796 1071//1796 1070//1796
f 1070//1797 1071//1797 119//1797
f 1071//1798 1072//1798 119//1798
f 117//1799 1072//1799 1071//1799
f 1072//1800 1073//1800 119//1800
f 117//1801 1073//1801 1072//1801
f 1073//1802 1074//1802 119//1802
f 117//1803 1074//1803 1073//1803
f 1074//1804 1075//1804 119//1804
f 117//1805 1075//1805 1074//1805
f 1075//1806 1076//1806 119//1806
f 117//1807 1076//1807 1075//1807
f 119//1808 1076//1808 117//1808
f 364//1809 1077//1809 365//1809
f 364//1810 1078//1810 1077//1810
f 1077//1811 1078//1811 365//1811
f 364//1812 1079//1812 1078//1812
f 1078//1813 1079//1813 365//1813
f 364//1814 1080//1814 1079//1814
f 1079//1815 1080//1815 365//1815
f 364//1816 1081//1816 1080//1816
f 1080//1817 1081//1817 365//1817
f 119//1818 1082//1818 364//1818
f 365//1819 1082//1819 121//1819
f 364//1820 1082//1820 1081//1820
f 1081//1821 1082//1821 365//1821
f 119//1822 1083//1822 1082//1822
f 1082//1823 1083//1823 121//1823
f 1083//1824 1084//1824 121//1824
f 119//1825 1084//1825 1083//1825
f 1084//1826 1085//1826 121//1826
f 119//1827 1085//1827 1084//1827
f 1085//1828 1086//1828 121//1828
f 119//1829 1086//1829 1085//1829
f 1086//1830 1087//1830 121//1830
f 119//1831 1087//1831 1086//1831
f 121//1832 1088//1832 119//1832
f 1087//1833 1088//1833 121//1833
f 119//1834 1088//1834 1087//1834
f 365//1835 1089//1835 1090//1835
f 365//1836 1091//1836 1089//1836
f 365//1837 1092//1837 1091//1837
f 365//1838 1093//1838 1092//1838
f 365//1839 1094//1839 1093//1839
f 365//1840 1095//1840 1094//1840
f 121//1841 1096//1841 365//1841
f 365//1842 1096//1842 1095//1842
f 121//1843 1097//1843 1096//1843
f 121//1844 1098//1844 1097//1844
f 121//1845 1099//1845 1098//1845
f 121//1846 1100//1846 1099//1846
f 121//1847 1101//1847 1100//1847
f 121//1848 1102//1848 1101//1848
f 365//1849 1103//1849 367//1849
f 1090//1850 1103//1850 365//1850
f 1089//1851 1104//1851 1090//1851
f 1103//1852 1104//1852 367//1852
f 1090//1853 1104//1853 1103//1853
f 1091//1854 1105//1854 1089//1854
f 1089//1855 1105//1855 1104//1855
f 1104//1856 1105//1856 367//1856
f 1092//1857 1106//1857 1091//1857
f 1093//1858 1106//1858 1092//1858
f 1091//1859 1106//1859 1105//1859
f 1105//1860 1106//1860 367//1860
f 1106//1861 1107//1861 367//1861
f 1093//1862 1107//1862 1106//1862
f 1107//1863 1108//1863 367//1863
f 1094//1864 1108//1864 1093//1864
f 1095//1865 1108//1865 1094//1865
f 1093//1866 1108//1866 1107//1866
f 1108//1867 1109//1867 367//1867
f 1095//1868 1109//1868 1108//1868
f 1109//1869 1110//1869 367//1869
f 367//1870 1110//1870 122//1870
f 1095//1871 1110//1871 1109//1871
f 1096//1872 1110//1872 1095//1872
f 1110//1873 1111//1873 122//1873
f 1097//1874 1111//1874 1096//1874
f 1096//1875 1111//1875 1110//1875
f 1098//1876 1111//1876 1097//1876
f 1111//1877 1112//1877 122//1877
f 1098//1878 1112//1878 1111//1878
f 1099//1879 1112//1879 1098//1879
f 1112//1880 1113//1880 122//1880
f 1099//1881 1113//1881 1112//1881
f 1113//1882 1114//1882 122//1882
f 1099//1883 1114//1883 1113//1883
f 1100//1884 1114//1884 1099//1884
f 1101//1885 1114//1885 1100//1885
f 1114//1886 1115//1886 122//1886
f 1101//1887 1115//1887 1114//1887
f 1102//1888 1115//1888 1101//1888
f 122//1889 1116//1889 121//1889
f 1115//1890 1116//1890 122//1890
f 1102//1891 1116//1891 1115//1891
f 121//1892 1116//1892 1102//1892
f 373//1893 1117//1893 377//1893
f 373//1894 1118//1894 1117//1894
f 1117//1895 1118//1895 377//1895
f 128//1896 1119//1896 373//1896
f 373//1897 1119//1897 1118//1897
f 1118//1898 1119//1898 377//1898
f 377//1899 1119//1899 132//1899
f 1119//1900 1120//1900 132//1900
f 128//1901 1120//1901 1119//1901
f 1120//1902 1121//1902 132//1902
f 128//1903 1121//1903 1120//1903
f 1121//1904 1122//1904 132//1904
f 128//1905 1122//1905 1121//1905
f 1122//1906 1123//1906 132//1906
f 128//1907 1123//1907 1122//1907
f 1123//1908 1124//1908 132//1908
f 128//1909 1124//1909 1123//1909
f 132//1910 1125//1910 128//1910
f 1124//1911 1125//1911 132//1911
f 128//1912 1125//1912 1124//1912
f 89//1913 342//1913 333//1913
f 89//1914 97//1914 342//1914
f 340//1915 89//1915 333//1915
f 95//1916 89//1916 340//1916
f 100//1917 334//1917 346//1917
f 100//1918 88//1918 334//1918
f 334//1919 90//1919 335//1919
f 88//1920 90//1920 334//1920
f 335//1921 91//1921 336//1921
f 90//1922 91//1922 335//1922
f 336//1923 92//1923 337//1923
f 91//1924 92//1924 336//1924
f 337//1925 93//1925 338//1925
f 338//1926 93//1926 339//1926
f 92//1927 93//1927 337//1927
f 93//1928 94//1928 339//1928
f 94//1929 95//1929 339//1929
f 339//1930 95//1930 340//1930
f 369//1931 1126//1931 370//1931
f 369//1932 1127//1932 1126//1932
f 1126//1933 1127//1933 370//1933
f 369//1934 1128//1934 1127//1934
f 1127//1935 1128//1935 370//1935
f 369//1936 1129//1936 1128//1936
f 1128//1937 1129//1937 370//1937
f 369//1938 1130//1938 1129//1938
f 1129//1939 1130//1939 370//1939
f 369//1940 1131//1940 1130//1940
f 1130//1941 1131//1941 370//1941
f 369//1942 1132//1942 1131//1942
f 1131//1943 1132//1943 370//1943
f 369//1944 1133//1944 1132//1944
f 1132//1945 1133//1945 370//1945
f 123//1946 1133//1946 369//1946
f 370//1947 1133//1947 125//1947
f 1133//1948 1134//1948 125//1948
f 123//1949 1134//1949 1133//1949
f 1134//1950 1135//1950 125//1950
f 123//1951 1135//1951 1134//1951
f 1135//1952 1136//1952 125//1952
f 123//1953 1136//1953 1135//1953
f 1136//1954 1137//1954 125//1954
f 123//1955 1137//1955 1136//1955
f 123//1956 1138//1956 1137//1956
f 1137//1957 1138//1957 125//1957
f 125//1958 1139//1958 123//1958
f 123//1959 1139//1959 1138//1959
f 1138//1960 1139//1960 125//1960
f 370//1961 1140//1961 372//1961
f 370//1962 1141//1962 1140//1962
f 1140//1963 1141//1963 372//1963
f 370//1964 1142//1964 1141//1964
f 1141//1965 1142//1965 372//1965
f 370//1966 1143//1966 1142//1966
f 1142//1967 1143//1967 372//1967
f 370//1968 1144//1968 1143//1968
f 1143//1969 1144//1969 372//1969
f 125//1970 1144//1970 370//1970
f 372//1971 1144//1971 126//1971
f 125//1972 1145//1972 1144//1972
f 1144//1973 1145//1973 126//1973
f 1145//1974 1146//1974 126//1974
f 125//1975 1146//1975 1145//1975
f 1146//1976 1147//1976 126//1976
f 125//1977 1147//1977 1146//1977
f 1147//1978 1148//1978 126//1978
f 125//1979 1148//1979 1147//1979
f 1148//1980 1149//1980 126//1980
f 125//1981 1149//1981 1148//1981
f 126//1982 1150//1982 125//1982
f 1149//1983 1150//1983 126//1983
f 125//1984 1150//1984 1149//1984
f 372//1985 1151//1985 366//1985
f 372//1986 1152//1986 1151//1986
f 1151//1987 1152//1987 366//1987
f 126//1988 1152//1988 372//1988
f 366//1989 1152//1989 120//1989
f 126//1990 1153//1990 1152//1990
f 1152//1991 1153//1991 120//1991
f 1153//1992 1154//1992 120//1992
f 126//1993 1154//1993 1153//1993
f 1154//1994 1155//1994 120//1994
f 126//1995 1155//1995 1154//1995
f 1155//1996 1156//1996 120//1996
f 126//1997 1156//1997 1155//1997
f 1156//1998 1157//1998 120//1998
f 126//1999 1157//1999 1156//1999
f 120//2000 1158//2000 126//2000
f 1157//2001 1158//2001 120//2001
f 126//2002 1158//2002 1157//2002
f 366//2003 1159//2003 363//2003
f 366//2004 1160//2004 1159//2004
f 1159//2005 1160//2005 363//2005
f 366//2006 1161//2006 1160//2006
f 1160//2007 1161//2007 363//2007
f 120//2008 1162//2008 366//2008
f 363//2009 1162//2009 118//2009
f 366//2010 1162//2010 1161//2010
f 1161//2011 1162//2011 363//2011
f 1162//2012 1163//2012 118//2012
f 120//2013 1163//2013 1162//2013
f 1163//2014 1164//2014 118//2014
f 120//2015 1164//2015 1163//2015
f 1164//2016 1165//2016 118//2016
f 120//2017 1165//2017 1164//2017
f 1165//2018 1166//2018 118//2018
f 120//2019 1166//2019 1165//2019
f 1166//2020 1167//2020 118//2020
f 120//2021 1167//2021 1166//2021
f 118//2022 1168//2022 120//2022
f 1167//2023 1168//2023 118//2023
f 120//2024 1168//2024 1167//2024
f 363//2025 1169//2025 360//2025
f 363//2026 1170//2026 1169//2026
f 1169//2027 1170//2027 360//2027
f 363//2028 1171//2028 1170//2028
f 1170//2029 1171//2029 360//2029
f 1171//2030 1172//2030 360//2030
f 363//2031 1172//2031 1171//2031
f 1172//2032 1173//2032 360//2032
f 363//2033 1173//2033 1172//2033
f 1173//2034 1174//2034 360//2034
f 363//2035 1174//2035 1173//2035
f 118//2036 1174//2036 363//2036
f 360//2037 1174//2037 114//2037
f 1174//2038 1175//2038 114//2038
f 118//2039 1175//2039 1174//2039
f 1175//2040 1176//2040 114//2040
f 118//2041 1176//2041 1175//2041
f 1176//2042 1177//2042 114//2042
f 118//2043 1177//2043 1176//2043
f 1177//2044 1178//2044 114//2044
f 118//2045 1178//2045 1177//2045
f 1178//2046 1179//2046 114//2046
f 118//2047 1179//2047 1178//2047
f 114//2048 1180//2048 118//2048
f 1179//2049 1180//2049 114//2049
f 118//2050 1180//2050 1179//2050
f 360//2051 1181//2051 357//2051
f 360//2052 1182//2052 1181//2052
f 1181//2053 1182//2053 357//2053
f 360//2054 1183//2054 1182//2054
f 1182//2055 1183//2055 357//2055
f 360//2056 1184//2056 1183//2056
f 1183//2057 1184//2057 357//2057
f 360//2058 1185//2058 1184//2058
f 1184//2059 1185//2059 357//2059
f 360//2060 1186//2060 1185//2060
f 1185//2061 1186//2061 357//2061
f 360//2062 1187//2062 1186//2062
f 1186//2063 1187//2063 357//2063
f 114//2064 1187//2064 360//2064
f 357//2065 1187//2065 112//2065
f 114//2066 1188//2066 1187//2066
f 1187//2067 1188//2067 112//2067
f 1188//2068 1189//2068 112//2068
f 114//2069 1189//2069 1188//2069
f 1189//2070 1190//2070 112//2070
f 114//2071 1190//2071 1189//2071
f 1190//2072 1191//2072 112//2072
f 114//2073 1191//2073 1190//2073
f 1191//2074 1192//2074 112//2074
f 114//2075 1192//2075 1191//2075
f 112//2076 1193//2076 114//2076
f 1192//2077 1193//2077 112//2077
f 114//2078 1193//2078 1192//2078
f 357//2079 1194//2079 354//2079
f 357//2080 1195//2080 1194//2080
f 1194//2081 1195//2081 354//2081
f 357//2082 1196//2082 1195//2082
f 1195//2083 1196//2083 354//2083
f 357//2084 1197//2084 1196//2084
f 1196//2085 1197//2085 354//2085
f 357//2086 1198//2086 1197//2086
f 1197//2087 1198//2087 354//2087
f 357//2088 1199//2088 1198//2088
f 1198//2089 1199//2089 354//2089
f 112//2090 1200//2090 357//2090
f 354//2091 1200//2091 108//2091
f 357//2092 1200//2092 1199//2092
f 1199//2093 1200//2093 354//2093
f 1200//2094 1201//2094 108//2094
f 112//2095 1201//2095 1200//2095
f 1201//2096 1202//2096 108//2096
f 112//2097 1202//2097 1201//2097
f 1202//2098 1203//2098 108//2098
f 112//2099 1203//2099 1202//2099
f 1203//2100 1204//2100 108//2100
f 112//2101 1204//2101 1203//2101
f 1204//2102 1205//2102 108//2102
f 112//2103 1205//2103 1204//2103
f 1205//2104 1206//2104 108//2104
f 112//2105 1206//2105 1205//2105
f 108//2106 1206//2106 112//2106
f 354//2107 1207//2107 352//2107
f 354//2108 1208//2108 1207//2108
f 1207//2109 1208//2109 352//2109
f 354//2110 1209//2110 1208//2110
f 1208//2111 1209//2111 352//2111
f 354//2112 1210//2112 1209//2112
f 1209//2113 1210//2113 352//2113
f 354//2114 1211//2114 1210//2114
f 1210//2115 1211//2115 352//2115
f 108//2116 1211//2116 354//2116
f 352//2117 1211//2117 106//2117
f 108//2118 1212//2118 1211//2118
f 1211//2119 1212//2119 106//2119
f 1212//2120 1213//2120 106//2120
f 108//2121 1213//2121 1212//2121
f 1213//2122 1214//2122 106//2122
f 108//2123 1214//2123 1213//2123
f 1214//2124 1215//2124 106//2124
f 108//2125 1215//2125 1214//2125
f 1215//2126 1216//2126 106//2126
f 108//2127 1216//2127 1215//2127
f 106//2128 1217//2128 108//2128
f 1216//2129 1217//2129 106//2129
f 108//2130 1217//2130 1216//2130
f 352//2131 1218//2131 349//2131
f 352//2132 1219//2132 1218//2132
f 1218//2133 1219//2133 349//2133
f 352//2134 1220//2134 1219//2134
f 1219//2135 1220//2135 349//2135
f 352//2136 1221//2136 1220//2136
f 1220//2137 1221//2137 349//2137
f 352//2138 1222//2138 1221//2138
f 1221//2139 1222//2139 349//2139
f 352//2140 1223//2140 1222//2140
f 1222//2141 1223//2141 349//2141
f 352//2142 1224//2142 1223//2142
f 1223//2143 1224//2143 349//2143
f 106//2144 1224//2144 352//2144
f 349//2145 1224//2145 103//2145
f 106//2146 1225//2146 1224//2146
f 1224//2147 1225//2147 103//2147
f 1225//2148 1226//2148 103//2148
f 106//2149 1226//2149 1225//2149
f 1226//2150 1227//2150 103//2150
f 106//2151 1227//2151 1226//2151
f 1227//2152 1228//2152 103//2152
f 106//2153 1228//2153 1227//2153
f 1228//2154 1229//2154 103//2154
f 106//2155 1229//2155 1228//2155
f 103//2156 1230//2156 106//2156
f 1229//2157 1230//2157 103//2157
f 106//2158 1230//2158 1229//2158
f 349//2159 1231//2159 346//2159
f 349//2160 1232//2160 1231//2160
f 1231//2161 1232//2161 346//2161
f 349//2162 1233//2162 1232//2162
f 1232//2163 1233//2163 346//2163
f 349//2164 1234//2164 1233//2164
f 1233//2165 1234//2165 346//2165
f 349//2166 1235//2166 1234//2166
f 1234//2167 1235//2167 346//2167
f 349//2168 1236//2168 1235//2168
f 1235//2169 1236//2169 346//2169
f 349//2170 1237//2170 1236//2170
f 1236//2171 1237//2171 346//2171
f 1237//2172 1238//2172 346//2172
f 103//2173 1238//2173 349//2173
f 346//2174 1238//2174 100//2174
f 349//2175 1238//2175 1237//2175
f 1238//2176 1239//2176 100//2176
f 103//2177 1239//2177 1238//2177
f 1239//2178 1240//2178 100//2178
f 103//2179 1240//2179 1239//2179
f 1240//2180 1241//2180 100//2180
f 103//2181 1241//2181 1240//2181
f 1241//2182 1242//2182 100//2182
f 103//2183 1242//2183 1241//2183
f 1242//2184 1243//2184 100//2184
f 103//2185 1243//2185 1242//2185
f 100//2186 1244//2186 103//2186
f 1243//2187 1244//2187 100//2187
f 103//2188 1244//2188 1243//2188
f 124//2189 369//2189 368//2189
f 124//2190 123//2190 369//2190
f 131//2191 124//2191 368//2191
f 131//2192 368//2192 376//2192
f 375//2193 131//2193 376//2193
f 129//2194 131//2194 375//2194
f 385//2195 130//2195 374//2195
f 139//2196 130//2196 385//2196
f 474//2197 1245//2197 452//2197
f 474//2198 1246//2198 1245//2198
f 1245//2199 1246//2199 452//2199
f 474//2200 1247//2200 1246//2200
f 1246//2201 1247//2201 452//2201
f 474//2202 1248//2202 1247//2202
f 1247//2203 1248//2203 452//2203
f 1248//2204 1249//2204 452//2204
f 474//2205 1249//2205 1248//2205
f 474//2206 1250//2206 1249//2206
f 1249//2207 1250//2207 452//2207
f 228//2208 1251//2208 474//2208
f 452//2209 1251//2209 207//2209
f 474//2210 1251//2210 1250//2210
f 1250//2211 1251//2211 452//2211
f 1251//2212 1252//2212 207//2212
f 228//2213 1252//2213 1251//2213
f 228//2214 1253//2214 1252//2214
f 1252//2215 1253//2215 207//2215
f 1253//2216 1254//2216 207//2216
f 228//2217 1254//2217 1253//2217
f 1254//2218 1255//2218 207//2218
f 228//2219 1255//2219 1254//2219
f 1255//2220 1256//2220 207//2220
f 228//2221 1256//2221 1255//2221
f 207//2222 1257//2222 228//2222
f 1256//2223 1257//2223 207//2223
f 228//2224 1257//2224 1256//2224
f 452//2225 1258//2225 434//2225
f 452//2226 1259//2226 1258//2226
f 1258//2227 1259//2227 434//2227
f 452//2228 1260//2228 1259//2228
f 1259//2229 1260//2229 434//2229
f 452//2230 1261//2230 1260//2230
f 1260//2231 1261//2231 434//2231
f 207//2232 1262//2232 452//2232
f 434//2233 1262//2233 189//2233
f 452//2234 1262//2234 1261//2234
f 1261//2235 1262//2235 434//2235
f 1262//2236 1263//2236 189//2236
f 207//2237 1263//2237 1262//2237
f 1263//2238 1264//2238 189//2238
f 207//2239 1264//2239 1263//2239
f 1264//2240 1265//2240 189//2240
f 207//2241 1265//2241 1264//2241
f 1265//2242 1266//2242 189//2242
f 207//2243 1266//2243 1265//2243
f 1266//2244 1267//2244 189//2244
f 207//2245 1267//2245 1266//2245
f 189//2246 1268//2246 207//2246
f 1267//2247 1268//2247 189//2247
f 207//2248 1268//2248 1267//2248
f 434//2249 1269//2249 415//2249
f 189//2250 1269//2250 434//2250
f 415//2251 1269//2251 170//2251
f 189//2252 1270//2252 1269//2252
f 1269//2253 1270//2253 170//2253
f 1270//2254 1271//2254 170//2254
f 189//2255 1271//2255 1270//2255
f 1271//2256 1272//2256 170//2256
f 189//2257 1272//2257 1271//2257
f 1272//2258 1273//2258 170//2258
f 189//2259 1273//2259 1272//2259
f 1273//2260 1274//2260 170//2260
f 189//2261 1274//2261 1273//2261
f 170//2262 1275//2262 189//2262
f 1274//2263 1275//2263 170//2263
f 189//2264 1275//2264 1274//2264
f 415//2265 1276//2265 398//2265
f 415//2266 1277//2266 1276//2266
f 1276//2267 1277//2267 398//2267
f 170//2268 1277//2268 415//2268
f 398//2269 1277//2269 152//2269
f 170//2270 1278//2270 1277//2270
f 1277//2271 1278//2271 152//2271
f 1278//2272 1279//2272 152//2272
f 170//2273 1279//2273 1278//2273
f 1279//2274 1280//2274 152//2274
f 170//2275 1280//2275 1279//2275
f 1280//2276 1281//2276 152//2276
f 170//2277 1281//2277 1280//2277
f 1281//2278 1282//2278 152//2278
f 170//2279 1282//2279 1281//2279
f 152//2280 1283//2280 170//2280
f 1282//2281 1283//2281 152//2281
f 170//2282 1283//2282 1282//2282
f 398//2283 1284//2283 388//2283
f 398//2284 1285//2284 1284//2284
f 1284//2285 1285//2285 388//2285
f 152//2286 1286//2286 398//2286
f 388//2287 1286//2287 143//2287
f 398//2288 1286//2288 1285//2288
f 1285//2289 1286//2289 388//2289
f 1286//2290 1287//2290 143//2290
f 152//2291 1287//2291 1286//2291
f 1287//2292 1288//2292 143//2292
f 152//2293 1288//2293 1287//2293
f 1288//2294 1289//2294 143//2294
f 152//2295 1289//2295 1288//2295
f 1289//2296 1290//2296 143//2296
f 152//2297 1290//2297 1289//2297
f 1290//2298 1291//2298 143//2298
f 152//2299 1291//2299 1290//2299
f 143//2300 1292//2300 152//2300
f 1291//2301 1292//2301 143//2301
f 152//2302 1292//2302 1291//2302
f 388//2303 1293//2303 390//2303
f 388//2304 1294//2304 1293//2304
f 1293//2305 1294//2305 390//2305
f 143//2306 1295//2306 388//2306
f 390//2307 1295//2307 145//2307
f 388//2308 1295//2308 1294//2308
f 1294//2309 1295//2309 390//2309
f 1295//2310 1296//2310 145//2310
f 143//2311 1296//2311 1295//2311
f 1296//2312 1297//2312 145//2312
f 143//2313 1297//2313 1296//2313
f 1297//2314 1298//2314 145//2314
f 143//2315 1298//2315 1297//2315
f 1298//2316 1299//2316 145//2316
f 143//2317 1299//2317 1298//2317
f 1299//2318 1300//2318 145//2318
f 143//2319 1300//2319 1299//2319
f 1300//2320 1301//2320 145//2320
f 143//2321 1301//2321 1300//2321
f 145//2322 1301//2322 143//2322
f 390//2323 1302//2323 385//2323
f 390//2324 1303//2324 1302//2324
f 1302//2325 1303//2325 385//2325
f 390//2326 1304//2326 1303//2326
f 1303//2327 1304//2327 385//2327
f 145//2328 1304//2328 390//2328
f 385//2329 1304//2329 139//2329
f 145//2330 1305//2330 1304//2330
f 1304//2331 1305//2331 139//2331
f 145//2332 1306//2332 1305//2332
f 1305//2333 1306//2333 139//2333
f 1306//2334 1307//2334 139//2334
f 145//2335 1307//2335 1306//2335
f 1307//2336 1308//2336 139//2336
f 145//2337 1308//2337 1307//2337
f 1308//2338 1309//2338 139//2338
f 145//2339 1309//2339 1308//2339
f 139//2340 1310//2340 145//2340
f 1309//2341 1310//2341 139//2341
f 145//2342 1310//2342 1309//2342
f 374//2343 1311//2343 375//2343
f 374//2344 1312//2344 1311//2344
f 1311//2345 1312//2345 375//2345
f 1312//2346 1313//2346 375//2346
f 374//2347 1313//2347 1312//2347
f 1313//2348 1314//2348 375//2348
f 374//2349 1314//2349 1313//2349
f 1314//2350 1315//2350 375//2350
f 374//2351 1315//2351 1314//2351
f 1315//2352 1316//2352 375//2352
f 374//2353 1316//2353 1315//2353
f 375//2354 1317//2354 129//2354
f 1316//2355 1317//2355 375//2355
f 374//2356 1317//2356 1316//2356
f 130//2357 1317//2357 374//2357
f 130//2358 1318//2358 1317//2358
f 1317//2359 1318//2359 129//2359
f 1318//2360 1319//2360 129//2360
f 130//2361 1319//2361 1318//2361
f 1319//2362 1320//2362 129//2362
f 130//2363 1320//2363 1319//2363
f 1320//2364 1321//2364 129//2364
f 130//2365 1321//2365 1320//2365
f 1321//2366 1322//2366 129//2366
f 130//2367 1322//2367 1321//2367
f 129//2368 1323//2368 130//2368
f 1322//2369 1323//2369 129//2369
f 130//2370 1323//2370 1322//2370
f 229//2371 474//2371 473//2371
f 229//2372 228//2372 474//2372
f 241//2373 229//2373 473//2373
f 241//2374 473//2374 486//2374
f 485//2375 241//2375 486//2375
f 239//2376 241//2376 485//2376
f 563//2377 316//2377 561//2377
f 318//2378 316//2378 563//2378
f 249//2379 484//2379 494//2379
f 249//2380 240//2380 484//2380
f 565//2381 1324//2381 563//2381
f 565//2382 1325//2382 1324//2382
f 1324//2383 1325//2383 563//2383
f 565//2384 1326//2384 1325//2384
f 1325//2385 1326//2385 563//2385
f 565//2386 1327//2386 1326//2386
f 1326//2387 1327//2387 563//2387
f 319//2388 1328//2388 565//2388
f 563//2389 1328//2389 318//2389
f 565//2390 1328//2390 1327//2390
f 1327//2391 1328//2391 563//2391
f 1328//2392 1329//2392 318//2392
f 319//2393 1329//2393 1328//2393
f 1329//2394 1330//2394 318//2394
f 319//2395 1330//2395 1329//2395
f 319//2396 1331//2396 1330//2396
f 1330//2397 1331//2397 318//2397
f 1331//2398 1332//2398 318//2398
f 319//2399 1332//2399 1331//2399
f 1332//2400 1333//2400 318//2400
f 319//2401 1333//2401 1332//2401
f 318//2402 1334//2402 319//2402
f 1333//2403 1334//2403 318//2403
f 319//2404 1334//2404 1333//2404
f 561//2405 1335//2405 559//2405
f 561//2406 1336//2406 1335//2406
f 1335//2407 1336//2407 559//2407
f 561//2408 1337//2408 1336//2408
f 1336//2409 1337//2409 559//2409
f 561//2410 1338//2410 1337//2410
f 1337//2411 1338//2411 559//2411
f 561//2412 1339//2412 1338//2412
f 1338//2413 1339//2413 559//2413
f 561//2414 1340//2414 1339//2414
f 1339//2415 1340//2415 559//2415
f 316//2416 1341//2416 561//2416
f 559//2417 1341//2417 314//2417
f 561//2418 1341//2418 1340//2418
f 1340//2419 1341//2419 559//2419
f 1341//2420 1342//2420 314//2420
f 316//2421 1342//2421 1341//2421
f 1342//2422 1343//2422 314//2422
f 316//2423 1343//2423 1342//2423
f 1343//2424 1344//2424 314//2424
f 316//2425 1344//2425 1343//2425
f 1344//2426 1345//2426 314//2426
f 316//2427 1345//2427 1344//2427
f 1345//2428 1346//2428 314//2428
f 316//2429 1346//2429 1345//2429
f 314//2430 1347//2430 316//2430
f 1346//2431 1347//2431 314//2431
f 316//2432 1347//2432 1346//2432
f 559//2433 1348//2433 526//2433
f 559//2434 1349//2434 1348//2434
f 1348//2435 1349//2435 526//2435
f 559//2436 1350//2436 1349//2436
f 1349//2437 1350//2437 526//2437
f 559//2438 1351//2438 1350//2438
f 1350//2439 1351//2439 526//2439
f 314//2440 1351//2440 559//2440
f 526//2441 1351//2441 281//2441
f 314//2442 1352//2442 1351//2442
f 1351//2443 1352//2443 281//2443
f 1352//2444 1353//2444 281//2444
f 314//2445 1353//2445 1352//2445
f 1353//2446 1354//2446 281//2446
f 314//2447 1354//2447 1353//2447
f 1354//2448 1355//2448 281//2448
f 314//2449 1355//2449 1354//2449
f 1355//2450 1356//2450 281//2450
f 314//2451 1356//2451 1355//2451
f 281//2452 1357//2452 314//2452
f 1356//2453 1357//2453 281//2453
f 314//2454 1357//2454 1356//2454
f 526//2455 1358//2455 513//2455
f 526//2456 1359//2456 1358//2456
f 1358//2457 1359//2457 513//2457
f 526//2458 1360//2458 1359//2458
f 1359//2459 1360//2459 513//2459
f 526//2460 1361//2460 1360//2460
f 1360//2461 1361//2461 513//2461
f 281//2462 1362//2462 526//2462
f 513//2463 1362//2463 268//2463
f 526//2464 1362//2464 1361//2464
f 1361//2465 1362//2465 513//2465
f 281//2466 1363//2466 1362//2466
f 1362//2467 1363//2467 268//2467
f 1363//2468 1364//2468 268//2468
f 281//2469 1364//2469 1363//2469
f 1364//2470 1365//2470 268//2470
f 281//2471 1365//2471 1364//2471
f 1365//2472 1366//2472 268//2472
f 281//2473 1366//2473 1365//2473
f 1366//2474 1367//2474 268//2474
f 281//2475 1367//2475 1366//2475
f 268//2476 1368//2476 281//2476
f 1367//2477 1368//2477 268//2477
f 281//2478 1368//2478 1367//2478
f 513//2479 1369//2479 500//2479
f 513//2480 1370//2480 1369//2480
f 1369//2481 1370//2481 500//2481
f 513//2482 1371//2482 1370//2482
f 1370//2483 1371//2483 500//2483
f 268//2484 1372//2484 513//2484
f 500//2485 1372//2485 255//2485
f 513//2486 1372//2486 1371//2486
f 1371//2487 1372//2487 500//2487
f 1372//2488 1373//2488 255//2488
f 268//2489 1373//2489 1372//2489
f 1373//2490 1374//2490 255//2490
f 268//2491 1374//2491 1373//2491
f 1374//2492 1375//2492 255//2492
f 268//2493 1375//2493 1374//2493
f 1375//2494 1376//2494 255//2494
f 268//2495 1376//2495 1375//2495
f 1376//2496 1377//2496 255//2496
f 268//2497 1377//2497 1376//2497
f 268//2498 1378//2498 1377//2498
f 255//2499 1378//2499 268//2499
f 1377//2500 1378//2500 255//2500
f 500//2501 1379//2501 497//2501
f 500//2502 1380//2502 1379//2502
f 1379//2503 1380//2503 497//2503
f 1380//2504 1381//2504 497//2504
f 500//2505 1381//2505 1380//2505
f 1381//2506 1382//2506 497//2506
f 500//2507 1382//2507 1381//2507
f 1382//2508 1383//2508 497//2508
f 500//2509 1383//2509 1382//2509
f 1383//2510 1384//2510 497//2510
f 500//2511 1384//2511 1383//2511
f 1384//2512 1385//2512 497//2512
f 500//2513 1385//2513 1384//2513
f 255//2514 1385//2514 500//2514
f 497//2515 1385//2515 252//2515
f 1385//2516 1386//2516 252//2516
f 255//2517 1386//2517 1385//2517
f 1386//2518 1387//2518 252//2518
f 255//2519 1387//2519 1386//2519
f 1387//2520 1388//2520 252//2520
f 255//2521 1388//2521 1387//2521
f 1388//2522 1389//2522 252//2522
f 255//2523 1389//2523 1388//2523
f 1389//2524 1390//2524 252//2524
f 255//2525 1390//2525 1389//2525
f 252//2526 1391//2526 255//2526
f 1390//2527 1391//2527 252//2527
f 255//2528 1391//2528 1390//2528
f 497//2529 1392//2529 494//2529
f 497//2530 1393//2530 1392//2530
f 1392//2531 1393//2531 494//2531
f 252//2532 1393//2532 497//2532
f 494//2533 1393//2533 249//2533
f 252//2534 1394//2534 1393//2534
f 1393//2535 1394//2535 249//2535
f 1394//2536 1395//2536 249//2536
f 252//2537 1395//2537 1394//2537
f 1395//2538 1396//2538 249//2538
f 252//2539 1396//2539 1395//2539
f 1396//2540 1397//2540 249//2540
f 252//2541 1397//2541 1396//2541
f 1397//2542 1398//2542 249//2542
f 252//2543 1398//2543 1397//2543
f 249//2544 1399//2544 252//2544
f 1398//2545 1399//2545 249//2545
f 252//2546 1399//2546 1398//2546
f 240//2547 1400//2547 484//2547
f 484//2548 1400//2548 1401//2548
f 240//2549 1402//2549 1400//2549
f 240//2550 1403//2550 1402//2550
f 240//2551 1404//2551 1403//2551
f 240//2552 1405//2552 1404//2552
f 240//2553 1406//2553 1405//2553
f 240//2554 1407//2554 1406//2554
f 484//2555 1408//2555 485//2555
f 1401//2556 1408//2556 484//2556
f 1408//2557 1409//2557 485//2557
f 1401//2558 1409//2558 1408//2558
f 1401//2559 1410//2559 1409//2559
f 1409//2560 1410//2560 485//2560
f 1401//2561 1411//2561 1410//2561
f 1410//2562 1411//2562 485//2562
f 1401//2563 1412//2563 1411//2563
f 1411//2564 1412//2564 485//2564
f 1412//2565 1413//2565 485//2565
f 1401//2566 1413//2566 1412//2566
f 1413//2567 1414//2567 485//2567
f 1401//2568 1414//2568 1413//2568
f 1401//2569 1415//2569 1414//2569
f 1414//2570 1415//2570 485//2570
f 1400//2571 1415//2571 1401//2571
f 1415//2572 1416//2572 485//2572
f 485//2573 1416//2573 239//2573
f 1402//2574 1416//2574 1400//2574
f 1400//2575 1416//2575 1415//2575
f 1402//2576 1417//2576 1416//2576
f 1416//2577 1417//2577 239//2577
f 1417//2578 1418//2578 239//2578
f 1402//2579 1418//2579 1417//2579
f 1403//2580 1418//2580 1402//2580
f 1418//2581 1419//2581 239//2581
f 1404//2582 1419//2582 1403//2582
f 1405//2583 1419//2583 1404//2583
f 1403//2584 1419//2584 1418//2584
f 1419//2585 1420//2585 239//2585
f 1405//2586 1420//2586 1419//2586
f 1406//2587 1420//2587 1405//2587
f 1420//2588 1421//2588 239//2588
f 1406//2589 1421//2589 1420//2589
f 1421//2590 1422//2590 239//2590
f 1406//2591 1422//2591 1421//2591
f 1407//2592 1422//2592 1406//2592
f 239//2593 1423//2593 240//2593
f 1422//2594 1423//2594 239//2594
f 1407//2595 1423//2595 1422//2595
f 240//2596 1423//2596 1407//2596
f 320//2597 565//2597 564//2597
f 320//2598 319//2598 565//2598
f 321//2599 320//2599 564//2599
f 321//2600 564//2600 332//2600
f 183//2601 190//2601 428//2601
f 428//2602 190//2602 435//2602
f 435//2603 191//2603 436//2603
f 190//2604 191//2604 435//2604
f 436//2605 192//2605 437//2605
f 191//2606 192//2606 436//2606
f 437//2607 193//2607 438//2607
f 192//2608 193//2608 437//2608
f 438//2609 194//2609 439//2609
f 439//2610 194//2610 440//2610
f 193//2611 194//2611 438//2611
f 194//2612 195//2612 440//2612
f 440//2613 201//2613 446//2613
f 195//2614 201//2614 440//2614
f 446//2615 208//2615 453//2615
f 453//2616 208//2616 454//2616
f 201//2617 208//2617 446//2617
f 208//2618 209//2618 454//2618
f 454//2619 235//2619 480//2619
f 480//2620 235//2620 481//2620
f 209//2621 235//2621 454//2621
f 235//2622 236//2622 481//2622
f 481//2623 230//2623 476//2623
f 236//2624 230//2624 481//2624
f 476//2625 232//2625 477//2625
f 230//2626 232//2626 476//2626
f 477//2627 224//2627 470//2627
f 470//2628 224//2628 471//2628
f 232//2629 224//2629 477//2629
f 224//2630 226//2630 471//2630
f 226//2631 227//2631 471//2631
f 471//2632 227//2632 472//2632
f 227//2633 219//2633 472//2633
f 472//2634 219//2634 464//2634
f 219//2635 220//2635 464//2635
f 464//2636 220//2636 465//2636
f 175//2637 181//2637 420//2637
f 420//2638 181//2638 426//2638
f 426//2639 182//2639 427//2639
f 427//2640 182//2640 428//2640
f 181//2641 182//2641 426//2641
f 182//2642 183//2642 428//2642
f 148//2643 150//2643 393//2643
f 393//2644 150//2644 395//2644
f 395//2645 153//2645 397//2645
f 150//2646 153//2646 395//2646
f 397//2647 155//2647 400//2647
f 400//2648 155//2648 403//2648
f 153//2649 155//2649 397//2649
f 155//2650 158//2650 403//2650
f 403//2651 160//2651 405//2651
f 158//2652 160//2652 403//2652
f 405//2653 162//2653 407//2653
f 160//2654 162//2654 405//2654
f 407//2655 164//2655 409//2655
f 409//2656 164//2656 411//2656
f 162//2657 164//2657 407//2657
f 164//2658 166//2658 411//2658
f 411//2659 167//2659 412//2659
f 166//2660 167//2660 411//2660
f 412//2661 172//2661 417//2661
f 167//2662 172//2662 412//2662
f 417//2663 173//2663 418//2663
f 172//2664 173//2664 417//2664
f 418//2665 174//2665 419//2665
f 419//2666 174//2666 420//2666
f 173//2667 174//2667 418//2667
f 174//2668 175//2668 420//2668
f 142//2669 141//2669 386//2669
f 386//2670 141//2670 387//2670
f 387//2671 146//2671 391//2671
f 391//2672 146//2672 393//2672
f 141//2673 146//2673 387//2673
f 146//2674 148//2674 393//2674
f 432//2675 187//2675 433//2675
f 187//2676 188//2676 433//2676
f 433//2677 180//2677 425//2677
f 188//2678 180//2678 433//2678
f 425//2679 177//2679 422//2679
f 180//2680 177//2680 425//2680
f 422//2681 178//2681 423//2681
f 177//2682 178//2682 422//2682
f 423//2683 179//2683 424//2683
f 424//2684 179//2684 416//2684
f 178//2685 179//2685 423//2685
f 416//2686 171//2686 414//2686
f 179//2687 171//2687 416//2687
f 171//2688 169//2688 414//2688
f 414//2689 165//2689 410//2689
f 410//2690 165//2690 408//2690
f 169//2691 165//2691 414//2691
f 165//2692 163//2692 408//2692
f 408//2693 161//2693 406//2693
f 406//2694 161//2694 404//2694
f 163//2695 161//2695 408//2695
f 161//2696 159//2696 404//2696
f 404//2697 157//2697 402//2697
f 402//2698 157//2698 399//2698
f 159//2699 157//2699 404//2699
f 157//2700 154//2700 399//2700
f 399//2701 151//2701 396//2701
f 396//2702 151//2702 394//2702
f 154//2703 151//2703 399//2703
f 151//2704 149//2704 394//2704
f 149//2705 147//2705 394//2705
f 394//2706 147//2706 392//2706
f 147//2707 144//2707 392//2707
f 392//2708 144//2708 389//2708
f 389//2709 144//2709 386//2709
f 144//2710 142//2710 386//2710
f 445//2711 200//2711 430//2711
f 200//2712 184//2712 430//2712
f 430//2713 186//2713 431//2713
f 184//2714 186//2714 430//2714
f 431//2715 187//2715 432//2715
f 186//2716 187//2716 431//2716
f 461//2717 215//2717 462//2717
f 215//2718 217//2718 462//2718
f 462//2719 210//2719 456//2719
f 217//2720 210//2720 462//2720
f 456//2721 212//2721 457//2721
f 457//2722 212//2722 458//2722
f 210//2723 212//2723 456//2723
f 458//2724 213//2724 459//2724
f 212//2725 213//2725 458//2725
f 213//2726 214//2726 459//2726
f 459//2727 202//2727 448//2727
f 214//2728 202//2728 459//2728
f 448//2729 204//2729 449//2729
f 202//2730 204//2730 448//2730
f 449//2731 205//2731 450//2731
f 204//2732 205//2732 449//2732
f 450//2733 206//2733 451//2733
f 205//2734 206//2734 450//2734
f 451//2735 196//2735 442//2735
f 206//2736 196//2736 451//2736
f 442//2737 198//2737 443//2737
f 196//2738 198//2738 442//2738
f 443//2739 199//2739 444//2739
f 198//2740 199//2740 443//2740
f 444//2741 200//2741 445//2741
f 199//2742 200//2742 444//2742
f 465//2743 220//2743 466//2743
f 220//2744 221//2744 466//2744
f 466//2745 222//2745 467//2745
f 221//2746 222//2746 466//2746
f 467//2747 215//2747 461//2747
f 222//2748 215//2748 467//2748
f 310//2749 312//2749 556//2749
f 556//2750 312//2750 557//2750
f 312//2751 313//2751 557//2751
f 557//2752 313//2752 558//2752
f 313//2753 302//2753 558//2753
f 558//2754 302//2754 548//2754
f 302//2755 304//2755 548//2755
f 548//2756 304//2756 549//2756
f 549//2757 304//2757 550//2757
f 304//2758 305//2758 550//2758
f 305//2759 306//2759 550//2759
f 550//2760 306//2760 551//2760
f 551//2761 306//2761 552//2761
f 306//2762 307//2762 552//2762
f 307//2763 308//2763 552//2763
f 552//2764 308//2764 553//2764
f 308//2765 309//2765 553//2765
f 553//2766 309//2766 554//2766
f 309//2767 295//2767 554//2767
f 554//2768 295//2768 541//2768
f 295//2769 297//2769 541//2769
f 541//2770 297//2770 542//2770
f 297//2771 298//2771 542//2771
f 542//2772 298//2772 543//2772
f 543//2773 298//2773 544//2773
f 298//2774 299//2774 544//2774
f 299//2775 300//2775 544//2775
f 544//2776 300//2776 545//2776
f 545//2777 301//2777 546//2777
f 300//2778 301//2778 545//2778
f 546//2779 285//2779 531//2779
f 301//2780 285//2780 546//2780
f 531//2781 287//2781 532//2781
f 285//2782 287//2782 531//2782
f 532//2783 288//2783 533//2783
f 287//2784 288//2784 532//2784
f 533//2785 289//2785 534//2785
f 288//2786 289//2786 533//2786
f 534//2787 290//2787 535//2787
f 289//2788 290//2788 534//2788
f 535//2789 291//2789 536//2789
f 290//2790 291//2790 535//2790
f 536//2791 275//2791 521//2791
f 291//2792 275//2792 536//2792
f 521//2793 277//2793 522//2793
f 275//2794 277//2794 521//2794
f 277//2795 278//2795 522//2795
f 522//2796 278//2796 523//2796
f 278//2797 270//2797 523//2797
f 523//2798 270//2798 515//2798
f 270//2799 267//2799 515//2799
f 515//2800 267//2800 512//2800
f 267//2801 265//2801 512//2801
f 512//2802 265//2802 510//2802
f 265//2803 263//2803 510//2803
f 510//2804 263//2804 508//2804
f 263//2805 261//2805 508//2805
f 508//2806 261//2806 506//2806
f 261//2807 257//2807 506//2807
f 506//2808 257//2808 502//2808
f 257//2809 254//2809 502//2809
f 502//2810 254//2810 498//2810
f 254//2811 253//2811 498//2811
f 498//2812 253//2812 499//2812
f 253//2813 256//2813 499//2813
f 499//2814 256//2814 501//2814
f 256//2815 260//2815 501//2815
f 501//2816 260//2816 505//2816
f 260//2817 262//2817 505//2817
f 505//2818 262//2818 507//2818
f 262//2819 264//2819 507//2819
f 507//2820 264//2820 509//2820
f 264//2821 266//2821 509//2821
f 509//2822 266//2822 511//2822
f 266//2823 269//2823 511//2823
f 511//2824 269//2824 514//2824
f 269//2825 271//2825 514//2825
f 514//2826 271//2826 516//2826
f 271//2827 272//2827 516//2827
f 516//2828 272//2828 517//2828
f 272//2829 273//2829 517//2829
f 517//2830 273//2830 518//2830
f 273//2831 274//2831 518//2831
f 518//2832 274//2832 519//2832
f 274//2833 279//2833 519//2833
f 519//2834 279//2834 524//2834
f 279//2835 280//2835 524//2835
f 524//2836 280//2836 525//2836
f 280//2837 282//2837 525//2837
f 525//2838 282//2838 527//2838
f 282//2839 283//2839 527//2839
f 527//2840 283//2840 528//2840
f 283//2841 284//2841 528//2841
f 528//2842 284//2842 529//2842
f 529//2843 292//2843 537//2843
f 284//2844 292//2844 529//2844
f 537//2845 293//2845 538//2845
f 292//2846 293//2846 537//2846
f 538//2847 294//2847 539//2847
f 293//2848 294//2848 538//2848
f 539//2849 310//2849 556//2849
f 294//2850 310//2850 539//2850
g MeshExport001
g MeshExport002
g MeshExport003
g MeshExport004
g MeshExport005
g MeshExport006
g MeshExport007
g MeshExport008
f 1424//2851 1425//2851 1426//2851
f 1424//2852 1427//2852 1425//2852
f 1428//2853 1429//2853 1430//2853
f 1428//2854 1431//2854 1429//2854
f 1429//2855 1431//2855 1430//2855
f 1428//2856 1432//2856 1431//2856
f 1431//2857 1432//2857 1430//2857
f 1432//2858 1433//2858 1430//2858
f 1428//2859 1433//2859 1432//2859
f 1428//2860 1434//2860 1433//2860
f 1433//2861 1434//2861 1430//2861
f 1434//2862 1435//2862 1430//2862
f 1428//2863 1435//2863 1434//2863
f 1436//2864 1437//2864 1428//2864
f 1430//2865 1437//2865 1438//2865
f 1435//2866 1437//2866 1430//2866
f 1428//2867 1437//2867 1435//2867
f 1437//2868 1439//2868 1438//2868
f 1436//2869 1439//2869 1437//2869
f 1439//2870 1440//2870 1438//2870
f 1436//2871 1440//2871 1439//2871
f 1440//2872 1441//2872 1438//2872
f 1436//2873 1441//2873 1440//2873
f 1441//2874 1442//2874 1438//2874
f 1436//2875 1442//2875 1441//2875
f 1442//2876 1443//2876 1438//2876
f 1436//2877 1443//2877 1442//2877
f 1438//2878 1444//2878 1436//2878
f 1443//2879 1444//2879 1438//2879
f 1436//2880 1444//2880 1443//2880
f 1430//2881 1445//2881 1446//2881
f 1430//2882 1447//2882 1445//2882
f 1445//2883 1447//2883 1446//2883
f 1430//2884 1448//2884 1447//2884
f 1447//2885 1448//2885 1446//2885
f 1448//2886 1449//2886 1446//2886
f 1430//2887 1449//2887 1448//2887
f 1449//2888 1450//2888 1446//2888
f 1430//2889 1450//2889 1449//2889
f 1446//2890 1451//2890 1452//2890
f 1450//2891 1451//2891 1446//2891
f 1430//2892 1451//2892 1450//2892
f 1451//2893 1453//2893 1452//2893
f 1430//2894 1453//2894 1451//2894
f 1430//2895 1454//2895 1453//2895
f 1453//2896 1454//2896 1452//2896
f 1438//2897 1455//2897 1430//2897
f 1452//2898 1455//2898 1456//2898
f 1430//2899 1455//2899 1454//2899
f 1454//2900 1455//2900 1452//2900
f 1455//2901 1457//2901 1456//2901
f 1438//2902 1457//2902 1455//2902
f 1438//2903 1458//2903 1457//2903
f 1457//2904 1458//2904 1456//2904
f 1456//2905 1459//2905 1460//2905
f 1438//2906 1459//2906 1458//2906
f 1458//2907 1459//2907 1456//2907
f 1438//2908 1461//2908 1459//2908
f 1459//2909 1461//2909 1460//2909
f 1438//2910 1462//2910 1461//2910
f 1461//2911 1462//2911 1460//2911
f 1462//2912 1463//2912 1460//2912
f 1438//2913 1463//2913 1462//2913
f 1460//2914 1464//2914 1438//2914
f 1463//2915 1464//2915 1460//2915
f 1438//2916 1464//2916 1463//2916
f 1452//2917 1465//2917 1466//2917
f 1452//2918 1467//2918 1465//2918
f 1465//2919 1467//2919 1466//2919
f 1452//2920 1468//2920 1467//2920
f 1467//2921 1468//2921 1466//2921
f 1452//2922 1469//2922 1468//2922
f 1468//2923 1469//2923 1466//2923
f 1452//2924 1470//2924 1469//2924
f 1469//2925 1470//2925 1466//2925
f 1452//2926 1471//2926 1470//2926
f 1470//2927 1471//2927 1466//2927
f 1452//2928 1472//2928 1471//2928
f 1471//2929 1472//2929 1466//2929
f 1456//2930 1473//2930 1452//2930
f 1452//2931 1473//2931 1472//2931
f 1472//2932 1473//2932 1466//2932
f 1466//2933 1473//2933 1474//2933
f 1456//2934 1475//2934 1473//2934
f 1473//2935 1475//2935 1474//2935
f 1475//2936 1476//2936 1474//2936
f 1456//2937 1476//2937 1475//2937
f 1476//2938 1477//2938 1474//2938
f 1456//2939 1477//2939 1476//2939
f 1477//2940 1478//2940 1474//2940
f 1456//2941 1478//2941 1477//2941
f 1478//2942 1479//2942 1474//2942
f 1456//2943 1479//2943 1478//2943
f 1474//2944 1480//2944 1456//2944
f 1479//2945 1480//2945 1474//2945
f 1456//2946 1480//2946 1479//2946
f 1466//2947 1481//2947 1482//2947
f 1466//2948 1483//2948 1481//2948
f 1481//2949 1483//2949 1482//2949
f 1466//2950 1484//2950 1483//2950
f 1483//2951 1484//2951 1482//2951
f 1466//2952 1485//2952 1484//2952
f 1484//2953 1485//2953 1482//2953
f 1466//2954 1486//2954 1485//2954
f 1485//2955 1486//2955 1482//2955
f 1466//2956 1487//2956 1486//2956
f 1486//2957 1487//2957 1482//2957
f 1466//2958 1488//2958 1487//2958
f 1487//2959 1488//2959 1482//2959
f 1474//2960 1489//2960 1466//2960
f 1482//2961 1489//2961 1490//2961
f 1466//2962 1489//2962 1488//2962
f 1488//2963 1489//2963 1482//2963
f 1489//2964 1491//2964 1490//2964
f 1474//2965 1491//2965 1489//2965
f 1491//2966 1492//2966 1490//2966
f 1474//2967 1492//2967 1491//2967
f 1492//2968 1493//2968 1490//2968
f 1474//2969 1493//2969 1492//2969
f 1493//2970 1494//2970 1490//2970
f 1474//2971 1494//2971 1493//2971
f 1494//2972 1495//2972 1490//2972
f 1474//2973 1495//2973 1494//2973
f 1490//2974 1496//2974 1474//2974
f 1495//2975 1496//2975 1490//2975
f 1474//2976 1496//2976 1495//2976
f 1482//2977 1497//2977 1426//2977
f 1482//2978 1498//2978 1497//2978
f 1497//2979 1498//2979 1426//2979
f 1498//2980 1499//2980 1426//2980
f 1482//2981 1499//2981 1498//2981
f 1499//2982 1500//2982 1426//2982
f 1482//2983 1500//2983 1499//2983
f 1500//2984 1501//2984 1426//2984
f 1482//2985 1501//2985 1500//2985
f 1501//2986 1502//2986 1426//2986
f 1482//2987 1502//2987 1501//2987
f 1502//2988 1503//2988 1426//2988
f 1482//2989 1503//2989 1502//2989
f 1503//2990 1504//2990 1426//2990
f 1482//2991 1504//2991 1503//2991
f 1490//2992 1504//2992 1482//2992
f 1426//2993 1504//2993 1424//2993
f 1504//2994 1505//2994 1424//2994
f 1490//2995 1505//2995 1504//2995
f 1505//2996 1506//2996 1424//2996
f 1490//2997 1506//2997 1505//2997
f 1506//2998 1507//2998 1424//2998
f 1490//2999 1507//2999 1506//2999
f 1507//3000 1508//3000 1424//3000
f 1490//3001 1508//3001 1507//3001
f 1508//3002 1509//3002 1424//3002
f 1490//3003 1509//3003 1508//3003
f 1424//3004 1510//3004 1490//3004
f 1509//3005 1510//3005 1424//3005
f 1490//3006 1510//3006 1509//3006
f 1511//3007 1512//3007 1513//3007
f 1513//3008 1512//3008 1514//3008
f 1514//3009 1512//3009 1515//3009
f 1515//3010 1512//3010 1516//3010
f 1516//3011 1512//3011 1517//3011
f 1517//3012 1512//3012 1518//3012
f 1512//3013 1519//3013 1520//3013
f 1512//3014 1521//3014 1519//3014
f 1512//3015 1522//3015 1521//3015
f 1523//3016 1524//3016 1511//3016
f 1511//3017 1524//3017 1512//3017
f 1512//3018 1524//3018 1522//3018
f 1523//3019 1525//3019 1524//3019
f 1526//3020 1527//3020 1523//3020
f 1523//3021 1527//3021 1525//3021
f 1526//3022 1528//3022 1527//3022
f 1529//3023 1530//3023 1526//3023
f 1526//3024 1530//3024 1528//3024
f 1531//3025 1532//3025 1529//3025
f 1529//3026 1532//3026 1530//3026
f 1531//3027 1533//3027 1532//3027
f 1531//3028 1534//3028 1533//3028
f 1535//3029 1534//3029 1531//3029
f 1535//3030 1536//3030 1534//3030
f 1537//3031 1538//3031 1535//3031
f 1535//3032 1538//3032 1536//3032
f 1537//3033 1539//3033 1538//3033
f 1537//3034 1540//3034 1539//3034
f 1541//3035 1540//3035 1537//3035
f 1541//3036 1542//3036 1540//3036
f 1543//3037 1544//3037 1541//3037
f 1541//3038 1544//3038 1542//3038
f 1543//3039 1545//3039 1544//3039
f 1546//3040 1547//3040 1548//3040
f 1549//3041 1550//3041 1543//3041
f 1543//3042 1550//3042 1545//3042
f 1545//3043 1550//3043 1551//3043
f 1552//3044 1553//3044 1554//3044
f 1550//3045 1555//3045 1551//3045
f 1549//3046 1556//3046 1550//3046
f 1548//3047 1556//3047 1549//3047
f 1547//3048 1556//3048 1548//3048
f 1556//3049 1557//3049 1558//3049
f 1547//3050 1559//3050 1556//3050
f 1556//3051 1559//3051 1557//3051
f 1554//3052 1560//3052 1547//3052
f 1547//3053 1560//3053 1559//3053
f 1554//3054 1561//3054 1560//3054
f 1562//3055 1563//3055 1553//3055
f 1553//3056 1563//3056 1554//3056
f 1554//3057 1563//3057 1561//3057
f 1564//3058 1565//3058 1566//3058
f 1566//3059 1567//3059 1568//3059
f 1565//3060 1567//3060 1566//3060
f 1566//3061 1569//3061 1564//3061
f 1567//3062 1570//3062 1568//3062
f 1566//3063 1571//3063 1569//3063
f 1570//3064 1572//3064 1568//3064
f 1566//3065 1573//3065 1571//3065
f 1572//3066 1574//3066 1568//3066
f 1575//3067 1576//3067 1566//3067
f 1566//3068 1576//3068 1573//3068
f 1574//3069 1577//3069 1568//3069
f 1575//3070 1578//3070 1576//3070
f 1562//3071 1579//3071 1563//3071
f 1568//3072 1580//3072 1562//3072
f 1577//3073 1580//3073 1568//3073
f 1575//3074 1581//3074 1578//3074
f 1580//3075 1582//3075 1562//3075
f 1575//3076 1583//3076 1581//3076
f 1582//3077 1584//3077 1562//3077
f 1562//3078 1584//3078 1579//3078
f 1575//3079 1585//3079 1583//3079
f 1584//3080 1586//3080 1579//3080
f 1575//3081 1587//3081 1585//3081
f 1586//3082 1588//3082 1579//3082
f 1575//3083 1589//3083 1587//3083
f 1575//3084 1590//3084 1589//3084
f 1588//3085 1591//3085 1579//3085
f 1592//3086 1591//3086 1588//3086
f 1575//3087 1593//3087 1590//3087
f 1592//3088 1594//3088 1591//3088
f 1593//3089 1595//3089 1590//3089
f 1593//3090 1596//3090 1595//3090
f 1593//3091 1597//3091 1596//3091
f 1593//3092 1598//3092 1597//3092
f 1594//3093 1599//3093 1591//3093
f 1600//3094 1599//3094 1601//3094
f 1601//3095 1599//3095 1602//3095
f 1602//3096 1599//3096 1594//3096
f 1600//3097 1603//3097 1599//3097
f 1593//3098 1604//3098 1598//3098
f 1593//3099 1605//3099 1604//3099
f 1593//3100 1606//3100 1605//3100
f 1607//3101 1608//3101 1609//3101
f 1609//3102 1608//3102 1610//3102
f 1610//3103 1608//3103 1611//3103
f 1611//3104 1608//3104 1603//3104
f 1603//3105 1608//3105 1599//3105
f 1606//3106 1612//3106 1613//3106
f 1613//3107 1612//3107 1614//3107
f 1593//3108 1612//3108 1606//3108
f 1612//3109 1615//3109 1614//3109
f 1612//3110 1616//3110 1615//3110
f 1612//3111 1617//3111 1616//3111
f 1612//3112 1618//3112 1617//3112
f 1619//3113 1620//3113 1621//3113
f 1621//3114 1620//3114 1622//3114
f 1622//3115 1620//3115 1623//3115
f 1623//3116 1620//3116 1607//3116
f 1607//3117 1620//3117 1608//3117
f 1612//3118 1624//3118 1618//3118
f 1625//3119 1626//3119 1627//3119
f 1627//3120 1626//3120 1628//3120
f 1628//3121 1626//3121 1629//3121
f 1629//3122 1626//3122 1619//3122
f 1619//3123 1626//3123 1620//3123
f 1624//3124 1630//3124 1631//3124
f 1631//3125 1630//3125 1632//3125
f 1612//3126 1630//3126 1624//3126
f 1633//3127 1634//3127 1635//3127
f 1635//3128 1634//3128 1636//3128
f 1636//3129 1634//3129 1637//3129
f 1637//3130 1634//3130 1625//3130
f 1625//3131 1634//3131 1626//3131
f 1638//3132 1639//3132 1640//3132
f 1640//3133 1639//3133 1633//3133
f 1633//3134 1639//3134 1634//3134
f 1638//3135 1641//3135 1639//3135
f 1642//3136 1641//3136 1643//3136
f 1643//3137 1641//3137 1644//3137
f 1644//3138 1641//3138 1645//3138
f 1645//3139 1641//3139 1638//3139
f 1641//3140 1646//3140 1639//3140
f 1647//3141 1648//3141 1649//3141
f 1649//3142 1648//3142 1650//3142
f 1650//3143 1648//3143 1642//3143
f 1642//3144 1648//3144 1641//3144
f 1651//3145 1652//3145 1630//3145
f 1653//3146 1654//3146 1655//3146
f 1655//3147 1654//3147 1647//3147
f 1647//3148 1654//3148 1648//3148
f 1648//3149 1654//3149 1656//3149
f 1632//3150 1657//3150 1658//3150
f 1658//3151 1657//3151 1659//3151
f 1659//3152 1657//3152 1653//3152
f 1653//3153 1657//3153 1654//3153
f 1630//3154 1660//3154 1632//3154
f 1632//3155 1660//3155 1657//3155
f 1652//3156 1661//3156 1630//3156
f 1630//3157 1661//3157 1660//3157
f 1662//3158 1663//3158 1664//3158
f 1652//3159 1665//3159 1661//3159
f 1664//3160 1665//3160 1652//3160
f 1664//3161 1666//3161 1665//3161
f 1664//3162 1667//3162 1666//3162
f 1663//3163 1668//3163 1664//3163
f 1664//3164 1668//3164 1667//3164
f 1663//3165 1669//3165 1668//3165
f 1663//3166 1670//3166 1669//3166
f 1663//3167 1671//3167 1670//3167
f 1672//3168 1671//3168 1663//3168
f 1671//3169 1673//3169 1670//3169
f 1672//3170 1674//3170 1671//3170
f 1675//3171 1674//3171 1672//3171
f 1676//3172 1677//3172 1678//3172
f 1678//3173 1679//3173 1676//3173
f 1677//3174 1680//3174 1678//3174
f 1674//3175 1681//3175 1682//3175
f 1675//3176 1681//3176 1674//3176
f 1678//3177 1683//3177 1679//3177
f 1680//3178 1684//3178 1678//3178
f 1678//3179 1685//3179 1683//3179
f 1678//3180 1686//3180 1675//3180
f 1684//3181 1686//3181 1678//3181
f 1678//3182 1687//3182 1685//3182
f 1686//3183 1688//3183 1675//3183
f 1678//3184 1689//3184 1687//3184
f 1688//3185 1690//3185 1675//3185
f 1678//3186 1691//3186 1689//3186
f 1689//3187 1691//3187 1692//3187
f 1690//3188 1693//3188 1675//3188
f 1691//3189 1694//3189 1692//3189
f 1691//3190 1695//3190 1694//3190
f 1691//3191 1696//3191 1695//3191
f 1691//3192 1697//3192 1696//3192
f 1698//3193 1699//3193 1700//3193
f 1700//3194 1699//3194 1701//3194
f 1701//3195 1699//3195 1693//3195
f 1693//3196 1699//3196 1675//3196
f 1675//3197 1699//3197 1681//3197
f 1691//3198 1702//3198 1697//3198
f 1691//3199 1703//3199 1702//3199
f 1691//3200 1704//3200 1703//3200
f 1703//3201 1704//3201 1705//3201
f 1705//3202 1704//3202 1706//3202
f 1706//3203 1704//3203 1707//3203
f 1708//3204 1709//3204 1710//3204
f 1710//3205 1709//3205 1711//3205
f 1711//3206 1709//3206 1712//3206
f 1712//3207 1709//3207 1713//3207
f 1713//3208 1709//3208 1714//3208
f 1714//3209 1709//3209 1698//3209
f 1698//3210 1709//3210 1699//3210
f 1704//3211 1715//3211 1707//3211
f 1704//3212 1716//3212 1715//3212
f 1704//3213 1717//3213 1716//3213
f 1718//3214 1719//3214 1720//3214
f 1720//3215 1719//3215 1721//3215
f 1721//3216 1719//3216 1722//3216
f 1722//3217 1719//3217 1723//3217
f 1723//3218 1719//3218 1724//3218
f 1724//3219 1719//3219 1708//3219
f 1708//3220 1719//3220 1709//3220
f 1725//3221 1726//3221 1727//3221
f 1727//3222 1726//3222 1728//3222
f 1728//3223 1726//3223 1729//3223
f 1729//3224 1726//3224 1730//3224
f 1730//3225 1726//3225 1731//3225
f 1731//3226 1726//3226 1732//3226
f 1732//3227 1726//3227 1718//3227
f 1718//3228 1726//3228 1719//3228
f 1733//3229 1734//3229 1735//3229
f 1735//3230 1734//3230 1736//3230
f 1736//3231 1734//3231 1725//3231
f 1717//3232 1734//3232 1733//3232
f 1704//3233 1734//3233 1717//3233
f 1725//3234 1734//3234 1726//3234
f 1737//3235 1734//3235 1704//3235
f 1737//3236 1738//3236 1734//3236
f 1739//3237 1738//3237 1737//3237
f 1739//3238 1740//3238 1738//3238
f 1741//3239 1740//3239 1739//3239
f 1742//3240 1743//3240 1741//3240
f 1427//3241 1424//3241 1744//3241
f 1741//3242 1745//3242 1740//3242
f 1743//3243 1745//3243 1741//3243
f 1744//3244 1745//3244 1743//3244
f 1424//3245 1746//3245 1744//3245
f 1744//3246 1746//3246 1745//3246
f 1490//3247 1746//3247 1424//3247
f 1490//3248 1747//3248 1746//3248
f 1474//3249 1747//3249 1490//3249
f 1474//3250 1748//3250 1747//3250
f 1456//3251 1748//3251 1474//3251
f 1456//3252 1749//3252 1748//3252
f 1460//3253 1749//3253 1456//3253
f 1460//3254 1750//3254 1749//3254
f 1438//3255 1750//3255 1460//3255
f 1436//3256 1751//3256 1438//3256
f 1751//3257 1752//3257 1438//3257
f 1438//3258 1753//3258 1750//3258
f 1752//3259 1753//3259 1438//3259
f 1751//3260 1754//3260 1752//3260
f 1425//3261 1744//3261 1755//3261
f 1427//3262 1744//3262 1425//3262
f 1756//3263 1757//3263 1758//3263
f 1756//3264 1758//3264 1759//3264
f 1756//3265 1759//3265 1760//3265
f 1756//3266 1760//3266 1761//3266
f 1756//3267 1761//3267 1762//3267
f 1756//3268 1762//3268 1763//3268
f 1764//3269 1756//3269 1765//3269
f 1766//3270 1756//3270 1764//3270
f 1767//3271 1756//3271 1766//3271
f 1768//3272 1769//3272 1757//3272
f 1768//3273 1757//3273 1756//3273
f 1768//3274 1756//3274 1767//3274
f 1770//3275 1769//3275 1768//3275
f 1771//3276 1772//3276 1769//3276
f 1771//3277 1769//3277 1770//3277
f 1773//3278 1772//3278 1771//3278
f 1774//3279 1775//3279 1772//3279
f 1774//3280 1772//3280 1773//3280
f 1776//3281 1777//3281 1775//3281
f 1776//3282 1775//3282 1774//3282
f 1778//3283 1777//3283 1776//3283
f 1779//3284 1777//3284 1778//3284
f 1779//3285 1780//3285 1777//3285
f 1781//3286 1780//3286 1779//3286
f 1782//3287 1783//3287 1780//3287
f 1782//3288 1780//3288 1781//3288
f 1784//3289 1783//3289 1782//3289
f 1785//3290 1783//3290 1784//3290
f 1785//3291 1786//3291 1783//3291
f 1787//3292 1786//3292 1785//3292
f 1788//3293 1789//3293 1786//3293
f 1788//3294 1786//3294 1787//3294
f 1790//3295 1789//3295 1788//3295
f 1791//3296 1792//3296 1793//3296
f 1794//3297 1795//3297 1789//3297
f 1794//3298 1789//3298 1790//3298
f 1794//3299 1790//3299 1796//3299
f 1797//3300 1798//3300 1799//3300
f 1800//3301 1794//3301 1796//3301
f 1801//3302 1795//3302 1794//3302
f 1801//3303 1793//3303 1795//3303
f 1801//3304 1791//3304 1793//3304
f 1802//3305 1801//3305 1803//3305
f 1804//3306 1791//3306 1801//3306
f 1804//3307 1801//3307 1802//3307
f 1805//3308 1799//3308 1791//3308
f 1805//3309 1791//3309 1804//3309
f 1806//3310 1799//3310 1805//3310
f 1807//3311 1808//3311 1797//3311
f 1807//3312 1797//3312 1799//3312
f 1807//3313 1799//3313 1806//3313
f 1809//3314 1810//3314 1811//3314
f 1812//3315 1811//3315 1813//3315
f 1812//3316 1809//3316 1811//3316
f 1814//3317 1811//3317 1810//3317
f 1815//3318 1812//3318 1813//3318
f 1816//3319 1811//3319 1814//3319
f 1817//3320 1815//3320 1813//3320
f 1818//3321 1811//3321 1816//3321
f 1819//3322 1817//3322 1813//3322
f 1820//3323 1821//3323 1811//3323
f 1820//3324 1811//3324 1818//3324
f 1822//3325 1819//3325 1813//3325
f 1823//3326 1821//3326 1820//3326
f 1824//3327 1808//3327 1807//3327
f 1825//3328 1813//3328 1808//3328
f 1825//3329 1822//3329 1813//3329
f 1826//3330 1821//3330 1823//3330
f 1827//3331 1825//3331 1808//3331
f 1828//3332 1821//3332 1826//3332
f 1829//3333 1827//3333 1808//3333
f 1829//3334 1808//3334 1824//3334
f 1830//3335 1821//3335 1828//3335
f 1831//3336 1829//3336 1824//3336
f 1832//3337 1821//3337 1830//3337
f 1833//3338 1831//3338 1824//3338
f 1834//3339 1821//3339 1832//3339
f 1835//3340 1821//3340 1834//3340
f 1836//3341 1833//3341 1824//3341
f 1836//3342 1837//3342 1833//3342
f 1838//3343 1821//3343 1835//3343
f 1839//3344 1837//3344 1836//3344
f 1840//3345 1838//3345 1835//3345
f 1841//3346 1838//3346 1840//3346
f 1842//3347 1838//3347 1841//3347
f 1843//3348 1838//3348 1842//3348
f 1844//3349 1839//3349 1836//3349
f 1844//3350 1845//3350 1846//3350
f 1844//3351 1846//3351 1847//3351
f 1844//3352 1847//3352 1839//3352
f 1848//3353 1845//3353 1844//3353
f 1849//3354 1838//3354 1843//3354
f 1850//3355 1838//3355 1849//3355
f 1851//3356 1838//3356 1850//3356
f 1852//3357 1848//3357 1844//3357
f 1852//3358 1853//3358 1854//3358
f 1852//3359 1854//3359 1855//3359
f 1852//3360 1855//3360 1856//3360
f 1852//3361 1856//3361 1848//3361
f 1857//3362 1851//3362 1858//3362
f 1857//3363 1858//3363 1859//3363
f 1857//3364 1838//3364 1851//3364
f 1860//3365 1857//3365 1859//3365
f 1861//3366 1857//3366 1860//3366
f 1862//3367 1857//3367 1861//3367
f 1863//3368 1857//3368 1862//3368
f 1864//3369 1853//3369 1852//3369
f 1864//3370 1865//3370 1866//3370
f 1864//3371 1866//3371 1867//3371
f 1864//3372 1867//3372 1868//3372
f 1864//3373 1868//3373 1853//3373
f 1869//3374 1857//3374 1863//3374
f 1870//3375 1871//3375 1872//3375
f 1870//3376 1872//3376 1873//3376
f 1870//3377 1873//3377 1874//3377
f 1870//3378 1874//3378 1865//3378
f 1870//3379 1865//3379 1864//3379
f 1875//3380 1869//3380 1876//3380
f 1875//3381 1876//3381 1877//3381
f 1875//3382 1857//3382 1869//3382
f 1878//3383 1879//3383 1880//3383
f 1878//3384 1880//3384 1881//3384
f 1878//3385 1881//3385 1882//3385
f 1878//3386 1882//3386 1871//3386
f 1878//3387 1871//3387 1870//3387
f 1883//3388 1879//3388 1878//3388
f 1883//3389 1884//3389 1885//3389
f 1883//3390 1885//3390 1879//3390
f 1886//3391 1887//3391 1888//3391
f 1886//3392 1888//3392 1889//3392
f 1886//3393 1889//3393 1890//3393
f 1886//3394 1890//3394 1884//3394
f 1886//3395 1884//3395 1883//3395
f 1891//3396 1886//3396 1883//3396
f 1892//3397 1893//3397 1894//3397
f 1892//3398 1894//3398 1895//3398
f 1892//3399 1895//3399 1887//3399
f 1892//3400 1887//3400 1886//3400
f 1896//3401 1897//3401 1875//3401
f 1898//3402 1899//3402 1900//3402
f 1898//3403 1900//3403 1893//3403
f 1898//3404 1893//3404 1892//3404
f 1898//3405 1892//3405 1901//3405
f 1902//3406 1877//3406 1903//3406
f 1902//3407 1903//3407 1904//3407
f 1902//3408 1904//3408 1899//3408
f 1902//3409 1899//3409 1898//3409
f 1905//3410 1875//3410 1877//3410
f 1905//3411 1877//3411 1902//3411
f 1906//3412 1896//3412 1875//3412
f 1906//3413 1875//3413 1905//3413
f 1907//3414 1908//3414 1909//3414
f 1910//3415 1896//3415 1906//3415
f 1910//3416 1909//3416 1896//3416
f 1911//3417 1909//3417 1910//3417
f 1912//3418 1909//3418 1911//3418
f 1913//3419 1907//3419 1909//3419
f 1913//3420 1909//3420 1912//3420
f 1914//3421 1907//3421 1913//3421
f 1915//3422 1907//3422 1914//3422
f 1916//3423 1907//3423 1915//3423
f 1916//3424 1917//3424 1907//3424
f 1918//3425 1916//3425 1915//3425
f 1919//3426 1917//3426 1916//3426
f 1919//3427 1920//3427 1917//3427
f 1921//3428 1922//3428 1923//3428
f 1924//3429 1923//3429 1922//3429
f 1925//3430 1921//3430 1923//3430
f 1926//3431 1919//3431 1927//3431
f 1926//3432 1920//3432 1919//3432
f 1928//3433 1923//3433 1924//3433
f 1929//3434 1925//3434 1923//3434
f 1930//3435 1923//3435 1928//3435
f 1931//3436 1923//3436 1920//3436
f 1931//3437 1929//3437 1923//3437
f 1932//3438 1923//3438 1930//3438
f 1933//3439 1931//3439 1920//3439
f 1934//3440 1923//3440 1932//3440
f 1935//3441 1933//3441 1920//3441
f 1936//3442 1923//3442 1934//3442
f 1936//3443 1934//3443 1937//3443
f 1938//3444 1935//3444 1920//3444
f 1939//3445 1936//3445 1937//3445
f 1940//3446 1936//3446 1939//3446
f 1941//3447 1936//3447 1940//3447
f 1942//3448 1936//3448 1941//3448
f 1943//3449 1944//3449 1945//3449
f 1943//3450 1945//3450 1946//3450
f 1943//3451 1946//3451 1938//3451
f 1943//3452 1920//3452 1926//3452
f 1943//3453 1938//3453 1920//3453
f 1947//3454 1936//3454 1942//3454
f 1948//3455 1936//3455 1947//3455
f 1949//3456 1936//3456 1948//3456
f 1949//3457 1948//3457 1950//3457
f 1949//3458 1950//3458 1951//3458
f 1949//3459 1951//3459 1952//3459
f 1953//3460 1954//3460 1955//3460
f 1953//3461 1955//3461 1956//3461
f 1953//3462 1956//3462 1957//3462
f 1953//3463 1957//3463 1958//3463
f 1953//3464 1958//3464 1959//3464
f 1953//3465 1959//3465 1944//3465
f 1953//3466 1944//3466 1943//3466
f 1960//3467 1949//3467 1952//3467
f 1961//3468 1949//3468 1960//3468
f 1962//3469 1949//3469 1961//3469
f 1963//3470 1964//3470 1965//3470
f 1963//3471 1965//3471 1966//3471
f 1963//3472 1966//3472 1967//3472
f 1963//3473 1967//3473 1968//3473
f 1963//3474 1968//3474 1969//3474
f 1963//3475 1969//3475 1954//3475
f 1963//3476 1954//3476 1953//3476
f 1970//3477 1971//3477 1972//3477
f 1970//3478 1972//3478 1973//3478
f 1970//3479 1973//3479 1974//3479
f 1970//3480 1974//3480 1975//3480
f 1970//3481 1975//3481 1976//3481
f 1970//3482 1976//3482 1977//3482
f 1970//3483 1977//3483 1964//3483
f 1970//3484 1964//3484 1963//3484
f 1978//3485 1979//3485 1980//3485
f 1978//3486 1980//3486 1981//3486
f 1978//3487 1981//3487 1971//3487
f 1978//3488 1962//3488 1979//3488
f 1978//3489 1949//3489 1962//3489
f 1978//3490 1971//3490 1970//3490
f 1978//3491 1982//3491 1949//3491
f 1983//3492 1982//3492 1978//3492
f 1983//3493 1984//3493 1982//3493
f 1985//3494 1984//3494 1983//3494
f 1985//3495 1986//3495 1984//3495
f 1987//3496 1988//3496 1986//3496
f 1426//3497 1425//3497 1755//3497
f 1989//3498 1986//3498 1985//3498
f 1989//3499 1987//3499 1986//3499
f 1989//3500 1755//3500 1987//3500
f 1990//3501 1426//3501 1755//3501
f 1990//3502 1755//3502 1989//3502
f 1990//3503 1482//3503 1426//3503
f 1991//3504 1482//3504 1990//3504
f 1991//3505 1466//3505 1482//3505
f 1992//3506 1466//3506 1991//3506
f 1992//3507 1452//3507 1466//3507
f 1993//3508 1452//3508 1992//3508
f 1993//3509 1446//3509 1452//3509
f 1994//3510 1446//3510 1993//3510
f 1994//3511 1430//3511 1446//3511
f 1995//3512 1428//3512 1430//3512
f 1996//3513 1995//3513 1430//3513
f 1997//3514 1430//3514 1994//3514
f 1997//3515 1996//3515 1430//3515
f 1998//3516 1995//3516 1996//3516
f 1995//3517 1751//3517 1428//3517
f 1751//3518 1436//3518 1428//3518
f 1754//3519 1995//3519 1998//3519
f 1754//3520 1751//3520 1995//3520
f 1752//3521 1754//3521 1996//3521
f 1996//3522 1754//3522 1998//3522
f 1752//3523 1996//3523 1997//3523
f 1753//3524 1752//3524 1997//3524
f 1682//3525 1681//3525 1927//3525
f 1927//3526 1681//3526 1926//3526
f 1953//3527 1719//3527 1963//3527
f 1709//3528 1719//3528 1953//3528
f 1985//3529 1745//3529 1989//3529
f 1740//3530 1745//3530 1985//3530
f 1992//3531 1749//3531 1993//3531
f 1748//3532 1749//3532 1992//3532
f 1926//3533 1999//3533 1943//3533
f 1926//3534 2000//3534 1999//3534
f 1999//3535 2000//3535 1943//3535
f 1926//3536 2001//3536 2000//3536
f 2000//3537 2001//3537 1943//3537
f 1926//3538 2002//3538 2001//3538
f 2001//3539 2002//3539 1943//3539
f 1681//3540 2003//3540 1926//3540
f 1926//3541 2003//3541 2002//3541
f 1943//3542 2003//3542 1699//3542
f 2002//3543 2003//3543 1943//3543
f 2003//3544 2004//3544 1699//3544
f 1681//3545 2004//3545 2003//3545
f 2004//3546 2005//3546 1699//3546
f 1681//3547 2005//3547 2004//3547
f 2005//3548 2006//3548 1699//3548
f 1681//3549 2006//3549 2005//3549
f 2006//3550 2007//3550 1699//3550
f 1681//3551 2007//3551 2006//3551
f 2007//3552 2008//3552 1699//3552
f 1681//3553 2008//3553 2007//3553
f 1699//3554 2009//3554 1681//3554
f 2008//3555 2009//3555 1699//3555
f 1681//3556 2009//3556 2008//3556
f 1943//3557 2010//3557 1953//3557
f 2010//3558 2011//3558 1953//3558
f 1943//3559 2011//3559 2010//3559
f 1699//3560 2012//3560 1943//3560
f 1953//3561 2012//3561 1709//3561
f 2011//3562 2012//3562 1953//3562
f 1943//3563 2012//3563 2011//3563
f 2012//3564 2013//3564 1709//3564
f 1699//3565 2013//3565 2012//3565
f 2013//3566 2014//3566 1709//3566
f 1699//3567 2014//3567 2013//3567
f 2014//3568 2015//3568 1709//3568
f 1699//3569 2015//3569 2014//3569
f 2015//3570 2016//3570 1709//3570
f 1699//3571 2016//3571 2015//3571
f 2016//3572 2017//3572 1709//3572
f 1699//3573 2017//3573 2016//3573
f 1709//3574 2018//3574 1699//3574
f 2017//3575 2018//3575 1709//3575
f 1699//3576 2018//3576 2017//3576
f 1963//3577 2019//3577 1970//3577
f 1963//3578 2020//3578 2019//3578
f 2019//3579 2020//3579 1970//3579
f 1963//3580 2021//3580 2020//3580
f 2020//3581 2021//3581 1970//3581
f 1963//3582 2022//3582 2021//3582
f 2021//3583 2022//3583 1970//3583
f 1963//3584 2023//3584 2022//3584
f 2022//3585 2023//3585 1970//3585
f 1963//3586 2024//3586 2023//3586
f 2023//3587 2024//3587 1970//3587
f 1963//3588 2025//3588 2024//3588
f 2024//3589 2025//3589 1970//3589
f 1963//3590 2026//3590 2025//3590
f 2025//3591 2026//3591 1970//3591
f 1719//3592 2026//3592 1963//3592
f 1970//3593 2026//3593 1726//3593
f 1719//3594 2027//3594 2026//3594
f 2026//3595 2027//3595 1726//3595
f 2027//3596 2028//3596 1726//3596
f 1719//3597 2028//3597 2027//3597
f 2028//3598 2029//3598 1726//3598
f 1719//3599 2029//3599 2028//3599
f 2029//3600 2030//3600 1726//3600
f 1719//3601 2030//3601 2029//3601
f 2030//3602 2031//3602 1726//3602
f 1719//3603 2031//3603 2030//3603
f 1726//3604 2032//3604 1719//3604
f 2031//3605 2032//3605 1726//3605
f 1719//3606 2032//3606 2031//3606
f 1970//3607 2033//3607 1978//3607
f 1970//3608 2034//3608 2033//3608
f 2033//3609 2034//3609 1978//3609
f 1970//3610 2035//3610 2034//3610
f 2034//3611 2035//3611 1978//3611
f 1970//3612 2036//3612 2035//3612
f 2035//3613 2036//3613 1978//3613
f 1726//3614 2037//3614 1970//3614
f 1978//3615 2037//3615 1734//3615
f 1970//3616 2037//3616 2036//3616
f 2036//3617 2037//3617 1978//3617
f 2037//3618 2038//3618 1734//3618
f 1726//3619 2038//3619 2037//3619
f 2038//3620 2039//3620 1734//3620
f 1726//3621 2039//3621 2038//3621
f 2039//3622 2040//3622 1734//3622
f 1726//3623 2040//3623 2039//3623
f 2040//3624 2041//3624 1734//3624
f 1726//3625 2041//3625 2040//3625
f 2041//3626 2042//3626 1734//3626
f 1726//3627 2042//3627 2041//3627
f 1734//3628 2043//3628 1726//3628
f 2042//3629 2043//3629 1734//3629
f 1726//3630 2043//3630 2042//3630
f 1978//3631 2044//3631 1983//3631
f 1978//3632 2045//3632 2044//3632
f 2044//3633 2045//3633 1983//3633
f 1734//3634 2046//3634 1978//3634
f 1983//3635 2046//3635 1738//3635
f 1978//3636 2046//3636 2045//3636
f 2045//3637 2046//3637 1983//3637
f 2046//3638 2047//3638 1738//3638
f 1734//3639 2047//3639 2046//3639
f 2047//3640 2048//3640 1738//3640
f 1734//3641 2048//3641 2047//3641
f 2048//3642 2049//3642 1738//3642
f 1734//3643 2049//3643 2048//3643
f 2049//3644 2050//3644 1738//3644
f 1734//3645 2050//3645 2049//3645
f 2050//3646 2051//3646 1738//3646
f 1734//3647 2051//3647 2050//3647
f 1738//3648 2052//3648 1734//3648
f 2051//3649 2052//3649 1738//3649
f 1734//3650 2052//3650 2051//3650
f 1983//3651 2053//3651 1985//3651
f 1983//3652 2054//3652 2053//3652
f 2053//3653 2054//3653 1985//3653
f 1738//3654 2054//3654 1983//3654
f 1985//3655 2054//3655 1740//3655
f 1738//3656 2055//3656 2054//3656
f 2054//3657 2055//3657 1740//3657
f 2055//3658 2056//3658 1740//3658
f 1738//3659 2056//3659 2055//3659
f 2056//3660 2057//3660 1740//3660
f 1738//3661 2057//3661 2056//3661
f 2057//3662 2058//3662 1740//3662
f 1738//3663 2058//3663 2057//3663
f 2058//3664 2059//3664 1740//3664
f 1738//3665 2059//3665 2058//3665
f 1740//3666 2060//3666 1738//3666
f 2059//3667 2060//3667 1740//3667
f 1738//3668 2060//3668 2059//3668
f 1989//3669 2061//3669 1990//3669
f 1989//3670 2062//3670 2061//3670
f 2061//3671 2062//3671 1990//3671
f 1989//3672 2063//3672 2062//3672
f 2062//3673 2063//3673 1990//3673
f 1989//3674 2064//3674 2063//3674
f 2063//3675 2064//3675 1990//3675
f 1989//3676 2065//3676 2064//3676
f 2064//3677 2065//3677 1990//3677
f 1989//3678 2066//3678 2065//3678
f 2065//3679 2066//3679 1990//3679
f 1989//3680 2067//3680 2066//3680
f 2066//3681 2067//3681 1990//3681
f 1989//3682 2068//3682 2067//3682
f 2067//3683 2068//3683 1990//3683
f 1745//3684 2068//3684 1989//3684
f 1990//3685 2068//3685 1746//3685
f 1745//3686 2069//3686 2068//3686
f 2068//3687 2069//3687 1746//3687
f 2069//3688 2070//3688 1746//3688
f 1745//3689 2070//3689 2069//3689
f 2070//3690 2071//3690 1746//3690
f 1745//3691 2071//3691 2070//3691
f 2071//3692 2072//3692 1746//3692
f 1745//3693 2072//3693 2071//3693
f 2072//3694 2073//3694 1746//3694
f 1745//3695 2073//3695 2072//3695
f 1746//3696 2074//3696 1745//3696
f 2073//3697 2074//3697 1746//3697
f 1745//3698 2074//3698 2073//3698
f 1990//3699 2075//3699 2076//3699
f 1990//3700 2077//3700 2075//3700
f 1990//3701 2078//3701 2077//3701
f 1990//3702 2079//3702 2078//3702
f 1990//3703 2080//3703 2079//3703
f 1990//3704 2081//3704 2080//3704
f 1746//3705 2081//3705 1990//3705
f 1746//3706 2082//3706 2081//3706
f 1746//3707 2083//3707 2082//3707
f 1746//3708 2084//3708 2083//3708
f 1746//3709 2085//3709 2084//3709
f 1746//3710 2086//3710 2085//3710
f 1746//3711 2087//3711 2086//3711
f 1990//3712 2088//3712 1991//3712
f 2076//3713 2088//3713 1990//3713
f 2076//3714 2089//3714 2088//3714
f 2088//3715 2089//3715 1991//3715
f 2076//3716 2090//3716 2089//3716
f 2089//3717 2090//3717 1991//3717
f 2075//3718 2090//3718 2076//3718
f 2090//3719 2091//3719 1991//3719
f 2075//3720 2091//3720 2090//3720
f 2077//3721 2091//3721 2075//3721
f 2078//3722 2091//3722 2077//3722
f 2078//3723 2092//3723 2091//3723
f 2091//3724 2092//3724 1991//3724
f 2079//3725 2093//3725 2078//3725
f 2092//3726 2093//3726 1991//3726
f 2078//3727 2093//3727 2092//3727
f 2081//3728 2094//3728 2080//3728
f 2079//3729 2094//3729 2093//3729
f 2093//3730 2094//3730 1991//3730
f 2080//3731 2094//3731 2079//3731
f 2094//3732 2095//3732 1991//3732
f 1991//3733 2095//3733 1747//3733
f 2081//3734 2095//3734 2094//3734
f 2082//3735 2096//3735 2081//3735
f 2081//3736 2096//3736 2095//3736
f 2095//3737 2096//3737 1747//3737
f 2083//3738 2097//3738 2082//3738
f 2082//3739 2097//3739 2096//3739
f 2096//3740 2097//3740 1747//3740
f 2084//3741 2098//3741 2083//3741
f 2085//3742 2098//3742 2084//3742
f 2083//3743 2098//3743 2097//3743
f 2097//3744 2098//3744 1747//3744
f 2085//3745 2099//3745 2098//3745
f 2098//3746 2099//3746 1747//3746
f 2086//3747 2100//3747 2085//3747
f 2085//3748 2100//3748 2099//3748
f 2099//3749 2100//3749 1747//3749
f 2087//3750 2101//3750 2086//3750
f 2086//3751 2101//3751 2100//3751
f 2100//3752 2101//3752 1747//3752
f 1747//3753 2102//3753 1746//3753
f 1746//3754 2102//3754 2087//3754
f 2101//3755 2102//3755 1747//3755
f 2087//3756 2102//3756 2101//3756
f 1991//3757 2103//3757 1992//3757
f 1991//3758 2104//3758 2103//3758
f 2103//3759 2104//3759 1992//3759
f 1991//3760 2105//3760 2104//3760
f 2104//3761 2105//3761 1992//3761
f 1747//3762 2105//3762 1991//3762
f 1992//3763 2105//3763 1748//3763
f 1747//3764 2106//3764 2105//3764
f 2105//3765 2106//3765 1748//3765
f 2106//3766 2107//3766 1748//3766
f 1747//3767 2107//3767 2106//3767
f 2107//3768 2108//3768 1748//3768
f 1747//3769 2108//3769 2107//3769
f 2108//3770 2109//3770 1748//3770
f 1747//3771 2109//3771 2108//3771
f 2109//3772 2110//3772 1748//3772
f 1747//3773 2110//3773 2109//3773
f 1748//3774 2111//3774 1747//3774
f 2110//3775 2111//3775 1748//3775
f 1747//3776 2111//3776 2110//3776
f 1993//3777 2112//3777 1994//3777
f 1993//3778 2113//3778 2112//3778
f 2112//3779 2113//3779 1994//3779
f 1993//3780 2114//3780 2113//3780
f 2113//3781 2114//3781 1994//3781
f 2114//3782 2115//3782 1994//3782
f 1749//3783 2115//3783 1993//3783
f 1993//3784 2115//3784 2114//3784
f 1994//3785 2115//3785 1750//3785
f 2115//3786 2116//3786 1750//3786
f 1749//3787 2116//3787 2115//3787
f 2116//3788 2117//3788 1750//3788
f 1749//3789 2117//3789 2116//3789
f 2117//3790 2118//3790 1750//3790
f 1749//3791 2118//3791 2117//3791
f 2118//3792 2119//3792 1750//3792
f 1749//3793 2119//3793 2118//3793
f 2119//3794 2120//3794 1750//3794
f 1749//3795 2120//3795 2119//3795
f 1750//3796 2121//3796 1749//3796
f 2120//3797 2121//3797 1750//3797
f 1749//3798 2121//3798 2120//3798
f 1994//3799 2122//3799 1997//3799
f 1994//3800 2123//3800 2122//3800
f 2122//3801 2123//3801 1997//3801
f 1994//3802 2124//3802 2123//3802
f 2123//3803 2124//3803 1997//3803
f 1994//3804 2125//3804 2124//3804
f 2124//3805 2125//3805 1997//3805
f 1997//3806 2126//3806 1753//3806
f 2125//3807 2126//3807 1997//3807
f 1994//3808 2126//3808 2125//3808
f 1750//3809 2126//3809 1994//3809
f 1750//3810 2127//3810 2126//3810
f 2126//3811 2127//3811 1753//3811
f 2127//3812 2128//3812 1753//3812
f 1750//3813 2128//3813 2127//3813
f 2128//3814 2129//3814 1753//3814
f 1750//3815 2129//3815 2128//3815
f 2129//3816 2130//3816 1753//3816
f 1750//3817 2130//3817 2129//3817
f 2130//3818 2131//3818 1753//3818
f 1750//3819 2131//3819 2130//3819
f 1753//3820 2132//3820 1750//3820
f 2131//3821 2132//3821 1753//3821
f 1750//3822 2132//3822 2131//3822
f 1674//3823 1927//3823 1919//3823
f 1674//3824 1682//3824 1927//3824
f 1671//3825 1674//3825 1916//3825
f 1916//3826 1674//3826 1919//3826
f 1918//3827 1671//3827 1916//3827
f 1673//3828 1671//3828 1918//3828
f 1915//3829 1673//3829 1918//3829
f 1670//3830 1673//3830 1915//3830
f 1901//3831 2133//3831 1898//3831
f 1901//3832 2134//3832 2133//3832
f 2133//3833 2134//3833 1898//3833
f 1656//3834 2135//3834 1901//3834
f 1898//3835 2135//3835 1654//3835
f 1901//3836 2135//3836 2134//3836
f 2134//3837 2135//3837 1898//3837
f 1656//3838 2136//3838 2135//3838
f 2135//3839 2136//3839 1654//3839
f 2136//3840 2137//3840 1654//3840
f 1656//3841 2137//3841 2136//3841
f 2137//3842 2138//3842 1654//3842
f 1656//3843 2138//3843 2137//3843
f 1656//3844 2139//3844 2138//3844
f 2138//3845 2139//3845 1654//3845
f 2139//3846 2140//3846 1654//3846
f 1656//3847 2140//3847 2139//3847
f 1654//3848 2141//3848 1656//3848
f 2140//3849 2141//3849 1654//3849
f 1656//3850 2141//3850 2140//3850
f 1654//3851 2142//3851 1898//3851
f 1654//3852 2143//3852 2142//3852
f 1654//3853 2144//3853 2143//3853
f 1654//3854 2145//3854 2144//3854
f 1654//3855 2146//3855 2145//3855
f 1654//3856 2147//3856 2146//3856
f 1654//3857 2148//3857 2147//3857
f 1898//3858 2149//3858 1902//3858
f 2142//3859 2149//3859 1898//3859
f 2149//3860 2150//3860 1902//3860
f 2142//3861 2150//3861 2149//3861
f 2142//3862 2151//3862 2150//3862
f 2150//3863 2151//3863 1902//3863
f 2142//3864 2152//3864 2151//3864
f 2151//3865 2152//3865 1902//3865
f 2152//3866 2153//3866 1902//3866
f 2142//3867 2153//3867 2152//3867
f 2153//3868 2154//3868 1902//3868
f 2142//3869 2154//3869 2153//3869
f 2154//3870 2155//3870 1902//3870
f 2142//3871 2155//3871 2154//3871
f 2155//3872 2156//3872 1902//3872
f 1902//3873 2156//3873 1657//3873
f 2143//3874 2156//3874 2142//3874
f 2142//3875 2156//3875 2155//3875
f 2143//3876 2157//3876 2156//3876
f 2156//3877 2157//3877 1657//3877
f 2157//3878 2158//3878 1657//3878
f 2143//3879 2158//3879 2157//3879
f 2144//3880 2158//3880 2143//3880
f 2145//3881 2158//3881 2144//3881
f 2145//3882 2159//3882 2158//3882
f 2158//3883 2159//3883 1657//3883
f 2159//3884 2160//3884 1657//3884
f 2145//3885 2160//3885 2159//3885
f 2146//3886 2160//3886 2145//3886
f 2160//3887 2161//3887 1657//3887
f 2146//3888 2161//3888 2160//3888
f 2147//3889 2161//3889 2146//3889
f 2161//3890 2162//3890 1657//3890
f 2147//3891 2162//3891 2161//3891
f 2148//3892 2162//3892 2147//3892
f 1657//3893 2163//3893 1654//3893
f 2162//3894 2163//3894 1657//3894
f 2148//3895 2163//3895 2162//3895
f 1654//3896 2163//3896 2148//3896
f 1902//3897 2164//3897 1905//3897
f 1902//3898 2165//3898 2164//3898
f 2164//3899 2165//3899 1905//3899
f 1657//3900 2166//3900 1902//3900
f 1902//3901 2166//3901 2165//3901
f 1905//3902 2166//3902 1660//3902
f 2165//3903 2166//3903 1905//3903
f 1657//3904 2167//3904 2166//3904
f 2166//3905 2167//3905 1660//3905
f 2167//3906 2168//3906 1660//3906
f 1657//3907 2168//3907 2167//3907
f 2168//3908 2169//3908 1660//3908
f 1657//3909 2169//3909 2168//3909
f 2169//3910 2170//3910 1660//3910
f 1657//3911 2170//3911 2169//3911
f 2170//3912 2171//3912 1660//3912
f 1657//3913 2171//3913 2170//3913
f 1660//3914 2172//3914 1657//3914
f 2171//3915 2172//3915 1660//3915
f 1657//3916 2172//3916 2171//3916
f 1905//3917 2173//3917 1906//3917
f 1905//3918 2174//3918 2173//3918
f 2173//3919 2174//3919 1906//3919
f 1905//3920 2175//3920 2174//3920
f 2174//3921 2175//3921 1906//3921
f 1660//3922 2176//3922 1905//3922
f 1906//3923 2176//3923 1661//3923
f 1905//3924 2176//3924 2175//3924
f 2175//3925 2176//3925 1906//3925
f 2176//3926 2177//3926 1661//3926
f 1660//3927 2177//3927 2176//3927
f 2177//3928 2178//3928 1661//3928
f 1660//3929 2178//3929 2177//3929
f 2178//3930 2179//3930 1661//3930
f 1660//3931 2179//3931 2178//3931
f 2179//3932 2180//3932 1661//3932
f 1660//3933 2180//3933 2179//3933
f 2180//3934 2181//3934 1661//3934
f 1660//3935 2181//3935 2180//3935
f 1661//3936 2182//3936 1660//3936
f 2181//3937 2182//3937 1661//3937
f 1660//3938 2182//3938 2181//3938
f 1906//3939 2183//3939 1910//3939
f 1906//3940 2184//3940 2183//3940
f 2183//3941 2184//3941 1910//3941
f 1661//3942 2185//3942 1906//3942
f 1910//3943 2185//3943 1665//3943
f 1906//3944 2185//3944 2184//3944
f 2184//3945 2185//3945 1910//3945
f 2185//3946 2186//3946 1665//3946
f 1661//3947 2186//3947 2185//3947
f 2186//3948 2187//3948 1665//3948
f 1661//3949 2187//3949 2186//3949
f 2187//3950 2188//3950 1665//3950
f 1661//3951 2188//3951 2187//3951
f 2188//3952 2189//3952 1665//3952
f 1661//3953 2189//3953 2188//3953
f 2189//3954 2190//3954 1665//3954
f 1661//3955 2190//3955 2189//3955
f 1665//3956 2191//3956 1661//3956
f 2190//3957 2191//3957 1665//3957
f 1661//3958 2191//3958 2190//3958
f 1910//3959 2192//3959 2193//3959
f 1910//3960 2194//3960 2192//3960
f 1910//3961 2195//3961 2194//3961
f 1910//3962 2196//3962 2195//3962
f 1910//3963 2197//3963 2196//3963
f 1910//3964 2198//3964 2197//3964
f 1910//3965 2199//3965 2198//3965
f 1665//3966 2199//3966 1910//3966
f 1665//3967 2200//3967 2199//3967
f 1665//3968 2201//3968 2200//3968
f 1665//3969 2202//3969 2201//3969
f 1665//3970 2203//3970 2202//3970
f 1665//3971 2204//3971 2203//3971
f 1665//3972 2205//3972 2204//3972
f 1910//3973 2206//3973 1911//3973
f 2193//3974 2206//3974 1910//3974
f 2192//3975 2207//3975 2193//3975
f 2206//3976 2207//3976 1911//3976
f 2193//3977 2207//3977 2206//3977
f 2194//3978 2208//3978 2192//3978
f 2207//3979 2208//3979 1911//3979
f 2192//3980 2208//3980 2207//3980
f 2195//3981 2209//3981 2194//3981
f 2208//3982 2209//3982 1911//3982
f 2194//3983 2209//3983 2208//3983
f 2196//3984 2210//3984 2195//3984
f 2209//3985 2210//3985 1911//3985
f 2195//3986 2210//3986 2209//3986
f 2197//3987 2211//3987 2196//3987
f 2210//3988 2211//3988 1911//3988
f 2196//3989 2211//3989 2210//3989
f 2211//3990 2212//3990 1911//3990
f 2198//3991 2212//3991 2197//3991
f 2197//3992 2212//3992 2211//3992
f 2199//3993 2213//3993 2198//3993
f 1911//3994 2213//3994 1666//3994
f 2198//3995 2213//3995 2212//3995
f 2212//3996 2213//3996 1911//3996
f 2200//3997 2214//3997 2199//3997
f 2213//3998 2214//3998 1666//3998
f 2199//3999 2214//3999 2213//3999
f 2201//4000 2215//4000 2200//4000
f 2214//4001 2215//4001 1666//4001
f 2200//4002 2215//4002 2214//4002
f 2202//4003 2216//4003 2201//4003
f 2201//4004 2216//4004 2215//4004
f 2215//4005 2216//4005 1666//4005
f 2203//4006 2217//4006 2202//4006
f 2216//4007 2217//4007 1666//4007
f 2202//4008 2217//4008 2216//4008
f 2204//4009 2218//4009 2203//4009
f 2217//4010 2218//4010 1666//4010
f 2203//4011 2218//4011 2217//4011
f 1666//4012 2219//4012 1665//4012
f 1665//4013 2219//4013 2205//4013
f 2205//4014 2219//4014 2204//4014
f 2218//4015 2219//4015 1666//4015
f 2204//4016 2219//4016 2218//4016
f 1911//4017 2220//4017 1912//4017
f 1911//4018 2221//4018 2220//4018
f 2220//4019 2221//4019 1912//4019
f 2221//4020 2222//4020 1912//4020
f 1911//4021 2222//4021 2221//4021
f 2222//4022 2223//4022 1912//4022
f 1911//4023 2223//4023 2222//4023
f 2223//4024 2224//4024 1912//4024
f 1911//4025 2224//4025 2223//4025
f 1666//4026 2224//4026 1911//4026
f 1912//4027 2224//4027 1667//4027
f 2224//4028 2225//4028 1667//4028
f 1666//4029 2225//4029 2224//4029
f 2225//4030 2226//4030 1667//4030
f 1666//4031 2226//4031 2225//4031
f 2226//4032 2227//4032 1667//4032
f 1666//4033 2227//4033 2226//4033
f 2227//4034 2228//4034 1667//4034
f 1666//4035 2228//4035 2227//4035
f 2228//4036 2229//4036 1667//4036
f 1666//4037 2229//4037 2228//4037
f 1667//4038 2230//4038 1666//4038
f 2229//4039 2230//4039 1667//4039
f 1666//4040 2230//4040 2229//4040
f 1912//4041 2231//4041 1913//4041
f 1912//4042 2232//4042 2231//4042
f 2231//4043 2232//4043 1913//4043
f 1912//4044 2233//4044 2232//4044
f 2232//4045 2233//4045 1913//4045
f 1912//4046 2234//4046 2233//4046
f 2233//4047 2234//4047 1913//4047
f 1912//4048 2235//4048 2234//4048
f 2234//4049 2235//4049 1913//4049
f 1912//4050 2236//4050 2235//4050
f 2235//4051 2236//4051 1913//4051
f 1667//4052 2236//4052 1912//4052
f 1913//4053 2236//4053 1668//4053
f 1667//4054 2237//4054 2236//4054
f 2236//4055 2237//4055 1668//4055
f 2237//4056 2238//4056 1668//4056
f 1667//4057 2238//4057 2237//4057
f 2238//4058 2239//4058 1668//4058
f 1667//4059 2239//4059 2238//4059
f 2239//4060 2240//4060 1668//4060
f 1667//4061 2240//4061 2239//4061
f 2240//4062 2241//4062 1668//4062
f 1667//4063 2241//4063 2240//4063
f 1668//4064 2242//4064 1667//4064
f 2241//4065 2242//4065 1668//4065
f 1667//4066 2242//4066 2241//4066
f 1913//4067 2243//4067 2244//4067
f 1913//4068 2245//4068 2243//4068
f 1913//4069 2246//4069 2245//4069
f 1913//4070 2247//4070 2246//4070
f 1913//4071 2248//4071 2247//4071
f 1913//4072 2249//4072 2248//4072
f 1668//4073 2250//4073 1913//4073
f 1913//4074 2250//4074 2249//4074
f 1668//4075 2251//4075 2250//4075
f 1668//4076 2252//4076 2251//4076
f 1668//4077 2253//4077 2252//4077
f 1668//4078 2254//4078 2253//4078
f 1668//4079 2255//4079 2254//4079
f 1668//4080 2256//4080 2255//4080
f 1913//4081 2257//4081 1914//4081
f 2244//4082 2257//4082 1913//4082
f 2244//4083 2258//4083 2257//4083
f 2243//4084 2258//4084 2244//4084
f 2257//4085 2258//4085 1914//4085
f 2258//4086 2259//4086 1914//4086
f 2243//4087 2259//4087 2258//4087
f 2245//4088 2259//4088 2243//4088
f 2245//4089 2260//4089 2259//4089
f 2259//4090 2260//4090 1914//4090
f 2246//4091 2260//4091 2245//4091
f 2260//4092 2261//4092 1914//4092
f 2246//4093 2261//4093 2260//4093
f 2247//4094 2261//4094 2246//4094
f 2248//4095 2261//4095 2247//4095
f 2261//4096 2262//4096 1914//4096
f 2248//4097 2262//4097 2261//4097
f 2249//4098 2262//4098 2248//4098
f 2262//4099 2263//4099 1914//4099
f 2249//4100 2263//4100 2262//4100
f 2263//4101 2264//4101 1914//4101
f 2249//4102 2264//4102 2263//4102
f 1914//4103 2264//4103 1669//4103
f 2250//4104 2264//4104 2249//4104
f 2252//4105 2265//4105 2251//4105
f 2264//4106 2265//4106 1669//4106
f 2250//4107 2265//4107 2264//4107
f 2251//4108 2265//4108 2250//4108
f 2253//4109 2266//4109 2252//4109
f 2252//4110 2266//4110 2265//4110
f 2265//4111 2266//4111 1669//4111
f 2253//4112 2267//4112 2266//4112
f 2266//4113 2267//4113 1669//4113
f 2254//4114 2268//4114 2253//4114
f 2253//4115 2268//4115 2267//4115
f 2267//4116 2268//4116 1669//4116
f 2255//4117 2269//4117 2254//4117
f 2268//4118 2269//4118 1669//4118
f 2254//4119 2269//4119 2268//4119
f 1669//4120 2270//4120 1668//4120
f 1668//4121 2270//4121 2256//4121
f 2256//4122 2270//4122 2255//4122
f 2269//4123 2270//4123 1669//4123
f 2255//4124 2270//4124 2269//4124
f 1914//4125 2271//4125 1915//4125
f 1914//4126 2272//4126 2271//4126
f 2271//4127 2272//4127 1915//4127
f 1914//4128 2273//4128 2272//4128
f 2272//4129 2273//4129 1915//4129
f 1669//4130 2273//4130 1914//4130
f 1915//4131 2273//4131 1670//4131
f 1669//4132 2274//4132 2273//4132
f 2273//4133 2274//4133 1670//4133
f 2274//4134 2275//4134 1670//4134
f 1669//4135 2275//4135 2274//4135
f 2275//4136 2276//4136 1670//4136
f 1669//4137 2276//4137 2275//4137
f 2276//4138 2277//4138 1670//4138
f 1669//4139 2277//4139 2276//4139
f 2277//4140 2278//4140 1670//4140
f 1669//4141 2278//4141 2277//4141
f 1670//4142 2279//4142 1669//4142
f 2278//4143 2279//4143 1670//4143
f 1669//4144 2279//4144 2278//4144
f 1648//4145 1901//4145 1892//4145
f 1648//4146 1656//4146 1901//4146
f 1641//4147 1648//4147 1886//4147
f 1886//4148 1648//4148 1892//4148
f 1891//4149 1641//4149 1886//4149
f 1646//4150 1641//4150 1891//4150
f 1558//4151 1557//4151 1803//4151
f 1803//4152 1557//4152 1802//4152
f 1883//4153 1646//4153 1891//4153
f 1639//4154 1646//4154 1883//4154
f 1802//4155 2280//4155 1804//4155
f 1802//4156 2281//4156 2280//4156
f 2280//4157 2281//4157 1804//4157
f 1802//4158 2282//4158 2281//4158
f 2281//4159 2282//4159 1804//4159
f 1802//4160 2283//4160 2282//4160
f 2282//4161 2283//4161 1804//4161
f 1802//4162 2284//4162 2283//4162
f 2283//4163 2284//4163 1804//4163
f 1557//4164 2285//4164 1802//4164
f 1804//4165 2285//4165 1559//4165
f 1802//4166 2285//4166 2284//4166
f 2284//4167 2285//4167 1804//4167
f 2285//4168 2286//4168 1559//4168
f 1557//4169 2286//4169 2285//4169
f 2286//4170 2287//4170 1559//4170
f 1557//4171 2287//4171 2286//4171
f 2287//4172 2288//4172 1559//4172
f 1557//4173 2288//4173 2287//4173
f 1557//4174 2289//4174 2288//4174
f 2288//4175 2289//4175 1559//4175
f 2289//4176 2290//4176 1559//4176
f 1557//4177 2290//4177 2289//4177
f 1559//4178 2291//4178 1557//4178
f 2290//4179 2291//4179 1559//4179
f 1557//4180 2291//4180 2290//4180
f 1804//4181 2292//4181 1805//4181
f 1804//4182 2293//4182 2292//4182
f 2292//4183 2293//4183 1805//4183
f 1804//4184 2294//4184 2293//4184
f 2293//4185 2294//4185 1805//4185
f 2294//4186 2295//4186 1805//4186
f 1804//4187 2295//4187 2294//4187
f 1804//4188 2296//4188 2295//4188
f 1559//4189 2296//4189 1804//4189
f 1805//4190 2296//4190 1560//4190
f 2295//4191 2296//4191 1805//4191
f 2296//4192 2297//4192 1560//4192
f 1559//4193 2297//4193 2296//4193
f 2297//4194 2298//4194 1560//4194
f 1559//4195 2298//4195 2297//4195
f 2298//4196 2299//4196 1560//4196
f 1559//4197 2299//4197 2298//4197
f 2299//4198 2300//4198 1560//4198
f 1559//4199 2300//4199 2299//4199
f 2300//4200 2301//4200 1560//4200
f 1559//4201 2301//4201 2300//4201
f 1560//4202 2302//4202 1559//4202
f 2301//4203 2302//4203 1560//4203
f 1559//4204 2302//4204 2301//4204
f 1805//4205 2303//4205 1806//4205
f 1805//4206 2304//4206 2303//4206
f 2303//4207 2304//4207 1806//4207
f 1805//4208 2305//4208 2304//4208
f 2304//4209 2305//4209 1806//4209
f 1805//4210 2306//4210 2305//4210
f 2305//4211 2306//4211 1806//4211
f 1805//4212 2307//4212 2306//4212
f 2306//4213 2307//4213 1806//4213
f 1560//4214 2307//4214 1805//4214
f 1806//4215 2307//4215 1561//4215
f 1560//4216 2308//4216 2307//4216
f 2307//4217 2308//4217 1561//4217
f 2308//4218 2309//4218 1561//4218
f 1560//4219 2309//4219 2308//4219
f 2309//4220 2310//4220 1561//4220
f 1560//4221 2310//4221 2309//4221
f 2310//4222 2311//4222 1561//4222
f 1560//4223 2311//4223 2310//4223
f 2311//4224 2312//4224 1561//4224
f 1560//4225 2312//4225 2311//4225
f 1561//4226 2313//4226 1560//4226
f 2312//4227 2313//4227 1561//4227
f 1560//4228 2313//4228 2312//4228
f 1806//4229 2314//4229 1807//4229
f 1806//4230 2315//4230 2314//4230
f 2314//4231 2315//4231 1807//4231
f 1806//4232 2316//4232 2315//4232
f 2315//4233 2316//4233 1807//4233
f 1806//4234 2317//4234 2316//4234
f 2316//4235 2317//4235 1807//4235
f 1561//4236 2318//4236 1806//4236
f 1807//4237 2318//4237 1563//4237
f 1806//4238 2318//4238 2317//4238
f 2317//4239 2318//4239 1807//4239
f 2318//4240 2319//4240 1563//4240
f 1561//4241 2319//4241 2318//4241
f 2319//4242 2320//4242 1563//4242
f 1561//4243 2320//4243 2319//4243
f 2320//4244 2321//4244 1563//4244
f 1561//4245 2321//4245 2320//4245
f 2321//4246 2322//4246 1563//4246
f 1561//4247 2322//4247 2321//4247
f 2322//4248 2323//4248 1563//4248
f 1561//4249 2323//4249 2322//4249
f 1563//4250 2324//4250 1561//4250
f 2323//4251 2324//4251 1563//4251
f 1561//4252 2324//4252 2323//4252
f 1807//4253 2325//4253 1824//4253
f 1807//4254 2326//4254 2325//4254
f 2325//4255 2326//4255 1824//4255
f 1807//4256 2327//4256 2326//4256
f 2326//4257 2327//4257 1824//4257
f 1807//4258 2328//4258 2327//4258
f 2327//4259 2328//4259 1824//4259
f 1807//4260 2329//4260 2328//4260
f 2328//4261 2329//4261 1824//4261
f 1563//4262 2329//4262 1807//4262
f 1824//4263 2329//4263 1579//4263
f 2329//4264 2330//4264 1579//4264
f 1563//4265 2330//4265 2329//4265
f 2330//4266 2331//4266 1579//4266
f 1563//4267 2331//4267 2330//4267
f 2331//4268 2332//4268 1579//4268
f 1563//4269 2332//4269 2331//4269
f 2332//4270 2333//4270 1579//4270
f 1563//4271 2333//4271 2332//4271
f 2333//4272 2334//4272 1579//4272
f 1563//4273 2334//4273 2333//4273
f 1579//4274 2335//4274 1563//4274
f 2334//4275 2335//4275 1579//4275
f 1563//4276 2335//4276 2334//4276
f 1824//4277 2336//4277 1836//4277
f 1824//4278 2337//4278 2336//4278
f 2336//4279 2337//4279 1836//4279
f 1824//4280 2338//4280 2337//4280
f 2337//4281 2338//4281 1836//4281
f 1824//4282 2339//4282 2338//4282
f 2338//4283 2339//4283 1836//4283
f 1824//4284 2340//4284 2339//4284
f 2339//4285 2340//4285 1836//4285
f 1579//4286 2340//4286 1824//4286
f 1836//4287 2340//4287 1591//4287
f 1579//4288 2341//4288 2340//4288
f 2340//4289 2341//4289 1591//4289
f 2341//4290 2342//4290 1591//4290
f 1579//4291 2342//4291 2341//4291
f 2342//4292 2343//4292 1591//4292
f 1579//4293 2343//4293 2342//4293
f 2343//4294 2344//4294 1591//4294
f 1579//4295 2344//4295 2343//4295
f 2344//4296 2345//4296 1591//4296
f 1579//4297 2345//4297 2344//4297
f 1591//4298 2346//4298 1579//4298
f 2345//4299 2346//4299 1591//4299
f 1579//4300 2346//4300 2345//4300
f 1836//4301 2347//4301 1844//4301
f 1836//4302 2348//4302 2347//4302
f 2347//4303 2348//4303 1844//4303
f 1836//4304 2349//4304 2348//4304
f 2348//4305 2349//4305 1844//4305
f 1836//4306 2350//4306 2349//4306
f 2349//4307 2350//4307 1844//4307
f 1836//4308 2351//4308 2350//4308
f 2350//4309 2351//4309 1844//4309
f 1591//4310 2352//4310 1836//4310
f 1844//4311 2352//4311 1599//4311
f 1836//4312 2352//4312 2351//4312
f 2351//4313 2352//4313 1844//4313
f 1591//4314 2353//4314 2352//4314
f 2352//4315 2353//4315 1599//4315
f 2353//4316 2354//4316 1599//4316
f 1591//4317 2354//4317 2353//4317
f 2354//4318 2355//4318 1599//4318
f 1591//4319 2355//4319 2354//4319
f 2355//4320 2356//4320 1599//4320
f 1591//4321 2356//4321 2355//4321
f 2356//4322 2357//4322 1599//4322
f 1591//4323 2357//4323 2356//4323
f 1599//4324 2358//4324 1591//4324
f 2357//4325 2358//4325 1599//4325
f 1591//4326 2358//4326 2357//4326
f 1844//4327 2359//4327 1852//4327
f 1599//4328 2360//4328 1844//4328
f 1852//4329 2360//4329 1608//4329
f 1844//4330 2360//4330 2359//4330
f 2359//4331 2360//4331 1852//4331
f 2360//4332 2361//4332 1608//4332
f 1599//4333 2361//4333 2360//4333
f 2361//4334 2362//4334 1608//4334
f 1599//4335 2362//4335 2361//4335
f 2362//4336 2363//4336 1608//4336
f 1599//4337 2363//4337 2362//4337
f 2363//4338 2364//4338 1608//4338
f 1599//4339 2364//4339 2363//4339
f 2364//4340 2365//4340 1608//4340
f 1599//4341 2365//4341 2364//4341
f 1608//4342 2366//4342 1599//4342
f 2365//4343 2366//4343 1608//4343
f 1599//4344 2366//4344 2365//4344
f 1852//4345 2367//4345 2368//4345
f 1852//4346 2369//4346 2367//4346
f 1852//4347 2370//4347 2369//4347
f 1852//4348 2371//4348 2370//4348
f 1852//4349 2372//4349 2371//4349
f 1852//4350 2373//4350 2372//4350
f 1852//4351 2374//4351 2373//4351
f 1608//4352 2374//4352 1852//4352
f 1608//4353 2375//4353 2374//4353
f 1608//4354 2376//4354 2375//4354
f 1608//4355 2377//4355 2376//4355
f 1608//4356 2378//4356 2377//4356
f 1608//4357 2379//4357 2378//4357
f 1608//4358 2380//4358 2379//4358
f 2368//4359 2381//4359 1852//4359
f 1852//4360 2381//4360 1864//4360
f 2367//4361 2382//4361 2368//4361
f 2368//4362 2382//4362 2381//4362
f 2381//4363 2382//4363 1864//4363
f 2369//4364 2383//4364 2367//4364
f 2370//4365 2383//4365 2369//4365
f 2382//4366 2383//4366 1864//4366
f 2367//4367 2383//4367 2382//4367
f 2383//4368 2384//4368 1864//4368
f 2370//4369 2384//4369 2383//4369
f 2371//4370 2385//4370 2370//4370
f 2370//4371 2385//4371 2384//4371
f 2384//4372 2385//4372 1864//4372
f 2372//4373 2386//4373 2371//4373
f 2373//4374 2386//4374 2372//4374
f 2371//4375 2386//4375 2385//4375
f 2385//4376 2386//4376 1864//4376
f 2373//4377 2387//4377 2386//4377
f 2386//4378 2387//4378 1864//4378
f 2374//4379 2388//4379 2373//4379
f 2373//4380 2388//4380 2387//4380
f 1864//4381 2388//4381 1620//4381
f 2387//4382 2388//4382 1864//4382
f 2375//4383 2389//4383 2374//4383
f 2376//4384 2389//4384 2375//4384
f 2388//4385 2389//4385 1620//4385
f 2374//4386 2389//4386 2388//4386
f 2376//4387 2390//4387 2389//4387
f 2377//4388 2390//4388 2376//4388
f 2389//4389 2390//4389 1620//4389
f 2377//4390 2391//4390 2390//4390
f 2390//4391 2391//4391 1620//4391
f 2378//4392 2392//4392 2377//4392
f 2379//4393 2392//4393 2378//4393
f 2377//4394 2392//4394 2391//4394
f 2391//4395 2392//4395 1620//4395
f 2379//4396 2393//4396 2392//4396
f 2392//4397 2393//4397 1620//4397
f 1620//4398 2394//4398 1608//4398
f 1608//4399 2394//4399 2380//4399
f 2380//4400 2394//4400 2379//4400
f 2379//4401 2394//4401 2393//4401
f 2393//4402 2394//4402 1620//4402
f 1864//4403 2395//4403 1870//4403
f 1864//4404 2396//4404 2395//4404
f 2395//4405 2396//4405 1870//4405
f 1620//4406 2396//4406 1864//4406
f 1870//4407 2396//4407 1626//4407
f 2396//4408 2397//4408 1626//4408
f 1620//4409 2397//4409 2396//4409
f 2397//4410 2398//4410 1626//4410
f 1620//4411 2398//4411 2397//4411
f 2398//4412 2399//4412 1626//4412
f 1620//4413 2399//4413 2398//4413
f 2399//4414 2400//4414 1626//4414
f 1620//4415 2400//4415 2399//4415
f 2400//4416 2401//4416 1626//4416
f 1620//4417 2401//4417 2400//4417
f 1626//4418 2402//4418 1620//4418
f 2401//4419 2402//4419 1626//4419
f 1620//4420 2402//4420 2401//4420
f 1870//4421 2403//4421 1878//4421
f 1870//4422 2404//4422 2403//4422
f 2403//4423 2404//4423 1878//4423
f 1870//4424 2405//4424 2404//4424
f 2404//4425 2405//4425 1878//4425
f 1626//4426 2405//4426 1870//4426
f 1878//4427 2405//4427 1634//4427
f 1626//4428 2406//4428 2405//4428
f 2405//4429 2406//4429 1634//4429
f 2406//4430 2407//4430 1634//4430
f 1626//4431 2407//4431 2406//4431
f 2407//4432 2408//4432 1634//4432
f 1626//4433 2408//4433 2407//4433
f 2408//4434 2409//4434 1634//4434
f 1626//4435 2409//4435 2408//4435
f 2409//4436 2410//4436 1634//4436
f 1626//4437 2410//4437 2409//4437
f 1634//4438 2411//4438 1626//4438
f 2410//4439 2411//4439 1634//4439
f 1626//4440 2411//4440 2410//4440
f 1878//4441 2412//4441 1883//4441
f 1878//4442 2413//4442 2412//4442
f 2412//4443 2413//4443 1883//4443
f 1878//4444 2414//4444 2413//4444
f 2413//4445 2414//4445 1883//4445
f 1634//4446 2414//4446 1878//4446
f 1883//4447 2414//4447 1639//4447
f 1634//4448 2415//4448 2414//4448
f 2414//4449 2415//4449 1639//4449
f 2415//4450 2416//4450 1639//4450
f 1634//4451 2416//4451 2415//4451
f 2416//4452 2417//4452 1639//4452
f 1634//4453 2417//4453 2416//4453
f 2417//4454 2418//4454 1639//4454
f 1634//4455 2418//4455 2417//4455
f 2418//4456 2419//4456 1639//4456
f 1634//4457 2419//4457 2418//4457
f 1639//4458 2420//4458 1634//4458
f 2419//4459 2420//4459 1639//4459
f 1634//4460 2420//4460 2419//4460
f 1556//4461 1803//4461 1801//4461
f 1556//4462 1558//4462 1803//4462
f 1550//4463 1556//4463 1794//4463
f 1794//4464 1556//4464 1801//4464
f 1800//4465 1550//4465 1794//4465
f 1555//4466 1550//4466 1800//4466
f 1520//4467 1764//4467 1765//4467
f 1520//4468 1519//4468 1764//4468
f 1764//4469 1521//4469 1766//4469
f 1519//4470 1521//4470 1764//4470
f 1766//4471 1522//4471 1767//4471
f 1521//4472 1522//4472 1766//4472
f 1522//4473 1768//4473 1767//4473
f 1522//4474 1524//4474 1768//4474
f 1768//4475 1525//4475 1770//4475
f 1524//4476 1525//4476 1768//4476
f 1770//4477 1527//4477 1771//4477
f 1525//4478 1527//4478 1770//4478
f 1771//4479 1528//4479 1773//4479
f 1527//4480 1528//4480 1771//4480
f 1776//4481 1533//4481 1778//4481
f 1532//4482 1533//4482 1776//4482
f 1545//4483 1551//4483 1790//4483
f 1790//4484 1551//4484 1796//4484
f 1773//4485 2421//4485 1774//4485
f 1773//4486 2422//4486 2421//4486
f 2421//4487 2422//4487 1774//4487
f 1773//4488 2423//4488 2422//4488
f 2422//4489 2423//4489 1774//4489
f 2423//4490 2424//4490 1774//4490
f 1528//4491 2424//4491 1773//4491
f 1774//4492 2424//4492 1530//4492
f 1773//4493 2424//4493 2423//4493
f 2424//4494 2425//4494 1530//4494
f 1528//4495 2425//4495 2424//4495
f 2425//4496 2426//4496 1530//4496
f 1528//4497 2426//4497 2425//4497
f 2426//4498 2427//4498 1530//4498
f 1528//4499 2427//4499 2426//4499
f 2427//4500 2428//4500 1530//4500
f 1528//4501 2428//4501 2427//4501
f 2428//4502 2429//4502 1530//4502
f 1528//4503 2429//4503 2428//4503
f 1528//4504 2430//4504 2429//4504
f 1530//4505 2430//4505 1528//4505
f 2429//4506 2430//4506 1530//4506
f 1774//4507 2431//4507 1776//4507
f 1774//4508 2432//4508 2431//4508
f 2431//4509 2432//4509 1776//4509
f 1774//4510 2433//4510 2432//4510
f 2432//4511 2433//4511 1776//4511
f 2433//4512 2434//4512 1776//4512
f 1774//4513 2434//4513 2433//4513
f 1530//4514 2434//4514 1774//4514
f 1776//4515 2434//4515 1532//4515
f 2434//4516 2435//4516 1532//4516
f 1530//4517 2435//4517 2434//4517
f 2435//4518 2436//4518 1532//4518
f 1530//4519 2436//4519 2435//4519
f 2436//4520 2437//4520 1532//4520
f 1530//4521 2437//4521 2436//4521
f 2437//4522 2438//4522 1532//4522
f 1530//4523 2438//4523 2437//4523
f 2438//4524 2439//4524 1532//4524
f 1530//4525 2439//4525 2438//4525
f 1532//4526 2440//4526 1530//4526
f 2439//4527 2440//4527 1532//4527
f 1530//4528 2440//4528 2439//4528
f 1778//4529 2441//4529 1779//4529
f 1778//4530 2442//4530 2441//4530
f 2441//4531 2442//4531 1779//4531
f 1533//4532 2442//4532 1778//4532
f 1779//4533 2442//4533 1534//4533
f 1533//4534 2443//4534 2442//4534
f 2442//4535 2443//4535 1534//4535
f 2443//4536 2444//4536 1534//4536
f 1533//4537 2444//4537 2443//4537
f 2444//4538 2445//4538 1534//4538
f 1533//4539 2445//4539 2444//4539
f 2445//4540 2446//4540 1534//4540
f 1533//4541 2446//4541 2445//4541
f 2446//4542 2447//4542 1534//4542
f 1533//4543 2447//4543 2446//4543
f 1534//4544 2448//4544 1533//4544
f 2447//4545 2448//4545 1534//4545
f 1533//4546 2448//4546 2447//4546
f 1779//4547 2449//4547 1781//4547
f 1779//4548 2450//4548 2449//4548
f 2449//4549 2450//4549 1781//4549
f 1779//4550 2451//4550 2450//4550
f 2450//4551 2451//4551 1781//4551
f 1779//4552 2452//4552 2451//4552
f 2451//4553 2452//4553 1781//4553
f 1779//4554 2453//4554 2452//4554
f 2452//4555 2453//4555 1781//4555
f 1534//4556 2453//4556 1779//4556
f 1781//4557 2453//4557 1536//4557
f 1534//4558 2454//4558 2453//4558
f 2453//4559 2454//4559 1536//4559
f 2454//4560 2455//4560 1536//4560
f 1534//4561 2455//4561 2454//4561
f 2455//4562 2456//4562 1536//4562
f 1534//4563 2456//4563 2455//4563
f 2456//4564 2457//4564 1536//4564
f 1534//4565 2457//4565 2456//4565
f 2457//4566 2458//4566 1536//4566
f 1534//4567 2458//4567 2457//4567
f 1536//4568 2459//4568 1534//4568
f 2458//4569 2459//4569 1536//4569
f 1534//4570 2459//4570 2458//4570
f 1781//4571 2460//4571 1782//4571
f 1781//4572 2461//4572 2460//4572
f 2460//4573 2461//4573 1782//4573
f 1781//4574 2462//4574 2461//4574
f 2461//4575 2462//4575 1782//4575
f 2462//4576 2463//4576 1782//4576
f 1781//4577 2463//4577 2462//4577
f 2463//4578 2464//4578 1782//4578
f 1781//4579 2464//4579 2463//4579
f 1536//4580 2464//4580 1781//4580
f 1782//4581 2464//4581 1538//4581
f 2464//4582 2465//4582 1538//4582
f 1536//4583 2465//4583 2464//4583
f 2465//4584 2466//4584 1538//4584
f 1536//4585 2466//4585 2465//4585
f 2466//4586 2467//4586 1538//4586
f 1536//4587 2467//4587 2466//4587
f 2467//4588 2468//4588 1538//4588
f 1536//4589 2468//4589 2467//4589
f 2468//4590 2469//4590 1538//4590
f 1536//4591 2469//4591 2468//4591
f 1538//4592 2470//4592 1536//4592
f 2469//4593 2470//4593 1538//4593
f 1536//4594 2470//4594 2469//4594
f 1782//4595 2471//4595 1784//4595
f 2471//4596 2472//4596 1784//4596
f 1782//4597 2472//4597 2471//4597
f 2472//4598 2473//4598 1784//4598
f 1782//4599 2473//4599 2472//4599
f 1784//4600 2474//4600 1539//4600
f 2473//4601 2474//4601 1784//4601
f 1782//4602 2474//4602 2473//4602
f 1538//4603 2474//4603 1782//4603
f 2474//4604 2475//4604 1539//4604
f 1538//4605 2475//4605 2474//4605
f 2475//4606 2476//4606 1539//4606
f 1538//4607 2476//4607 2475//4607
f 2476//4608 2477//4608 1539//4608
f 1538//4609 2477//4609 2476//4609
f 2477//4610 2478//4610 1539//4610
f 1538//4611 2478//4611 2477//4611
f 2478//4612 2479//4612 1539//4612
f 1538//4613 2479//4613 2478//4613
f 1539//4614 2480//4614 1538//4614
f 2479//4615 2480//4615 1539//4615
f 1538//4616 2480//4616 2479//4616
f 1784//4617 2481//4617 1785//4617
f 1784//4618 2482//4618 2481//4618
f 2481//4619 2482//4619 1785//4619
f 1784//4620 2483//4620 2482//4620
f 2482//4621 2483//4621 1785//4621
f 1539//4622 2484//4622 1784//4622
f 1785//4623 2484//4623 1540//4623
f 1784//4624 2484//4624 2483//4624
f 2483//4625 2484//4625 1785//4625
f 1539//4626 2485//4626 2484//4626
f 2484//4627 2485//4627 1540//4627
f 2485//4628 2486//4628 1540//4628
f 1539//4629 2486//4629 2485//4629
f 2486//4630 2487//4630 1540//4630
f 1539//4631 2487//4631 2486//4631
f 2487//4632 2488//4632 1540//4632
f 1539//4633 2488//4633 2487//4633
f 2488//4634 2489//4634 1540//4634
f 1539//4635 2489//4635 2488//4635
f 1540//4636 2490//4636 1539//4636
f 2489//4637 2490//4637 1540//4637
f 1539//4638 2490//4638 2489//4638
f 1785//4639 2491//4639 1787//4639
f 1785//4640 2492//4640 2491//4640
f 2491//4641 2492//4641 1787//4641
f 1540//4642 2493//4642 1785//4642
f 1785//4643 2493//4643 2492//4643
f 1787//4644 2493//4644 1542//4644
f 2492//4645 2493//4645 1787//4645
f 1540//4646 2494//4646 2493//4646
f 2493//4647 2494//4647 1542//4647
f 2494//4648 2495//4648 1542//4648
f 1540//4649 2495//4649 2494//4649
f 2495//4650 2496//4650 1542//4650
f 1540//4651 2496//4651 2495//4651
f 2496//4652 2497//4652 1542//4652
f 1540//4653 2497//4653 2496//4653
f 2497//4654 2498//4654 1542//4654
f 1540//4655 2498//4655 2497//4655
f 2498//4656 2499//4656 1542//4656
f 1540//4657 2499//4657 2498//4657
f 1542//4658 2499//4658 1540//4658
f 1787//4659 2500//4659 1788//4659
f 1787//4660 2501//4660 2500//4660
f 2500//4661 2501//4661 1788//4661
f 1787//4662 2502//4662 2501//4662
f 2501//4663 2502//4663 1788//4663
f 1787//4664 2503//4664 2502//4664
f 2502//4665 2503//4665 1788//4665
f 1787//4666 2504//4666 2503//4666
f 2503//4667 2504//4667 1788//4667
f 1542//4668 2505//4668 1787//4668
f 1788//4669 2505//4669 1544//4669
f 1787//4670 2505//4670 2504//4670
f 2504//4671 2505//4671 1788//4671
f 1542//4672 2506//4672 2505//4672
f 2505//4673 2506//4673 1544//4673
f 2506//4674 2507//4674 1544//4674
f 1542//4675 2507//4675 2506//4675
f 2507//4676 2508//4676 1544//4676
f 1542//4677 2508//4677 2507//4677
f 2508//4678 2509//4678 1544//4678
f 1542//4679 2509//4679 2508//4679
f 2509//4680 2510//4680 1544//4680
f 1542//4681 2510//4681 2509//4681
f 1544//4682 2511//4682 1542//4682
f 2510//4683 2511//4683 1544//4683
f 1542//4684 2511//4684 2510//4684
f 1788//4685 2512//4685 2513//4685
f 1788//4686 2514//4686 2512//4686
f 1788//4687 2515//4687 2514//4687
f 1788//4688 2516//4688 2515//4688
f 1788//4689 2517//4689 2516//4689
f 1788//4690 2518//4690 2517//4690
f 1544//4691 2519//4691 1788//4691
f 1788//4692 2519//4692 2518//4692
f 1544//4693 2520//4693 2519//4693
f 1544//4694 2521//4694 2520//4694
f 1544//4695 2522//4695 2521//4695
f 1544//4696 2523//4696 2522//4696
f 1544//4697 2524//4697 2523//4697
f 1544//4698 2525//4698 2524//4698
f 1788//4699 2526//4699 1790//4699
f 2513//4700 2526//4700 1788//4700
f 2512//4701 2527//4701 2513//4701
f 2526//4702 2527//4702 1790//4702
f 2513//4703 2527//4703 2526//4703
f 2514//4704 2528//4704 2512//4704
f 2512//4705 2528//4705 2527//4705
f 2527//4706 2528//4706 1790//4706
f 2515//4707 2529//4707 2514//4707
f 2516//4708 2529//4708 2515//4708
f 2514//4709 2529//4709 2528//4709
f 2528//4710 2529//4710 1790//4710
f 2529//4711 2530//4711 1790//4711
f 2516//4712 2530//4712 2529//4712
f 2530//4713 2531//4713 1790//4713
f 2517//4714 2531//4714 2516//4714
f 2518//4715 2531//4715 2517//4715
f 2516//4716 2531//4716 2530//4716
f 2531//4717 2532//4717 1790//4717
f 2518//4718 2532//4718 2531//4718
f 2532//4719 2533//4719 1790//4719
f 1790//4720 2533//4720 1545//4720
f 2518//4721 2533//4721 2532//4721
f 2519//4722 2533//4722 2518//4722
f 2533//4723 2534//4723 1545//4723
f 2520//4724 2534//4724 2519//4724
f 2519//4725 2534//4725 2533//4725
f 2521//4726 2534//4726 2520//4726
f 2534//4727 2535//4727 1545//4727
f 2521//4728 2535//4728 2534//4728
f 2522//4729 2535//4729 2521//4729
f 2535//4730 2536//4730 1545//4730
f 2522//4731 2536//4731 2535//4731
f 2536//4732 2537//4732 1545//4732
f 2522//4733 2537//4733 2536//4733
f 2523//4734 2537//4734 2522//4734
f 2524//4735 2537//4735 2523//4735
f 2537//4736 2538//4736 1545//4736
f 2524//4737 2538//4737 2537//4737
f 2525//4738 2538//4738 2524//4738
f 1545//4739 2539//4739 1544//4739
f 2538//4740 2539//4740 1545//4740
f 2525//4741 2539//4741 2538//4741
f 1544//4742 2539//4742 2525//4742
f 1796//4743 2540//4743 1800//4743
f 1796//4744 2541//4744 2540//4744
f 2540//4745 2541//4745 1800//4745
f 1551//4746 2542//4746 1796//4746
f 1796//4747 2542//4747 2541//4747
f 2541//4748 2542//4748 1800//4748
f 1800//4749 2542//4749 1555//4749
f 2542//4750 2543//4750 1555//4750
f 1551//4751 2543//4751 2542//4751
f 2543//4752 2544//4752 1555//4752
f 1551//4753 2544//4753 2543//4753
f 2544//4754 2545//4754 1555//4754
f 1551//4755 2545//4755 2544//4755
f 2545//4756 2546//4756 1555//4756
f 1551//4757 2546//4757 2545//4757
f 2546//4758 2547//4758 1555//4758
f 1551//4759 2547//4759 2546//4759
f 1555//4760 2548//4760 1551//4760
f 2547//4761 2548//4761 1555//4761
f 1551//4762 2548//4762 2547//4762
f 1512//4763 1765//4763 1756//4763
f 1512//4764 1520//4764 1765//4764
f 1763//4765 1512//4765 1756//4765
f 1518//4766 1512//4766 1763//4766
f 1523//4767 1757//4767 1769//4767
f 1523//4768 1511//4768 1757//4768
f 1757//4769 1513//4769 1758//4769
f 1511//4770 1513//4770 1757//4770
f 1758//4771 1514//4771 1759//4771
f 1513//4772 1514//4772 1758//4772
f 1759//4773 1515//4773 1760//4773
f 1514//4774 1515//4774 1759//4774
f 1760//4775 1516//4775 1761//4775
f 1761//4776 1516//4776 1762//4776
f 1515//4777 1516//4777 1760//4777
f 1516//4778 1517//4778 1762//4778
f 1517//4779 1518//4779 1762//4779
f 1762//4780 1518//4780 1763//4780
f 1792//4781 2549//4781 1793//4781
f 1792//4782 2550//4782 2549//4782
f 2549//4783 2550//4783 1793//4783
f 1792//4784 2551//4784 2550//4784
f 2550//4785 2551//4785 1793//4785
f 1792//4786 2552//4786 2551//4786
f 2551//4787 2552//4787 1793//4787
f 1792//4788 2553//4788 2552//4788
f 2552//4789 2553//4789 1793//4789
f 1792//4790 2554//4790 2553//4790
f 2553//4791 2554//4791 1793//4791
f 1792//4792 2555//4792 2554//4792
f 2554//4793 2555//4793 1793//4793
f 1792//4794 2556//4794 2555//4794
f 2555//4795 2556//4795 1793//4795
f 1546//4796 2556//4796 1792//4796
f 1793//4797 2556//4797 1548//4797
f 2556//4798 2557//4798 1548//4798
f 1546//4799 2557//4799 2556//4799
f 2557//4800 2558//4800 1548//4800
f 1546//4801 2558//4801 2557//4801
f 2558//4802 2559//4802 1548//4802
f 1546//4803 2559//4803 2558//4803
f 2559//4804 2560//4804 1548//4804
f 1546//4805 2560//4805 2559//4805
f 1546//4806 2561//4806 2560//4806
f 2560//4807 2561//4807 1548//4807
f 1548//4808 2562//4808 1546//4808
f 1546//4809 2562//4809 2561//4809
f 2561//4810 2562//4810 1548//4810
f 1793//4811 2563//4811 1795//4811
f 1793//4812 2564//4812 2563//4812
f 2563//4813 2564//4813 1795//4813
f 1793//4814 2565//4814 2564//4814
f 2564//4815 2565//4815 1795//4815
f 1793//4816 2566//4816 2565//4816
f 2565//4817 2566//4817 1795//4817
f 1793//4818 2567//4818 2566//4818
f 2566//4819 2567//4819 1795//4819
f 1548//4820 2567//4820 1793//4820
f 1795//4821 2567//4821 1549//4821
f 1548//4822 2568//4822 2567//4822
f 2567//4823 2568//4823 1549//4823
f 2568//4824 2569//4824 1549//4824
f 1548//4825 2569//4825 2568//4825
f 2569//4826 2570//4826 1549//4826
f 1548//4827 2570//4827 2569//4827
f 2570//4828 2571//4828 1549//4828
f 1548//4829 2571//4829 2570//4829
f 2571//4830 2572//4830 1549//4830
f 1548//4831 2572//4831 2571//4831
f 1549//4832 2573//4832 1548//4832
f 2572//4833 2573//4833 1549//4833
f 1548//4834 2573//4834 2572//4834
f 1795//4835 2574//4835 1789//4835
f 1795//4836 2575//4836 2574//4836
f 2574//4837 2575//4837 1789//4837
f 1549//4838 2575//4838 1795//4838
f 1789//4839 2575//4839 1543//4839
f 1549//4840 2576//4840 2575//4840
f 2575//4841 2576//4841 1543//4841
f 2576//4842 2577//4842 1543//4842
f 1549//4843 2577//4843 2576//4843
f 2577//4844 2578//4844 1543//4844
f 1549//4845 2578//4845 2577//4845
f 2578//4846 2579//4846 1543//4846
f 1549//4847 2579//4847 2578//4847
f 2579//4848 2580//4848 1543//4848
f 1549//4849 2580//4849 2579//4849
f 1543//4850 2581//4850 1549//4850
f 2580//4851 2581//4851 1543//4851
f 1549//4852 2581//4852 2580//4852
f 1789//4853 2582//4853 1786//4853
f 1789//4854 2583//4854 2582//4854
f 2582//4855 2583//4855 1786//4855
f 1789//4856 2584//4856 2583//4856
f 2583//4857 2584//4857 1786//4857
f 1543//4858 2585//4858 1789//4858
f 1786//4859 2585//4859 1541//4859
f 1789//4860 2585//4860 2584//4860
f 2584//4861 2585//4861 1786//4861
f 2585//4862 2586//4862 1541//4862
f 1543//4863 2586//4863 2585//4863
f 2586//4864 2587//4864 1541//4864
f 1543//4865 2587//4865 2586//4865
f 2587//4866 2588//4866 1541//4866
f 1543//4867 2588//4867 2587//4867
f 2588//4868 2589//4868 1541//4868
f 1543//4869 2589//4869 2588//4869
f 2589//4870 2590//4870 1541//4870
f 1543//4871 2590//4871 2589//4871
f 1541//4872 2591//4872 1543//4872
f 2590//4873 2591//4873 1541//4873
f 1543//4874 2591//4874 2590//4874
f 1786//4875 2592//4875 1783//4875
f 1786//4876 2593//4876 2592//4876
f 2592//4877 2593//4877 1783//4877
f 1786//4878 2594//4878 2593//4878
f 2593//4879 2594//4879 1783//4879
f 2594//4880 2595//4880 1783//4880
f 1786//4881 2595//4881 2594//4881
f 2595//4882 2596//4882 1783//4882
f 1786//4883 2596//4883 2595//4883
f 2596//4884 2597//4884 1783//4884
f 1786//4885 2597//4885 2596//4885
f 1541//4886 2597//4886 1786//4886
f 1783//4887 2597//4887 1537//4887
f 2597//4888 2598//4888 1537//4888
f 1541//4889 2598//4889 2597//4889
f 2598//4890 2599//4890 1537//4890
f 1541//4891 2599//4891 2598//4891
f 2599//4892 2600//4892 1537//4892
f 1541//4893 2600//4893 2599//4893
f 2600//4894 2601//4894 1537//4894
f 1541//4895 2601//4895 2600//4895
f 2601//4896 2602//4896 1537//4896
f 1541//4897 2602//4897 2601//4897
f 1537//4898 2603//4898 1541//4898
f 2602//4899 2603//4899 1537//4899
f 1541//4900 2603//4900 2602//4900
f 1783//4901 2604//4901 1780//4901
f 1783//4902 2605//4902 2604//4902
f 2604//4903 2605//4903 1780//4903
f 1783//4904 2606//4904 2605//4904
f 2605//4905 2606//4905 1780//4905
f 1783//4906 2607//4906 2606//4906
f 2606//4907 2607//4907 1780//4907
f 1783//4908 2608//4908 2607//4908
f 2607//4909 2608//4909 1780//4909
f 1783//4910 2609//4910 2608//4910
f 2608//4911 2609//4911 1780//4911
f 1783//4912 2610//4912 2609//4912
f 2609//4913 2610//4913 1780//4913
f 1537//4914 2610//4914 1783//4914
f 1780//4915 2610//4915 1535//4915
f 1537//4916 2611//4916 2610//4916
f 2610//4917 2611//4917 1535//4917
f 2611//4918 2612//4918 1535//4918
f 1537//4919 2612//4919 2611//4919
f 2612//4920 2613//4920 1535//4920
f 1537//4921 2613//4921 2612//4921
f 2613//4922 2614//4922 1535//4922
f 1537//4923 2614//4923 2613//4923
f 2614//4924 2615//4924 1535//4924
f 1537//4925 2615//4925 2614//4925
f 1535//4926 2616//4926 1537//4926
f 2615//4927 2616//4927 1535//4927
f 1537//4928 2616//4928 2615//4928
f 1780//4929 2617//4929 1777//4929
f 1780//4930 2618//4930 2617//4930
f 2617//4931 2618//4931 1777//4931
f 1780//4932 2619//4932 2618//4932
f 2618//4933 2619//4933 1777//4933
f 1780//4934 2620//4934 2619//4934
f 2619//4935 2620//4935 1777//4935
f 1780//4936 2621//4936 2620//4936
f 2620//4937 2621//4937 1777//4937
f 1780//4938 2622//4938 2621//4938
f 2621//4939 2622//4939 1777//4939
f 1535//4940 2623//4940 1780//4940
f 1777//4941 2623//4941 1531//4941
f 1780//4942 2623//4942 2622//4942
f 2622//4943 2623//4943 1777//4943
f 2623//4944 2624//4944 1531//4944
f 1535//4945 2624//4945 2623//4945
f 2624//4946 2625//4946 1531//4946
f 1535//4947 2625//4947 2624//4947
f 2625//4948 2626//4948 1531//4948
f 1535//4949 2626//4949 2625//4949
f 2626//4950 2627//4950 1531//4950
f 1535//4951 2627//4951 2626//4951
f 2627//4952 2628//4952 1531//4952
f 1535//4953 2628//4953 2627//4953
f 2628//4954 2629//4954 1531//4954
f 1535//4955 2629//4955 2628//4955
f 1531//4956 2629//4956 1535//4956
f 1777//4957 2630//4957 1775//4957
f 1777//4958 2631//4958 2630//4958
f 2630//4959 2631//4959 1775//4959
f 1777//4960 2632//4960 2631//4960
f 2631//4961 2632//4961 1775//4961
f 1777//4962 2633//4962 2632//4962
f 2632//4963 2633//4963 1775//4963
f 1777//4964 2634//4964 2633//4964
f 2633//4965 2634//4965 1775//4965
f 1531//4966 2634//4966 1777//4966
f 1775//4967 2634//4967 1529//4967
f 1531//4968 2635//4968 2634//4968
f 2634//4969 2635//4969 1529//4969
f 2635//4970 2636//4970 1529//4970
f 1531//4971 2636//4971 2635//4971
f 2636//4972 2637//4972 1529//4972
f 1531//4973 2637//4973 2636//4973
f 2637//4974 2638//4974 1529//4974
f 1531//4975 2638//4975 2637//4975
f 2638//4976 2639//4976 1529//4976
f 1531//4977 2639//4977 2638//4977
f 1529//4978 2640//4978 1531//4978
f 2639//4979 2640//4979 1529//4979
f 1531//4980 2640//4980 2639//4980
f 1775//4981 2641//4981 1772//4981
f 1775//4982 2642//4982 2641//4982
f 2641//4983 2642//4983 1772//4983
f 1775//4984 2643//4984 2642//4984
f 2642//4985 2643//4985 1772//4985
f 1775//4986 2644//4986 2643//4986
f 2643//4987 2644//4987 1772//4987
f 1775//4988 2645//4988 2644//4988
f 2644//4989 2645//4989 1772//4989
f 1775//4990 2646//4990 2645//4990
f 2645//4991 2646//4991 1772//4991
f 1775//4992 2647//4992 2646//4992
f 2646//4993 2647//4993 1772//4993
f 1529//4994 2647//4994 1775//4994
f 1772//4995 2647//4995 1526//4995
f 1529//4996 2648//4996 2647//4996
f 2647//4997 2648//4997 1526//4997
f 2648//4998 2649//4998 1526//4998
f 1529//4999 2649//4999 2648//4999
f 2649//5000 2650//5000 1526//5000
f 1529//5001 2650//5001 2649//5001
f 2650//5002 2651//5002 1526//5002
f 1529//5003 2651//5003 2650//5003
f 2651//5004 2652//5004 1526//5004
f 1529//5005 2652//5005 2651//5005
f 1526//5006 2653//5006 1529//5006
f 2652//5007 2653//5007 1526//5007
f 1529//5008 2653//5008 2652//5008
f 1772//5009 2654//5009 1769//5009
f 1772//5010 2655//5010 2654//5010
f 2654//5011 2655//5011 1769//5011
f 1772//5012 2656//5012 2655//5012
f 2655//5013 2656//5013 1769//5013
f 1772//5014 2657//5014 2656//5014
f 2656//5015 2657//5015 1769//5015
f 1772//5016 2658//5016 2657//5016
f 2657//5017 2658//5017 1769//5017
f 1772//5018 2659//5018 2658//5018
f 2658//5019 2659//5019 1769//5019
f 1772//5020 2660//5020 2659//5020
f 2659//5021 2660//5021 1769//5021
f 2660//5022 2661//5022 1769//5022
f 1526//5023 2661//5023 1772//5023
f 1769//5024 2661//5024 1523//5024
f 1772//5025 2661//5025 2660//5025
f 2661//5026 2662//5026 1523//5026
f 1526//5027 2662//5027 2661//5027
f 2662//5028 2663//5028 1523//5028
f 1526//5029 2663//5029 2662//5029
f 2663//5030 2664//5030 1523//5030
f 1526//5031 2664//5031 2663//5031
f 2664//5032 2665//5032 1523//5032
f 1526//5033 2665//5033 2664//5033
f 2665//5034 2666//5034 1523//5034
f 1526//5035 2666//5035 2665//5035
f 1523//5036 2667//5036 1526//5036
f 2666//5037 2667//5037 1523//5037
f 1526//5038 2667//5038 2666//5038
f 1547//5039 1792//5039 1791//5039
f 1547//5040 1546//5040 1792//5040
f 1554//5041 1547//5041 1791//5041
f 1554//5042 1791//5042 1799//5042
f 1798//5043 1554//5043 1799//5043
f 1552//5044 1554//5044 1798//5044
f 1808//5045 1553//5045 1797//5045
f 1562//5046 1553//5046 1808//5046
f 1897//5047 2668//5047 1875//5047
f 1897//5048 2669//5048 2668//5048
f 2668//5049 2669//5049 1875//5049
f 1897//5050 2670//5050 2669//5050
f 2669//5051 2670//5051 1875//5051
f 1897//5052 2671//5052 2670//5052
f 2670//5053 2671//5053 1875//5053
f 2671//5054 2672//5054 1875//5054
f 1897//5055 2672//5055 2671//5055
f 1897//5056 2673//5056 2672//5056
f 2672//5057 2673//5057 1875//5057
f 1651//5058 2674//5058 1897//5058
f 1875//5059 2674//5059 1630//5059
f 1897//5060 2674//5060 2673//5060
f 2673//5061 2674//5061 1875//5061
f 2674//5062 2675//5062 1630//5062
f 1651//5063 2675//5063 2674//5063
f 1651//5064 2676//5064 2675//5064
f 2675//5065 2676//5065 1630//5065
f 2676//5066 2677//5066 1630//5066
f 1651//5067 2677//5067 2676//5067
f 2677//5068 2678//5068 1630//5068
f 1651//5069 2678//5069 2677//5069
f 2678//5070 2679//5070 1630//5070
f 1651//5071 2679//5071 2678//5071
f 1630//5072 2680//5072 1651//5072
f 2679//5073 2680//5073 1630//5073
f 1651//5074 2680//5074 2679//5074
f 1875//5075 2681//5075 1857//5075
f 1875//5076 2682//5076 2681//5076
f 2681//5077 2682//5077 1857//5077
f 1875//5078 2683//5078 2682//5078
f 2682//5079 2683//5079 1857//5079
f 1875//5080 2684//5080 2683//5080
f 2683//5081 2684//5081 1857//5081
f 1630//5082 2685//5082 1875//5082
f 1857//5083 2685//5083 1612//5083
f 1875//5084 2685//5084 2684//5084
f 2684//5085 2685//5085 1857//5085
f 2685//5086 2686//5086 1612//5086
f 1630//5087 2686//5087 2685//5087
f 2686//5088 2687//5088 1612//5088
f 1630//5089 2687//5089 2686//5089
f 2687//5090 2688//5090 1612//5090
f 1630//5091 2688//5091 2687//5091
f 2688//5092 2689//5092 1612//5092
f 1630//5093 2689//5093 2688//5093
f 2689//5094 2690//5094 1612//5094
f 1630//5095 2690//5095 2689//5095
f 1612//5096 2691//5096 1630//5096
f 2690//5097 2691//5097 1612//5097
f 1630//5098 2691//5098 2690//5098
f 1857//5099 2692//5099 1838//5099
f 1612//5100 2692//5100 1857//5100
f 1838//5101 2692//5101 1593//5101
f 1612//5102 2693//5102 2692//5102
f 2692//5103 2693//5103 1593//5103
f 2693//5104 2694//5104 1593//5104
f 1612//5105 2694//5105 2693//5105
f 2694//5106 2695//5106 1593//5106
f 1612//5107 2695//5107 2694//5107
f 2695//5108 2696//5108 1593//5108
f 1612//5109 2696//5109 2695//5109
f 2696//5110 2697//5110 1593//5110
f 1612//5111 2697//5111 2696//5111
f 1593//5112 2698//5112 1612//5112
f 2697//5113 2698//5113 1593//5113
f 1612//5114 2698//5114 2697//5114
f 1838//5115 2699//5115 1821//5115
f 1838//5116 2700//5116 2699//5116
f 2699//5117 2700//5117 1821//5117
f 1593//5118 2700//5118 1838//5118
f 1821//5119 2700//5119 1575//5119
f 1593//5120 2701//5120 2700//5120
f 2700//5121 2701//5121 1575//5121
f 2701//5122 2702//5122 1575//5122
f 1593//5123 2702//5123 2701//5123
f 2702//5124 2703//5124 1575//5124
f 1593//5125 2703//5125 2702//5125
f 2703//5126 2704//5126 1575//5126
f 1593//5127 2704//5127 2703//5127
f 2704//5128 2705//5128 1575//5128
f 1593//5129 2705//5129 2704//5129
f 1575//5130 2706//5130 1593//5130
f 2705//5131 2706//5131 1575//5131
f 1593//5132 2706//5132 2705//5132
f 1821//5133 2707//5133 1811//5133
f 1821//5134 2708//5134 2707//5134
f 2707//5135 2708//5135 1811//5135
f 1575//5136 2709//5136 1821//5136
f 1811//5137 2709//5137 1566//5137
f 1821//5138 2709//5138 2708//5138
f 2708//5139 2709//5139 1811//5139
f 2709//5140 2710//5140 1566//5140
f 1575//5141 2710//5141 2709//5141
f 2710//5142 2711//5142 1566//5142
f 1575//5143 2711//5143 2710//5143
f 2711//5144 2712//5144 1566//5144
f 1575//5145 2712//5145 2711//5145
f 2712//5146 2713//5146 1566//5146
f 1575//5147 2713//5147 2712//5147
f 2713//5148 2714//5148 1566//5148
f 1575//5149 2714//5149 2713//5149
f 1566//5150 2715//5150 1575//5150
f 2714//5151 2715//5151 1566//5151
f 1575//5152 2715//5152 2714//5152
f 1811//5153 2716//5153 1813//5153
f 1811//5154 2717//5154 2716//5154
f 2716//5155 2717//5155 1813//5155
f 1566//5156 2718//5156 1811//5156
f 1813//5157 2718//5157 1568//5157
f 1811//5158 2718//5158 2717//5158
f 2717//5159 2718//5159 1813//5159
f 2718//5160 2719//5160 1568//5160
f 1566//5161 2719//5161 2718//5161
f 2719//5162 2720//5162 1568//5162
f 1566//5163 2720//5163 2719//5163
f 2720//5164 2721//5164 1568//5164
f 1566//5165 2721//5165 2720//5165
f 2721//5166 2722//5166 1568//5166
f 1566//5167 2722//5167 2721//5167
f 2722//5168 2723//5168 1568//5168
f 1566//5169 2723//5169 2722//5169
f 2723//5170 2724//5170 1568//5170
f 1566//5171 2724//5171 2723//5171
f 1568//5172 2724//5172 1566//5172
f 1813//5173 2725//5173 1808//5173
f 1813//5174 2726//5174 2725//5174
f 2725//5175 2726//5175 1808//5175
f 1813//5176 2727//5176 2726//5176
f 2726//5177 2727//5177 1808//5177
f 1568//5178 2727//5178 1813//5178
f 1808//5179 2727//5179 1562//5179
f 1568//5180 2728//5180 2727//5180
f 2727//5181 2728//5181 1562//5181
f 1568//5182 2729//5182 2728//5182
f 2728//5183 2729//5183 1562//5183
f 2729//5184 2730//5184 1562//5184
f 1568//5185 2730//5185 2729//5185
f 2730//5186 2731//5186 1562//5186
f 1568//5187 2731//5187 2730//5187
f 2731//5188 2732//5188 1562//5188
f 1568//5189 2732//5189 2731//5189
f 1562//5190 2733//5190 1568//5190
f 2732//5191 2733//5191 1562//5191
f 1568//5192 2733//5192 2732//5192
f 1797//5193 2734//5193 1798//5193
f 1797//5194 2735//5194 2734//5194
f 2734//5195 2735//5195 1798//5195
f 2735//5196 2736//5196 1798//5196
f 1797//5197 2736//5197 2735//5197
f 2736//5198 2737//5198 1798//5198
f 1797//5199 2737//5199 2736//5199
f 2737//5200 2738//5200 1798//5200
f 1797//5201 2738//5201 2737//5201
f 2738//5202 2739//5202 1798//5202
f 1797//5203 2739//5203 2738//5203
f 1798//5204 2740//5204 1552//5204
f 2739//5205 2740//5205 1798//5205
f 1797//5206 2740//5206 2739//5206
f 1553//5207 2740//5207 1797//5207
f 1553//5208 2741//5208 2740//5208
f 2740//5209 2741//5209 1552//5209
f 2741//5210 2742//5210 1552//5210
f 1553//5211 2742//5211 2741//5211
f 2742//5212 2743//5212 1552//5212
f 1553//5213 2743//5213 2742//5213
f 2743//5214 2744//5214 1552//5214
f 1553//5215 2744//5215 2743//5215
f 2744//5216 2745//5216 1552//5216
f 1553//5217 2745//5217 2744//5217
f 1552//5218 2746//5218 1553//5218
f 2745//5219 2746//5219 1552//5219
f 1553//5220 2746//5220 2745//5220
f 1652//5221 1897//5221 1896//5221
f 1652//5222 1651//5222 1897//5222
f 1664//5223 1652//5223 1896//5223
f 1664//5224 1896//5224 1909//5224
f 1908//5225 1664//5225 1909//5225
f 1662//5226 1664//5226 1908//5226
f 1986//5227 1739//5227 1984//5227
f 1741//5228 1739//5228 1986//5228
f 1672//5229 1907//5229 1917//5229
f 1672//5230 1663//5230 1907//5230
f 1988//5231 2747//5231 1986//5231
f 1988//5232 2748//5232 2747//5232
f 2747//5233 2748//5233 1986//5233
f 1988//5234 2749//5234 2748//5234
f 2748//5235 2749//5235 1986//5235
f 1988//5236 2750//5236 2749//5236
f 2749//5237 2750//5237 1986//5237
f 1742//5238 2751//5238 1988//5238
f 1986//5239 2751//5239 1741//5239
f 1988//5240 2751//5240 2750//5240
f 2750//5241 2751//5241 1986//5241
f 2751//5242 2752//5242 1741//5242
f 1742//5243 2752//5243 2751//5243
f 2752//5244 2753//5244 1741//5244
f 1742//5245 2753//5245 2752//5245
f 1742//5246 2754//5246 2753//5246
f 2753//5247 2754//5247 1741//5247
f 2754//5248 2755//5248 1741//5248
f 1742//5249 2755//5249 2754//5249
f 2755//5250 2756//5250 1741//5250
f 1742//5251 2756//5251 2755//5251
f 1741//5252 2757//5252 1742//5252
f 2756//5253 2757//5253 1741//5253
f 1742//5254 2757//5254 2756//5254
f 1984//5255 2758//5255 1982//5255
f 1984//5256 2759//5256 2758//5256
f 2758//5257 2759//5257 1982//5257
f 1984//5258 2760//5258 2759//5258
f 2759//5259 2760//5259 1982//5259
f 1984//5260 2761//5260 2760//5260
f 2760//5261 2761//5261 1982//5261
f 1984//5262 2762//5262 2761//5262
f 2761//5263 2762//5263 1982//5263
f 1984//5264 2763//5264 2762//5264
f 2762//5265 2763//5265 1982//5265
f 1739//5266 2764//5266 1984//5266
f 1982//5267 2764//5267 1737//5267
f 1984//5268 2764//5268 2763//5268
f 2763//5269 2764//5269 1982//5269
f 2764//5270 2765//5270 1737//5270
f 1739//5271 2765//5271 2764//5271
f 2765//5272 2766//5272 1737//5272
f 1739//5273 2766//5273 2765//5273
f 2766//5274 2767//5274 1737//5274
f 1739//5275 2767//5275 2766//5275
f 2767//5276 2768//5276 1737//5276
f 1739//5277 2768//5277 2767//5277
f 2768//5278 2769//5278 1737//5278
f 1739//5279 2769//5279 2768//5279
f 1737//5280 2770//5280 1739//5280
f 2769//5281 2770//5281 1737//5281
f 1739//5282 2770//5282 2769//5282
f 1982//5283 2771//5283 1949//5283
f 1982//5284 2772//5284 2771//5284
f 2771//5285 2772//5285 1949//5285
f 1982//5286 2773//5286 2772//5286
f 2772//5287 2773//5287 1949//5287
f 1982//5288 2774//5288 2773//5288
f 2773//5289 2774//5289 1949//5289
f 1737//5290 2774//5290 1982//5290
f 1949//5291 2774//5291 1704//5291
f 1737//5292 2775//5292 2774//5292
f 2774//5293 2775//5293 1704//5293
f 2775//5294 2776//5294 1704//5294
f 1737//5295 2776//5295 2775//5295
f 2776//5296 2777//5296 1704//5296
f 1737//5297 2777//5297 2776//5297
f 2777//5298 2778//5298 1704//5298
f 1737//5299 2778//5299 2777//5299
f 2778//5300 2779//5300 1704//5300
f 1737//5301 2779//5301 2778//5301
f 1704//5302 2780//5302 1737//5302
f 2779//5303 2780//5303 1704//5303
f 1737//5304 2780//5304 2779//5304
f 1949//5305 2781//5305 1936//5305
f 1949//5306 2782//5306 2781//5306
f 2781//5307 2782//5307 1936//5307
f 1949//5308 2783//5308 2782//5308
f 2782//5309 2783//5309 1936//5309
f 1949//5310 2784//5310 2783//5310
f 2783//5311 2784//5311 1936//5311
f 1704//5312 2785//5312 1949//5312
f 1936//5313 2785//5313 1691//5313
f 1949//5314 2785//5314 2784//5314
f 2784//5315 2785//5315 1936//5315
f 1704//5316 2786//5316 2785//5316
f 2785//5317 2786//5317 1691//5317
f 2786//5318 2787//5318 1691//5318
f 1704//5319 2787//5319 2786//5319
f 2787//5320 2788//5320 1691//5320
f 1704//5321 2788//5321 2787//5321
f 2788//5322 2789//5322 1691//5322
f 1704//5323 2789//5323 2788//5323
f 2789//5324 2790//5324 1691//5324
f 1704//5325 2790//5325 2789//5325
f 1691//5326 2791//5326 1704//5326
f 2790//5327 2791//5327 1691//5327
f 1704//5328 2791//5328 2790//5328
f 1936//5329 2792//5329 1923//5329
f 1936//5330 2793//5330 2792//5330
f 2792//5331 2793//5331 1923//5331
f 1936//5332 2794//5332 2793//5332
f 2793//5333 2794//5333 1923//5333
f 1691//5334 2795//5334 1936//5334
f 1923//5335 2795//5335 1678//5335
f 1936//5336 2795//5336 2794//5336
f 2794//5337 2795//5337 1923//5337
f 2795//5338 2796//5338 1678//5338
f 1691//5339 2796//5339 2795//5339
f 2796//5340 2797//5340 1678//5340
f 1691//5341 2797//5341 2796//5341
f 2797//5342 2798//5342 1678//5342
f 1691//5343 2798//5343 2797//5343
f 2798//5344 2799//5344 1678//5344
f 1691//5345 2799//5345 2798//5345
f 2799//5346 2800//5346 1678//5346
f 1691//5347 2800//5347 2799//5347
f 1691//5348 2801//5348 2800//5348
f 1678//5349 2801//5349 1691//5349
f 2800//5350 2801//5350 1678//5350
f 1923//5351 2802//5351 1920//5351
f 1923//5352 2803//5352 2802//5352
f 2802//5353 2803//5353 1920//5353
f 2803//5354 2804//5354 1920//5354
f 1923//5355 2804//5355 2803//5355
f 2804//5356 2805//5356 1920//5356
f 1923//5357 2805//5357 2804//5357
f 2805//5358 2806//5358 1920//5358
f 1923//5359 2806//5359 2805//5359
f 2806//5360 2807//5360 1920//5360
f 1923//5361 2807//5361 2806//5361
f 2807//5362 2808//5362 1920//5362
f 1923//5363 2808//5363 2807//5363
f 1678//5364 2808//5364 1923//5364
f 1920//5365 2808//5365 1675//5365
f 2808//5366 2809//5366 1675//5366
f 1678//5367 2809//5367 2808//5367
f 2809//5368 2810//5368 1675//5368
f 1678//5369 2810//5369 2809//5369
f 2810//5370 2811//5370 1675//5370
f 1678//5371 2811//5371 2810//5371
f 2811//5372 2812//5372 1675//5372
f 1678//5373 2812//5373 2811//5373
f 2812//5374 2813//5374 1675//5374
f 1678//5375 2813//5375 2812//5375
f 1675//5376 2814//5376 1678//5376
f 2813//5377 2814//5377 1675//5377
f 1678//5378 2814//5378 2813//5378
f 1920//5379 2815//5379 1917//5379
f 1920//5380 2816//5380 2815//5380
f 2815//5381 2816//5381 1917//5381
f 1675//5382 2816//5382 1920//5382
f 1917//5383 2816//5383 1672//5383
f 1675//5384 2817//5384 2816//5384
f 2816//5385 2817//5385 1672//5385
f 2817//5386 2818//5386 1672//5386
f 1675//5387 2818//5387 2817//5387
f 2818//5388 2819//5388 1672//5388
f 1675//5389 2819//5389 2818//5389
f 2819//5390 2820//5390 1672//5390
f 1675//5391 2820//5391 2819//5391
f 2820//5392 2821//5392 1672//5392
f 1675//5393 2821//5393 2820//5393
f 1672//5394 2822//5394 1675//5394
f 2821//5395 2822//5395 1672//5395
f 1675//5396 2822//5396 2821//5396
f 1663//5397 2823//5397 1907//5397
f 1907//5398 2823//5398 2824//5398
f 1663//5399 2825//5399 2823//5399
f 1663//5400 2826//5400 2825//5400
f 1663//5401 2827//5401 2826//5401
f 1663//5402 2828//5402 2827//5402
f 1663//5403 2829//5403 2828//5403
f 1663//5404 2830//5404 2829//5404
f 1907//5405 2831//5405 1908//5405
f 2824//5406 2831//5406 1907//5406
f 2831//5407 2832//5407 1908//5407
f 2824//5408 2832//5408 2831//5408
f 2824//5409 2833//5409 2832//5409
f 2832//5410 2833//5410 1908//5410
f 2824//5411 2834//5411 2833//5411
f 2833//5412 2834//5412 1908//5412
f 2824//5413 2835//5413 2834//5413
f 2834//5414 2835//5414 1908//5414
f 2835//5415 2836//5415 1908//5415
f 2824//5416 2836//5416 2835//5416
f 2836//5417 2837//5417 1908//5417
f 2824//5418 2837//5418 2836//5418
f 2824//5419 2838//5419 2837//5419
f 2837//5420 2838//5420 1908//5420
f 2823//5421 2838//5421 2824//5421
f 2838//5422 2839//5422 1908//5422
f 1908//5423 2839//5423 1662//5423
f 2825//5424 2839//5424 2823//5424
f 2823//5425 2839//5425 2838//5425
f 2825//5426 2840//5426 2839//5426
f 2839//5427 2840//5427 1662//5427
f 2840//5428 2841//5428 1662//5428
f 2825//5429 2841//5429 2840//5429
f 2826//5430 2841//5430 2825//5430
f 2841//5431 2842//5431 1662//5431
f 2827//5432 2842//5432 2826//5432
f 2828//5433 2842//5433 2827//5433
f 2826//5434 2842//5434 2841//5434
f 2842//5435 2843//5435 1662//5435
f 2828//5436 2843//5436 2842//5436
f 2829//5437 2843//5437 2828//5437
f 2843//5438 2844//5438 1662//5438
f 2829//5439 2844//5439 2843//5439
f 2844//5440 2845//5440 1662//5440
f 2829//5441 2845//5441 2844//5441
f 2830//5442 2845//5442 2829//5442
f 1662//5443 2846//5443 1663//5443
f 2845//5444 2846//5444 1662//5444
f 2830//5445 2846//5445 2845//5445
f 1663//5446 2846//5446 2830//5446
f 1743//5447 1988//5447 1987//5447
f 1743//5448 1742//5448 1988//5448
f 1744//5449 1743//5449 1987//5449
f 1744//5450 1987//5450 1755//5450
f 1606//5451 1613//5451 1851//5451
f 1851//5452 1613//5452 1858//5452
f 1858//5453 1614//5453 1859//5453
f 1613//5454 1614//5454 1858//5454
f 1859//5455 1615//5455 1860//5455
f 1614//5456 1615//5456 1859//5456
f 1860//5457 1616//5457 1861//5457
f 1615//5458 1616//5458 1860//5458
f 1861//5459 1617//5459 1862//5459
f 1862//5460 1617//5460 1863//5460
f 1616//5461 1617//5461 1861//5461
f 1617//5462 1618//5462 1863//5462
f 1863//5463 1624//5463 1869//5463
f 1618//5464 1624//5464 1863//5464
f 1869//5465 1631//5465 1876//5465
f 1876//5466 1631//5466 1877//5466
f 1624//5467 1631//5467 1869//5467
f 1631//5468 1632//5468 1877//5468
f 1877//5469 1658//5469 1903//5469
f 1903//5470 1658//5470 1904//5470
f 1632//5471 1658//5471 1877//5471
f 1658//5472 1659//5472 1904//5472
f 1904//5473 1653//5473 1899//5473
f 1659//5474 1653//5474 1904//5474
f 1899//5475 1655//5475 1900//5475
f 1653//5476 1655//5476 1899//5476
f 1900//5477 1647//5477 1893//5477
f 1893//5478 1647//5478 1894//5478
f 1655//5479 1647//5479 1900//5479
f 1647//5480 1649//5480 1894//5480
f 1649//5481 1650//5481 1894//5481
f 1894//5482 1650//5482 1895//5482
f 1650//5483 1642//5483 1895//5483
f 1895//5484 1642//5484 1887//5484
f 1642//5485 1643//5485 1887//5485
f 1887//5486 1643//5486 1888//5486
f 1598//5487 1604//5487 1843//5487
f 1843//5488 1604//5488 1849//5488
f 1849//5489 1605//5489 1850//5489
f 1850//5490 1605//5490 1851//5490
f 1604//5491 1605//5491 1849//5491
f 1605//5492 1606//5492 1851//5492
f 1571//5493 1573//5493 1816//5493
f 1816//5494 1573//5494 1818//5494
f 1818//5495 1576//5495 1820//5495
f 1573//5496 1576//5496 1818//5496
f 1820//5497 1578//5497 1823//5497
f 1823//5498 1578//5498 1826//5498
f 1576//5499 1578//5499 1820//5499
f 1578//5500 1581//5500 1826//5500
f 1826//5501 1583//5501 1828//5501
f 1581//5502 1583//5502 1826//5502
f 1828//5503 1585//5503 1830//5503
f 1583//5504 1585//5504 1828//5504
f 1830//5505 1587//5505 1832//5505
f 1832//5506 1587//5506 1834//5506
f 1585//5507 1587//5507 1830//5507
f 1587//5508 1589//5508 1834//5508
f 1834//5509 1590//5509 1835//5509
f 1589//5510 1590//5510 1834//5510
f 1835//5511 1595//5511 1840//5511
f 1590//5512 1595//5512 1835//5512
f 1840//5513 1596//5513 1841//5513
f 1595//5514 1596//5514 1840//5514
f 1841//5515 1597//5515 1842//5515
f 1842//5516 1597//5516 1843//5516
f 1596//5517 1597//5517 1841//5517
f 1597//5518 1598//5518 1843//5518
f 1565//5519 1564//5519 1809//5519
f 1809//5520 1564//5520 1810//5520
f 1810//5521 1569//5521 1814//5521
f 1814//5522 1569//5522 1816//5522
f 1564//5523 1569//5523 1810//5523
f 1569//5524 1571//5524 1816//5524
f 1855//5525 1610//5525 1856//5525
f 1610//5526 1611//5526 1856//5526
f 1856//5527 1603//5527 1848//5527
f 1611//5528 1603//5528 1856//5528
f 1848//5529 1600//5529 1845//5529
f 1603//5530 1600//5530 1848//5530
f 1845//5531 1601//5531 1846//5531
f 1600//5532 1601//5532 1845//5532
f 1846//5533 1602//5533 1847//5533
f 1847//5534 1602//5534 1839//5534
f 1601//5535 1602//5535 1846//5535
f 1839//5536 1594//5536 1837//5536
f 1602//5537 1594//5537 1839//5537
f 1594//5538 1592//5538 1837//5538
f 1837//5539 1588//5539 1833//5539
f 1833//5540 1588//5540 1831//5540
f 1592//5541 1588//5541 1837//5541
f 1588//5542 1586//5542 1831//5542
f 1831//5543 1584//5543 1829//5543
f 1829//5544 1584//5544 1827//5544
f 1586//5545 1584//5545 1831//5545
f 1584//5546 1582//5546 1827//5546
f 1827//5547 1580//5547 1825//5547
f 1825//5548 1580//5548 1822//5548
f 1582//5549 1580//5549 1827//5549
f 1580//5550 1577//5550 1822//5550
f 1822//5551 1574//5551 1819//5551
f 1819//5552 1574//5552 1817//5552
f 1577//5553 1574//5553 1822//5553
f 1574//5554 1572//5554 1817//5554
f 1572//5555 1570//5555 1817//5555
f 1817//5556 1570//5556 1815//5556
f 1570//5557 1567//5557 1815//5557
f 1815//5558 1567//5558 1812//5558
f 1812//5559 1567//5559 1809//5559
f 1567//5560 1565//5560 1809//5560
f 1868//5561 1623//5561 1853//5561
f 1623//5562 1607//5562 1853//5562
f 1853//5563 1609//5563 1854//5563
f 1607//5564 1609//5564 1853//5564
f 1854//5565 1610//5565 1855//5565
f 1609//5566 1610//5566 1854//5566
f 1884//5567 1638//5567 1885//5567
f 1638//5568 1640//5568 1885//5568
f 1885//5569 1633//5569 1879//5569
f 1640//5570 1633//5570 1885//5570
f 1879//5571 1635//5571 1880//5571
f 1880//5572 1635//5572 1881//5572
f 1633//5573 1635//5573 1879//5573
f 1881//5574 1636//5574 1882//5574
f 1635//5575 1636//5575 1881//5575
f 1636//5576 1637//5576 1882//5576
f 1882//5577 1625//5577 1871//5577
f 1637//5578 1625//5578 1882//5578
f 1871//5579 1627//5579 1872//5579
f 1625//5580 1627//5580 1871//5580
f 1872//5581 1628//5581 1873//5581
f 1627//5582 1628//5582 1872//5582
f 1873//5583 1629//5583 1874//5583
f 1628//5584 1629//5584 1873//5584
f 1874//5585 1619//5585 1865//5585
f 1629//5586 1619//5586 1874//5586
f 1865//5587 1621//5587 1866//5587
f 1619//5588 1621//5588 1865//5588
f 1866//5589 1622//5589 1867//5589
f 1621//5590 1622//5590 1866//5590
f 1867//5591 1623//5591 1868//5591
f 1622//5592 1623//5592 1867//5592
f 1888//5593 1643//5593 1889//5593
f 1643//5594 1644//5594 1889//5594
f 1889//5595 1645//5595 1890//5595
f 1644//5596 1645//5596 1889//5596
f 1890//5597 1638//5597 1884//5597
f 1645//5598 1638//5598 1890//5598
f 1733//5599 1735//5599 1979//5599
f 1979//5600 1735//5600 1980//5600
f 1735//5601 1736//5601 1980//5601
f 1980//5602 1736//5602 1981//5602
f 1736//5603 1725//5603 1981//5603
f 1981//5604 1725//5604 1971//5604
f 1725//5605 1727//5605 1971//5605
f 1971//5606 1727//5606 1972//5606
f 1972//5607 1727//5607 1973//5607
f 1727//5608 1728//5608 1973//5608
f 1728//5609 1729//5609 1973//5609
f 1973//5610 1729//5610 1974//5610
f 1974//5611 1729//5611 1975//5611
f 1729//5612 1730//5612 1975//5612
f 1730//5613 1731//5613 1975//5613
f 1975//5614 1731//5614 1976//5614
f 1731//5615 1732//5615 1976//5615
f 1976//5616 1732//5616 1977//5616
f 1732//5617 1718//5617 1977//5617
f 1977//5618 1718//5618 1964//5618
f 1718//5619 1720//5619 1964//5619
f 1964//5620 1720//5620 1965//5620
f 1720//5621 1721//5621 1965//5621
f 1965//5622 1721//5622 1966//5622
f 1966//5623 1721//5623 1967//5623
f 1721//5624 1722//5624 1967//5624
f 1722//5625 1723//5625 1967//5625
f 1967//5626 1723//5626 1968//5626
f 1968//5627 1724//5627 1969//5627
f 1723//5628 1724//5628 1968//5628
f 1969//5629 1708//5629 1954//5629
f 1724//5630 1708//5630 1969//5630
f 1954//5631 1710//5631 1955//5631
f 1708//5632 1710//5632 1954//5632
f 1955//5633 1711//5633 1956//5633
f 1710//5634 1711//5634 1955//5634
f 1956//5635 1712//5635 1957//5635
f 1711//5636 1712//5636 1956//5636
f 1957//5637 1713//5637 1958//5637
f 1712//5638 1713//5638 1957//5638
f 1958//5639 1714//5639 1959//5639
f 1713//5640 1714//5640 1958//5640
f 1959//5641 1698//5641 1944//5641
f 1714//5642 1698//5642 1959//5642
f 1944//5643 1700//5643 1945//5643
f 1698//5644 1700//5644 1944//5644
f 1700//5645 1701//5645 1945//5645
f 1945//5646 1701//5646 1946//5646
f 1701//5647 1693//5647 1946//5647
f 1946//5648 1693//5648 1938//5648
f 1693//5649 1690//5649 1938//5649
f 1938//5650 1690//5650 1935//5650
f 1690//5651 1688//5651 1935//5651
f 1935//5652 1688//5652 1933//5652
f 1688//5653 1686//5653 1933//5653
f 1933//5654 1686//5654 1931//5654
f 1686//5655 1684//5655 1931//5655
f 1931//5656 1684//5656 1929//5656
f 1684//5657 1680//5657 1929//5657
f 1929//5658 1680//5658 1925//5658
f 1680//5659 1677//5659 1925//5659
f 1925//5660 1677//5660 1921//5660
f 1677//5661 1676//5661 1921//5661
f 1921//5662 1676//5662 1922//5662
f 1676//5663 1679//5663 1922//5663
f 1922//5664 1679//5664 1924//5664
f 1679//5665 1683//5665 1924//5665
f 1924//5666 1683//5666 1928//5666
f 1683//5667 1685//5667 1928//5667
f 1928//5668 1685//5668 1930//5668
f 1685//5669 1687//5669 1930//5669
f 1930//5670 1687//5670 1932//5670
f 1687//5671 1689//5671 1932//5671
f 1932//5672 1689//5672 1934//5672
f 1689//5673 1692//5673 1934//5673
f 1934//5674 1692//5674 1937//5674
f 1692//5675 1694//5675 1937//5675
f 1937//5676 1694//5676 1939//5676
f 1694//5677 1695//5677 1939//5677
f 1939//5678 1695//5678 1940//5678
f 1695//5679 1696//5679 1940//5679
f 1940//5680 1696//5680 1941//5680
f 1696//5681 1697//5681 1941//5681
f 1941//5682 1697//5682 1942//5682
f 1697//5683 1702//5683 1942//5683
f 1942//5684 1702//5684 1947//5684
f 1702//5685 1703//5685 1947//5685
f 1947//5686 1703//5686 1948//5686
f 1703//5687 1705//5687 1948//5687
f 1948//5688 1705//5688 1950//5688
f 1705//5689 1706//5689 1950//5689
f 1950//5690 1706//5690 1951//5690
f 1706//5691 1707//5691 1951//5691
f 1951//5692 1707//5692 1952//5692
f 1952//5693 1715//5693 1960//5693
f 1707//5694 1715//5694 1952//5694
f 1960//5695 1716//5695 1961//5695
f 1715//5696 1716//5696 1960//5696
f 1961//5697 1717//5697 1962//5697
f 1716//5698 1717//5698 1961//5698
f 1962//5699 1733//5699 1979//5699
f 1717//5700 1733//5700 1962//5700
