# Created by FreeCAD <https://www.freecad.org>
v -398.800903 -549.909973 -40.901115
v -396.546478 -543.559998 -37.086349
v -398.800903 -543.559998 -40.901115
v -396.546478 -549.909973 -37.086349
v -340.873688 -543.559998 7.169369
v -331.143433 -549.909973 11.948867
v -331.143433 -543.559998 11.948867
v -340.873688 -549.909973 7.169369
v -142.455933 -549.909973 61.612209
v -120.064751 -543.559998 64.695770
v -142.455933 -543.559998 61.612209
v -120.064751 -549.909973 64.695770
v -24.404902 -549.909973 73.785545
v 0.684804 -549.909973 75.168251
v -24.404902 -543.559998 73.785545
v 0.684804 -543.559998 75.168251
v 52.055222 -549.909973 76.799492
v 78.066147 -549.909973 77.027580
v 52.055222 -543.559998 76.799492
v 78.066147 -543.559998 77.027580
v 131.333908 -549.909973 76.295502
v 158.448257 -549.909973 75.325584
v 131.333908 -543.559998 76.295502
v 158.448257 -543.559998 75.325584
v 356.383881 -543.559998 56.846031
v 385.891663 -549.909973 52.471455
v 385.891663 -543.559998 52.471455
v 356.383881 -549.909973 56.846031
v 751.051636 -543.559998 -30.733591
v 765.192383 -549.909973 -35.131504
v 765.192383 -543.559998 -35.131504
v 751.051636 -549.909973 -30.733591
v -401.343079 -549.909973 -46.803692
v -401.322998 -549.636902 -46.738647
v -401.343079 -543.559998 -46.803692
v -400.318756 -543.901428 -44.040520
v -400.239349 -543.559998 -43.856468
v -400.318756 -544.174500 -44.040520
v -400.318756 -544.447632 -44.040520
v -400.318756 -544.720764 -44.040520
v -400.318756 -544.993896 -44.040520
v -400.318756 -545.266968 -44.040520
v -400.318756 -545.540100 -44.040520
v -400.318756 -545.813232 -44.040520
v -400.318756 -546.086365 -44.040520
v -400.318756 -546.359436 -44.040520
v -400.318756 -546.632568 -44.040520
v -400.318756 -546.905701 -44.040520
v -400.318756 -547.178833 -44.040520
v -400.318756 -547.451965 -44.040520
v -400.318756 -547.725037 -44.040520
v -400.318756 -547.998169 -44.040520
v -400.239349 -549.909973 -43.856468
v -400.318756 -548.271301 -44.040520
v -400.318756 -548.544434 -44.040520
v -400.318756 -548.817505 -44.040520
v -400.318756 -549.090637 -44.040520
v -400.318756 -549.363770 -44.040520
v -400.318756 -549.636902 -44.040520
v -399.022278 -543.901428 -41.319771
v -399.022278 -544.174500 -41.319771
v -399.022278 -544.447632 -41.319771
v -399.022278 -544.720764 -41.319771
v -399.022278 -544.993896 -41.319771
v -399.022278 -545.266968 -41.319771
v -399.022278 -545.540100 -41.319771
v -399.022278 -545.813232 -41.319771
v -399.022278 -546.086365 -41.319771
v -399.022278 -546.359436 -41.319771
v -399.022278 -546.632568 -41.319771
v -399.022278 -546.905701 -41.319771
v -399.022278 -547.178833 -41.319771
v -399.022278 -547.451965 -41.319771
v -399.022278 -547.725037 -41.319771
v -399.022278 -547.998169 -41.319771
v -399.022278 -548.271301 -41.319771
v -399.022278 -548.544434 -41.319771
v -399.022278 -548.817505 -41.319771
v -399.022278 -549.090637 -41.319771
v -399.022278 -549.363770 -41.319771
v -399.022278 -549.636902 -41.319771
v -396.367126 -543.901428 -36.810154
v -393.798126 -543.559998 -33.163029
v -396.367126 -544.174500 -36.810154
v -396.367126 -544.447632 -36.810154
v -396.367126 -544.720764 -36.810154
v -396.367126 -544.993896 -36.810154
v -396.367126 -545.266968 -36.810154
v -396.367126 -545.540100 -36.810154
v -396.367126 -545.813232 -36.810154
v -396.367126 -546.086365 -36.810154
v -396.367126 -546.359436 -36.810154
v -396.367126 -546.632568 -36.810154
v -393.798126 -549.909973 -33.163029
v -396.367126 -546.905701 -36.810154
v -396.367126 -547.178833 -36.810154
v -396.367126 -547.451965 -36.810154
v -396.367126 -547.725037 -36.810154
v -396.367126 -547.998169 -36.810154
v -396.367126 -548.271301 -36.810154
v -396.367126 -548.544434 -36.810154
v -396.367126 -548.817505 -36.810154
v -396.367126 -549.090637 -36.810154
v -396.367126 -549.363770 -36.810154
v -396.367126 -549.636902 -36.810154
v -392.586212 -544.720764 -31.602358
v -390.291992 -543.559998 -28.852236
v -392.586212 -544.993896 -31.602358
v -392.586212 -545.266968 -31.602358
v -392.586212 -545.540100 -31.602358
v -392.586212 -545.813232 -31.602358
v -392.586212 -546.086365 -31.602358
v -392.586212 -546.359436 -31.602358
v -392.586212 -546.632568 -31.602358
v -392.586212 -546.905701 -31.602358
v -392.586212 -547.178833 -31.602358
v -392.586212 -547.451965 -31.602358
v -390.291992 -549.909973 -28.852236
v -392.586212 -547.725037 -31.602358
v -392.586212 -547.998169 -31.602358
v -392.586212 -548.271301 -31.602358
v -392.586212 -548.544434 -31.602358
v -392.586212 -548.817505 -31.602358
v -392.586212 -549.090637 -31.602358
v -392.586212 -549.363770 -31.602358
v -392.586212 -549.636902 -31.602358
v -389.969757 -544.174500 -28.483809
v -389.969757 -543.901428 -28.483809
v -389.969757 -544.447632 -28.483809
v -389.969757 -544.720764 -28.483809
v -389.969757 -544.993896 -28.483809
v -389.969757 -545.266968 -28.483809
v -389.969757 -545.540100 -28.483809
v -389.969757 -545.813232 -28.483809
v -389.969757 -546.086365 -28.483809
v -389.969757 -546.359436 -28.483809
v -389.969757 -546.632568 -28.483809
v -389.969757 -546.905701 -28.483809
v -389.969757 -547.178833 -28.483809
v -389.969757 -547.451965 -28.483809
v -389.969757 -547.725037 -28.483809
v -389.969757 -547.998169 -28.483809
v -389.969757 -548.271301 -28.483809
v -389.969757 -548.544434 -28.483809
v -389.969757 -548.817505 -28.483809
v -389.969757 -549.090637 -28.483809
v -389.969757 -549.363770 -28.483809
v -389.969757 -549.636902 -28.483809
v -386.809357 -543.628296 -25.061819
v -386.270233 -543.559998 -24.508780
v -386.809357 -543.901428 -25.061819
v -386.809357 -544.174500 -25.061819
v -386.809357 -544.447632 -25.061819
v -386.809357 -544.720764 -25.061819
v -386.809357 -544.993896 -25.061819
v -386.809357 -545.266968 -25.061819
v -386.809357 -545.540100 -25.061819
v -386.809357 -545.813232 -25.061819
v -386.809357 -546.086365 -25.061819
v -386.809357 -546.359436 -25.061819
v -386.809357 -546.632568 -25.061819
v -386.270233 -549.909973 -24.508780
v -386.809357 -546.905701 -25.061819
v -386.809357 -547.178833 -25.061819
v -386.809357 -547.451965 -25.061819
v -386.809357 -547.725037 -25.061819
v -386.809357 -547.998169 -25.061819
v -386.809357 -548.271301 -25.061819
v -386.809357 -548.544434 -25.061819
v -386.809357 -548.817505 -25.061819
v -386.809357 -549.090637 -25.061819
v -386.809357 -549.363770 -25.061819
v -386.809357 -549.636902 -25.061819
v -381.848511 -543.901428 -20.246229
v -381.726501 -543.559998 -20.134798
v -381.848511 -544.174500 -20.246229
v -381.848511 -544.447632 -20.246229
v -381.848511 -544.720764 -20.246229
v -381.848511 -544.993896 -20.246229
v -381.848511 -545.266968 -20.246229
v -381.848511 -545.540100 -20.246229
v -381.848511 -545.813232 -20.246229
v -381.848511 -546.086365 -20.246229
v -381.848511 -546.359436 -20.246229
v -381.848511 -546.632568 -20.246229
v -381.848511 -546.905701 -20.246229
v -381.848511 -547.178833 -20.246229
v -381.848511 -547.451965 -20.246229
v -381.848511 -547.725037 -20.246229
v -381.848511 -547.998169 -20.246229
v -381.848511 -548.271301 -20.246229
v -381.848511 -548.544434 -20.246229
v -381.726501 -549.909973 -20.134798
v -381.848511 -548.817505 -20.246229
v -381.848511 -549.090637 -20.246229
v -381.848511 -549.363770 -20.246229
v -381.848511 -549.636902 -20.246229
v -376.413910 -543.559998 -15.546021
v -376.378876 -543.901428 -15.517322
v -376.378876 -543.628296 -15.517322
v -376.378876 -544.174500 -15.517322
v -376.378876 -544.447632 -15.517322
v -376.378876 -544.720764 -15.517322
v -376.378876 -544.993896 -15.517322
v -376.378876 -545.266968 -15.517322
v -376.378876 -545.540100 -15.517322
v -376.378876 -545.813232 -15.517322
v -376.378876 -546.086365 -15.517322
v -376.378876 -546.359436 -15.517322
v -376.378876 -546.632568 -15.517322
v -376.378876 -546.905701 -15.517322
v -376.378876 -547.178833 -15.517322
v -376.378876 -547.451965 -15.517322
v -376.378876 -547.725037 -15.517322
v -376.378876 -547.998169 -15.517322
v -376.378876 -548.271301 -15.517322
v -376.378876 -548.544434 -15.517322
v -376.378876 -548.817505 -15.517322
v -376.413910 -549.909973 -15.546021
v -376.378876 -549.090637 -15.517322
v -376.378876 -549.363770 -15.517322
v -376.378876 -549.636902 -15.517322
v -376.378876 -549.841736 -15.517322
v -372.013580 -543.628296 -12.077231
v -370.756714 -543.559998 -11.133080
v -372.013580 -543.901428 -12.077231
v -372.013580 -544.174500 -12.077231
v -372.013580 -544.447632 -12.077231
v -372.013580 -544.720764 -12.077231
v -372.013580 -544.993896 -12.077231
v -372.013580 -545.266968 -12.077231
v -372.013580 -545.540100 -12.077231
v -372.013580 -545.813232 -12.077231
v -372.013580 -546.086365 -12.077231
v -372.013580 -546.359436 -12.077231
v -372.013580 -546.632568 -12.077231
v -370.756714 -549.909973 -11.133080
v -372.013580 -546.905701 -12.077231
v -372.013580 -547.178833 -12.077231
v -372.013580 -547.451965 -12.077231
v -372.013580 -547.725037 -12.077231
v -372.013580 -547.998169 -12.077231
v -372.013580 -548.271301 -12.077231
v -372.013580 -548.544434 -12.077231
v -372.013580 -548.817505 -12.077231
v -372.013580 -549.090637 -12.077231
v -372.013580 -549.363770 -12.077231
v -372.013580 -549.636902 -12.077231
v -367.136078 -544.993896 -8.515894
v -364.551819 -543.559998 -6.733101
v -367.136078 -545.266968 -8.515894
v -367.136078 -545.540100 -8.515894
v -367.136078 -545.813232 -8.515894
v -367.136078 -546.086365 -8.515894
v -367.136078 -546.359436 -8.515894
v -367.136078 -546.632568 -8.515894
v -364.551819 -549.909973 -6.733101
v -367.136078 -546.905701 -8.515894
v -367.136078 -547.178833 -8.515894
v -367.136078 -547.451965 -8.515894
v -367.136078 -547.725037 -8.515894
v -367.136078 -547.998169 -8.515894
v -367.136078 -548.271301 -8.515894
v -367.136078 -548.544434 -8.515894
v -367.136078 -548.817505 -8.515894
v -367.136078 -549.090637 -8.515894
v -367.136078 -549.363770 -8.515894
v -367.136078 -549.636902 -8.515894
v -360.205627 -545.540100 -3.875695
v -357.776703 -543.559998 -2.348238
v -360.205627 -545.813232 -3.875695
v -360.205627 -546.086365 -3.875695
v -360.205627 -546.359436 -3.875695
v -360.205627 -546.632568 -3.875695
v -357.776703 -549.909973 -2.348238
v -360.205627 -546.905701 -3.875695
v -360.205627 -547.178833 -3.875695
v -360.205627 -547.451965 -3.875695
v -360.205627 -547.725037 -3.875695
v -360.205627 -547.998169 -3.875695
v -360.205627 -548.271301 -3.875695
v -360.205627 -548.544434 -3.875695
v -360.205627 -548.817505 -3.875695
v -360.205627 -549.090637 -3.875695
v -360.205627 -549.363770 -3.875695
v -360.205627 -549.636902 -3.875695
v -352.455841 -544.720764 0.843196
v -349.586182 -543.559998 2.484685
v -352.455841 -544.993896 0.843196
v -352.455841 -545.266968 0.843196
v -352.455841 -545.540100 0.843196
v -352.455841 -545.813232 0.843196
v -352.455841 -546.086365 0.843196
v -352.455841 -546.359436 0.843196
v -352.455841 -546.632568 0.843196
v -349.586182 -549.909973 2.484685
v -352.455841 -546.905701 0.843196
v -352.455841 -547.178833 0.843196
v -352.455841 -547.451965 0.843196
v -352.455841 -547.725037 0.843196
v -352.455841 -547.998169 0.843196
v -352.455841 -548.271301 0.843196
v -352.455841 -548.544434 0.843196
v -352.455841 -548.817505 0.843196
v -352.455841 -549.090637 0.843196
v -352.455841 -549.363770 0.843196
v -352.455841 -549.636902 0.843196
v -341.591309 -544.720764 6.799084
v -341.591309 -544.993896 6.799084
v -341.591309 -545.266968 6.799084
v -341.591309 -545.540100 6.799084
v -341.591309 -545.813232 6.799084
v -341.591309 -546.086365 6.799084
v -341.591309 -546.359436 6.799084
v -341.591309 -546.632568 6.799084
v -341.591309 -546.905701 6.799084
v -341.591309 -547.178833 6.799084
v -341.591309 -547.451965 6.799084
v -341.591309 -547.725037 6.799084
v -341.591309 -547.998169 6.799084
v -341.591309 -548.271301 6.799084
v -341.591309 -548.544434 6.799084
v -341.591309 -548.817505 6.799084
v -341.591309 -549.090637 6.799084
v -341.591309 -549.363770 6.799084
v -341.591309 -549.636902 6.799084
v -328.662292 -544.447632 13.101363
v -320.663971 -543.559998 16.653168
v -328.662292 -544.720764 13.101363
v -328.662292 -544.993896 13.101363
v -328.662292 -545.266968 13.101363
v -328.662292 -545.540100 13.101363
v -328.662292 -545.813232 13.101363
v -328.662292 -546.086365 13.101363
v -328.662292 -546.359436 13.101363
v -328.662292 -546.632568 13.101363
v -320.663971 -549.909973 16.653168
v -328.662292 -546.905701 13.101363
v -328.662292 -547.178833 13.101363
v -328.662292 -547.451965 13.101363
v -328.662292 -547.725037 13.101363
v -328.662292 -547.998169 13.101363
v -328.662292 -548.271301 13.101363
v -328.662292 -548.544434 13.101363
v -328.662292 -548.817505 13.101363
v -328.662292 -549.090637 13.101363
v -328.662292 -549.363770 13.101363
v -328.662292 -549.636902 13.101363
v -319.125092 -544.174500 17.309551
v -309.353088 -543.559998 21.293161
v -319.125092 -544.447632 17.309551
v -319.125092 -544.720764 17.309551
v -319.125092 -544.993896 17.309551
v -319.125092 -545.266968 17.309551
v -319.125092 -545.540100 17.309551
v -319.125092 -545.813232 17.309551
v -319.125092 -546.086365 17.309551
v -319.125092 -546.359436 17.309551
v -319.125092 -546.632568 17.309551
v -319.125092 -546.905701 17.309551
v -319.125092 -547.178833 17.309551
v -319.125092 -547.451965 17.309551
v -319.125092 -547.725037 17.309551
v -319.125092 -547.998169 17.309551
v -319.125092 -548.271301 17.309551
v -319.125092 -548.544434 17.309551
v -319.125092 -548.817505 17.309551
v -309.353088 -549.909973 21.293161
v -319.125092 -549.090637 17.309551
v -319.125092 -549.363770 17.309551
v -319.125092 -549.636902 17.309551
v -309.182709 -543.628296 21.359936
v -297.207520 -543.559998 25.844254
v -309.182709 -543.901428 21.359936
v -309.182709 -544.174500 21.359936
v -309.182709 -544.447632 21.359936
v -309.182709 -544.720764 21.359936
v -309.182709 -544.993896 21.359936
v -309.182709 -545.266968 21.359936
v -309.182709 -545.540100 21.359936
v -309.182709 -545.813232 21.359936
v -309.182709 -546.086365 21.359936
v -309.182709 -546.359436 21.359936
v -309.182709 -546.632568 21.359936
v -297.207520 -549.909973 25.844254
v -309.182709 -546.905701 21.359936
v -309.182709 -547.178833 21.359936
v -309.182709 -547.451965 21.359936
v -309.182709 -547.725037 21.359936
v -309.182709 -547.998169 21.359936
v -309.182709 -548.271301 21.359936
v -309.182709 -548.544434 21.359936
v -309.182709 -548.817505 21.359936
v -309.182709 -549.090637 21.359936
v -309.182709 -549.363770 21.359936
v -309.182709 -549.636902 21.359936
v -291.850006 -545.540100 27.725876
v -284.287964 -543.559998 30.262751
v -291.850006 -545.813232 27.725876
v -291.850006 -546.086365 27.725876
v -291.850006 -546.359436 27.725876
v -291.850006 -546.632568 27.725876
v -284.287964 -549.909973 30.262751
v -291.850006 -546.905701 27.725876
v -291.850006 -547.178833 27.725876
v -291.850006 -547.451965 27.725876
v -291.850006 -547.725037 27.725876
v -291.850006 -547.998169 27.725876
v -291.850006 -548.271301 27.725876
v -291.850006 -548.544434 27.725876
v -291.850006 -548.817505 27.725876
v -291.850006 -549.090637 27.725876
v -291.850006 -549.363770 27.725876
v -291.850006 -549.636902 27.725876
v -279.096497 -544.720764 31.929247
v -270.543152 -543.559998 34.551792
v -279.096497 -544.993896 31.929247
v -279.096497 -545.266968 31.929247
v -279.096497 -545.540100 31.929247
v -279.096497 -545.813232 31.929247
v -279.096497 -546.086365 31.929247
v -279.096497 -546.359436 31.929247
v -279.096497 -546.632568 31.929247
v -270.543152 -549.909973 34.551792
v -279.096497 -546.905701 31.929247
v -279.096497 -547.178833 31.929247
v -279.096497 -547.451965 31.929247
v -279.096497 -547.725037 31.929247
v -279.096497 -547.998169 31.929247
v -279.096497 -548.271301 31.929247
v -279.096497 -548.544434 31.929247
v -279.096497 -548.817505 31.929247
v -279.096497 -549.090637 31.929247
v -279.096497 -549.363770 31.929247
v -279.096497 -549.636902 31.929247
v -266.242889 -544.720764 35.816040
v -255.722031 -543.559998 38.768024
v -266.242889 -544.993896 35.816040
v -266.242889 -545.266968 35.816040
v -266.242889 -545.540100 35.816040
v -266.242889 -545.813232 35.816040
v -266.242889 -546.086365 35.816040
v -266.242889 -546.359436 35.816040
v -266.242889 -546.632568 35.816040
v -255.722031 -549.909973 38.768024
v -266.242889 -546.905701 35.816040
v -266.242889 -547.178833 35.816040
v -266.242889 -547.451965 35.816040
v -266.242889 -547.725037 35.816040
v -266.242889 -547.998169 35.816040
v -266.242889 -548.271301 35.816040
v -266.242889 -548.544434 35.816040
v -266.242889 -548.817505 35.816040
v -266.242889 -549.090637 35.816040
v -266.242889 -549.363770 35.816040
v -266.242889 -549.636902 35.816040
v -245.852890 -545.540100 41.370438
v -239.809189 -543.559998 42.891495
v -245.852890 -545.813232 41.370438
v -245.852890 -546.086365 41.370438
v -245.852890 -546.359436 41.370438
v -245.852890 -546.632568 41.370438
v -239.809189 -549.909973 42.891495
v -245.852890 -546.905701 41.370438
v -245.852890 -547.178833 41.370438
v -245.852890 -547.451965 41.370438
v -245.852890 -547.725037 41.370438
v -245.852890 -547.998169 41.370438
v -245.852890 -548.271301 41.370438
v -245.852890 -548.544434 41.370438
v -245.852890 -548.817505 41.370438
v -245.852890 -549.090637 41.370438
v -245.852890 -549.363770 41.370438
v -245.852890 -549.636902 41.370438
v -224.847031 -546.086365 46.440979
v -222.534927 -543.559998 46.963722
v -224.847031 -546.359436 46.440979
v -224.847031 -546.632568 46.440979
v -222.534927 -549.909973 46.963722
v -224.847031 -546.905701 46.440979
v -224.847031 -547.178833 46.440979
v -224.847031 -547.451965 46.440979
v -224.847031 -547.725037 46.440979
v -224.847031 -547.998169 46.440979
v -224.847031 -548.271301 46.440979
v -224.847031 -548.544434 46.440979
v -224.847031 -548.817505 46.440979
v -224.847031 -549.090637 46.440979
v -224.847031 -549.363770 46.440979
v -224.847031 -549.636902 46.440979
v -206.075623 -545.540100 50.501282
v -204.153030 -543.559998 50.894493
v -206.075623 -545.813232 50.501282
v -206.075623 -546.086365 50.501282
v -206.075623 -546.359436 50.501282
v -206.075623 -546.632568 50.501282
v -204.153030 -549.909973 50.894493
v -206.075623 -546.905701 50.501282
v -206.075623 -547.178833 50.501282
v -206.075623 -547.451965 50.501282
v -206.075623 -547.725037 50.501282
v -206.075623 -547.998169 50.501282
v -206.075623 -548.271301 50.501282
v -206.075623 -548.544434 50.501282
v -206.075623 -548.817505 50.501282
v -206.075623 -549.090637 50.501282
v -206.075623 -549.363770 50.501282
v -206.075623 -549.636902 50.501282
v -191.764725 -545.540100 53.334965
v -184.649200 -543.559998 54.666790
v -191.764725 -545.813232 53.334965
v -191.764725 -546.086365 53.334965
v -191.764725 -546.359436 53.334965
v -191.764725 -546.632568 53.334965
v -184.649200 -549.909973 54.666790
v -191.764725 -546.905701 53.334965
v -191.764725 -547.178833 53.334965
v -191.764725 -547.451965 53.334965
v -191.764725 -547.725037 53.334965
v -191.764725 -547.998169 53.334965
v -191.764725 -548.271301 53.334965
v -191.764725 -548.544434 53.334965
v -191.764725 -548.817505 53.334965
v -191.764725 -549.090637 53.334965
v -191.764725 -549.363770 53.334965
v -191.764725 -549.636902 53.334965
v -177.416016 -545.813232 55.970608
v -164.050079 -543.559998 58.252827
v -177.416016 -546.086365 55.970608
v -177.416016 -546.359436 55.970608
v -177.416016 -546.632568 55.970608
v -164.050079 -549.909973 58.252827
v -177.416016 -546.905701 55.970608
v -177.416016 -547.178833 55.970608
v -177.416016 -547.451965 55.970608
v -177.416016 -547.725037 55.970608
v -177.416016 -547.998169 55.970608
v -177.416016 -548.271301 55.970608
v -177.416016 -548.544434 55.970608
v -177.416016 -548.817505 55.970608
v -177.416016 -549.090637 55.970608
v -177.416016 -549.363770 55.970608
v -177.416016 -549.636902 55.970608
v -160.830612 -544.447632 58.778805
v -160.830612 -544.174500 58.778805
v -160.830612 -544.720764 58.778805
v -160.830612 -544.993896 58.778805
v -160.830612 -545.266968 58.778805
v -160.830612 -545.540100 58.778805
v -160.830612 -545.813232 58.778805
v -160.830612 -546.086365 58.778805
v -160.830612 -546.359436 58.778805
v -160.830612 -546.632568 58.778805
v -160.830612 -546.905701 58.778805
v -160.830612 -547.178833 58.778805
v -160.830612 -547.451965 58.778805
v -160.830612 -547.725037 58.778805
v -160.830612 -547.998169 58.778805
v -160.830612 -548.271301 58.778805
v -160.830612 -548.544434 58.778805
v -160.830612 -548.817505 58.778805
v -160.830612 -549.090637 58.778805
v -160.830612 -549.363770 58.778805
v -160.830612 -549.636902 58.778805
v -144.127045 -543.628296 61.366112
v -144.127045 -543.901428 61.366112
v -144.127045 -544.174500 61.366112
v -144.127045 -544.447632 61.366112
v -144.127045 -544.720764 61.366112
v -144.127045 -544.993896 61.366112
v -144.127045 -545.266968 61.366112
v -144.127045 -545.540100 61.366112
v -144.127045 -545.813232 61.366112
v -144.127045 -546.086365 61.366112
v -144.127045 -546.359436 61.366112
v -144.127045 -546.632568 61.366112
v -144.127045 -546.905701 61.366112
v -144.127045 -547.178833 61.366112
v -144.127045 -547.451965 61.366112
v -144.127045 -547.725037 61.366112
v -144.127045 -547.998169 61.366112
v -144.127045 -548.271301 61.366112
v -144.127045 -548.544434 61.366112
v -144.127045 -548.817505 61.366112
v -144.127045 -549.090637 61.366112
v -144.127045 -549.363770 61.366112
v -144.127045 -549.636902 61.366112
v -144.127045 -549.841736 61.366112
v -113.266350 -544.993896 65.555466
v -113.266350 -544.720764 65.555466
v -113.266350 -545.266968 65.555466
v -113.266350 -545.540100 65.555466
v -113.266350 -545.813232 65.555466
v -113.266350 -546.086365 65.555466
v -113.266350 -546.359436 65.555466
v -113.266350 -546.632568 65.555466
v -113.266350 -546.905701 65.555466
v -113.266350 -547.178833 65.555466
v -113.266350 -547.451965 65.555466
v -113.266350 -547.725037 65.555466
v -113.266350 -547.998169 65.555466
v -113.266350 -548.271301 65.555466
v -113.266350 -548.544434 65.555466
v -113.266350 -548.817505 65.555466
v -113.266350 -549.090637 65.555466
v -113.266350 -549.363770 65.555466
v -113.266350 -549.636902 65.555466
v -99.157082 -543.901428 67.229492
v -96.989906 -543.559998 67.473717
v -99.157082 -544.174500 67.229492
v -99.157082 -544.447632 67.229492
v -99.157082 -544.720764 67.229492
v -99.157082 -544.993896 67.229492
v -99.157082 -545.266968 67.229492
v -99.157082 -545.540100 67.229492
v -99.157082 -545.813232 67.229492
v -99.157082 -546.086365 67.229492
v -99.157082 -546.359436 67.229492
v -99.157082 -546.632568 67.229492
v -96.989906 -549.909973 67.473717
v -99.157082 -546.905701 67.229492
v -99.157082 -547.178833 67.229492
v -99.157082 -547.451965 67.229492
v -99.157082 -547.725037 67.229492
v -99.157082 -547.998169 67.229492
v -99.157082 -548.271301 67.229492
v -99.157082 -548.544434 67.229492
v -99.157082 -548.817505 67.229492
v -99.157082 -549.090637 67.229492
v -99.157082 -549.363770 67.229492
v -99.157082 -549.636902 67.229492
v -99.157082 -549.841736 67.229492
v -73.656052 -544.174500 69.892357
v -73.281776 -543.559998 69.928055
v -73.656052 -544.447632 69.892357
v -73.656052 -544.720764 69.892357
v -73.656052 -544.993896 69.892357
v -73.656052 -545.266968 69.892357
v -73.656052 -545.540100 69.892357
v -73.656052 -545.813232 69.892357
v -73.656052 -546.086365 69.892357
v -73.656052 -546.359436 69.892357
v -73.656052 -546.632568 69.892357
v -73.656052 -546.905701 69.892357
v -73.656052 -547.178833 69.892357
v -73.656052 -547.451965 69.892357
v -73.281776 -549.909973 69.928055
v -73.656052 -547.725037 69.892357
v -73.656052 -547.998169 69.892357
v -73.656052 -548.271301 69.892357
v -73.656052 -548.544434 69.892357
v -73.656052 -548.817505 69.892357
v -73.656052 -549.090637 69.892357
v -73.656052 -549.363770 69.892357
v -73.656052 -549.636902 69.892357
v -49.465611 -543.628296 72.004433
v -49.100021 -543.559998 72.033356
v -49.465611 -543.901428 72.004433
v -49.465611 -544.174500 72.004433
v -49.465611 -544.447632 72.004433
v -49.465611 -544.720764 72.004433
v -49.465611 -544.993896 72.004433
v -49.465611 -545.266968 72.004433
v -49.465611 -545.540100 72.004433
v -49.465611 -545.813232 72.004433
v -49.465611 -546.086365 72.004433
v -49.465611 -546.359436 72.004433
v -49.465611 -546.632568 72.004433
v -49.465611 -546.905701 72.004433
v -49.465611 -547.178833 72.004433
v -49.465611 -547.451965 72.004433
v -49.100021 -549.909973 72.033356
v -49.465611 -547.725037 72.004433
v -49.465611 -547.998169 72.004433
v -49.465611 -548.271301 72.004433
v -49.465611 -548.544434 72.004433
v -49.465611 -548.817505 72.004433
v -49.465611 -549.090637 72.004433
v -49.465611 -549.363770 72.004433
v -49.465611 -549.636902 72.004433
v -28.048620 -543.901428 73.551743
v -28.048620 -544.174500 73.551743
v -28.048620 -544.447632 73.551743
v -28.048620 -544.720764 73.551743
v -28.048620 -544.993896 73.551743
v -28.048620 -545.266968 73.551743
v -28.048620 -545.540100 73.551743
v -28.048620 -545.813232 73.551743
v -28.048620 -546.086365 73.551743
v -28.048620 -546.359436 73.551743
v -28.048620 -546.632568 73.551743
v -28.048620 -546.905701 73.551743
v -28.048620 -547.178833 73.551743
v -28.048620 -547.451965 73.551743
v -28.048620 -547.725037 73.551743
v -28.048620 -547.998169 73.551743
v -28.048620 -548.271301 73.551743
v -28.048620 -548.544434 73.551743
v -28.048620 -548.817505 73.551743
v -28.048620 -549.090637 73.551743
v -28.048620 -549.363770 73.551743
v -28.048620 -549.636902 73.551743
v 6.327869 -544.720764 75.425545
v 6.327869 -544.447632 75.425545
v 6.327869 -544.993896 75.425545
v 6.327869 -545.266968 75.425545
v 6.327869 -545.540100 75.425545
v 6.327869 -545.813232 75.425545
v 6.327869 -546.086365 75.425545
v 6.327869 -546.359436 75.425545
v 6.327869 -546.632568 75.425545
v 6.327869 -546.905701 75.425545
v 6.327869 -547.178833 75.425545
v 6.327869 -547.451965 75.425545
v 6.327869 -547.725037 75.425545
v 6.327869 -547.998169 75.425545
v 6.327869 -548.271301 75.425545
v 6.327869 -548.544434 75.425545
v 6.327869 -548.817505 75.425545
v 6.327869 -549.090637 75.425545
v 6.327869 -549.363770 75.425545
v 6.327869 -549.636902 75.425545
v 20.681637 -543.901428 75.992393
v 26.247192 -543.559998 76.178574
v 20.681637 -544.174500 75.992393
v 20.681637 -544.447632 75.992393
v 20.681637 -544.720764 75.992393
v 20.681637 -544.993896 75.992393
v 20.681637 -545.266968 75.992393
v 20.681637 -545.540100 75.992393
v 20.681637 -545.813232 75.992393
v 20.681637 -546.086365 75.992393
v 20.681637 -546.359436 75.992393
v 20.681637 -546.632568 75.992393
v 26.247192 -549.909973 76.178574
v 20.681637 -546.905701 75.992393
v 20.681637 -547.178833 75.992393
v 20.681637 -547.451965 75.992393
v 20.681637 -547.725037 75.992393
v 20.681637 -547.998169 75.992393
v 20.681637 -548.271301 75.992393
v 20.681637 -548.544434 75.992393
v 20.681637 -548.817505 75.992393
v 20.681637 -549.090637 75.992393
v 20.681637 -549.363770 75.992393
v 20.681637 -549.636902 75.992393
v 20.681637 -549.841736 75.992393
v 45.112240 -546.086365 76.671471
v 45.112240 -546.359436 76.671471
v 45.112240 -546.632568 76.671471
v 45.112240 -546.905701 76.671471
v 45.112240 -547.178833 76.671471
v 45.112240 -547.451965 76.671471
v 45.112240 -547.725037 76.671471
v 45.112240 -547.998169 76.671471
v 45.112240 -548.271301 76.671471
v 45.112240 -548.544434 76.671471
v 45.112240 -548.817505 76.671471
v 45.112240 -549.090637 76.671471
v 45.112240 -549.363770 76.671471
v 45.112240 -549.636902 76.671471
v 79.663528 -545.540100 77.028816
v 79.663528 -545.266968 77.028816
v 79.663528 -545.813232 77.028816
v 79.663528 -546.086365 77.028816
v 79.663528 -546.359436 77.028816
v 79.663528 -546.632568 77.028816
v 79.663528 -546.905701 77.028816
v 79.663528 -547.178833 77.028816
v 79.663528 -547.451965 77.028816
v 79.663528 -547.725037 77.028816
v 79.663528 -547.998169 77.028816
v 79.663528 -548.271301 77.028816
v 79.663528 -548.544434 77.028816
v 79.663528 -548.817505 77.028816
v 79.663528 -549.090637 77.028816
v 79.663528 -549.363770 77.028816
v 79.663528 -549.636902 77.028816
v 102.740761 -543.628296 76.884750
v 104.455772 -543.559998 76.862106
v 102.740761 -543.901428 76.884750
v 102.740761 -544.174500 76.884750
v 102.740761 -544.447632 76.884750
v 102.740761 -544.720764 76.884750
v 102.740761 -544.993896 76.884750
v 102.740761 -545.266968 76.884750
v 102.740761 -545.540100 76.884750
v 102.740761 -545.813232 76.884750
v 102.740761 -546.086365 76.884750
v 102.740761 -546.359436 76.884750
v 102.740761 -546.632568 76.884750
v 104.455772 -549.909973 76.862106
v 102.740761 -546.905701 76.884750
v 102.740761 -547.178833 76.884750
v 102.740761 -547.451965 76.884750
v 102.740761 -547.725037 76.884750
v 102.740761 -547.998169 76.884750
v 102.740761 -548.271301 76.884750
v 102.740761 -548.544434 76.884750
v 102.740761 -548.817505 76.884750
v 102.740761 -549.090637 76.884750
v 102.740761 -549.363770 76.884750
v 102.740761 -549.636902 76.884750
v 127.290573 -546.359436 76.406067
v 127.290573 -546.632568 76.406067
v 127.290573 -546.905701 76.406067
v 127.290573 -547.178833 76.406067
v 127.290573 -547.451965 76.406067
v 127.290573 -547.725037 76.406067
v 127.290573 -547.998169 76.406067
v 127.290573 -548.271301 76.406067
v 127.290573 -548.544434 76.406067
v 127.290573 -548.817505 76.406067
v 127.290573 -549.090637 76.406067
v 127.290573 -549.363770 76.406067
v 127.290573 -549.636902 76.406067
v 160.535477 -543.901428 75.234634
v 185.952316 -543.559998 73.942215
v 160.535477 -544.174500 75.234634
v 160.535477 -544.447632 75.234634
v 160.535477 -544.720764 75.234634
v 160.535477 -544.993896 75.234634
v 160.535477 -545.266968 75.234634
v 160.535477 -545.540100 75.234634
v 160.535477 -545.813232 75.234634
v 160.535477 -546.086365 75.234634
v 160.535477 -546.359436 75.234634
v 160.535477 -546.632568 75.234634
v 185.952316 -549.909973 73.942215
v 160.535477 -546.905701 75.234634
v 160.535477 -547.178833 75.234634
v 160.535477 -547.451965 75.234634
v 160.535477 -547.725037 75.234634
v 160.535477 -547.998169 75.234634
v 160.535477 -548.271301 75.234634
v 160.535477 -548.544434 75.234634
v 160.535477 -548.817505 75.234634
v 160.535477 -549.090637 75.234634
v 160.535477 -549.363770 75.234634
v 160.535477 -549.636902 75.234634
v 190.905441 -546.359436 73.650833
v 213.671844 -543.559998 72.148949
v 190.905441 -546.632568 73.650833
v 213.671844 -549.909973 72.148949
v 190.905441 -546.905701 73.650833
v 190.905441 -547.178833 73.650833
v 190.905441 -547.451965 73.650833
v 190.905441 -547.725037 73.650833
v 190.905441 -547.998169 73.650833
v 190.905441 -548.271301 73.650833
v 190.905441 -548.544434 73.650833
v 190.905441 -548.817505 73.650833
v 190.905441 -549.090637 73.650833
v 190.905441 -549.363770 73.650833
v 190.905441 -549.636902 73.650833
v 219.836914 -544.447632 71.696404
v 241.601028 -543.559998 69.944061
v 219.836914 -544.720764 71.696404
v 219.836914 -544.993896 71.696404
v 219.836914 -545.266968 71.696404
v 219.836914 -545.540100 71.696404
v 219.836914 -545.813232 71.696404
v 219.836914 -546.086365 71.696404
v 219.836914 -546.359436 71.696404
v 219.836914 -546.632568 71.696404
v 241.601028 -549.909973 69.944061
v 219.836914 -546.905701 71.696404
v 219.836914 -547.178833 71.696404
v 219.836914 -547.451965 71.696404
v 219.836914 -547.725037 71.696404
v 219.836914 -547.998169 71.696404
v 219.836914 -548.271301 71.696404
v 219.836914 -548.544434 71.696404
v 219.836914 -548.817505 71.696404
v 219.836914 -549.090637 71.696404
v 219.836914 -549.363770 71.696404
v 219.836914 -549.636902 71.696404
v 248.770599 -544.447632 69.314453
v 269.845032 -543.559998 67.315689
v 248.770599 -544.720764 69.314453
v 248.770599 -544.993896 69.314453
v 248.770599 -545.266968 69.314453
v 248.770599 -545.540100 69.314453
v 248.770599 -545.813232 69.314453
v 248.770599 -546.086365 69.314453
v 248.770599 -546.359436 69.314453
v 248.770599 -546.632568 69.314453
v 269.845032 -549.909973 67.315689
v 248.770599 -546.905701 69.314453
v 248.770599 -547.178833 69.314453
v 248.770599 -547.451965 69.314453
v 248.770599 -547.725037 69.314453
v 248.770599 -547.998169 69.314453
v 248.770599 -548.271301 69.314453
v 248.770599 -548.544434 69.314453
v 248.770599 -548.817505 69.314453
v 248.770599 -549.090637 69.314453
v 248.770599 -549.363770 69.314453
v 248.770599 -549.636902 69.314453
v 274.806305 -544.174500 66.813370
v 298.465057 -543.559998 64.252090
v 274.806305 -544.447632 66.813370
v 274.806305 -544.720764 66.813370
v 274.806305 -544.993896 66.813370
v 274.806305 -545.266968 66.813370
v 274.806305 -545.540100 66.813370
v 274.806305 -545.813232 66.813370
v 274.806305 -546.086365 66.813370
v 274.806305 -546.359436 66.813370
v 274.806305 -546.632568 66.813370
v 298.465057 -549.909973 64.252090
v 274.806305 -546.905701 66.813370
v 274.806305 -547.178833 66.813370
v 274.806305 -547.451965 66.813370
v 274.806305 -547.725037 66.813370
v 274.806305 -547.998169 66.813370
v 274.806305 -548.271301 66.813370
v 274.806305 -548.544434 66.813370
v 274.806305 -548.817505 66.813370
v 274.806305 -549.090637 66.813370
v 274.806305 -549.363770 66.813370
v 274.806305 -549.636902 66.813370
v 310.950958 -544.993896 62.790565
v 327.238525 -543.559998 60.771614
v 310.950958 -545.266968 62.790565
v 310.950958 -545.540100 62.790565
v 310.950958 -545.813232 62.790565
v 310.950958 -546.086365 62.790565
v 310.950958 -546.359436 62.790565
v 310.950958 -546.632568 62.790565
v 327.238525 -549.909973 60.771614
v 310.950958 -546.905701 62.790565
v 310.950958 -547.178833 62.790565
v 310.950958 -547.451965 62.790565
v 310.950958 -547.725037 62.790565
v 310.950958 -547.998169 62.790565
v 310.950958 -548.271301 62.790565
v 310.950958 -548.544434 62.790565
v 310.950958 -548.817505 62.790565
v 310.950958 -549.090637 62.790565
v 310.950958 -549.363770 62.790565
v 310.950958 -549.636902 62.790565
v 334.073242 -544.720764 59.886875
v 334.073242 -544.447632 59.886875
v 334.073242 -544.993896 59.886875
v 334.073242 -545.266968 59.886875
v 334.073242 -545.540100 59.886875
v 334.073242 -545.813232 59.886875
v 334.073242 -546.086365 59.886875
v 334.073242 -546.359436 59.886875
v 334.073242 -546.632568 59.886875
v 334.073242 -546.905701 59.886875
v 334.073242 -547.178833 59.886875
v 334.073242 -547.451965 59.886875
v 334.073242 -547.725037 59.886875
v 334.073242 -547.998169 59.886875
v 334.073242 -548.271301 59.886875
v 334.073242 -548.544434 59.886875
v 334.073242 -548.817505 59.886875
v 334.073242 -549.090637 59.886875
v 334.073242 -549.363770 59.886875
v 334.073242 -549.636902 59.886875
v 355.741943 -543.628296 56.936771
v 355.741943 -543.901428 56.936771
v 355.741943 -544.174500 56.936771
v 355.741943 -544.447632 56.936771
v 355.741943 -544.720764 56.936771
v 355.741943 -544.993896 56.936771
v 355.741943 -545.266968 56.936771
v 355.741943 -545.540100 56.936771
v 355.741943 -545.813232 56.936771
v 355.741943 -546.086365 56.936771
v 355.741943 -546.359436 56.936771
v 355.741943 -546.632568 56.936771
v 355.741943 -546.905701 56.936771
v 355.741943 -547.178833 56.936771
v 355.741943 -547.451965 56.936771
v 355.741943 -547.725037 56.936771
v 355.741943 -547.998169 56.936771
v 355.741943 -548.271301 56.936771
v 355.741943 -548.544434 56.936771
v 355.741943 -548.817505 56.936771
v 355.741943 -549.090637 56.936771
v 355.741943 -549.363770 56.936771
v 355.741943 -549.636902 56.936771
v 355.741943 -549.841736 56.936771
v 394.721588 -544.720764 51.085556
v 415.755432 -543.559998 47.643265
v 394.721588 -544.993896 51.085556
v 394.721588 -545.266968 51.085556
v 394.721588 -545.540100 51.085556
v 394.721588 -545.813232 51.085556
v 394.721588 -546.086365 51.085556
v 394.721588 -546.359436 51.085556
v 394.721588 -546.632568 51.085556
v 415.755432 -549.909973 47.643265
v 394.721588 -546.905701 51.085556
v 394.721588 -547.178833 51.085556
v 394.721588 -547.451965 51.085556
v 394.721588 -547.725037 51.085556
v 394.721588 -547.998169 51.085556
v 394.721588 -548.271301 51.085556
v 394.721588 -548.544434 51.085556
v 394.721588 -548.817505 51.085556
v 394.721588 -549.090637 51.085556
v 394.721588 -549.363770 51.085556
v 394.721588 -549.636902 51.085556
v 427.898254 -545.266968 45.567375
v 427.898254 -544.993896 45.567375
v 427.898254 -545.540100 45.567375
v 427.898254 -545.813232 45.567375
v 427.898254 -546.086365 45.567375
v 427.898254 -546.359436 45.567375
v 427.898254 -546.632568 45.567375
v 427.898254 -546.905701 45.567375
v 427.898254 -547.178833 45.567375
v 427.898254 -547.451965 45.567375
v 427.898254 -547.725037 45.567375
v 427.898254 -547.998169 45.567375
v 427.898254 -548.271301 45.567375
v 427.898254 -548.544434 45.567375
v 427.898254 -548.817505 45.567375
v 427.898254 -549.090637 45.567375
v 427.898254 -549.363770 45.567375
v 427.898254 -549.636902 45.567375
v 443.755371 -543.901428 42.759830
v 446.167511 -543.559998 42.323284
v 443.755371 -544.174500 42.759830
v 443.755371 -544.447632 42.759830
v 443.755371 -544.720764 42.759830
v 443.755371 -544.993896 42.759830
v 443.755371 -545.266968 42.759830
v 443.755371 -545.540100 42.759830
v 443.755371 -545.813232 42.759830
v 443.755371 -546.086365 42.759830
v 443.755371 -546.359436 42.759830
v 443.755371 -546.632568 42.759830
v 446.167511 -549.909973 42.323284
v 443.755371 -546.905701 42.759830
v 443.755371 -547.178833 42.759830
v 443.755371 -547.451965 42.759830
v 443.755371 -547.725037 42.759830
v 443.755371 -547.998169 42.759830
v 443.755371 -548.271301 42.759830
v 443.755371 -548.544434 42.759830
v 443.755371 -548.817505 42.759830
v 443.755371 -549.090637 42.759830
v 443.755371 -549.363770 42.759830
v 443.755371 -549.636902 42.759830
v 443.755371 -549.841736 42.759830
v 472.573914 -546.359436 37.384003
v 477.062836 -543.559998 36.515476
v 472.573914 -546.632568 37.384003
v 477.062836 -549.909973 36.515476
v 472.573914 -546.905701 37.384003
v 472.573914 -547.178833 37.384003
v 472.573914 -547.451965 37.384003
v 472.573914 -547.725037 37.384003
v 472.573914 -547.998169 37.384003
v 472.573914 -548.271301 37.384003
v 472.573914 -548.544434 37.384003
v 472.573914 -548.817505 37.384003
v 472.573914 -549.090637 37.384003
v 472.573914 -549.363770 37.384003
v 472.573914 -549.636902 37.384003
v 497.059601 -544.720764 32.546345
v 508.501343 -543.559998 30.203037
v 497.059601 -544.993896 32.546345
v 497.059601 -545.266968 32.546345
v 497.059601 -545.540100 32.546345
v 497.059601 -545.813232 32.546345
v 497.059601 -546.086365 32.546345
v 497.059601 -546.359436 32.546345
v 497.059601 -546.632568 32.546345
v 508.501343 -549.909973 30.203037
v 497.059601 -546.905701 32.546345
v 497.059601 -547.178833 32.546345
v 497.059601 -547.451965 32.546345
v 497.059601 -547.725037 32.546345
v 497.059601 -547.998169 32.546345
v 497.059601 -548.271301 32.546345
v 497.059601 -548.544434 32.546345
v 497.059601 -548.817505 32.546345
v 497.059601 -549.090637 32.546345
v 497.059601 -549.363770 32.546345
v 497.059601 -549.636902 32.546345
v 530.161987 -544.720764 25.626005
v 540.652466 -543.559998 23.343794
v 530.161987 -544.993896 25.626005
v 530.161987 -545.266968 25.626005
v 530.161987 -545.540100 25.626005
v 530.161987 -545.813232 25.626005
v 530.161987 -546.086365 25.626005
v 530.161987 -546.359436 25.626005
v 530.161987 -546.632568 25.626005
v 540.652466 -549.909973 23.343794
v 530.161987 -546.905701 25.626005
v 530.161987 -547.178833 25.626005
v 530.161987 -547.451965 25.626005
v 530.161987 -547.725037 25.626005
v 530.161987 -547.998169 25.626005
v 530.161987 -548.271301 25.626005
v 530.161987 -548.544434 25.626005
v 530.161987 -548.817505 25.626005
v 530.161987 -549.090637 25.626005
v 530.161987 -549.363770 25.626005
v 530.161987 -549.636902 25.626005
v 573.285767 -543.628296 15.978166
v 573.291992 -543.559998 15.976718
v 573.285767 -543.901428 15.978166
v 606.934204 -543.559998 7.981627
v 573.285767 -544.174500 15.978166
v 573.285767 -544.447632 15.978166
v 573.285767 -544.720764 15.978166
v 573.285767 -544.993896 15.978166
v 573.285767 -545.266968 15.978166
v 573.285767 -545.540100 15.978166
v 573.285767 -545.813232 15.978166
v 573.285767 -546.086365 15.978166
v 573.285767 -546.359436 15.978166
v 573.285767 -546.632568 15.978166
v 606.934204 -549.909973 7.981627
v 573.285767 -546.905701 15.978166
v 573.285767 -547.178833 15.978166
v 573.285767 -547.451965 15.978166
v 573.285767 -547.725037 15.978166
v 573.285767 -547.998169 15.978166
v 573.285767 -548.271301 15.978166
v 573.285767 -548.544434 15.978166
v 573.285767 -548.817505 15.978166
v 573.285767 -549.090637 15.978166
v 573.285767 -549.363770 15.978166
v 573.291992 -549.909973 15.976718
v 573.285767 -549.636902 15.978166
v 573.285767 -549.841736 15.978166
v 619.282776 -544.720764 4.950514
v 641.969604 -543.559998 -0.747090
v 619.282776 -544.993896 4.950514
v 619.282776 -545.266968 4.950514
v 619.282776 -545.540100 4.950514
v 619.282776 -545.813232 4.950514
v 619.282776 -546.086365 4.950514
v 619.282776 -546.359436 4.950514
v 619.282776 -546.632568 4.950514
v 641.969604 -549.909973 -0.747090
v 619.282776 -546.905701 4.950514
v 619.282776 -547.178833 4.950514
v 619.282776 -547.451965 4.950514
v 619.282776 -547.725037 4.950514
v 619.282776 -547.998169 4.950514
v 619.282776 -548.271301 4.950514
v 619.282776 -548.544434 4.950514
v 619.282776 -548.817505 4.950514
v 619.282776 -549.090637 4.950514
v 619.282776 -549.363770 4.950514
v 619.282776 -549.636902 4.950514
v 656.609253 -544.993896 -4.510247
v 678.086731 -543.559998 -10.151358
v 656.609253 -545.266968 -4.510247
v 656.609253 -545.540100 -4.510247
v 656.609253 -545.813232 -4.510247
v 656.609253 -546.086365 -4.510247
v 656.609253 -546.359436 -4.510247
v 656.609253 -546.632568 -4.510247
v 678.086731 -549.909973 -10.151358
v 656.609253 -546.905701 -4.510247
v 656.609253 -547.178833 -4.510247
v 656.609253 -547.451965 -4.510247
v 656.609253 -547.725037 -4.510247
v 656.609253 -547.998169 -4.510247
v 656.609253 -548.271301 -4.510247
v 656.609253 -548.544434 -4.510247
v 656.609253 -548.817505 -4.510247
v 656.609253 -549.090637 -4.510247
v 656.609253 -549.363770 -4.510247
v 656.609253 -549.636902 -4.510247
v 698.125061 -544.993896 -15.542008
v 711.553040 -543.559998 -19.237059
v 698.125061 -545.266968 -15.542008
v 698.125061 -545.540100 -15.542008
v 698.125061 -545.813232 -15.542008
v 698.125061 -546.086365 -15.542008
v 698.125061 -546.359436 -15.542008
v 698.125061 -546.632568 -15.542008
v 711.553040 -549.909973 -19.237059
v 698.125061 -546.905701 -15.542008
v 698.125061 -547.178833 -15.542008
v 698.125061 -547.451965 -15.542008
v 698.125061 -547.725037 -15.542008
v 698.125061 -547.998169 -15.542008
v 698.125061 -548.271301 -15.542008
v 698.125061 -548.544434 -15.542008
v 698.125061 -548.817505 -15.542008
v 698.125061 -549.090637 -15.542008
v 698.125061 -549.363770 -15.542008
v 698.125061 -549.636902 -15.542008
v 734.409241 -546.086365 -25.753103
v 736.813904 -543.559998 -26.459366
v 734.409241 -546.359436 -25.753103
v 734.409241 -546.632568 -25.753103
v 736.813904 -549.909973 -26.459366
v 734.409241 -546.905701 -25.753103
v 734.409241 -547.178833 -25.753103
v 734.409241 -547.451965 -25.753103
v 734.409241 -547.725037 -25.753103
v 734.409241 -547.998169 -25.753103
v 734.409241 -548.271301 -25.753103
v 734.409241 -548.544434 -25.753103
v 734.409241 -548.817505 -25.753103
v 734.409241 -549.090637 -25.753103
v 734.409241 -549.363770 -25.753103
v 734.409241 -549.636902 -25.753103
v 749.333374 -544.174500 -30.209127
v 749.333374 -544.447632 -30.209127
v 749.333374 -544.720764 -30.209127
v 749.333374 -544.993896 -30.209127
v 749.333374 -545.266968 -30.209127
v 749.333374 -545.540100 -30.209127
v 749.333374 -545.813232 -30.209127
v 749.333374 -546.086365 -30.209127
v 749.333374 -546.359436 -30.209127
v 749.333374 -546.632568 -30.209127
v 749.333374 -546.905701 -30.209127
v 749.333374 -547.178833 -30.209127
v 749.333374 -547.451965 -30.209127
v 749.333374 -547.725037 -30.209127
v 749.333374 -547.998169 -30.209127
v 749.333374 -548.271301 -30.209127
v 749.333374 -548.544434 -30.209127
v 749.333374 -548.817505 -30.209127
v 749.333374 -549.090637 -30.209127
v 749.333374 -549.363770 -30.209127
v 749.333374 -549.636902 -30.209127
v 783.469238 -545.813232 -40.943634
v 792.450012 -543.559998 -43.776669
v 783.469238 -546.086365 -40.943634
v 783.469238 -546.359436 -40.943634
v 783.469238 -546.632568 -40.943634
v 792.450012 -549.909973 -43.776669
v 783.469238 -546.905701 -40.943634
v 783.469238 -547.178833 -40.943634
v 783.469238 -547.451965 -40.943634
v 783.469238 -547.725037 -40.943634
v 783.469238 -547.998169 -40.943634
v 783.469238 -548.271301 -40.943634
v 783.469238 -548.544434 -40.943634
v 783.469238 -548.817505 -40.943634
v 783.469238 -549.090637 -40.943634
v 783.469238 -549.363770 -40.943634
v 783.469238 -549.636902 -40.943634
v -399.823059 -543.559998 -47.270248
v -398.710510 -543.559998 -44.329037
v -397.229279 -543.559998 -41.337093
v -394.907013 -543.559998 -37.483170
v -392.119965 -543.559998 -33.584579
v -388.484100 -543.559998 -29.203754
v -384.409058 -543.559998 -24.889927
v -379.851501 -543.559998 -20.583027
v -374.454773 -543.559998 -16.002947
v -368.723816 -543.559998 -11.609881
v -362.446655 -543.559998 -7.234820
v -355.575653 -543.559998 -2.862502
v -347.319153 -543.559998 1.929475
v -338.500946 -543.559998 6.594691
v -328.691742 -543.559998 11.337052
v -318.031616 -543.559998 16.045702
v -306.581940 -543.559998 20.664858
v -294.305939 -543.559998 25.187099
v -281.288666 -543.559998 29.562979
v -267.378052 -543.559998 33.829082
v -252.336548 -543.559998 38.032578
v -236.167618 -543.559998 42.146847
v -218.675354 -543.559998 46.193668
v -200.126724 -543.559998 50.083832
v -180.376984 -543.559998 53.827385
v -159.594955 -543.559998 57.367809
v -137.833267 -543.559998 60.675011
v -115.280861 -543.559998 63.701881
v -92.115067 -543.559998 66.411446
v -68.311707 -543.559998 68.796295
v -44.034622 -543.559998 70.830475
v -19.248112 -543.559998 72.509132
v 5.934104 -543.559998 73.816681
v 31.521160 -543.559998 74.747154
v 57.368885 -543.559998 75.288063
v 83.458664 -543.559998 75.435875
v 109.907494 -543.559998 75.189102
v 136.832397 -543.559998 74.540070
v 161.290512 -543.559998 73.605270
v 186.807556 -543.559998 72.300102
v 211.616272 -543.559998 70.704613
v 239.206619 -543.559998 68.551712
v 267.579010 -543.559998 65.941093
v 281.941772 -543.559998 64.469757
v 296.293640 -543.559998 62.899120
v 324.990051 -543.559998 59.457657
v 353.910828 -543.559998 55.589081
v 383.389740 -543.559998 51.246414
v 398.418152 -543.559998 48.881954
v 413.434265 -543.559998 46.419605
v 443.808105 -543.559998 41.136967
v 474.465942 -543.559998 35.401577
v 505.714783 -543.559998 29.153456
v 537.879089 -543.559998 22.320427
v 570.846130 -543.559998 14.912738
v 604.262756 -543.559998 6.998191
v 638.648987 -543.559998 -1.548063
v 657.090881 -543.559998 -6.282978
v 675.489746 -543.559998 -11.105220
v 708.423645 -543.559998 -20.015718
v 721.470459 -543.559998 -23.678833
v 734.391663 -543.559998 -27.409273
v 755.719543 -543.559998 -33.834103
v 774.131897 -543.559998 -39.632305
v 791.976990 -543.559998 -45.294682
v 791.976990 -549.909973 -45.294682
v 774.131897 -549.909973 -39.632305
v 755.719543 -549.909973 -33.834106
v 734.391663 -549.909973 -27.409275
v 721.470459 -549.909973 -23.678837
v 708.423645 -549.909973 -20.015720
v 675.489746 -549.909973 -11.105223
v 657.090881 -549.909973 -6.282981
v 638.648987 -549.909973 -1.548066
v 604.262756 -549.909973 6.998188
v 570.846130 -549.909973 14.912736
v 537.879089 -549.909973 22.320425
v 505.714783 -549.909973 29.153454
v 474.465973 -549.909973 35.401577
v 443.808136 -549.909973 41.136967
v 413.434265 -549.909973 46.419605
v 398.418152 -549.909973 48.881954
v 383.389740 -549.909973 51.246414
v 353.910828 -549.909973 55.589081
v 324.990051 -549.909973 59.457657
v 296.293640 -549.909973 62.899120
v 281.941803 -549.909973 64.469757
v 267.579010 -549.909973 65.941093
v 239.206635 -549.909973 68.551712
v 211.616287 -549.909973 70.704613
v 186.807571 -549.909973 72.300102
v 161.290512 -549.909973 73.605270
v 136.832397 -549.909973 74.540070
v 109.907501 -549.909973 75.189102
v 83.458679 -549.909973 75.435875
v 57.368893 -549.909973 75.288063
v 31.521168 -549.909973 74.747154
v 5.934113 -549.909973 73.816681
v -19.248102 -549.909973 72.509140
v -44.034615 -549.909973 70.830475
v -68.311699 -549.909973 68.796295
v -92.115059 -549.909973 66.411453
v -115.280853 -549.909973 63.701881
v -137.833252 -549.909973 60.675011
v -159.594955 -549.909973 57.367809
v -180.376968 -549.909973 53.827385
v -200.126724 -549.909973 50.083832
v -218.675339 -549.909973 46.193668
v -236.167618 -549.909973 42.146851
v -252.336548 -549.909973 38.032581
v -267.378052 -549.909973 33.829082
v -281.288666 -549.909973 29.562981
v -294.305939 -549.909973 25.187101
v -306.581940 -549.909973 20.664858
v -318.031616 -549.909973 16.045704
v -328.691742 -549.909973 11.337053
v -338.500946 -549.909973 6.594692
v -347.319153 -549.909973 1.929476
v -355.575653 -549.909973 -2.862500
v -362.446655 -549.909973 -7.234819
v -368.723816 -549.909973 -11.609879
v -374.454742 -549.909973 -16.002945
v -379.851501 -549.909973 -20.583025
v -384.409058 -549.909973 -24.889925
v -388.484100 -549.909973 -29.203753
v -392.119965 -549.909973 -33.584576
v -394.907013 -549.909973 -37.483170
v -397.229279 -549.909973 -41.337093
v -398.710510 -549.909973 -44.329037
v -399.823059 -549.909973 -47.270248
v -390.420044 -546.734985 -31.458773
v -386.567017 -546.734985 -27.109777
v 774.272705 -546.734985 -39.681248
v -398.800903 -549.909973 -40.901115
v -396.546478 -543.559998 -37.086349
v -398.800903 -543.559998 -40.901115
v -396.546478 -549.909973 -37.086349
v -340.873688 -543.559998 7.169369
v -331.143433 -549.909973 11.948867
v -331.143433 -543.559998 11.948867
v -340.873688 -549.909973 7.169369
v -142.455933 -549.909973 61.612209
v -120.064751 -543.559998 64.695770
v -142.455933 -543.559998 61.612209
v -120.064751 -549.909973 64.695770
v -24.404902 -549.909973 73.785545
v 0.684804 -549.909973 75.168251
v -24.404902 -543.559998 73.785545
v 0.684804 -543.559998 75.168251
v 52.055222 -549.909973 76.799492
v 78.066147 -549.909973 77.027580
v 52.055222 -543.559998 76.799492
v 78.066147 -543.559998 77.027580
v 131.333908 -549.909973 76.295502
v 158.448257 -549.909973 75.325584
v 131.333908 -543.559998 76.295502
v 158.448257 -543.559998 75.325584
v 356.383881 -543.559998 56.846031
v 385.891663 -549.909973 52.471455
v 385.891663 -543.559998 52.471455
v 356.383881 -549.909973 56.846031
v 751.051636 -543.559998 -30.733591
v 765.192383 -549.909973 -35.131504
v 765.192383 -543.559998 -35.131504
v 751.051636 -549.909973 -30.733591
v -401.343079 -549.909973 -46.803692
v -401.322998 -549.636902 -46.738647
v -401.343079 -543.559998 -46.803692
v -400.318756 -543.901428 -44.040520
v -400.239349 -543.559998 -43.856468
v -400.318756 -544.174500 -44.040520
v -400.318756 -544.447632 -44.040520
v -400.318756 -544.720764 -44.040520
v -400.318756 -544.993896 -44.040520
v -400.318756 -545.266968 -44.040520
v -400.318756 -545.540100 -44.040520
v -400.318756 -545.813232 -44.040520
v -400.318756 -546.086365 -44.040520
v -400.318756 -546.359436 -44.040520
v -400.318756 -546.632568 -44.040520
v -400.318756 -546.905701 -44.040520
v -400.318756 -547.178833 -44.040520
v -400.318756 -547.451965 -44.040520
v -400.318756 -547.725037 -44.040520
v -400.318756 -547.998169 -44.040520
v -400.239349 -549.909973 -43.856468
v -400.318756 -548.271301 -44.040520
v -400.318756 -548.544434 -44.040520
v -400.318756 -548.817505 -44.040520
v -400.318756 -549.090637 -44.040520
v -400.318756 -549.363770 -44.040520
v -400.318756 -549.636902 -44.040520
v -399.022278 -543.901428 -41.319771
v -399.022278 -544.174500 -41.319771
v -399.022278 -544.447632 -41.319771
v -399.022278 -544.720764 -41.319771
v -399.022278 -544.993896 -41.319771
v -399.022278 -545.266968 -41.319771
v -399.022278 -545.540100 -41.319771
v -399.022278 -545.813232 -41.319771
v -399.022278 -546.086365 -41.319771
v -399.022278 -546.359436 -41.319771
v -399.022278 -546.632568 -41.319771
v -399.022278 -546.905701 -41.319771
v -399.022278 -547.178833 -41.319771
v -399.022278 -547.451965 -41.319771
v -399.022278 -547.725037 -41.319771
v -399.022278 -547.998169 -41.319771
v -399.022278 -548.271301 -41.319771
v -399.022278 -548.544434 -41.319771
v -399.022278 -548.817505 -41.319771
v -399.022278 -549.090637 -41.319771
v -399.022278 -549.363770 -41.319771
v -399.022278 -549.636902 -41.319771
v -396.367126 -543.901428 -36.810154
v -393.798126 -543.559998 -33.163029
v -396.367126 -544.174500 -36.810154
v -396.367126 -544.447632 -36.810154
v -396.367126 -544.720764 -36.810154
v -396.367126 -544.993896 -36.810154
v -396.367126 -545.266968 -36.810154
v -396.367126 -545.540100 -36.810154
v -396.367126 -545.813232 -36.810154
v -396.367126 -546.086365 -36.810154
v -396.367126 -546.359436 -36.810154
v -396.367126 -546.632568 -36.810154
v -393.798126 -549.909973 -33.163029
v -396.367126 -546.905701 -36.810154
v -396.367126 -547.178833 -36.810154
v -396.367126 -547.451965 -36.810154
v -396.367126 -547.725037 -36.810154
v -396.367126 -547.998169 -36.810154
v -396.367126 -548.271301 -36.810154
v -396.367126 -548.544434 -36.810154
v -396.367126 -548.817505 -36.810154
v -396.367126 -549.090637 -36.810154
v -396.367126 -549.363770 -36.810154
v -396.367126 -549.636902 -36.810154
v -392.586212 -544.720764 -31.602358
v -390.291992 -543.559998 -28.852236
v -392.586212 -544.993896 -31.602358
v -392.586212 -545.266968 -31.602358
v -392.586212 -545.540100 -31.602358
v -392.586212 -545.813232 -31.602358
v -392.586212 -546.086365 -31.602358
v -392.586212 -546.359436 -31.602358
v -392.586212 -546.632568 -31.602358
v -392.586212 -546.905701 -31.602358
v -392.586212 -547.178833 -31.602358
v -392.586212 -547.451965 -31.602358
v -390.291992 -549.909973 -28.852236
v -392.586212 -547.725037 -31.602358
v -392.586212 -547.998169 -31.602358
v -392.586212 -548.271301 -31.602358
v -392.586212 -548.544434 -31.602358
v -392.586212 -548.817505 -31.602358
v -392.586212 -549.090637 -31.602358
v -392.586212 -549.363770 -31.602358
v -392.586212 -549.636902 -31.602358
v -389.969757 -544.174500 -28.483809
v -389.969757 -543.901428 -28.483809
v -389.969757 -544.447632 -28.483809
v -389.969757 -544.720764 -28.483809
v -389.969757 -544.993896 -28.483809
v -389.969757 -545.266968 -28.483809
v -389.969757 -545.540100 -28.483809
v -389.969757 -545.813232 -28.483809
v -389.969757 -546.086365 -28.483809
v -389.969757 -546.359436 -28.483809
v -389.969757 -546.632568 -28.483809
v -389.969757 -546.905701 -28.483809
v -389.969757 -547.178833 -28.483809
v -389.969757 -547.451965 -28.483809
v -389.969757 -547.725037 -28.483809
v -389.969757 -547.998169 -28.483809
v -389.969757 -548.271301 -28.483809
v -389.969757 -548.544434 -28.483809
v -389.969757 -548.817505 -28.483809
v -389.969757 -549.090637 -28.483809
v -389.969757 -549.363770 -28.483809
v -389.969757 -549.636902 -28.483809
v -386.809357 -543.628296 -25.061819
v -386.270233 -543.559998 -24.508780
v -386.809357 -543.901428 -25.061819
v -386.809357 -544.174500 -25.061819
v -386.809357 -544.447632 -25.061819
v -386.809357 -544.720764 -25.061819
v -386.809357 -544.993896 -25.061819
v -386.809357 -545.266968 -25.061819
v -386.809357 -545.540100 -25.061819
v -386.809357 -545.813232 -25.061819
v -386.809357 -546.086365 -25.061819
v -386.809357 -546.359436 -25.061819
v -386.809357 -546.632568 -25.061819
v -386.270233 -549.909973 -24.508780
v -386.809357 -546.905701 -25.061819
v -386.809357 -547.178833 -25.061819
v -386.809357 -547.451965 -25.061819
v -386.809357 -547.725037 -25.061819
v -386.809357 -547.998169 -25.061819
v -386.809357 -548.271301 -25.061819
v -386.809357 -548.544434 -25.061819
v -386.809357 -548.817505 -25.061819
v -386.809357 -549.090637 -25.061819
v -386.809357 -549.363770 -25.061819
v -386.809357 -549.636902 -25.061819
v -381.848511 -543.901428 -20.246229
v -381.726501 -543.559998 -20.134798
v -381.848511 -544.174500 -20.246229
v -381.848511 -544.447632 -20.246229
v -381.848511 -544.720764 -20.246229
v -381.848511 -544.993896 -20.246229
v -381.848511 -545.266968 -20.246229
v -381.848511 -545.540100 -20.246229
v -381.848511 -545.813232 -20.246229
v -381.848511 -546.086365 -20.246229
v -381.848511 -546.359436 -20.246229
v -381.848511 -546.632568 -20.246229
v -381.848511 -546.905701 -20.246229
v -381.848511 -547.178833 -20.246229
v -381.848511 -547.451965 -20.246229
v -381.848511 -547.725037 -20.246229
v -381.848511 -547.998169 -20.246229
v -381.848511 -548.271301 -20.246229
v -381.848511 -548.544434 -20.246229
v -381.726501 -549.909973 -20.134798
v -381.848511 -548.817505 -20.246229
v -381.848511 -549.090637 -20.246229
v -381.848511 -549.363770 -20.246229
v -381.848511 -549.636902 -20.246229
v -376.413910 -543.559998 -15.546021
v -376.378876 -543.901428 -15.517322
v -376.378876 -543.628296 -15.517322
v -376.378876 -544.174500 -15.517322
v -376.378876 -544.447632 -15.517322
v -376.378876 -544.720764 -15.517322
v -376.378876 -544.993896 -15.517322
v -376.378876 -545.266968 -15.517322
v -376.378876 -545.540100 -15.517322
v -376.378876 -545.813232 -15.517322
v -376.378876 -546.086365 -15.517322
v -376.378876 -546.359436 -15.517322
v -376.378876 -546.632568 -15.517322
v -376.378876 -546.905701 -15.517322
v -376.378876 -547.178833 -15.517322
v -376.378876 -547.451965 -15.517322
v -376.378876 -547.725037 -15.517322
v -376.378876 -547.998169 -15.517322
v -376.378876 -548.271301 -15.517322
v -376.378876 -548.544434 -15.517322
v -376.378876 -548.817505 -15.517322
v -376.413910 -549.909973 -15.546021
v -376.378876 -549.090637 -15.517322
v -376.378876 -549.363770 -15.517322
v -376.378876 -549.636902 -15.517322
v -376.378876 -549.841736 -15.517322
v -372.013580 -543.628296 -12.077231
v -370.756714 -543.559998 -11.133080
v -372.013580 -543.901428 -12.077231
v -372.013580 -544.174500 -12.077231
v -372.013580 -544.447632 -12.077231
v -372.013580 -544.720764 -12.077231
v -372.013580 -544.993896 -12.077231
v -372.013580 -545.266968 -12.077231
v -372.013580 -545.540100 -12.077231
v -372.013580 -545.813232 -12.077231
v -372.013580 -546.086365 -12.077231
v -372.013580 -546.359436 -12.077231
v -372.013580 -546.632568 -12.077231
v -370.756714 -549.909973 -11.133080
v -372.013580 -546.905701 -12.077231
v -372.013580 -547.178833 -12.077231
v -372.013580 -547.451965 -12.077231
v -372.013580 -547.725037 -12.077231
v -372.013580 -547.998169 -12.077231
v -372.013580 -548.271301 -12.077231
v -372.013580 -548.544434 -12.077231
v -372.013580 -548.817505 -12.077231
v -372.013580 -549.090637 -12.077231
v -372.013580 -549.363770 -12.077231
v -372.013580 -549.636902 -12.077231
v -367.136078 -544.993896 -8.515894
v -364.551819 -543.559998 -6.733101
v -367.136078 -545.266968 -8.515894
v -367.136078 -545.540100 -8.515894
v -367.136078 -545.813232 -8.515894
v -367.136078 -546.086365 -8.515894
v -367.136078 -546.359436 -8.515894
v -367.136078 -546.632568 -8.515894
v -364.551819 -549.909973 -6.733101
v -367.136078 -546.905701 -8.515894
v -367.136078 -547.178833 -8.515894
v -367.136078 -547.451965 -8.515894
v -367.136078 -547.725037 -8.515894
v -367.136078 -547.998169 -8.515894
v -367.136078 -548.271301 -8.515894
v -367.136078 -548.544434 -8.515894
v -367.136078 -548.817505 -8.515894
v -367.136078 -549.090637 -8.515894
v -367.136078 -549.363770 -8.515894
v -367.136078 -549.636902 -8.515894
v -360.205627 -545.540100 -3.875695
v -357.776703 -543.559998 -2.348238
v -360.205627 -545.813232 -3.875695
v -360.205627 -546.086365 -3.875695
v -360.205627 -546.359436 -3.875695
v -360.205627 -546.632568 -3.875695
v -357.776703 -549.909973 -2.348238
v -360.205627 -546.905701 -3.875695
v -360.205627 -547.178833 -3.875695
v -360.205627 -547.451965 -3.875695
v -360.205627 -547.725037 -3.875695
v -360.205627 -547.998169 -3.875695
v -360.205627 -548.271301 -3.875695
v -360.205627 -548.544434 -3.875695
v -360.205627 -548.817505 -3.875695
v -360.205627 -549.090637 -3.875695
v -360.205627 -549.363770 -3.875695
v -360.205627 -549.636902 -3.875695
v -352.455841 -544.720764 0.843196
v -349.586182 -543.559998 2.484685
v -352.455841 -544.993896 0.843196
v -352.455841 -545.266968 0.843196
v -352.455841 -545.540100 0.843196
v -352.455841 -545.813232 0.843196
v -352.455841 -546.086365 0.843196
v -352.455841 -546.359436 0.843196
v -352.455841 -546.632568 0.843196
v -349.586182 -549.909973 2.484685
v -352.455841 -546.905701 0.843196
v -352.455841 -547.178833 0.843196
v -352.455841 -547.451965 0.843196
v -352.455841 -547.725037 0.843196
v -352.455841 -547.998169 0.843196
v -352.455841 -548.271301 0.843196
v -352.455841 -548.544434 0.843196
v -352.455841 -548.817505 0.843196
v -352.455841 -549.090637 0.843196
v -352.455841 -549.363770 0.843196
v -352.455841 -549.636902 0.843196
v -341.591309 -544.720764 6.799084
v -341.591309 -544.993896 6.799084
v -341.591309 -545.266968 6.799084
v -341.591309 -545.540100 6.799084
v -341.591309 -545.813232 6.799084
v -341.591309 -546.086365 6.799084
v -341.591309 -546.359436 6.799084
v -341.591309 -546.632568 6.799084
v -341.591309 -546.905701 6.799084
v -341.591309 -547.178833 6.799084
v -341.591309 -547.451965 6.799084
v -341.591309 -547.725037 6.799084
v -341.591309 -547.998169 6.799084
v -341.591309 -548.271301 6.799084
v -341.591309 -548.544434 6.799084
v -341.591309 -548.817505 6.799084
v -341.591309 -549.090637 6.799084
v -341.591309 -549.363770 6.799084
v -341.591309 -549.636902 6.799084
v -328.662292 -544.447632 13.101363
v -320.663971 -543.559998 16.653168
v -328.662292 -544.720764 13.101363
v -328.662292 -544.993896 13.101363
v -328.662292 -545.266968 13.101363
v -328.662292 -545.540100 13.101363
v -328.662292 -545.813232 13.101363
v -328.662292 -546.086365 13.101363
v -328.662292 -546.359436 13.101363
v -328.662292 -546.632568 13.101363
v -320.663971 -549.909973 16.653168
v -328.662292 -546.905701 13.101363
v -328.662292 -547.178833 13.101363
v -328.662292 -547.451965 13.101363
v -328.662292 -547.725037 13.101363
v -328.662292 -547.998169 13.101363
v -328.662292 -548.271301 13.101363
v -328.662292 -548.544434 13.101363
v -328.662292 -548.817505 13.101363
v -328.662292 -549.090637 13.101363
v -328.662292 -549.363770 13.101363
v -328.662292 -549.636902 13.101363
v -319.125092 -544.174500 17.309551
v -309.353088 -543.559998 21.293161
v -319.125092 -544.447632 17.309551
v -319.125092 -544.720764 17.309551
v -319.125092 -544.993896 17.309551
v -319.125092 -545.266968 17.309551
v -319.125092 -545.540100 17.309551
v -319.125092 -545.813232 17.309551
v -319.125092 -546.086365 17.309551
v -319.125092 -546.359436 17.309551
v -319.125092 -546.632568 17.309551
v -319.125092 -546.905701 17.309551
v -319.125092 -547.178833 17.309551
v -319.125092 -547.451965 17.309551
v -319.125092 -547.725037 17.309551
v -319.125092 -547.998169 17.309551
v -319.125092 -548.271301 17.309551
v -319.125092 -548.544434 17.309551
v -319.125092 -548.817505 17.309551
v -309.353088 -549.909973 21.293161
v -319.125092 -549.090637 17.309551
v -319.125092 -549.363770 17.309551
v -319.125092 -549.636902 17.309551
v -309.182709 -543.628296 21.359936
v -297.207520 -543.559998 25.844254
v -309.182709 -543.901428 21.359936
v -309.182709 -544.174500 21.359936
v -309.182709 -544.447632 21.359936
v -309.182709 -544.720764 21.359936
v -309.182709 -544.993896 21.359936
v -309.182709 -545.266968 21.359936
v -309.182709 -545.540100 21.359936
v -309.182709 -545.813232 21.359936
v -309.182709 -546.086365 21.359936
v -309.182709 -546.359436 21.359936
v -309.182709 -546.632568 21.359936
v -297.207520 -549.909973 25.844254
v -309.182709 -546.905701 21.359936
v -309.182709 -547.178833 21.359936
v -309.182709 -547.451965 21.359936
v -309.182709 -547.725037 21.359936
v -309.182709 -547.998169 21.359936
v -309.182709 -548.271301 21.359936
v -309.182709 -548.544434 21.359936
v -309.182709 -548.817505 21.359936
v -309.182709 -549.090637 21.359936
v -309.182709 -549.363770 21.359936
v -309.182709 -549.636902 21.359936
v -291.850006 -545.540100 27.725876
v -284.287964 -543.559998 30.262751
v -291.850006 -545.813232 27.725876
v -291.850006 -546.086365 27.725876
v -291.850006 -546.359436 27.725876
v -291.850006 -546.632568 27.725876
v -284.287964 -549.909973 30.262751
v -291.850006 -546.905701 27.725876
v -291.850006 -547.178833 27.725876
v -291.850006 -547.451965 27.725876
v -291.850006 -547.725037 27.725876
v -291.850006 -547.998169 27.725876
v -291.850006 -548.271301 27.725876
v -291.850006 -548.544434 27.725876
v -291.850006 -548.817505 27.725876
v -291.850006 -549.090637 27.725876
v -291.850006 -549.363770 27.725876
v -291.850006 -549.636902 27.725876
v -279.096497 -544.720764 31.929247
v -270.543152 -543.559998 34.551792
v -279.096497 -544.993896 31.929247
v -279.096497 -545.266968 31.929247
v -279.096497 -545.540100 31.929247
v -279.096497 -545.813232 31.929247
v -279.096497 -546.086365 31.929247
v -279.096497 -546.359436 31.929247
v -279.096497 -546.632568 31.929247
v -270.543152 -549.909973 34.551792
v -279.096497 -546.905701 31.929247
v -279.096497 -547.178833 31.929247
v -279.096497 -547.451965 31.929247
v -279.096497 -547.725037 31.929247
v -279.096497 -547.998169 31.929247
v -279.096497 -548.271301 31.929247
v -279.096497 -548.544434 31.929247
v -279.096497 -548.817505 31.929247
v -279.096497 -549.090637 31.929247
v -279.096497 -549.363770 31.929247
v -279.096497 -549.636902 31.929247
v -266.242889 -544.720764 35.816040
v -255.722031 -543.559998 38.768024
v -266.242889 -544.993896 35.816040
v -266.242889 -545.266968 35.816040
v -266.242889 -545.540100 35.816040
v -266.242889 -545.813232 35.816040
v -266.242889 -546.086365 35.816040
v -266.242889 -546.359436 35.816040
v -266.242889 -546.632568 35.816040
v -255.722031 -549.909973 38.768024
v -266.242889 -546.905701 35.816040
v -266.242889 -547.178833 35.816040
v -266.242889 -547.451965 35.816040
v -266.242889 -547.725037 35.816040
v -266.242889 -547.998169 35.816040
v -266.242889 -548.271301 35.816040
v -266.242889 -548.544434 35.816040
v -266.242889 -548.817505 35.816040
v -266.242889 -549.090637 35.816040
v -266.242889 -549.363770 35.816040
v -266.242889 -549.636902 35.816040
v -245.852890 -545.540100 41.370438
v -239.809189 -543.559998 42.891495
v -245.852890 -545.813232 41.370438
v -245.852890 -546.086365 41.370438
v -245.852890 -546.359436 41.370438
v -245.852890 -546.632568 41.370438
v -239.809189 -549.909973 42.891495
v -245.852890 -546.905701 41.370438
v -245.852890 -547.178833 41.370438
v -245.852890 -547.451965 41.370438
v -245.852890 -547.725037 41.370438
v -245.852890 -547.998169 41.370438
v -245.852890 -548.271301 41.370438
v -245.852890 -548.544434 41.370438
v -245.852890 -548.817505 41.370438
v -245.852890 -549.090637 41.370438
v -245.852890 -549.363770 41.370438
v -245.852890 -549.636902 41.370438
v -224.847031 -546.086365 46.440979
v -222.534927 -543.559998 46.963722
v -224.847031 -546.359436 46.440979
v -224.847031 -546.632568 46.440979
v -222.534927 -549.909973 46.963722
v -224.847031 -546.905701 46.440979
v -224.847031 -547.178833 46.440979
v -224.847031 -547.451965 46.440979
v -224.847031 -547.725037 46.440979
v -224.847031 -547.998169 46.440979
v -224.847031 -548.271301 46.440979
v -224.847031 -548.544434 46.440979
v -224.847031 -548.817505 46.440979
v -224.847031 -549.090637 46.440979
v -224.847031 -549.363770 46.440979
v -224.847031 -549.636902 46.440979
v -206.075623 -545.540100 50.501282
v -204.153030 -543.559998 50.894493
v -206.075623 -545.813232 50.501282
v -206.075623 -546.086365 50.501282
v -206.075623 -546.359436 50.501282
v -206.075623 -546.632568 50.501282
v -204.153030 -549.909973 50.894493
v -206.075623 -546.905701 50.501282
v -206.075623 -547.178833 50.501282
v -206.075623 -547.451965 50.501282
v -206.075623 -547.725037 50.501282
v -206.075623 -547.998169 50.501282
v -206.075623 -548.271301 50.501282
v -206.075623 -548.544434 50.501282
v -206.075623 -548.817505 50.501282
v -206.075623 -549.090637 50.501282
v -206.075623 -549.363770 50.501282
v -206.075623 -549.636902 50.501282
v -191.764725 -545.540100 53.334965
v -184.649200 -543.559998 54.666790
v -191.764725 -545.813232 53.334965
v -191.764725 -546.086365 53.334965
v -191.764725 -546.359436 53.334965
v -191.764725 -546.632568 53.334965
v -184.649200 -549.909973 54.666790
v -191.764725 -546.905701 53.334965
v -191.764725 -547.178833 53.334965
v -191.764725 -547.451965 53.334965
v -191.764725 -547.725037 53.334965
v -191.764725 -547.998169 53.334965
v -191.764725 -548.271301 53.334965
v -191.764725 -548.544434 53.334965
v -191.764725 -548.817505 53.334965
v -191.764725 -549.090637 53.334965
v -191.764725 -549.363770 53.334965
v -191.764725 -549.636902 53.334965
v -177.416016 -545.813232 55.970608
v -164.050079 -543.559998 58.252827
v -177.416016 -546.086365 55.970608
v -177.416016 -546.359436 55.970608
v -177.416016 -546.632568 55.970608
v -164.050079 -549.909973 58.252827
v -177.416016 -546.905701 55.970608
v -177.416016 -547.178833 55.970608
v -177.416016 -547.451965 55.970608
v -177.416016 -547.725037 55.970608
v -177.416016 -547.998169 55.970608
v -177.416016 -548.271301 55.970608
v -177.416016 -548.544434 55.970608
v -177.416016 -548.817505 55.970608
v -177.416016 -549.090637 55.970608
v -177.416016 -549.363770 55.970608
v -177.416016 -549.636902 55.970608
v -160.830612 -544.447632 58.778805
v -160.830612 -544.174500 58.778805
v -160.830612 -544.720764 58.778805
v -160.830612 -544.993896 58.778805
v -160.830612 -545.266968 58.778805
v -160.830612 -545.540100 58.778805
v -160.830612 -545.813232 58.778805
v -160.830612 -546.086365 58.778805
v -160.830612 -546.359436 58.778805
v -160.830612 -546.632568 58.778805
v -160.830612 -546.905701 58.778805
v -160.830612 -547.178833 58.778805
v -160.830612 -547.451965 58.778805
v -160.830612 -547.725037 58.778805
v -160.830612 -547.998169 58.778805
v -160.830612 -548.271301 58.778805
v -160.830612 -548.544434 58.778805
v -160.830612 -548.817505 58.778805
v -160.830612 -549.090637 58.778805
v -160.830612 -549.363770 58.778805
v -160.830612 -549.636902 58.778805
v -144.127045 -543.628296 61.366112
v -144.127045 -543.901428 61.366112
v -144.127045 -544.174500 61.366112
v -144.127045 -544.447632 61.366112
v -144.127045 -544.720764 61.366112
v -144.127045 -544.993896 61.366112
v -144.127045 -545.266968 61.366112
v -144.127045 -545.540100 61.366112
v -144.127045 -545.813232 61.366112
v -144.127045 -546.086365 61.366112
v -144.127045 -546.359436 61.366112
v -144.127045 -546.632568 61.366112
v -144.127045 -546.905701 61.366112
v -144.127045 -547.178833 61.366112
v -144.127045 -547.451965 61.366112
v -144.127045 -547.725037 61.366112
v -144.127045 -547.998169 61.366112
v -144.127045 -548.271301 61.366112
v -144.127045 -548.544434 61.366112
v -144.127045 -548.817505 61.366112
v -144.127045 -549.090637 61.366112
v -144.127045 -549.363770 61.366112
v -144.127045 -549.636902 61.366112
v -144.127045 -549.841736 61.366112
v -113.266350 -544.993896 65.555466
v -113.266350 -544.720764 65.555466
v -113.266350 -545.266968 65.555466
v -113.266350 -545.540100 65.555466
v -113.266350 -545.813232 65.555466
v -113.266350 -546.086365 65.555466
v -113.266350 -546.359436 65.555466
v -113.266350 -546.632568 65.555466
v -113.266350 -546.905701 65.555466
v -113.266350 -547.178833 65.555466
v -113.266350 -547.451965 65.555466
v -113.266350 -547.725037 65.555466
v -113.266350 -547.998169 65.555466
v -113.266350 -548.271301 65.555466
v -113.266350 -548.544434 65.555466
v -113.266350 -548.817505 65.555466
v -113.266350 -549.090637 65.555466
v -113.266350 -549.363770 65.555466
v -113.266350 -549.636902 65.555466
v -99.157082 -543.901428 67.229492
v -96.989906 -543.559998 67.473717
v -99.157082 -544.174500 67.229492
v -99.157082 -544.447632 67.229492
v -99.157082 -544.720764 67.229492
v -99.157082 -544.993896 67.229492
v -99.157082 -545.266968 67.229492
v -99.157082 -545.540100 67.229492
v -99.157082 -545.813232 67.229492
v -99.157082 -546.086365 67.229492
v -99.157082 -546.359436 67.229492
v -99.157082 -546.632568 67.229492
v -96.989906 -549.909973 67.473717
v -99.157082 -546.905701 67.229492
v -99.157082 -547.178833 67.229492
v -99.157082 -547.451965 67.229492
v -99.157082 -547.725037 67.229492
v -99.157082 -547.998169 67.229492
v -99.157082 -548.271301 67.229492
v -99.157082 -548.544434 67.229492
v -99.157082 -548.817505 67.229492
v -99.157082 -549.090637 67.229492
v -99.157082 -549.363770 67.229492
v -99.157082 -549.636902 67.229492
v -99.157082 -549.841736 67.229492
v -73.656052 -544.174500 69.892357
v -73.281776 -543.559998 69.928055
v -73.656052 -544.447632 69.892357
v -73.656052 -544.720764 69.892357
v -73.656052 -544.993896 69.892357
v -73.656052 -545.266968 69.892357
v -73.656052 -545.540100 69.892357
v -73.656052 -545.813232 69.892357
v -73.656052 -546.086365 69.892357
v -73.656052 -546.359436 69.892357
v -73.656052 -546.632568 69.892357
v -73.656052 -546.905701 69.892357
v -73.656052 -547.178833 69.892357
v -73.656052 -547.451965 69.892357
v -73.281776 -549.909973 69.928055
v -73.656052 -547.725037 69.892357
v -73.656052 -547.998169 69.892357
v -73.656052 -548.271301 69.892357
v -73.656052 -548.544434 69.892357
v -73.656052 -548.817505 69.892357
v -73.656052 -549.090637 69.892357
v -73.656052 -549.363770 69.892357
v -73.656052 -549.636902 69.892357
v -49.465611 -543.628296 72.004433
v -49.100021 -543.559998 72.033356
v -49.465611 -543.901428 72.004433
v -49.465611 -544.174500 72.004433
v -49.465611 -544.447632 72.004433
v -49.465611 -544.720764 72.004433
v -49.465611 -544.993896 72.004433
v -49.465611 -545.266968 72.004433
v -49.465611 -545.540100 72.004433
v -49.465611 -545.813232 72.004433
v -49.465611 -546.086365 72.004433
v -49.465611 -546.359436 72.004433
v -49.465611 -546.632568 72.004433
v -49.465611 -546.905701 72.004433
v -49.465611 -547.178833 72.004433
v -49.465611 -547.451965 72.004433
v -49.100021 -549.909973 72.033356
v -49.465611 -547.725037 72.004433
v -49.465611 -547.998169 72.004433
v -49.465611 -548.271301 72.004433
v -49.465611 -548.544434 72.004433
v -49.465611 -548.817505 72.004433
v -49.465611 -549.090637 72.004433
v -49.465611 -549.363770 72.004433
v -49.465611 -549.636902 72.004433
v -28.048620 -543.901428 73.551743
v -28.048620 -544.174500 73.551743
v -28.048620 -544.447632 73.551743
v -28.048620 -544.720764 73.551743
v -28.048620 -544.993896 73.551743
v -28.048620 -545.266968 73.551743
v -28.048620 -545.540100 73.551743
v -28.048620 -545.813232 73.551743
v -28.048620 -546.086365 73.551743
v -28.048620 -546.359436 73.551743
v -28.048620 -546.632568 73.551743
v -28.048620 -546.905701 73.551743
v -28.048620 -547.178833 73.551743
v -28.048620 -547.451965 73.551743
v -28.048620 -547.725037 73.551743
v -28.048620 -547.998169 73.551743
v -28.048620 -548.271301 73.551743
v -28.048620 -548.544434 73.551743
v -28.048620 -548.817505 73.551743
v -28.048620 -549.090637 73.551743
v -28.048620 -549.363770 73.551743
v -28.048620 -549.636902 73.551743
v 6.327869 -544.720764 75.425545
v 6.327869 -544.447632 75.425545
v 6.327869 -544.993896 75.425545
v 6.327869 -545.266968 75.425545
v 6.327869 -545.540100 75.425545
v 6.327869 -545.813232 75.425545
v 6.327869 -546.086365 75.425545
v 6.327869 -546.359436 75.425545
v 6.327869 -546.632568 75.425545
v 6.327869 -546.905701 75.425545
v 6.327869 -547.178833 75.425545
v 6.327869 -547.451965 75.425545
v 6.327869 -547.725037 75.425545
v 6.327869 -547.998169 75.425545
v 6.327869 -548.271301 75.425545
v 6.327869 -548.544434 75.425545
v 6.327869 -548.817505 75.425545
v 6.327869 -549.090637 75.425545
v 6.327869 -549.363770 75.425545
v 6.327869 -549.636902 75.425545
v 20.681637 -543.901428 75.992393
v 26.247192 -543.559998 76.178574
v 20.681637 -544.174500 75.992393
v 20.681637 -544.447632 75.992393
v 20.681637 -544.720764 75.992393
v 20.681637 -544.993896 75.992393
v 20.681637 -545.266968 75.992393
v 20.681637 -545.540100 75.992393
v 20.681637 -545.813232 75.992393
v 20.681637 -546.086365 75.992393
v 20.681637 -546.359436 75.992393
v 20.681637 -546.632568 75.992393
v 26.247192 -549.909973 76.178574
v 20.681637 -546.905701 75.992393
v 20.681637 -547.178833 75.992393
v 20.681637 -547.451965 75.992393
v 20.681637 -547.725037 75.992393
v 20.681637 -547.998169 75.992393
v 20.681637 -548.271301 75.992393
v 20.681637 -548.544434 75.992393
v 20.681637 -548.817505 75.992393
v 20.681637 -549.090637 75.992393
v 20.681637 -549.363770 75.992393
v 20.681637 -549.636902 75.992393
v 20.681637 -549.841736 75.992393
v 45.112240 -546.086365 76.671471
v 45.112240 -546.359436 76.671471
v 45.112240 -546.632568 76.671471
v 45.112240 -546.905701 76.671471
v 45.112240 -547.178833 76.671471
v 45.112240 -547.451965 76.671471
v 45.112240 -547.725037 76.671471
v 45.112240 -547.998169 76.671471
v 45.112240 -548.271301 76.671471
v 45.112240 -548.544434 76.671471
v 45.112240 -548.817505 76.671471
v 45.112240 -549.090637 76.671471
v 45.112240 -549.363770 76.671471
v 45.112240 -549.636902 76.671471
v 79.663528 -545.540100 77.028816
v 79.663528 -545.266968 77.028816
v 79.663528 -545.813232 77.028816
v 79.663528 -546.086365 77.028816
v 79.663528 -546.359436 77.028816
v 79.663528 -546.632568 77.028816
v 79.663528 -546.905701 77.028816
v 79.663528 -547.178833 77.028816
v 79.663528 -547.451965 77.028816
v 79.663528 -547.725037 77.028816
v 79.663528 -547.998169 77.028816
v 79.663528 -548.271301 77.028816
v 79.663528 -548.544434 77.028816
v 79.663528 -548.817505 77.028816
v 79.663528 -549.090637 77.028816
v 79.663528 -549.363770 77.028816
v 79.663528 -549.636902 77.028816
v 102.740761 -543.628296 76.884750
v 104.455772 -543.559998 76.862106
v 102.740761 -543.901428 76.884750
v 102.740761 -544.174500 76.884750
v 102.740761 -544.447632 76.884750
v 102.740761 -544.720764 76.884750
v 102.740761 -544.993896 76.884750
v 102.740761 -545.266968 76.884750
v 102.740761 -545.540100 76.884750
v 102.740761 -545.813232 76.884750
v 102.740761 -546.086365 76.884750
v 102.740761 -546.359436 76.884750
v 102.740761 -546.632568 76.884750
v 104.455772 -549.909973 76.862106
v 102.740761 -546.905701 76.884750
v 102.740761 -547.178833 76.884750
v 102.740761 -547.451965 76.884750
v 102.740761 -547.725037 76.884750
v 102.740761 -547.998169 76.884750
v 102.740761 -548.271301 76.884750
v 102.740761 -548.544434 76.884750
v 102.740761 -548.817505 76.884750
v 102.740761 -549.090637 76.884750
v 102.740761 -549.363770 76.884750
v 102.740761 -549.636902 76.884750
v 127.290573 -546.359436 76.406067
v 127.290573 -546.632568 76.406067
v 127.290573 -546.905701 76.406067
v 127.290573 -547.178833 76.406067
v 127.290573 -547.451965 76.406067
v 127.290573 -547.725037 76.406067
v 127.290573 -547.998169 76.406067
v 127.290573 -548.271301 76.406067
v 127.290573 -548.544434 76.406067
v 127.290573 -548.817505 76.406067
v 127.290573 -549.090637 76.406067
v 127.290573 -549.363770 76.406067
v 127.290573 -549.636902 76.406067
v 160.535477 -543.901428 75.234634
v 185.952316 -543.559998 73.942215
v 160.535477 -544.174500 75.234634
v 160.535477 -544.447632 75.234634
v 160.535477 -544.720764 75.234634
v 160.535477 -544.993896 75.234634
v 160.535477 -545.266968 75.234634
v 160.535477 -545.540100 75.234634
v 160.535477 -545.813232 75.234634
v 160.535477 -546.086365 75.234634
v 160.535477 -546.359436 75.234634
v 160.535477 -546.632568 75.234634
v 185.952316 -549.909973 73.942215
v 160.535477 -546.905701 75.234634
v 160.535477 -547.178833 75.234634
v 160.535477 -547.451965 75.234634
v 160.535477 -547.725037 75.234634
v 160.535477 -547.998169 75.234634
v 160.535477 -548.271301 75.234634
v 160.535477 -548.544434 75.234634
v 160.535477 -548.817505 75.234634
v 160.535477 -549.090637 75.234634
v 160.535477 -549.363770 75.234634
v 160.535477 -549.636902 75.234634
v 190.905441 -546.359436 73.650833
v 213.671844 -543.559998 72.148949
v 190.905441 -546.632568 73.650833
v 213.671844 -549.909973 72.148949
v 190.905441 -546.905701 73.650833
v 190.905441 -547.178833 73.650833
v 190.905441 -547.451965 73.650833
v 190.905441 -547.725037 73.650833
v 190.905441 -547.998169 73.650833
v 190.905441 -548.271301 73.650833
v 190.905441 -548.544434 73.650833
v 190.905441 -548.817505 73.650833
v 190.905441 -549.090637 73.650833
v 190.905441 -549.363770 73.650833
v 190.905441 -549.636902 73.650833
v 219.836914 -544.447632 71.696404
v 241.601028 -543.559998 69.944061
v 219.836914 -544.720764 71.696404
v 219.836914 -544.993896 71.696404
v 219.836914 -545.266968 71.696404
v 219.836914 -545.540100 71.696404
v 219.836914 -545.813232 71.696404
v 219.836914 -546.086365 71.696404
v 219.836914 -546.359436 71.696404
v 219.836914 -546.632568 71.696404
v 241.601028 -549.909973 69.944061
v 219.836914 -546.905701 71.696404
v 219.836914 -547.178833 71.696404
v 219.836914 -547.451965 71.696404
v 219.836914 -547.725037 71.696404
v 219.836914 -547.998169 71.696404
v 219.836914 -548.271301 71.696404
v 219.836914 -548.544434 71.696404
v 219.836914 -548.817505 71.696404
v 219.836914 -549.090637 71.696404
v 219.836914 -549.363770 71.696404
v 219.836914 -549.636902 71.696404
v 248.770599 -544.447632 69.314453
v 269.845032 -543.559998 67.315689
v 248.770599 -544.720764 69.314453
v 248.770599 -544.993896 69.314453
v 248.770599 -545.266968 69.314453
v 248.770599 -545.540100 69.314453
v 248.770599 -545.813232 69.314453
v 248.770599 -546.086365 69.314453
v 248.770599 -546.359436 69.314453
v 248.770599 -546.632568 69.314453
v 269.845032 -549.909973 67.315689
v 248.770599 -546.905701 69.314453
v 248.770599 -547.178833 69.314453
v 248.770599 -547.451965 69.314453
v 248.770599 -547.725037 69.314453
v 248.770599 -547.998169 69.314453
v 248.770599 -548.271301 69.314453
v 248.770599 -548.544434 69.314453
v 248.770599 -548.817505 69.314453
v 248.770599 -549.090637 69.314453
v 248.770599 -549.363770 69.314453
v 248.770599 -549.636902 69.314453
v 274.806305 -544.174500 66.813370
v 298.465057 -543.559998 64.252090
v 274.806305 -544.447632 66.813370
v 274.806305 -544.720764 66.813370
v 274.806305 -544.993896 66.813370
v 274.806305 -545.266968 66.813370
v 274.806305 -545.540100 66.813370
v 274.806305 -545.813232 66.813370
v 274.806305 -546.086365 66.813370
v 274.806305 -546.359436 66.813370
v 274.806305 -546.632568 66.813370
v 298.465057 -549.909973 64.252090
v 274.806305 -546.905701 66.813370
v 274.806305 -547.178833 66.813370
v 274.806305 -547.451965 66.813370
v 274.806305 -547.725037 66.813370
v 274.806305 -547.998169 66.813370
v 274.806305 -548.271301 66.813370
v 274.806305 -548.544434 66.813370
v 274.806305 -548.817505 66.813370
v 274.806305 -549.090637 66.813370
v 274.806305 -549.363770 66.813370
v 274.806305 -549.636902 66.813370
v 310.950958 -544.993896 62.790565
v 327.238525 -543.559998 60.771614
v 310.950958 -545.266968 62.790565
v 310.950958 -545.540100 62.790565
v 310.950958 -545.813232 62.790565
v 310.950958 -546.086365 62.790565
v 310.950958 -546.359436 62.790565
v 310.950958 -546.632568 62.790565
v 327.238525 -549.909973 60.771614
v 310.950958 -546.905701 62.790565
v 310.950958 -547.178833 62.790565
v 310.950958 -547.451965 62.790565
v 310.950958 -547.725037 62.790565
v 310.950958 -547.998169 62.790565
v 310.950958 -548.271301 62.790565
v 310.950958 -548.544434 62.790565
v 310.950958 -548.817505 62.790565
v 310.950958 -549.090637 62.790565
v 310.950958 -549.363770 62.790565
v 310.950958 -549.636902 62.790565
v 334.073242 -544.720764 59.886875
v 334.073242 -544.447632 59.886875
v 334.073242 -544.993896 59.886875
v 334.073242 -545.266968 59.886875
v 334.073242 -545.540100 59.886875
v 334.073242 -545.813232 59.886875
v 334.073242 -546.086365 59.886875
v 334.073242 -546.359436 59.886875
v 334.073242 -546.632568 59.886875
v 334.073242 -546.905701 59.886875
v 334.073242 -547.178833 59.886875
v 334.073242 -547.451965 59.886875
v 334.073242 -547.725037 59.886875
v 334.073242 -547.998169 59.886875
v 334.073242 -548.271301 59.886875
v 334.073242 -548.544434 59.886875
v 334.073242 -548.817505 59.886875
v 334.073242 -549.090637 59.886875
v 334.073242 -549.363770 59.886875
v 334.073242 -549.636902 59.886875
v 355.741943 -543.628296 56.936771
v 355.741943 -543.901428 56.936771
v 355.741943 -544.174500 56.936771
v 355.741943 -544.447632 56.936771
v 355.741943 -544.720764 56.936771
v 355.741943 -544.993896 56.936771
v 355.741943 -545.266968 56.936771
v 355.741943 -545.540100 56.936771
v 355.741943 -545.813232 56.936771
v 355.741943 -546.086365 56.936771
v 355.741943 -546.359436 56.936771
v 355.741943 -546.632568 56.936771
v 355.741943 -546.905701 56.936771
v 355.741943 -547.178833 56.936771
v 355.741943 -547.451965 56.936771
v 355.741943 -547.725037 56.936771
v 355.741943 -547.998169 56.936771
v 355.741943 -548.271301 56.936771
v 355.741943 -548.544434 56.936771
v 355.741943 -548.817505 56.936771
v 355.741943 -549.090637 56.936771
v 355.741943 -549.363770 56.936771
v 355.741943 -549.636902 56.936771
v 355.741943 -549.841736 56.936771
v 394.721588 -544.720764 51.085556
v 415.755432 -543.559998 47.643265
v 394.721588 -544.993896 51.085556
v 394.721588 -545.266968 51.085556
v 394.721588 -545.540100 51.085556
v 394.721588 -545.813232 51.085556
v 394.721588 -546.086365 51.085556
v 394.721588 -546.359436 51.085556
v 394.721588 -546.632568 51.085556
v 415.755432 -549.909973 47.643265
v 394.721588 -546.905701 51.085556
v 394.721588 -547.178833 51.085556
v 394.721588 -547.451965 51.085556
v 394.721588 -547.725037 51.085556
v 394.721588 -547.998169 51.085556
v 394.721588 -548.271301 51.085556
v 394.721588 -548.544434 51.085556
v 394.721588 -548.817505 51.085556
v 394.721588 -549.090637 51.085556
v 394.721588 -549.363770 51.085556
v 394.721588 -549.636902 51.085556
v 427.898254 -545.266968 45.567375
v 427.898254 -544.993896 45.567375
v 427.898254 -545.540100 45.567375
v 427.898254 -545.813232 45.567375
v 427.898254 -546.086365 45.567375
v 427.898254 -546.359436 45.567375
v 427.898254 -546.632568 45.567375
v 427.898254 -546.905701 45.567375
v 427.898254 -547.178833 45.567375
v 427.898254 -547.451965 45.567375
v 427.898254 -547.725037 45.567375
v 427.898254 -547.998169 45.567375
v 427.898254 -548.271301 45.567375
v 427.898254 -548.544434 45.567375
v 427.898254 -548.817505 45.567375
v 427.898254 -549.090637 45.567375
v 427.898254 -549.363770 45.567375
v 427.898254 -549.636902 45.567375
v 443.755371 -543.901428 42.759830
v 446.167511 -543.559998 42.323284
v 443.755371 -544.174500 42.759830
v 443.755371 -544.447632 42.759830
v 443.755371 -544.720764 42.759830
v 443.755371 -544.993896 42.759830
v 443.755371 -545.266968 42.759830
v 443.755371 -545.540100 42.759830
v 443.755371 -545.813232 42.759830
v 443.755371 -546.086365 42.759830
v 443.755371 -546.359436 42.759830
v 443.755371 -546.632568 42.759830
v 446.167511 -549.909973 42.323284
v 443.755371 -546.905701 42.759830
v 443.755371 -547.178833 42.759830
v 443.755371 -547.451965 42.759830
v 443.755371 -547.725037 42.759830
v 443.755371 -547.998169 42.759830
v 443.755371 -548.271301 42.759830
v 443.755371 -548.544434 42.759830
v 443.755371 -548.817505 42.759830
v 443.755371 -549.090637 42.759830
v 443.755371 -549.363770 42.759830
v 443.755371 -549.636902 42.759830
v 443.755371 -549.841736 42.759830
v 472.573914 -546.359436 37.384003
v 477.062836 -543.559998 36.515476
v 472.573914 -546.632568 37.384003
v 477.062836 -549.909973 36.515476
v 472.573914 -546.905701 37.384003
v 472.573914 -547.178833 37.384003
v 472.573914 -547.451965 37.384003
v 472.573914 -547.725037 37.384003
v 472.573914 -547.998169 37.384003
v 472.573914 -548.271301 37.384003
v 472.573914 -548.544434 37.384003
v 472.573914 -548.817505 37.384003
v 472.573914 -549.090637 37.384003
v 472.573914 -549.363770 37.384003
v 472.573914 -549.636902 37.384003
v 497.059601 -544.720764 32.546345
v 508.501343 -543.559998 30.203037
v 497.059601 -544.993896 32.546345
v 497.059601 -545.266968 32.546345
v 497.059601 -545.540100 32.546345
v 497.059601 -545.813232 32.546345
v 497.059601 -546.086365 32.546345
v 497.059601 -546.359436 32.546345
v 497.059601 -546.632568 32.546345
v 508.501343 -549.909973 30.203037
v 497.059601 -546.905701 32.546345
v 497.059601 -547.178833 32.546345
v 497.059601 -547.451965 32.546345
v 497.059601 -547.725037 32.546345
v 497.059601 -547.998169 32.546345
v 497.059601 -548.271301 32.546345
v 497.059601 -548.544434 32.546345
v 497.059601 -548.817505 32.546345
v 497.059601 -549.090637 32.546345
v 497.059601 -549.363770 32.546345
v 497.059601 -549.636902 32.546345
v 530.161987 -544.720764 25.626005
v 540.652466 -543.559998 23.343794
v 530.161987 -544.993896 25.626005
v 530.161987 -545.266968 25.626005
v 530.161987 -545.540100 25.626005
v 530.161987 -545.813232 25.626005
v 530.161987 -546.086365 25.626005
v 530.161987 -546.359436 25.626005
v 530.161987 -546.632568 25.626005
v 540.652466 -549.909973 23.343794
v 530.161987 -546.905701 25.626005
v 530.161987 -547.178833 25.626005
v 530.161987 -547.451965 25.626005
v 530.161987 -547.725037 25.626005
v 530.161987 -547.998169 25.626005
v 530.161987 -548.271301 25.626005
v 530.161987 -548.544434 25.626005
v 530.161987 -548.817505 25.626005
v 530.161987 -549.090637 25.626005
v 530.161987 -549.363770 25.626005
v 530.161987 -549.636902 25.626005
v 573.285767 -543.628296 15.978166
v 573.291992 -543.559998 15.976718
v 573.285767 -543.901428 15.978166
v 606.934204 -543.559998 7.981627
v 573.285767 -544.174500 15.978166
v 573.285767 -544.447632 15.978166
v 573.285767 -544.720764 15.978166
v 573.285767 -544.993896 15.978166
v 573.285767 -545.266968 15.978166
v 573.285767 -545.540100 15.978166
v 573.285767 -545.813232 15.978166
v 573.285767 -546.086365 15.978166
v 573.285767 -546.359436 15.978166
v 573.285767 -546.632568 15.978166
v 606.934204 -549.909973 7.981627
v 573.285767 -546.905701 15.978166
v 573.285767 -547.178833 15.978166
v 573.285767 -547.451965 15.978166
v 573.285767 -547.725037 15.978166
v 573.285767 -547.998169 15.978166
v 573.285767 -548.271301 15.978166
v 573.285767 -548.544434 15.978166
v 573.285767 -548.817505 15.978166
v 573.285767 -549.090637 15.978166
v 573.285767 -549.363770 15.978166
v 573.291992 -549.909973 15.976718
v 573.285767 -549.636902 15.978166
v 573.285767 -549.841736 15.978166
v 619.282776 -544.720764 4.950514
v 641.969604 -543.559998 -0.747090
v 619.282776 -544.993896 4.950514
v 619.282776 -545.266968 4.950514
v 619.282776 -545.540100 4.950514
v 619.282776 -545.813232 4.950514
v 619.282776 -546.086365 4.950514
v 619.282776 -546.359436 4.950514
v 619.282776 -546.632568 4.950514
v 641.969604 -549.909973 -0.747090
v 619.282776 -546.905701 4.950514
v 619.282776 -547.178833 4.950514
v 619.282776 -547.451965 4.950514
v 619.282776 -547.725037 4.950514
v 619.282776 -547.998169 4.950514
v 619.282776 -548.271301 4.950514
v 619.282776 -548.544434 4.950514
v 619.282776 -548.817505 4.950514
v 619.282776 -549.090637 4.950514
v 619.282776 -549.363770 4.950514
v 619.282776 -549.636902 4.950514
v 656.609253 -544.993896 -4.510247
v 678.086731 -543.559998 -10.151358
v 656.609253 -545.266968 -4.510247
v 656.609253 -545.540100 -4.510247
v 656.609253 -545.813232 -4.510247
v 656.609253 -546.086365 -4.510247
v 656.609253 -546.359436 -4.510247
v 656.609253 -546.632568 -4.510247
v 678.086731 -549.909973 -10.151358
v 656.609253 -546.905701 -4.510247
v 656.609253 -547.178833 -4.510247
v 656.609253 -547.451965 -4.510247
v 656.609253 -547.725037 -4.510247
v 656.609253 -547.998169 -4.510247
v 656.609253 -548.271301 -4.510247
v 656.609253 -548.544434 -4.510247
v 656.609253 -548.817505 -4.510247
v 656.609253 -549.090637 -4.510247
v 656.609253 -549.363770 -4.510247
v 656.609253 -549.636902 -4.510247
v 698.125061 -544.993896 -15.542008
v 711.553040 -543.559998 -19.237059
v 698.125061 -545.266968 -15.542008
v 698.125061 -545.540100 -15.542008
v 698.125061 -545.813232 -15.542008
v 698.125061 -546.086365 -15.542008
v 698.125061 -546.359436 -15.542008
v 698.125061 -546.632568 -15.542008
v 711.553040 -549.909973 -19.237059
v 698.125061 -546.905701 -15.542008
v 698.125061 -547.178833 -15.542008
v 698.125061 -547.451965 -15.542008
v 698.125061 -547.725037 -15.542008
v 698.125061 -547.998169 -15.542008
v 698.125061 -548.271301 -15.542008
v 698.125061 -548.544434 -15.542008
v 698.125061 -548.817505 -15.542008
v 698.125061 -549.090637 -15.542008
v 698.125061 -549.363770 -15.542008
v 698.125061 -549.636902 -15.542008
v 734.409241 -546.086365 -25.753103
v 736.813904 -543.559998 -26.459366
v 734.409241 -546.359436 -25.753103
v 734.409241 -546.632568 -25.753103
v 736.813904 -549.909973 -26.459366
v 734.409241 -546.905701 -25.753103
v 734.409241 -547.178833 -25.753103
v 734.409241 -547.451965 -25.753103
v 734.409241 -547.725037 -25.753103
v 734.409241 -547.998169 -25.753103
v 734.409241 -548.271301 -25.753103
v 734.409241 -548.544434 -25.753103
v 734.409241 -548.817505 -25.753103
v 734.409241 -549.090637 -25.753103
v 734.409241 -549.363770 -25.753103
v 734.409241 -549.636902 -25.753103
v 749.333374 -544.174500 -30.209127
v 749.333374 -544.447632 -30.209127
v 749.333374 -544.720764 -30.209127
v 749.333374 -544.993896 -30.209127
v 749.333374 -545.266968 -30.209127
v 749.333374 -545.540100 -30.209127
v 749.333374 -545.813232 -30.209127
v 749.333374 -546.086365 -30.209127
v 749.333374 -546.359436 -30.209127
v 749.333374 -546.632568 -30.209127
v 749.333374 -546.905701 -30.209127
v 749.333374 -547.178833 -30.209127
v 749.333374 -547.451965 -30.209127
v 749.333374 -547.725037 -30.209127
v 749.333374 -547.998169 -30.209127
v 749.333374 -548.271301 -30.209127
v 749.333374 -548.544434 -30.209127
v 749.333374 -548.817505 -30.209127
v 749.333374 -549.090637 -30.209127
v 749.333374 -549.363770 -30.209127
v 749.333374 -549.636902 -30.209127
v 783.469238 -545.813232 -40.943634
v 792.450012 -543.559998 -43.776669
v 783.469238 -546.086365 -40.943634
v 783.469238 -546.359436 -40.943634
v 783.469238 -546.632568 -40.943634
v 792.450012 -549.909973 -43.776669
v 783.469238 -546.905701 -40.943634
v 783.469238 -547.178833 -40.943634
v 783.469238 -547.451965 -40.943634
v 783.469238 -547.725037 -40.943634
v 783.469238 -547.998169 -40.943634
v 783.469238 -548.271301 -40.943634
v 783.469238 -548.544434 -40.943634
v 783.469238 -548.817505 -40.943634
v 783.469238 -549.090637 -40.943634
v 783.469238 -549.363770 -40.943634
v 783.469238 -549.636902 -40.943634
v -399.823059 -543.559998 -47.270248
v -398.710510 -543.559998 -44.329037
v -397.229279 -543.559998 -41.337093
v -394.907013 -543.559998 -37.483170
v -392.119965 -543.559998 -33.584579
v -388.484100 -543.559998 -29.203754
v -384.409058 -543.559998 -24.889927
v -379.851501 -543.559998 -20.583027
v -374.454773 -543.559998 -16.002947
v -368.723816 -543.559998 -11.609881
v -362.446655 -543.559998 -7.234820
v -355.575653 -543.559998 -2.862502
v -347.319153 -543.559998 1.929475
v -338.500946 -543.559998 6.594691
v -328.691742 -543.559998 11.337052
v -318.031616 -543.559998 16.045702
v -306.581940 -543.559998 20.664858
v -294.305939 -543.559998 25.187099
v -281.288666 -543.559998 29.562979
v -267.378052 -543.559998 33.829082
v -252.336548 -543.559998 38.032578
v -236.167618 -543.559998 42.146847
v -218.675354 -543.559998 46.193668
v -200.126724 -543.559998 50.083832
v -180.376984 -543.559998 53.827385
v -159.594955 -543.559998 57.367809
v -137.833267 -543.559998 60.675011
v -115.280861 -543.559998 63.701881
v -92.115067 -543.559998 66.411446
v -68.311707 -543.559998 68.796295
v -44.034622 -543.559998 70.830475
v -19.248112 -543.559998 72.509132
v 5.934104 -543.559998 73.816681
v 31.521160 -543.559998 74.747154
v 57.368885 -543.559998 75.288063
v 83.458664 -543.559998 75.435875
v 109.907494 -543.559998 75.189102
v 136.832397 -543.559998 74.540070
v 161.290512 -543.559998 73.605270
v 186.807556 -543.559998 72.300102
v 211.616272 -543.559998 70.704613
v 239.206619 -543.559998 68.551712
v 267.579010 -543.559998 65.941093
v 281.941772 -543.559998 64.469757
v 296.293640 -543.559998 62.899120
v 324.990051 -543.559998 59.457657
v 353.910828 -543.559998 55.589081
v 383.389740 -543.559998 51.246414
v 398.418152 -543.559998 48.881954
v 413.434265 -543.559998 46.419605
v 443.808105 -543.559998 41.136967
v 474.465942 -543.559998 35.401577
v 505.714783 -543.559998 29.153456
v 537.879089 -543.559998 22.320427
v 570.846130 -543.559998 14.912738
v 604.262756 -543.559998 6.998191
v 638.648987 -543.559998 -1.548063
v 657.090881 -543.559998 -6.282978
v 675.489746 -543.559998 -11.105220
v 708.423645 -543.559998 -20.015718
v 721.470459 -543.559998 -23.678833
v 734.391663 -543.559998 -27.409273
v 755.719543 -543.559998 -33.834103
v 774.131897 -543.559998 -39.632305
v 791.976990 -543.559998 -45.294682
v 791.976990 -549.909973 -45.294682
v 774.131897 -549.909973 -39.632305
v 755.719543 -549.909973 -33.834106
v 734.391663 -549.909973 -27.409275
v 721.470459 -549.909973 -23.678837
v 708.423645 -549.909973 -20.015720
v 675.489746 -549.909973 -11.105223
v 657.090881 -549.909973 -6.282981
v 638.648987 -549.909973 -1.548066
v 604.262756 -549.909973 6.998188
v 570.846130 -549.909973 14.912736
v 537.879089 -549.909973 22.320425
v 505.714783 -549.909973 29.153454
v 474.465973 -549.909973 35.401577
v 443.808136 -549.909973 41.136967
v 413.434265 -549.909973 46.419605
v 398.418152 -549.909973 48.881954
v 383.389740 -549.909973 51.246414
v 353.910828 -549.909973 55.589081
v 324.990051 -549.909973 59.457657
v 296.293640 -549.909973 62.899120
v 281.941803 -549.909973 64.469757
v 267.579010 -549.909973 65.941093
v 239.206635 -549.909973 68.551712
v 211.616287 -549.909973 70.704613
v 186.807571 -549.909973 72.300102
v 161.290512 -549.909973 73.605270
v 136.832397 -549.909973 74.540070
v 109.907501 -549.909973 75.189102
v 83.458679 -549.909973 75.435875
v 57.368893 -549.909973 75.288063
v 31.521168 -549.909973 74.747154
v 5.934113 -549.909973 73.816681
v -19.248102 -549.909973 72.509140
v -44.034615 -549.909973 70.830475
v -68.311699 -549.909973 68.796295
v -92.115059 -549.909973 66.411453
v -115.280853 -549.909973 63.701881
v -137.833252 -549.909973 60.675011
v -159.594955 -549.909973 57.367809
v -180.376968 -549.909973 53.827385
v -200.126724 -549.909973 50.083832
v -218.675339 -549.909973 46.193668
v -236.167618 -549.909973 42.146851
v -252.336548 -549.909973 38.032581
v -267.378052 -549.909973 33.829082
v -281.288666 -549.909973 29.562981
v -294.305939 -549.909973 25.187101
v -306.581940 -549.909973 20.664858
v -318.031616 -549.909973 16.045704
v -328.691742 -549.909973 11.337053
v -338.500946 -549.909973 6.594692
v -347.319153 -549.909973 1.929476
v -355.575653 -549.909973 -2.862500
v -362.446655 -549.909973 -7.234819
v -368.723816 -549.909973 -11.609879
v -374.454742 -549.909973 -16.002945
v -379.851501 -549.909973 -20.583025
v -384.409058 -549.909973 -24.889925
v -388.484100 -549.909973 -29.203753
v -392.119965 -549.909973 -33.584576
v -394.907013 -549.909973 -37.483170
v -397.229279 -549.909973 -41.337093
v -398.710510 -549.909973 -44.329037
v -399.823059 -549.909973 -47.270248
v -390.420044 -546.734985 -31.458773
v -386.567017 -546.734985 -27.109777
v 774.272705 -546.734985 -39.681248
vn -0.860902 0.000000 0.508770
vn -0.860902 0.000000 0.508770
vn -0.440883 0.000000 0.897564
vn -0.440883 0.000000 0.897564
vn -0.136426 0.000000 0.990650
vn -0.136426 0.000000 0.990650
vn -0.055027 0.000000 0.998485
vn -0.055027 0.000000 0.998485
vn -0.008769 0.000000 0.999962
vn -0.008769 0.000000 0.999962
vn 0.035749 -0.000000 0.999361
vn 0.035749 0.000000 0.999361
vn 0.146649 0.000000 0.989189
vn 0.146649 -0.000000 0.989189
vn 0.296978 0.000000 0.954884
vn 0.296978 -0.000000 0.954884
vn -0.955502 0.000000 0.294984
vn -0.936097 0.028732 0.350566
vn -0.918190 0.000000 0.396141
vn -0.937646 0.000000 0.347590
vn -0.918190 0.000000 0.396141
vn -0.937646 0.000000 0.347591
vn -0.918190 0.000000 0.396141
vn -0.937646 0.000000 0.347591
vn -0.918190 0.000000 0.396141
vn -0.937647 0.000000 0.347590
vn -0.918190 0.000000 0.396141
vn -0.937646 0.000000 0.347591
vn -0.918190 0.000000 0.396141
vn -0.937647 0.000000 0.347590
vn -0.937646 0.000000 0.347591
vn -0.918190 0.000000 0.396141
vn -0.937646 0.000000 0.347591
vn -0.937438 0.000629 0.348150
vn -0.937646 0.000000 0.347590
vn -0.937189 0.000000 0.348821
vn -0.937189 0.000000 0.348821
vn -0.937189 0.000000 0.348821
vn -0.937189 0.000000 0.348822
vn -0.937189 0.000000 0.348821
vn -0.937189 0.000000 0.348821
vn -0.918190 0.000000 0.396141
vn -0.937189 0.000000 0.348821
vn -0.918190 0.000000 0.396141
vn -0.937189 0.000000 0.348822
vn -0.918190 0.000000 0.396141
vn -0.918190 0.000000 0.396141
vn -0.937189 0.000000 0.348821
vn -0.918190 0.000000 0.396141
vn -0.937189 0.000000 0.348821
vn -0.918190 0.000000 0.396141
vn -0.937189 0.000000 0.348821
vn -0.935879 -0.035917 0.350485
vn -0.937095 -0.014169 0.348786
vn -0.918190 0.000000 0.396141
vn -0.937189 0.000000 0.348821
vn -0.898186 0.046311 0.437170
vn -0.901598 0.000000 0.432574
vn -0.884021 0.000000 0.467448
vn -0.901598 0.000000 0.432574
vn -0.884021 0.000000 0.467448
vn -0.884021 0.000000 0.467448
vn -0.901598 0.000000 0.432574
vn -0.884021 0.000000 0.467448
vn -0.901598 0.000000 0.432574
vn -0.884021 0.000000 0.467448
vn -0.901598 0.000000 0.432574
vn -0.884021 0.000000 0.467448
vn -0.901598 0.000000 0.432574
vn -0.884021 0.000000 0.467448
vn -0.902742 -0.003324 0.430170
vn -0.901598 0.000000 0.432574
vn -0.902747 0.000000 0.430173
vn -0.884021 0.000000 0.467448
vn -0.902747 0.000000 0.430173
vn -0.884021 0.000000 0.467448
vn -0.902747 0.000000 0.430173
vn -0.902747 0.000000 0.430173
vn -0.902747 0.000000 0.430173
vn -0.884021 0.000000 0.467448
vn -0.902747 0.000000 0.430173
vn -0.884021 0.000000 0.467448
vn -0.884021 0.000000 0.467448
vn -0.902747 0.000000 0.430173
vn -0.902747 0.000000 0.430173
vn -0.902747 0.000000 0.430173
vn -0.884021 0.000000 0.467448
vn -0.902747 0.000000 0.430173
vn -0.902747 0.000000 0.430173
vn -0.884021 0.000000 0.467448
vn -0.902747 0.000000 0.430173
vn -0.902747 0.000000 0.430173
vn -0.902741 0.003428 0.430170
vn -0.884021 0.000000 0.467448
vn -0.902747 0.000000 0.430173
vn -0.901598 0.000000 0.432574
vn -0.884021 0.000000 0.467448
vn -0.901598 0.000000 0.432574
vn -0.884021 0.000000 0.467448
vn -0.901598 0.000000 0.432574
vn -0.884021 0.000000 0.467448
vn -0.901598 0.000000 0.432574
vn -0.884021 0.000000 0.467448
vn -0.884021 0.000000 0.467448
vn -0.901598 0.000000 0.432574
vn -0.901598 0.000000 0.432574
vn -0.884021 0.000000 0.467448
vn -0.897644 -0.057869 0.436906
vn -0.884021 0.000000 0.467448
vn -0.901598 0.000000 0.432574
vn -0.818563 0.033871 0.573417
vn -0.838687 0.000000 0.544614
vn -0.817542 0.000000 0.575869
vn -0.838687 0.000000 0.544614
vn -0.817542 0.000000 0.575869
vn -0.838687 0.000000 0.544614
vn -0.817542 0.000000 0.575869
vn -0.838687 0.000000 0.544614
vn -0.817542 0.000000 0.575869
vn -0.838687 0.000000 0.544614
vn -0.817542 0.000000 0.575869
vn -0.838687 0.000000 0.544614
vn -0.817542 0.000000 0.575869
vn -0.838687 0.000000 0.544614
vn -0.817542 0.000000 0.575869
vn -0.838687 0.000000 0.544614
vn -0.817542 0.000000 0.575869
vn -0.838687 0.000000 0.544614
vn -0.817542 0.000000 0.575869
vn -0.838687 0.000000 0.544614
vn -0.817542 0.000000 0.575869
vn -0.838687 0.000000 0.544614
vn -0.817542 0.000000 0.575869
vn -0.817542 0.000000 0.575869
vn -0.838687 0.000000 0.544614
vn -0.817542 0.000000 0.575869
vn -0.838687 0.000000 0.544614
vn -0.817542 0.000000 0.575869
vn -0.838687 0.000000 0.544614
vn -0.817542 0.000000 0.575869
vn -0.838687 0.000000 0.544614
vn -0.817542 0.000000 0.575869
vn -0.838687 0.000000 0.544614
vn -0.817542 0.000000 0.575869
vn -0.838687 0.000000 0.544614
vn -0.817542 0.000000 0.575869
vn -0.838687 0.000000 0.544614
vn -0.817542 0.000000 0.575869
vn -0.838687 0.000000 0.544614
vn -0.817542 0.000000 0.575869
vn -0.838687 0.000000 0.544614
vn -0.817542 0.000000 0.575869
vn -0.838687 0.000000 0.544614
vn -0.818299 -0.042336 0.573232
vn -0.817542 0.000000 0.575869
vn -0.838687 0.000000 0.544614
vn -0.775224 0.038361 0.630520
vn -0.789828 0.000000 0.613328
vn -0.767884 0.000000 0.640588
vn -0.789828 0.000000 0.613329
vn -0.767884 0.000000 0.640588
vn -0.789828 0.000000 0.613328
vn -0.767884 0.000000 0.640588
vn -0.789828 0.000000 0.613329
vn -0.767884 0.000000 0.640588
vn -0.789828 0.000000 0.613328
vn -0.767884 0.000000 0.640588
vn -0.789828 0.000000 0.613328
vn -0.767884 0.000000 0.640588
vn -0.789828 0.000000 0.613328
vn -0.789828 0.000000 0.613328
vn -0.789828 0.000000 0.613328
vn -0.789828 0.000000 0.613328
vn -0.767884 0.000000 0.640588
vn -0.789828 0.000000 0.613329
vn -0.767884 0.000000 0.640588
vn -0.789828 0.000000 0.613328
vn -0.767884 0.000000 0.640588
vn -0.789828 0.000000 0.613329
vn -0.767884 0.000000 0.640588
vn -0.789828 0.000000 0.613328
vn -0.767884 0.000000 0.640588
vn -0.789828 0.000000 0.613329
vn -0.767884 0.000000 0.640588
vn -0.789828 0.000000 0.613328
vn -0.767884 0.000000 0.640588
vn -0.789828 0.000000 0.613328
vn -0.767884 0.000000 0.640588
vn -0.789828 0.000000 0.613328
vn -0.765668 -0.161055 0.622747
vn -0.767884 0.000000 0.640588
vn -0.789828 0.000000 0.613328
vn -0.752717 0.000000 0.658344
vn -0.752717 0.000000 0.658344
vn -0.752717 0.000000 0.658344
vn -0.752717 0.000000 0.658344
vn -0.752717 0.000000 0.658344
vn -0.752717 0.000000 0.658344
vn -0.752717 0.000000 0.658344
vn -0.752717 0.000000 0.658344
vn -0.752717 0.000000 0.658344
vn -0.766078 -0.003592 0.642738
vn -0.766083 0.000000 0.642742
vn -0.766083 0.000000 0.642742
vn -0.766083 0.000000 0.642742
vn -0.766083 0.000000 0.642742
vn -0.766083 0.000000 0.642742
vn -0.766078 0.003682 0.642737
vn -0.766083 0.000000 0.642742
vn -0.752717 0.000000 0.658344
vn -0.752717 0.000000 0.658344
vn -0.752717 0.000000 0.658344
vn -0.752717 0.000000 0.658344
vn -0.752717 0.000000 0.658344
vn -0.752717 0.000000 0.658344
vn -0.752717 0.000000 0.658344
vn -0.752717 0.000000 0.658344
vn -0.752717 0.000000 0.658344
vn -0.704618 0.279015 0.652430
vn -0.735579 0.035760 0.676494
vn -0.734628 0.000000 0.678470
vn -0.716058 0.000000 0.698040
vn -0.734628 0.000000 0.678470
vn -0.734628 0.000000 0.678470
vn -0.734628 0.000000 0.678470
vn -0.716058 0.000000 0.698040
vn -0.734628 0.000000 0.678470
vn -0.716058 0.000000 0.698040
vn -0.734628 0.000000 0.678470
vn -0.734628 0.000000 0.678470
vn -0.716058 0.000000 0.698040
vn -0.734628 0.000000 0.678470
vn -0.734628 0.000000 0.678470
vn -0.716058 0.000000 0.698040
vn -0.734628 0.000000 0.678470
vn -0.734628 0.000000 0.678470
vn -0.716058 0.000000 0.698040
vn -0.734628 0.000000 0.678470
vn -0.734628 0.000000 0.678470
vn -0.716058 0.000000 0.698040
vn -0.734628 0.000000 0.678470
vn -0.734628 0.000000 0.678470
vn -0.734628 0.000000 0.678470
vn -0.716058 0.000000 0.698040
vn -0.716058 0.000000 0.698040
vn -0.734628 0.000000 0.678470
vn -0.716058 0.000000 0.698040
vn -0.734628 0.000000 0.678470
vn -0.734628 0.000000 0.678470
vn -0.734628 0.000000 0.678470
vn -0.734628 0.000000 0.678470
vn -0.716058 0.000000 0.698040
vn -0.716058 0.000000 0.698040
vn -0.734628 0.000000 0.678470
vn -0.716058 0.000000 0.698040
vn -0.734628 0.000000 0.678470
vn -0.734628 0.000000 0.678470
vn -0.734628 0.000000 0.678470
vn -0.716058 0.000000 0.698040
vn -0.734628 0.000000 0.678470
vn -0.734628 0.000000 0.678470
vn -0.734628 0.000000 0.678470
vn -0.716058 0.000000 0.698040
vn -0.716058 0.000000 0.698040
vn -0.734628 0.000000 0.678470
vn -0.734628 0.000000 0.678470
vn -0.734628 0.000000 0.678470
vn -0.716058 0.000000 0.698040
vn -0.734628 0.000000 0.678470
vn -0.716058 0.000000 0.698040
vn -0.734628 0.000000 0.678470
vn -0.734628 0.000000 0.678470
vn -0.734628 0.000000 0.678470
vn -0.716058 0.000000 0.698040
vn -0.734628 0.000000 0.678470
vn -0.716058 0.000000 0.698040
vn -0.734628 0.000000 0.678470
vn -0.716058 0.000000 0.698040
vn -0.734628 0.000000 0.678470
vn -0.734628 0.000000 0.678470
vn -0.734628 0.000000 0.678470
vn -0.716058 0.000000 0.698040
vn -0.734628 0.000000 0.678470
vn -0.731827 -0.072480 0.677625
vn -0.716058 0.000000 0.698040
vn -0.734628 0.000000 0.678470
vn -0.733765 -0.048443 0.677674
vn -0.734628 0.000000 0.678470
vn -0.693465 0.012701 0.720378
vn -0.694030 0.000000 0.719946
vn -0.674373 0.000000 0.738391
vn -0.674373 0.000000 0.738391
vn -0.694030 0.000000 0.719946
vn -0.674373 0.000000 0.738391
vn -0.694030 0.000000 0.719946
vn -0.674373 0.000000 0.738391
vn -0.694030 0.000000 0.719946
vn -0.674373 0.000000 0.738391
vn -0.694030 0.000000 0.719946
vn -0.694030 0.000000 0.719946
vn -0.694030 0.000000 0.719946
vn -0.694029 0.000000 0.719947
vn -0.694030 0.000000 0.719946
vn -0.694030 0.000000 0.719946
vn -0.694030 0.000000 0.719946
vn -0.694030 0.000000 0.719946
vn -0.694030 0.000000 0.719946
vn -0.694030 0.000000 0.719946
vn -0.694029 0.000000 0.719947
vn -0.694030 0.000000 0.719946
vn -0.694030 0.000000 0.719946
vn -0.674373 0.000000 0.738391
vn -0.694030 0.000000 0.719946
vn -0.674373 0.000000 0.738391
vn -0.694030 0.000000 0.719946
vn -0.674373 0.000000 0.738391
vn -0.694030 0.000000 0.719946
vn -0.674373 0.000000 0.738391
vn -0.694030 0.000000 0.719946
vn -0.693434 -0.015880 0.720345
vn -0.674373 0.000000 0.738391
vn -0.694030 0.000000 0.719946
vn -0.633695 0.000000 0.773583
vn -0.633695 0.000000 0.773583
vn -0.633695 0.000000 0.773583
vn -0.653671 -0.001332 0.756778
vn -0.653545 0.000000 0.756888
vn -0.653545 0.000000 0.756888
vn -0.653545 0.000000 0.756888
vn -0.654024 -0.002635 0.756469
vn -0.654026 0.000000 0.756472
vn -0.654026 0.000000 0.756472
vn -0.654026 0.000000 0.756472
vn -0.654026 0.000000 0.756472
vn -0.654026 0.000000 0.756472
vn -0.654026 0.000000 0.756472
vn -0.654026 0.000000 0.756472
vn -0.654026 0.000000 0.756472
vn -0.654026 0.000000 0.756472
vn -0.654026 0.000000 0.756472
vn -0.654026 0.000000 0.756472
vn -0.654026 0.000000 0.756472
vn -0.654026 0.000000 0.756472
vn -0.654026 0.000000 0.756472
vn -0.654026 0.000000 0.756472
vn -0.654026 0.000000 0.756472
vn -0.654026 0.000000 0.756472
vn -0.654026 0.000000 0.756472
vn -0.654026 0.000000 0.756472
vn -0.654026 0.000000 0.756472
vn -0.654024 0.002744 0.756469
vn -0.654026 0.000000 0.756472
vn -0.654026 0.000000 0.756472
vn -0.653544 0.000000 0.756888
vn -0.653545 0.000000 0.756888
vn -0.653671 0.001443 0.756778
vn -0.653545 0.000000 0.756888
vn -0.633695 0.000000 0.773583
vn -0.633695 0.000000 0.773583
vn -0.633695 0.000000 0.773583
vn -0.567317 0.386294 0.727275
vn -0.618909 0.012535 0.785363
vn -0.600611 0.000000 0.799541
vn -0.618957 0.000000 0.785425
vn -0.618957 0.000000 0.785425
vn -0.618957 0.000000 0.785425
vn -0.618957 0.000000 0.785425
vn -0.600611 0.000000 0.799541
vn -0.618957 0.000000 0.785425
vn -0.618957 0.000000 0.785425
vn -0.600611 0.000000 0.799541
vn -0.618957 0.000000 0.785425
vn -0.618957 0.000000 0.785425
vn -0.600611 0.000000 0.799541
vn -0.618957 0.000000 0.785425
vn -0.600611 0.000000 0.799541
vn -0.618957 0.000000 0.785425
vn -0.618957 0.000000 0.785425
vn -0.618957 0.000000 0.785425
vn -0.600611 0.000000 0.799541
vn -0.618957 0.000000 0.785425
vn -0.618957 0.000000 0.785425
vn -0.618957 0.000000 0.785425
vn -0.600611 0.000000 0.799541
vn -0.618957 0.000000 0.785425
vn -0.600611 0.000000 0.799541
vn -0.618957 0.000000 0.785425
vn -0.618957 0.000000 0.785425
vn -0.600611 0.000000 0.799541
vn -0.618957 0.000000 0.785425
vn -0.618957 0.000000 0.785425
vn -0.600611 0.000000 0.799541
vn -0.618957 0.000000 0.785425
vn -0.600611 0.000000 0.799541
vn -0.618957 0.000000 0.785425
vn -0.600611 0.000000 0.799541
vn -0.600611 0.000000 0.799541
vn -0.618957 0.000000 0.785425
vn -0.618957 0.000000 0.785425
vn -0.618957 0.000000 0.785425
vn -0.618957 0.000000 0.785425
vn -0.600611 0.000000 0.799541
vn -0.618957 0.000000 0.785425
vn -0.600611 0.000000 0.799541
vn -0.618957 0.000000 0.785425
vn -0.618957 0.000000 0.785425
vn -0.600611 0.000000 0.799541
vn -0.618957 0.000000 0.785425
vn -0.618957 0.000000 0.785425
vn -0.600611 0.000000 0.799541
vn -0.618957 0.000000 0.785425
vn -0.600611 0.000000 0.799541
vn -0.618957 0.000000 0.785425
vn -0.618957 0.000000 0.785425
vn -0.618957 0.000000 0.785425
vn -0.600611 0.000000 0.799541
vn -0.618957 0.000000 0.785425
vn -0.600611 0.000000 0.799541
vn -0.618957 0.000000 0.785425
vn -0.618957 0.000000 0.785425
vn -0.600611 0.000000 0.799541
vn -0.618957 0.000000 0.785425
vn -0.618957 0.000000 0.785425
vn -0.600611 0.000000 0.799541
vn -0.618957 0.000000 0.785425
vn -0.618957 0.000000 0.785425
vn -0.611714 -0.104178 0.784190
vn -0.600611 0.000000 0.799541
vn -0.618957 0.000000 0.785425
vn -0.618957 0.000000 0.785425
vn -0.618534 -0.012861 0.785653
vn -0.618957 0.000000 0.785425
vn -0.578210 0.028286 0.815398
vn -0.585826 0.000000 0.810437
vn -0.567851 0.000000 0.823132
vn -0.585826 0.000000 0.810437
vn -0.567851 0.000000 0.823132
vn -0.585826 0.000000 0.810437
vn -0.567851 0.000000 0.823132
vn -0.585826 0.000000 0.810437
vn -0.567851 0.000000 0.823132
vn -0.585826 0.000000 0.810437
vn -0.567851 0.000000 0.823132
vn -0.585826 0.000000 0.810437
vn -0.567851 0.000000 0.823132
vn -0.585826 0.000000 0.810437
vn -0.567851 0.000000 0.823132
vn -0.585826 0.000000 0.810437
vn -0.567851 0.000000 0.823132
vn -0.567851 0.000000 0.823132
vn -0.585826 0.000000 0.810437
vn -0.567851 0.000000 0.823132
vn -0.585826 0.000000 0.810437
vn -0.567851 0.000000 0.823132
vn -0.585826 0.000000 0.810437
vn -0.567851 0.000000 0.823132
vn -0.585826 0.000000 0.810437
vn -0.567851 0.000000 0.823132
vn -0.585826 0.000000 0.810437
vn -0.567851 0.000000 0.823132
vn -0.585826 0.000000 0.810437
vn -0.567851 0.000000 0.823132
vn -0.585826 0.000000 0.810437
vn -0.567851 0.000000 0.823132
vn -0.585826 0.000000 0.810437
vn -0.567851 0.000000 0.823132
vn -0.585826 0.000000 0.810437
vn -0.572160 -0.146975 0.806865
vn -0.567851 0.000000 0.823132
vn -0.585826 0.000000 0.810437
vn -0.543239 0.018883 0.839366
vn -0.549357 0.000000 0.835587
vn -0.532347 0.000000 0.846526
vn -0.549357 0.000000 0.835588
vn -0.532347 0.000000 0.846526
vn -0.549358 0.000000 0.835587
vn -0.532347 0.000000 0.846526
vn -0.549357 0.000000 0.835587
vn -0.532347 0.000000 0.846526
vn -0.549357 0.000000 0.835587
vn -0.532347 0.000000 0.846526
vn -0.532347 0.000000 0.846526
vn -0.549357 0.000000 0.835587
vn -0.532347 0.000000 0.846526
vn -0.549357 0.000000 0.835587
vn -0.532347 0.000000 0.846526
vn -0.549357 0.000000 0.835588
vn -0.532347 0.000000 0.846526
vn -0.549358 0.000000 0.835587
vn -0.532347 0.000000 0.846526
vn -0.549357 0.000000 0.835587
vn -0.532347 0.000000 0.846526
vn -0.549357 0.000000 0.835587
vn -0.532347 0.000000 0.846526
vn -0.549357 0.000000 0.835587
vn -0.532347 0.000000 0.846526
vn -0.549357 0.000000 0.835588
vn -0.532347 0.000000 0.846526
vn -0.549357 0.000000 0.835587
vn -0.532347 0.000000 0.846526
vn -0.549357 0.000000 0.835587
vn -0.538311 -0.135683 0.831752
vn -0.532347 0.000000 0.846526
vn -0.549357 0.000000 0.835587
vn -0.507814 0.038399 0.860610
vn -0.514367 0.000000 0.857570
vn -0.496523 0.000000 0.868024
vn -0.514367 0.000000 0.857570
vn -0.496523 0.000000 0.868024
vn -0.514367 0.000000 0.857570
vn -0.496523 0.000000 0.868024
vn -0.514368 0.000000 0.857570
vn -0.496523 0.000000 0.868024
vn -0.514368 0.000000 0.857570
vn -0.496523 0.000000 0.868024
vn -0.514367 0.000000 0.857570
vn -0.496523 0.000000 0.868024
vn -0.514367 0.000000 0.857570
vn -0.496523 0.000000 0.868024
vn -0.514367 0.000000 0.857570
vn -0.496523 0.000000 0.868024
vn -0.514367 0.000000 0.857570
vn -0.496523 0.000000 0.868024
vn -0.496523 0.000000 0.868024
vn -0.514368 0.000000 0.857570
vn -0.496523 0.000000 0.868024
vn -0.514367 0.000000 0.857570
vn -0.496523 0.000000 0.868024
vn -0.514368 0.000000 0.857570
vn -0.496523 0.000000 0.868024
vn -0.514367 0.000000 0.857570
vn -0.496523 0.000000 0.868024
vn -0.514367 0.000000 0.857570
vn -0.496523 0.000000 0.868024
vn -0.514367 0.000000 0.857570
vn -0.496523 0.000000 0.868024
vn -0.514368 0.000000 0.857570
vn -0.496523 0.000000 0.868024
vn -0.514367 0.000000 0.857570
vn -0.496523 0.000000 0.868024
vn -0.514367 0.000000 0.857570
vn -0.501542 -0.161207 0.849981
vn -0.496523 0.000000 0.868024
vn -0.514367 0.000000 0.857570
vn -0.473545 0.011819 0.880690
vn -0.474908 0.000000 0.880036
vn -0.458546 0.000000 0.888671
vn -0.474907 0.000000 0.880036
vn -0.458546 0.000000 0.888671
vn -0.474907 0.000000 0.880036
vn -0.458546 0.000000 0.888671
vn -0.474908 0.000000 0.880036
vn -0.458546 0.000000 0.888671
vn -0.458546 0.000000 0.888671
vn -0.474907 0.000000 0.880036
vn -0.458546 0.000000 0.888671
vn -0.474908 0.000000 0.880036
vn -0.458546 0.000000 0.888671
vn -0.474907 0.000000 0.880036
vn -0.474907 0.000000 0.880036
vn -0.458546 0.000000 0.888671
vn -0.458546 0.000000 0.888671
vn -0.474908 0.000000 0.880036
vn -0.458546 0.000000 0.888671
vn -0.474907 0.000000 0.880036
vn -0.458546 0.000000 0.888671
vn -0.474907 0.000000 0.880036
vn -0.458546 0.000000 0.888671
vn -0.474908 0.000000 0.880036
vn -0.458546 0.000000 0.888671
vn -0.474907 0.000000 0.880036
vn -0.458546 0.000000 0.888671
vn -0.474907 0.000000 0.880036
vn -0.458546 0.000000 0.888671
vn -0.474907 0.000000 0.880036
vn -0.458546 0.000000 0.888671
vn -0.474908 0.000000 0.880036
vn -0.458546 0.000000 0.888671
vn -0.474907 0.000000 0.880036
vn -0.458546 0.000000 0.888671
vn -0.474907 0.000000 0.880036
vn -0.472981 -0.050179 0.879642
vn -0.458546 0.000000 0.888671
vn -0.474908 0.000000 0.880036
vn -0.409212 0.039739 0.911574
vn -0.421273 0.000000 0.906934
vn -0.405852 0.000000 0.913939
vn -0.421273 0.000000 0.906934
vn -0.405852 0.000000 0.913939
vn -0.421273 0.000000 0.906934
vn -0.405852 0.000000 0.913939
vn -0.421273 0.000000 0.906934
vn -0.405852 0.000000 0.913939
vn -0.421273 0.000000 0.906934
vn -0.405852 0.000000 0.913939
vn -0.421273 0.000000 0.906934
vn -0.405852 0.000000 0.913939
vn -0.421273 0.000000 0.906934
vn -0.405852 0.000000 0.913939
vn -0.421273 0.000000 0.906934
vn -0.405852 0.000000 0.913939
vn -0.421273 0.000000 0.906934
vn -0.405852 0.000000 0.913939
vn -0.421273 0.000000 0.906934
vn -0.405852 0.000000 0.913939
vn -0.405852 0.000000 0.913939
vn -0.421273 0.000000 0.906934
vn -0.405852 0.000000 0.913939
vn -0.421273 0.000000 0.906934
vn -0.405852 0.000000 0.913939
vn -0.421273 0.000000 0.906934
vn -0.405852 0.000000 0.913939
vn -0.421273 0.000000 0.906934
vn -0.405852 0.000000 0.913939
vn -0.421273 0.000000 0.906934
vn -0.405852 0.000000 0.913939
vn -0.421273 0.000000 0.906934
vn -0.405852 0.000000 0.913939
vn -0.421273 0.000000 0.906934
vn -0.405852 0.000000 0.913939
vn -0.421273 0.000000 0.906934
vn -0.405852 0.000000 0.913939
vn -0.421273 0.000000 0.906934
vn -0.405852 0.000000 0.913939
vn -0.421273 0.000000 0.906934
vn -0.406155 -0.128210 0.904765
vn -0.379260 0.037761 0.924519
vn -0.392335 0.000000 0.919822
vn -0.377494 0.000000 0.926012
vn -0.377494 0.000000 0.926012
vn -0.392335 0.000000 0.919822
vn -0.377494 0.000000 0.926012
vn -0.392335 0.000000 0.919822
vn -0.392335 0.000000 0.919822
vn -0.392335 0.000000 0.919822
vn -0.392335 0.000000 0.919822
vn -0.392335 0.000000 0.919822
vn -0.392335 0.000000 0.919822
vn -0.392335 0.000000 0.919822
vn -0.392335 0.000000 0.919822
vn -0.392335 0.000000 0.919822
vn -0.392335 0.000000 0.919822
vn -0.392335 0.000000 0.919822
vn -0.392335 0.000000 0.919822
vn -0.392335 0.000000 0.919822
vn -0.392335 0.000000 0.919822
vn -0.392335 0.000000 0.919823
vn -0.377494 0.000000 0.926012
vn -0.392335 0.000000 0.919822
vn -0.377494 0.000000 0.926012
vn -0.392335 0.000000 0.919822
vn -0.377494 0.000000 0.926012
vn -0.392335 0.000000 0.919822
vn -0.378166 -0.084729 0.921852
vn -0.377494 0.000000 0.926012
vn -0.392335 0.000000 0.919822
vn -0.350604 0.040154 0.935663
vn -0.364893 0.000000 0.931050
vn -0.350686 0.000000 0.936493
vn -0.364893 0.000000 0.931050
vn -0.350686 0.000000 0.936493
vn -0.364892 0.000000 0.931050
vn -0.350686 0.000000 0.936493
vn -0.364892 0.000000 0.931050
vn -0.350686 0.000000 0.936493
vn -0.377279 -0.001702 0.926098
vn -0.377280 0.000000 0.926099
vn -0.364893 0.000000 0.931050
vn -0.350686 0.000000 0.936493
vn -0.377280 0.000000 0.926099
vn -0.350686 0.000000 0.936493
vn -0.377280 0.000000 0.926099
vn -0.377280 0.000000 0.926099
vn -0.350686 0.000000 0.936493
vn -0.377280 0.000000 0.926099
vn -0.377280 0.000000 0.926099
vn -0.350686 0.000000 0.936493
vn -0.377280 0.000000 0.926099
vn -0.377280 0.000000 0.926099
vn -0.377280 0.000000 0.926099
vn -0.350686 0.000000 0.936493
vn -0.377280 0.000000 0.926099
vn -0.350686 0.000000 0.936493
vn -0.350686 0.000000 0.936493
vn -0.377280 0.000000 0.926099
vn -0.377280 0.000000 0.926099
vn -0.377280 0.000000 0.926099
vn -0.350686 0.000000 0.936493
vn -0.350686 0.000000 0.936493
vn -0.377280 0.000000 0.926099
vn -0.377280 0.000000 0.926099
vn -0.377280 0.000000 0.926099
vn -0.350686 0.000000 0.936493
vn -0.377280 0.000000 0.926099
vn -0.350686 0.000000 0.936493
vn -0.377280 0.000000 0.926099
vn -0.377280 0.000000 0.926099
vn -0.350686 0.000000 0.936493
vn -0.377280 0.000000 0.926099
vn -0.377280 0.000000 0.926099
vn -0.350686 0.000000 0.936493
vn -0.377280 0.000000 0.926099
vn -0.350686 0.000000 0.936493
vn -0.377280 0.000000 0.926099
vn -0.377280 0.000000 0.926099
vn -0.377280 0.000000 0.926099
vn -0.350686 0.000000 0.936493
vn -0.377280 0.000000 0.926099
vn -0.377279 0.001788 0.926098
vn -0.350686 0.000000 0.936493
vn -0.364893 0.000000 0.931050
vn -0.350686 0.000000 0.936493
vn -0.364892 0.000000 0.931050
vn -0.350686 0.000000 0.936493
vn -0.364893 0.000000 0.931050
vn -0.350869 -0.010051 0.936370
vn -0.350686 0.000000 0.936493
vn -0.364892 0.000000 0.931050
vn -0.323509 0.023575 0.945931
vn -0.331369 0.000000 0.943501
vn -0.318054 0.000000 0.948072
vn -0.318054 0.000000 0.948072
vn -0.331369 0.000000 0.943501
vn -0.318054 0.000000 0.948072
vn -0.331369 0.000000 0.943501
vn -0.318054 0.000000 0.948072
vn -0.318054 0.000000 0.948072
vn -0.331369 0.000000 0.943501
vn -0.331369 0.000000 0.943501
vn -0.318054 0.000000 0.948072
vn -0.331369 0.000000 0.943501
vn -0.318054 0.000000 0.948072
vn -0.331369 0.000000 0.943501
vn -0.318054 0.000000 0.948072
vn -0.331369 0.000000 0.943501
vn -0.318054 0.000000 0.948072
vn -0.331369 0.000000 0.943501
vn -0.318054 0.000000 0.948072
vn -0.331369 0.000000 0.943501
vn -0.318054 0.000000 0.948072
vn -0.331369 0.000000 0.943501
vn -0.318054 0.000000 0.948072
vn -0.331369 0.000000 0.943501
vn -0.318054 0.000000 0.948072
vn -0.331369 0.000000 0.943501
vn -0.318054 0.000000 0.948072
vn -0.331369 0.000000 0.943501
vn -0.318054 0.000000 0.948072
vn -0.331369 0.000000 0.943501
vn -0.318969 -0.168548 0.932657
vn -0.318054 0.000000 0.948072
vn -0.331369 0.000000 0.943501
vn -0.297664 0.038221 0.953905
vn -0.305645 0.000000 0.952146
vn -0.293141 0.000000 0.956069
vn -0.305645 0.000000 0.952145
vn -0.293141 0.000000 0.956069
vn -0.305645 0.000000 0.952146
vn -0.293141 0.000000 0.956069
vn -0.305645 0.000000 0.952146
vn -0.293141 0.000000 0.956069
vn -0.305645 0.000000 0.952146
vn -0.293141 0.000000 0.956069
vn -0.293141 0.000000 0.956069
vn -0.305645 0.000000 0.952146
vn -0.305645 0.000000 0.952145
vn -0.293141 0.000000 0.956069
vn -0.305645 0.000000 0.952146
vn -0.293141 0.000000 0.956069
vn -0.305645 0.000000 0.952146
vn -0.293141 0.000000 0.956069
vn -0.305645 0.000000 0.952146
vn -0.293141 0.000000 0.956069
vn -0.305645 0.000000 0.952146
vn -0.293141 0.000000 0.956069
vn -0.305645 0.000000 0.952145
vn -0.293141 0.000000 0.956069
vn -0.305645 0.000000 0.952146
vn -0.293141 0.000000 0.956069
vn -0.305645 0.000000 0.952146
vn -0.293141 0.000000 0.956069
vn -0.293141 0.000000 0.956069
vn -0.305645 0.000000 0.952145
vn -0.293141 0.000000 0.956069
vn -0.305645 0.000000 0.952146
vn -0.293141 0.000000 0.956069
vn -0.305645 0.000000 0.952146
vn -0.293141 0.000000 0.956069
vn -0.305645 0.000000 0.952146
vn -0.294021 -0.160479 0.942230
vn -0.293141 0.000000 0.956069
vn -0.305645 0.000000 0.952146
vn -0.273461 0.033898 0.961286
vn -0.270151 0.000000 0.962818
vn -0.282056 0.000000 0.959398
vn -0.270151 0.000000 0.962818
vn -0.282056 0.000000 0.959398
vn -0.270151 0.000000 0.962818
vn -0.282056 0.000000 0.959398
vn -0.270151 0.000000 0.962818
vn -0.282056 0.000000 0.959398
vn -0.270151 0.000000 0.962818
vn -0.282056 0.000000 0.959398
vn -0.270151 0.000000 0.962818
vn -0.282056 0.000000 0.959398
vn -0.270151 0.000000 0.962818
vn -0.270151 0.000000 0.962818
vn -0.282057 0.000000 0.959398
vn -0.282056 0.000000 0.959398
vn -0.270151 0.000000 0.962818
vn -0.282057 0.000000 0.959398
vn -0.270151 0.000000 0.962818
vn -0.282056 0.000000 0.959398
vn -0.270151 0.000000 0.962818
vn -0.282056 0.000000 0.959398
vn -0.270151 0.000000 0.962818
vn -0.282056 0.000000 0.959398
vn -0.270151 0.000000 0.962818
vn -0.282057 0.000000 0.959398
vn -0.270151 0.000000 0.962818
vn -0.282056 0.000000 0.959398
vn -0.270151 0.000000 0.962818
vn -0.282056 0.000000 0.959398
vn -0.270151 0.000000 0.962818
vn -0.282056 0.000000 0.959398
vn -0.270151 0.000000 0.962818
vn -0.282056 0.000000 0.959398
vn -0.270151 0.000000 0.962818
vn -0.282056 0.000000 0.959398
vn -0.270818 -0.142700 0.951995
vn -0.270151 0.000000 0.962818
vn -0.282056 0.000000 0.959398
vn -0.250783 0.022013 0.967793
vn -0.254976 0.000000 0.966947
vn -0.244065 0.000000 0.969759
vn -0.244065 0.000000 0.969759
vn -0.254976 0.000000 0.966947
vn -0.244065 0.000000 0.969759
vn -0.254976 0.000000 0.966947
vn -0.254976 0.000000 0.966947
vn -0.244065 0.000000 0.969759
vn -0.254976 0.000000 0.966947
vn -0.244065 0.000000 0.969759
vn -0.254976 0.000000 0.966947
vn -0.244065 0.000000 0.969759
vn -0.254976 0.000000 0.966947
vn -0.244065 0.000000 0.969759
vn -0.254976 0.000000 0.966947
vn -0.244065 0.000000 0.969759
vn -0.254976 0.000000 0.966947
vn -0.244065 0.000000 0.969759
vn -0.254976 0.000000 0.966947
vn -0.244065 0.000000 0.969759
vn -0.244065 0.000000 0.969759
vn -0.254976 0.000000 0.966947
vn -0.244065 0.000000 0.969759
vn -0.254976 0.000000 0.966947
vn -0.244065 0.000000 0.969759
vn -0.254976 0.000000 0.966947
vn -0.244065 0.000000 0.969759
vn -0.254976 0.000000 0.966947
vn -0.244065 0.000000 0.969759
vn -0.254976 0.000000 0.966947
vn -0.247706 -0.157661 0.955921
vn -0.244065 0.000000 0.969759
vn -0.254976 0.000000 0.966947
vn -0.229442 0.008595 0.973284
vn -0.230824 0.000000 0.972995
vn -0.220524 0.000000 0.975381
vn -0.230825 0.000000 0.972995
vn -0.230824 0.000000 0.972995
vn -0.220524 0.000000 0.975382
vn -0.220524 0.000000 0.975382
vn -0.230825 0.000000 0.972995
vn -0.220524 0.000000 0.975382
vn -0.220524 0.000000 0.975382
vn -0.230825 0.000000 0.972995
vn -0.220524 0.000000 0.975382
vn -0.230825 0.000000 0.972995
vn -0.220524 0.000000 0.975381
vn -0.230824 0.000000 0.972995
vn -0.220524 0.000000 0.975382
vn -0.230825 0.000000 0.972995
vn -0.220524 0.000000 0.975382
vn -0.230824 0.000000 0.972995
vn -0.220524 0.000000 0.975382
vn -0.230825 0.000000 0.972995
vn -0.220524 0.000000 0.975381
vn -0.230824 0.000000 0.972995
vn -0.220524 0.000000 0.975382
vn -0.230825 0.000000 0.972995
vn -0.220524 0.000000 0.975382
vn -0.230824 0.000000 0.972995
vn -0.228728 -0.079274 0.970257
vn -0.220524 0.000000 0.975382
vn -0.230824 0.000000 0.972995
vn -0.209103 0.008847 0.977854
vn -0.210129 0.000000 0.977674
vn -0.200374 0.000000 0.979720
vn -0.210129 0.000000 0.977674
vn -0.200374 0.000000 0.979720
vn -0.210129 0.000000 0.977674
vn -0.200374 0.000000 0.979720
vn -0.210129 0.000000 0.977674
vn -0.200374 0.000000 0.979720
vn -0.210129 0.000000 0.977674
vn -0.200374 0.000000 0.979720
vn -0.200374 0.000000 0.979720
vn -0.210129 0.000000 0.977674
vn -0.200374 0.000000 0.979720
vn -0.210129 0.000000 0.977674
vn -0.200374 0.000000 0.979720
vn -0.210129 0.000000 0.977674
vn -0.200374 0.000000 0.979720
vn -0.210129 0.000000 0.977674
vn -0.200374 0.000000 0.979720
vn -0.210129 0.000000 0.977674
vn -0.200374 0.000000 0.979720
vn -0.210129 0.000000 0.977674
vn -0.200374 0.000000 0.979720
vn -0.210129 0.000000 0.977674
vn -0.200374 0.000000 0.979720
vn -0.210129 0.000000 0.977674
vn -0.200374 0.000000 0.979720
vn -0.210129 0.000000 0.977674
vn -0.200374 0.000000 0.979720
vn -0.210129 0.000000 0.977674
vn -0.208683 -0.064021 0.975886
vn -0.200374 0.000000 0.979720
vn -0.210129 0.000000 0.977674
vn -0.189848 0.022015 0.981567
vn -0.193283 0.000000 0.981143
vn -0.183977 0.000000 0.982931
vn -0.193283 0.000000 0.981143
vn -0.183977 0.000000 0.982931
vn -0.193283 0.000000 0.981143
vn -0.183977 0.000000 0.982931
vn -0.193283 0.000000 0.981143
vn -0.183977 0.000000 0.982931
vn -0.193283 0.000000 0.981143
vn -0.183977 0.000000 0.982931
vn -0.193283 0.000000 0.981143
vn -0.183977 0.000000 0.982931
vn -0.183977 0.000000 0.982931
vn -0.193283 0.000000 0.981143
vn -0.183977 0.000000 0.982931
vn -0.193283 0.000000 0.981143
vn -0.183977 0.000000 0.982931
vn -0.193283 0.000000 0.981143
vn -0.183977 0.000000 0.982931
vn -0.193283 0.000000 0.981143
vn -0.183977 0.000000 0.982931
vn -0.193283 0.000000 0.981143
vn -0.183977 0.000000 0.982931
vn -0.193283 0.000000 0.981143
vn -0.183977 0.000000 0.982931
vn -0.193283 0.000000 0.981143
vn -0.183977 0.000000 0.982931
vn -0.193283 0.000000 0.981143
vn -0.183977 0.000000 0.982931
vn -0.193283 0.000000 0.981143
vn -0.187518 -0.157677 0.969523
vn -0.183977 0.000000 0.982931
vn -0.193283 0.000000 0.981143
vn -0.171475 0.019503 0.984995
vn -0.177396 0.000000 0.984140
vn -0.168313 0.000000 0.985734
vn -0.177396 0.000000 0.984139
vn -0.168313 0.000000 0.985734
vn -0.177396 0.000000 0.984140
vn -0.168313 0.000000 0.985734
vn -0.177396 0.000000 0.984140
vn -0.168313 0.000000 0.985734
vn -0.177396 0.000000 0.984140
vn -0.168313 0.000000 0.985734
vn -0.168313 0.000000 0.985734
vn -0.177396 0.000000 0.984140
vn -0.168313 0.000000 0.985734
vn -0.177396 0.000000 0.984140
vn -0.168313 0.000000 0.985734
vn -0.177396 0.000000 0.984139
vn -0.168313 0.000000 0.985734
vn -0.177396 0.000000 0.984140
vn -0.168313 0.000000 0.985734
vn -0.177396 0.000000 0.984140
vn -0.168313 0.000000 0.985734
vn -0.177396 0.000000 0.984140
vn -0.168313 0.000000 0.985734
vn -0.177396 0.000000 0.984139
vn -0.168313 0.000000 0.985734
vn -0.177396 0.000000 0.984140
vn -0.168313 0.000000 0.985734
vn -0.177396 0.000000 0.984140
vn -0.168313 0.000000 0.985734
vn -0.177396 0.000000 0.984140
vn -0.169328 -0.158916 0.972663
vn -0.161237 0.000000 0.986916
vn -0.161237 0.000000 0.986916
vn -0.161237 0.000000 0.986916
vn -0.161237 0.000000 0.986916
vn -0.161237 0.000000 0.986916
vn -0.161237 0.000000 0.986916
vn -0.161237 0.000000 0.986916
vn -0.161237 0.000000 0.986916
vn -0.161237 0.000000 0.986916
vn -0.161237 0.000000 0.986916
vn -0.161237 0.000000 0.986916
vn -0.161237 0.000000 0.986916
vn -0.161237 0.000000 0.986916
vn -0.161237 0.000000 0.986916
vn -0.161237 0.000000 0.986916
vn -0.161237 0.000000 0.986916
vn -0.161237 0.000000 0.986916
vn -0.161237 0.000000 0.986916
vn -0.161237 0.000000 0.986916
vn -0.161237 0.000000 0.986916
vn -0.161237 0.000000 0.986916
vn -0.154158 0.037444 0.987336
vn -0.150713 0.196823 0.968786
vn -0.153070 0.000000 0.988215
vn -0.145694 0.000000 0.989330
vn -0.153070 0.000000 0.988215
vn -0.145694 0.000000 0.989330
vn -0.153070 0.000000 0.988215
vn -0.145694 0.000000 0.989330
vn -0.153070 0.000000 0.988215
vn -0.153070 0.000000 0.988215
vn -0.153070 0.000000 0.988215
vn -0.145694 0.000000 0.989330
vn -0.153070 0.000000 0.988215
vn -0.153070 0.000000 0.988215
vn -0.145694 0.000000 0.989330
vn -0.145694 0.000000 0.989330
vn -0.153070 0.000000 0.988215
vn -0.153070 0.000000 0.988215
vn -0.145694 0.000000 0.989330
vn -0.153070 0.000000 0.988215
vn -0.153070 0.000000 0.988215
vn -0.145694 0.000000 0.989330
vn -0.153070 0.000000 0.988215
vn -0.153070 0.000000 0.988215
vn -0.145694 0.000000 0.989330
vn -0.153070 0.000000 0.988215
vn -0.153070 0.000000 0.988215
vn -0.153070 0.000000 0.988215
vn -0.145694 0.000000 0.989330
vn -0.153070 0.000000 0.988215
vn -0.145694 0.000000 0.989330
vn -0.145694 0.000000 0.989330
vn -0.153070 0.000000 0.988215
vn -0.153070 0.000000 0.988215
vn -0.153070 0.000000 0.988215
vn -0.145694 0.000000 0.989330
vn -0.153070 0.000000 0.988215
vn -0.153070 0.000000 0.988215
vn -0.145694 0.000000 0.989330
vn -0.153070 0.000000 0.988215
vn -0.145694 0.000000 0.989330
vn -0.153070 0.000000 0.988215
vn -0.153070 0.000000 0.988215
vn -0.153070 0.000000 0.988215
vn -0.145694 0.000000 0.989330
vn -0.153070 0.000000 0.988215
vn -0.145694 0.000000 0.989330
vn -0.153070 0.000000 0.988215
vn -0.153070 0.000000 0.988215
vn -0.145694 0.000000 0.989330
vn -0.153070 0.000000 0.988215
vn -0.153070 0.000000 0.988215
vn -0.145694 0.000000 0.989330
vn -0.153070 0.000000 0.988215
vn -0.153070 0.000000 0.988215
vn -0.153070 0.000000 0.988215
vn -0.153070 0.000000 0.988215
vn -0.145694 0.000000 0.989330
vn -0.145694 0.000000 0.989330
vn -0.153070 0.000000 0.988215
vn -0.153070 0.000000 0.988215
vn -0.145694 0.000000 0.989330
vn -0.153070 0.000000 0.988215
vn -0.153070 0.000000 0.988215
vn -0.145694 0.000000 0.989330
vn -0.153070 0.000000 0.988215
vn -0.153070 0.000000 0.988215
vn -0.150708 -0.196993 0.968752
vn -0.145694 0.000000 0.989330
vn -0.153070 0.000000 0.988215
vn -0.153533 -0.085974 0.984396
vn -0.125456 0.000000 0.992099
vn -0.125456 0.000000 0.992099
vn -0.125456 0.000000 0.992099
vn -0.125456 0.000000 0.992099
vn -0.125456 0.000000 0.992099
vn -0.125456 0.000000 0.992099
vn -0.125456 0.000000 0.992099
vn -0.125457 0.000000 0.992099
vn -0.125456 0.000000 0.992099
vn -0.125456 0.000000 0.992099
vn -0.125456 0.000000 0.992099
vn -0.125457 0.000000 0.992099
vn -0.125456 0.000000 0.992099
vn -0.125456 0.000000 0.992099
vn -0.125456 0.000000 0.992099
vn -0.125456 0.000000 0.992099
vn -0.125456 0.000000 0.992099
vn -0.125456 0.000000 0.992099
vn -0.125456 0.000000 0.992099
vn -0.119692 0.033860 0.992234
vn -0.119385 0.048442 0.991666
vn -0.111984 0.000000 0.993710
vn -0.117821 0.000000 0.993035
vn -0.111984 0.000000 0.993710
vn -0.117821 0.000000 0.993035
vn -0.117821 0.000000 0.993035
vn -0.111984 0.000000 0.993710
vn -0.117821 0.000000 0.993035
vn -0.111984 0.000000 0.993710
vn -0.117821 0.000000 0.993035
vn -0.117821 0.000000 0.993035
vn -0.111984 0.000000 0.993710
vn -0.117821 0.000000 0.993035
vn -0.117821 0.000000 0.993035
vn -0.117821 0.000000 0.993035
vn -0.111984 0.000000 0.993710
vn -0.111984 0.000000 0.993710
vn -0.117821 0.000000 0.993035
vn -0.117821 0.000000 0.993035
vn -0.111984 0.000000 0.993710
vn -0.117821 0.000000 0.993035
vn -0.117821 0.000000 0.993035
vn -0.117821 0.000000 0.993035
vn -0.111984 0.000000 0.993710
vn -0.117821 0.000000 0.993035
vn -0.117821 0.000000 0.993035
vn -0.111984 0.000000 0.993710
vn -0.111984 0.000000 0.993710
vn -0.117821 0.000000 0.993035
vn -0.111984 0.000000 0.993710
vn -0.117821 0.000000 0.993035
vn -0.117821 0.000000 0.993035
vn -0.111984 0.000000 0.993710
vn -0.117821 0.000000 0.993035
vn -0.117821 0.000000 0.993035
vn -0.111984 0.000000 0.993710
vn -0.117821 0.000000 0.993035
vn -0.117821 0.000000 0.993035
vn -0.111984 0.000000 0.993710
vn -0.117821 0.000000 0.993035
vn -0.117821 0.000000 0.993035
vn -0.117821 0.000000 0.993035
vn -0.111984 0.000000 0.993710
vn -0.117821 0.000000 0.993035
vn -0.117821 0.000000 0.993035
vn -0.111984 0.000000 0.993710
vn -0.117821 0.000000 0.993035
vn -0.117821 0.000000 0.993035
vn -0.117821 0.000000 0.993035
vn -0.111984 0.000000 0.993710
vn -0.117821 0.000000 0.993035
vn -0.117821 0.000000 0.993035
vn -0.111984 0.000000 0.993710
vn -0.117821 0.000000 0.993035
vn -0.117821 0.000000 0.993035
vn -0.117821 0.000000 0.993035
vn -0.111984 0.000000 0.993710
vn -0.117821 0.000000 0.993035
vn -0.111984 0.000000 0.993710
vn -0.117821 0.000000 0.993035
vn -0.117821 0.000000 0.993035
vn -0.111984 0.000000 0.993710
vn -0.118664 -0.140354 0.982965
vn -0.116154 -0.235823 0.964829
vn -0.117821 0.000000 0.993035
vn -0.111984 0.000000 0.993710
vn -0.102971 0.004934 0.994672
vn -0.103101 0.000000 0.994671
vn -0.094948 0.000000 0.995482
vn -0.103101 0.000000 0.994671
vn -0.094948 0.000000 0.995482
vn -0.103101 0.000000 0.994671
vn -0.094948 0.000000 0.995482
vn -0.103101 0.000000 0.994671
vn -0.094948 0.000000 0.995482
vn -0.103101 0.000000 0.994671
vn -0.094948 0.000000 0.995482
vn -0.094948 0.000000 0.995482
vn -0.103101 0.000000 0.994671
vn -0.103101 0.000000 0.994671
vn -0.094948 0.000000 0.995482
vn -0.103101 0.000000 0.994671
vn -0.094948 0.000000 0.995482
vn -0.103101 0.000000 0.994671
vn -0.103101 0.000000 0.994671
vn -0.103101 0.000000 0.994671
vn -0.103101 0.000000 0.994671
vn -0.103101 0.000000 0.994671
vn -0.094948 0.000000 0.995482
vn -0.103101 0.000000 0.994671
vn -0.094948 0.000000 0.995482
vn -0.103101 0.000000 0.994671
vn -0.094948 0.000000 0.995482
vn -0.103101 0.000000 0.994671
vn -0.094948 0.000000 0.995482
vn -0.103101 0.000000 0.994671
vn -0.094948 0.000000 0.995482
vn -0.094948 0.000000 0.995482
vn -0.103101 0.000000 0.994671
vn -0.094948 0.000000 0.995482
vn -0.103101 0.000000 0.994671
vn -0.094948 0.000000 0.995482
vn -0.103101 0.000000 0.994671
vn -0.102966 -0.011103 0.994623
vn -0.094948 0.000000 0.995482
vn -0.103101 0.000000 0.994671
vn -0.086656 0.042347 0.995338
vn -0.086854 0.000000 0.996221
vn -0.078867 0.000000 0.996885
vn -0.086854 0.000000 0.996221
vn -0.078867 0.000000 0.996885
vn -0.086854 0.000000 0.996221
vn -0.078867 0.000000 0.996885
vn -0.086854 0.000000 0.996221
vn -0.078867 0.000000 0.996885
vn -0.086854 0.000000 0.996221
vn -0.078867 0.000000 0.996885
vn -0.086854 0.000000 0.996221
vn -0.078867 0.000000 0.996885
vn -0.086854 0.000000 0.996221
vn -0.078867 0.000000 0.996885
vn -0.086854 0.000000 0.996221
vn -0.078867 0.000000 0.996885
vn -0.086854 0.000000 0.996221
vn -0.078867 0.000000 0.996885
vn -0.086979 -0.001075 0.996210
vn -0.086854 0.000000 0.996221
vn -0.086979 0.000000 0.996210
vn -0.086979 0.000000 0.996210
vn -0.086979 0.000000 0.996210
vn -0.086979 0.000000 0.996210
vn -0.086979 0.000000 0.996210
vn -0.086979 0.001102 0.996210
vn -0.086979 0.000000 0.996210
vn -0.086854 0.000000 0.996221
vn -0.078867 0.000000 0.996885
vn -0.086854 0.000000 0.996221
vn -0.078867 0.000000 0.996885
vn -0.078867 0.000000 0.996885
vn -0.086854 0.000000 0.996221
vn -0.078867 0.000000 0.996885
vn -0.086854 0.000000 0.996221
vn -0.078867 0.000000 0.996885
vn -0.086854 0.000000 0.996221
vn -0.078867 0.000000 0.996885
vn -0.086854 0.000000 0.996221
vn -0.078867 0.000000 0.996885
vn -0.086854 0.000000 0.996221
vn -0.078867 0.000000 0.996885
vn -0.086854 0.000000 0.996221
vn -0.078867 0.000000 0.996885
vn -0.086854 0.000000 0.996221
vn -0.086729 -0.010600 0.996176
vn -0.070591 0.072060 0.994899
vn -0.064034 0.000000 0.997948
vn -0.071941 0.000000 0.997409
vn -0.064034 0.000000 0.997948
vn -0.071941 0.000000 0.997409
vn -0.071941 0.000000 0.997409
vn -0.064034 0.000000 0.997948
vn -0.071941 0.000000 0.997409
vn -0.064034 0.000000 0.997948
vn -0.064034 0.000000 0.997948
vn -0.071941 0.000000 0.997409
vn -0.064034 0.000000 0.997948
vn -0.071941 0.000000 0.997409
vn -0.071941 0.000000 0.997409
vn -0.064034 0.000000 0.997948
vn -0.064034 0.000000 0.997948
vn -0.071941 0.000000 0.997409
vn -0.072059 -0.000991 0.997400
vn -0.072059 0.000000 0.997400
vn -0.064034 0.000000 0.997948
vn -0.072059 0.000000 0.997400
vn -0.072059 0.000000 0.997400
vn -0.064034 0.000000 0.997948
vn -0.072059 0.000000 0.997400
vn -0.064034 0.000000 0.997948
vn -0.064034 0.000000 0.997948
vn -0.072059 0.000000 0.997400
vn -0.072059 0.000000 0.997400
vn -0.064034 0.000000 0.997948
vn -0.072059 0.000000 0.997400
vn -0.072059 0.000917 0.997400
vn -0.072059 0.000000 0.997400
vn -0.064034 0.000000 0.997948
vn -0.071941 0.000000 0.997409
vn -0.064034 0.000000 0.997948
vn -0.071941 0.000000 0.997409
vn -0.064034 0.000000 0.997948
vn -0.071941 0.000000 0.997409
vn -0.064034 0.000000 0.997948
vn -0.071941 0.000000 0.997409
vn -0.064034 0.000000 0.997948
vn -0.071941 0.000000 0.997409
vn -0.064034 0.000000 0.997948
vn -0.071941 0.000000 0.997409
vn -0.064034 0.000000 0.997948
vn -0.071941 0.000000 0.997409
vn -0.064034 0.000000 0.997948
vn -0.071941 0.000000 0.997409
vn -0.070488 -0.089967 0.993447
vn -0.064034 0.000000 0.997948
vn -0.071941 0.000000 0.997409
vn -0.045547 0.000000 0.998962
vn -0.045547 0.000000 0.998962
vn -0.045547 0.000000 0.998962
vn -0.045547 0.000000 0.998962
vn -0.045547 0.000000 0.998962
vn -0.045547 0.000000 0.998962
vn -0.045547 0.000000 0.998962
vn -0.045547 0.000000 0.998962
vn -0.045547 0.000000 0.998962
vn -0.045547 0.000000 0.998962
vn -0.045547 0.000000 0.998962
vn -0.045547 0.000000 0.998962
vn -0.045547 0.000000 0.998962
vn -0.045547 0.000000 0.998962
vn -0.045547 0.000000 0.998962
vn -0.045547 0.000000 0.998962
vn -0.045547 0.000000 0.998962
vn -0.045547 0.000000 0.998962
vn -0.045547 0.000000 0.998962
vn -0.045547 0.000000 0.998962
vn -0.040627 0.031202 0.998687
vn -0.039301 0.098414 0.994369
vn -0.033434 0.000000 0.999441
vn -0.039461 0.000000 0.999221
vn -0.033434 0.000000 0.999441
vn -0.039461 0.000000 0.999221
vn -0.039461 0.000000 0.999221
vn -0.033434 0.000000 0.999441
vn -0.039461 0.000000 0.999221
vn -0.039461 0.000000 0.999221
vn -0.033434 0.000000 0.999441
vn -0.039461 0.000000 0.999221
vn -0.033434 0.000000 0.999441
vn -0.039461 0.000000 0.999221
vn -0.039461 0.000000 0.999221
vn -0.033434 0.000000 0.999441
vn -0.039461 0.000000 0.999221
vn -0.039461 0.000000 0.999221
vn -0.033434 0.000000 0.999441
vn -0.039461 0.000000 0.999221
vn -0.039461 0.000000 0.999221
vn -0.039461 0.000000 0.999221
vn -0.039461 0.000000 0.999221
vn -0.033434 0.000000 0.999441
vn -0.039461 0.000000 0.999221
vn -0.039461 0.000000 0.999221
vn -0.039461 0.000000 0.999221
vn -0.033434 0.000000 0.999441
vn -0.033434 0.000000 0.999441
vn -0.039461 0.000000 0.999221
vn -0.033434 0.000000 0.999441
vn -0.039461 0.000000 0.999221
vn -0.033434 0.000000 0.999441
vn -0.039461 0.000000 0.999221
vn -0.033434 0.000000 0.999441
vn -0.039461 0.000000 0.999221
vn -0.039461 0.000000 0.999221
vn -0.039461 0.000000 0.999221
vn -0.039461 0.000000 0.999221
vn -0.033434 0.000000 0.999441
vn -0.039461 0.000000 0.999221
vn -0.039461 0.000000 0.999221
vn -0.033434 0.000000 0.999441
vn -0.039461 0.000000 0.999221
vn -0.039461 0.000000 0.999221
vn -0.039461 0.000000 0.999221
vn -0.033434 0.000000 0.999441
vn -0.039461 0.000000 0.999221
vn -0.033434 0.000000 0.999441
vn -0.039461 0.000000 0.999221
vn -0.039461 0.000000 0.999221
vn -0.033434 0.000000 0.999441
vn -0.039461 0.000000 0.999221
vn -0.039461 0.000000 0.999221
vn -0.033434 0.000000 0.999441
vn -0.039461 0.000000 0.999221
vn -0.039461 0.000000 0.999221
vn -0.033434 0.000000 0.999441
vn -0.039461 0.000000 0.999221
vn -0.039461 0.000000 0.999221
vn -0.039461 0.000000 0.999221
vn -0.033434 0.000000 0.999441
vn -0.033434 0.000000 0.999441
vn -0.039461 0.000000 0.999221
vn -0.033434 0.000000 0.999441
vn -0.039461 0.000000 0.999221
vn -0.035397 -0.443498 0.895576
vn -0.040655 -0.096864 0.994467
vn -0.024049 0.015439 0.999592
vn -0.026119 0.000000 0.999659
vn -0.018436 0.000000 0.999830
vn -0.018436 0.000000 0.999830
vn -0.026119 0.000000 0.999659
vn -0.018436 0.000000 0.999830
vn -0.026119 0.000000 0.999659
vn -0.018436 0.000000 0.999830
vn -0.026119 0.000000 0.999659
vn -0.018436 0.000000 0.999830
vn -0.026119 0.000000 0.999659
vn -0.018436 0.000000 0.999830
vn -0.026119 0.000000 0.999659
vn -0.018436 0.000000 0.999830
vn -0.026119 0.000000 0.999659
vn -0.018436 0.000000 0.999830
vn -0.026119 0.000000 0.999659
vn -0.018436 0.000000 0.999830
vn -0.026119 0.000000 0.999659
vn -0.018436 0.000000 0.999830
vn -0.026119 0.000000 0.999659
vn -0.018436 0.000000 0.999830
vn -0.026119 0.000000 0.999659
vn -0.018436 0.000000 0.999830
vn -0.026119 0.000000 0.999659
vn -0.018436 0.000000 0.999830
vn -0.026119 0.000000 0.999659
vn -0.023810 -0.141419 0.989663
vn -0.018436 0.000000 0.999830
vn -0.026119 0.000000 0.999659
vn -0.000774 0.000000 1.000000
vn -0.000774 0.000000 1.000000
vn -0.000774 0.000000 1.000000
vn -0.000774 0.000000 1.000000
vn -0.000774 0.000000 1.000000
vn -0.000774 0.000000 1.000000
vn -0.000774 0.000000 1.000000
vn -0.000774 0.000000 1.000000
vn -0.000774 0.000000 1.000000
vn -0.000774 0.000000 1.000000
vn -0.000774 0.000000 1.000000
vn -0.000774 0.000000 1.000000
vn -0.000774 0.000000 1.000000
vn -0.000774 0.000000 1.000000
vn -0.000774 0.000000 1.000000
vn -0.000774 0.000000 1.000000
vn -0.000774 0.000000 1.000000
vn 0.005805 0.006157 0.999964
vn 0.006177 0.171509 0.985163
vn 0.006243 0.000000 0.999981
vn 0.013202 0.000000 0.999913
vn 0.006243 0.000000 0.999980
vn 0.013202 0.000000 0.999913
vn 0.006243 0.000000 0.999981
vn 0.013202 0.000000 0.999913
vn 0.006243 0.000000 0.999981
vn 0.013202 0.000000 0.999913
vn 0.006243 0.000000 0.999981
vn 0.013202 0.000000 0.999913
vn 0.006243 0.000000 0.999980
vn 0.013202 0.000000 0.999913
vn 0.013202 0.000000 0.999913
vn 0.006243 0.000000 0.999981
vn 0.006243 -0.000000 0.999981
vn 0.006243 0.000000 0.999981
vn 0.013202 0.000000 0.999913
vn 0.006243 -0.000000 0.999981
vn 0.006243 0.000000 0.999981
vn 0.013202 0.000000 0.999913
vn 0.006243 -0.000000 0.999981
vn 0.006243 0.000000 0.999980
vn 0.013202 0.000000 0.999913
vn 0.006243 -0.000000 0.999980
vn 0.006243 0.000000 0.999981
vn 0.013202 0.000000 0.999913
vn 0.006243 -0.000000 0.999981
vn 0.006243 -0.000000 0.999981
vn 0.013202 0.000000 0.999913
vn 0.013202 0.000000 0.999913
vn 0.006243 0.000000 0.999981
vn 0.006243 0.000000 0.999981
vn 0.013202 0.000000 0.999913
vn 0.006243 -0.000000 0.999981
vn 0.006243 -0.000000 0.999981
vn 0.013202 0.000000 0.999913
vn 0.006243 0.000000 0.999981
vn 0.013202 0.000000 0.999913
vn 0.006243 0.000000 0.999980
vn 0.006243 -0.000000 0.999980
vn 0.013202 0.000000 0.999913
vn 0.006243 0.000000 0.999981
vn 0.006243 -0.000000 0.999981
vn 0.006243 0.000000 0.999981
vn 0.013202 0.000000 0.999913
vn 0.006243 -0.000000 0.999981
vn 0.006243 0.000000 0.999981
vn 0.013202 0.000000 0.999913
vn 0.006243 -0.000000 0.999981
vn 0.006243 -0.000000 0.999980
vn 0.013202 0.000000 0.999913
vn 0.006243 0.000000 0.999980
vn 0.013202 0.000000 0.999913
vn 0.006243 0.000000 0.999981
vn 0.006243 -0.000000 0.999981
vn 0.013202 0.000000 0.999913
vn 0.006243 0.000000 0.999981
vn 0.006243 -0.000000 0.999981
vn 0.006243 -0.000000 0.999981
vn 0.006243 0.000000 0.999981
vn 0.006264 -0.043500 0.999034
vn 0.013202 0.000000 0.999913
vn 0.006237 -0.041009 0.999139
vn 0.021075 0.009046 0.999737
vn 0.019967 0.000000 0.999801
vn 0.019967 -0.000000 0.999801
vn 0.027335 0.000000 0.999626
vn 0.027335 0.000000 0.999626
vn 0.019967 0.000000 0.999801
vn 0.027335 0.000000 0.999626
vn 0.027335 0.000000 0.999626
vn 0.019967 0.000000 0.999801
vn 0.027335 0.000000 0.999626
vn 0.019967 0.000000 0.999801
vn 0.027335 0.000000 0.999626
vn 0.019967 0.000000 0.999801
vn 0.027335 0.000000 0.999626
vn 0.019967 0.000000 0.999801
vn 0.027335 0.000000 0.999626
vn 0.019967 0.000000 0.999801
vn 0.027335 0.000000 0.999626
vn 0.019967 0.000000 0.999801
vn 0.027335 0.000000 0.999626
vn 0.019967 0.000000 0.999801
vn 0.027335 0.000000 0.999626
vn 0.019967 0.000000 0.999801
vn 0.019967 0.000000 0.999801
vn 0.027335 0.000000 0.999626
vn 0.019967 0.000000 0.999801
vn 0.027335 0.000000 0.999626
vn 0.020986 -0.092342 0.995506
vn 0.050191 0.041007 0.997897
vn 0.043533 0.000000 0.999052
vn 0.050783 0.000000 0.998710
vn 0.050783 0.000000 0.998710
vn 0.043533 0.000000 0.999052
vn 0.050783 0.000000 0.998710
vn 0.043533 0.000000 0.999052
vn 0.050783 0.000000 0.998710
vn 0.043533 0.000000 0.999052
vn 0.050783 0.000000 0.998710
vn 0.043533 0.000000 0.999052
vn 0.050783 0.000000 0.998710
vn 0.043533 0.000000 0.999052
vn 0.050783 0.000000 0.998710
vn 0.043533 0.000000 0.999052
vn 0.050783 0.000000 0.998710
vn 0.043533 0.000000 0.999052
vn 0.050783 0.000000 0.998710
vn 0.043533 0.000000 0.999052
vn 0.050783 0.000000 0.998710
vn 0.043533 0.000000 0.999052
vn 0.043533 -0.000000 0.999052
vn 0.050783 0.000000 0.998710
vn 0.050783 0.000000 0.998710
vn 0.043533 0.000000 0.999052
vn 0.050783 0.000000 0.998710
vn 0.043533 0.000000 0.999052
vn 0.050783 0.000000 0.998710
vn 0.043533 0.000000 0.999052
vn 0.050783 0.000000 0.998710
vn 0.043533 0.000000 0.999052
vn 0.050783 0.000000 0.998710
vn 0.043533 0.000000 0.999052
vn 0.050783 0.000000 0.998710
vn 0.043533 0.000000 0.999052
vn 0.050783 0.000000 0.998710
vn 0.043533 0.000000 0.999052
vn 0.050783 0.000000 0.998710
vn 0.043533 0.000000 0.999052
vn 0.050783 0.000000 0.998710
vn 0.043533 0.000000 0.999052
vn 0.050783 0.000000 0.998710
vn 0.043533 0.000000 0.999052
vn 0.050167 -0.051248 0.997425
vn 0.050783 0.000000 0.998710
vn 0.043533 0.000000 0.999052
vn 0.064555 0.010356 0.997860
vn 0.065826 0.000000 0.997831
vn 0.058726 -0.000000 0.998274
vn 0.058726 0.000000 0.998274
vn 0.065826 0.000000 0.997831
vn 0.065826 0.000000 0.997831
vn 0.058726 0.000000 0.998274
vn 0.065826 0.000000 0.997831
vn 0.058726 0.000000 0.998274
vn 0.065826 0.000000 0.997831
vn 0.058726 0.000000 0.998274
vn 0.065826 0.000000 0.997831
vn 0.058726 0.000000 0.998274
vn 0.065826 0.000000 0.997831
vn 0.058726 0.000000 0.998274
vn 0.065826 0.000000 0.997831
vn 0.058726 0.000000 0.998274
vn 0.065826 0.000000 0.997831
vn 0.058726 0.000000 0.998274
vn 0.065826 0.000000 0.997831
vn 0.058726 0.000000 0.998274
vn 0.065826 0.000000 0.997831
vn 0.058726 0.000000 0.998274
vn 0.065826 0.000000 0.997831
vn 0.058726 0.000000 0.998274
vn 0.065826 0.000000 0.997831
vn 0.058726 0.000000 0.998274
vn 0.064198 -0.105574 0.992337
vn 0.078643 0.038337 0.996165
vn 0.080255 0.000000 0.996774
vn 0.073208 0.000000 0.997317
vn 0.080255 0.000000 0.996774
vn 0.073208 0.000000 0.997317
vn 0.080255 0.000000 0.996774
vn 0.073208 0.000000 0.997317
vn 0.080255 0.000000 0.996774
vn 0.073208 0.000000 0.997317
vn 0.080255 0.000000 0.996774
vn 0.073208 0.000000 0.997317
vn 0.080255 0.000000 0.996774
vn 0.073208 0.000000 0.997317
vn 0.080255 0.000000 0.996774
vn 0.073208 0.000000 0.997317
vn 0.080255 0.000000 0.996774
vn 0.073208 0.000000 0.997317
vn 0.073208 -0.000000 0.997317
vn 0.080255 0.000000 0.996774
vn 0.080255 0.000000 0.996774
vn 0.073208 0.000000 0.997317
vn 0.080255 0.000000 0.996774
vn 0.073208 0.000000 0.997317
vn 0.080255 0.000000 0.996774
vn 0.073208 0.000000 0.997317
vn 0.080255 0.000000 0.996774
vn 0.073208 0.000000 0.997317
vn 0.080255 0.000000 0.996774
vn 0.073208 0.000000 0.997317
vn 0.080255 0.000000 0.996774
vn 0.073208 0.000000 0.997317
vn 0.080255 0.000000 0.996774
vn 0.073208 0.000000 0.997317
vn 0.080255 0.000000 0.996774
vn 0.073208 0.000000 0.997317
vn 0.080255 0.000000 0.996774
vn 0.073208 0.000000 0.997317
vn 0.080255 0.000000 0.996774
vn 0.073208 0.000000 0.997317
vn 0.078096 -0.123750 0.989236
vn 0.080255 0.000000 0.996774
vn 0.073208 0.000000 0.997317
vn 0.092577 0.042127 0.994814
vn 0.094419 0.000000 0.995533
vn 0.087480 0.000000 0.996166
vn 0.094419 0.000000 0.995533
vn 0.087480 0.000000 0.996166
vn 0.094419 0.000000 0.995532
vn 0.087480 0.000000 0.996166
vn 0.094419 0.000000 0.995533
vn 0.087480 0.000000 0.996166
vn 0.094419 0.000000 0.995533
vn 0.087480 0.000000 0.996166
vn 0.094419 0.000000 0.995533
vn 0.087480 0.000000 0.996166
vn 0.094419 0.000000 0.995532
vn 0.087480 0.000000 0.996166
vn 0.087480 -0.000000 0.996166
vn 0.087480 0.000000 0.996166
vn 0.094419 0.000000 0.995533
vn 0.094419 0.000000 0.995533
vn 0.094419 0.000000 0.995533
vn 0.087480 0.000000 0.996166
vn 0.094419 0.000000 0.995533
vn 0.087480 0.000000 0.996166
vn 0.094419 0.000000 0.995533
vn 0.087480 0.000000 0.996166
vn 0.094419 0.000000 0.995532
vn 0.087480 0.000000 0.996166
vn 0.094419 0.000000 0.995533
vn 0.087480 0.000000 0.996166
vn 0.094419 0.000000 0.995533
vn 0.087480 0.000000 0.996166
vn 0.094419 0.000000 0.995533
vn 0.087480 0.000000 0.996166
vn 0.094419 0.000000 0.995532
vn 0.087480 0.000000 0.996166
vn 0.094419 0.000000 0.995533
vn 0.087480 0.000000 0.996166
vn 0.094419 0.000000 0.995533
vn 0.087480 0.000000 0.996166
vn 0.094419 0.000000 0.995533
vn 0.087480 0.000000 0.996166
vn 0.091801 -0.135789 0.986476
vn 0.106321 0.046477 0.993245
vn 0.107630 0.000000 0.994191
vn 0.100733 0.000000 0.994914
vn 0.107630 0.000000 0.994191
vn 0.100733 0.000000 0.994914
vn 0.107630 0.000000 0.994191
vn 0.100733 0.000000 0.994914
vn 0.107630 0.000000 0.994191
vn 0.100733 0.000000 0.994914
vn 0.107630 0.000000 0.994191
vn 0.100733 0.000000 0.994914
vn 0.107630 0.000000 0.994191
vn 0.100733 0.000000 0.994914
vn 0.107630 0.000000 0.994191
vn 0.100733 0.000000 0.994914
vn 0.107630 0.000000 0.994191
vn 0.100733 0.000000 0.994914
vn 0.107630 0.000000 0.994191
vn 0.100733 0.000000 0.994914
vn 0.100733 -0.000000 0.994914
vn 0.107630 0.000000 0.994191
vn 0.107630 0.000000 0.994191
vn 0.100733 0.000000 0.994914
vn 0.107630 0.000000 0.994191
vn 0.100733 0.000000 0.994914
vn 0.107630 0.000000 0.994191
vn 0.100733 0.000000 0.994914
vn 0.107630 0.000000 0.994191
vn 0.100733 0.000000 0.994914
vn 0.107630 0.000000 0.994191
vn 0.100733 0.000000 0.994914
vn 0.107630 0.000000 0.994191
vn 0.100733 0.000000 0.994914
vn 0.107630 0.000000 0.994191
vn 0.100733 0.000000 0.994914
vn 0.107630 0.000000 0.994191
vn 0.100733 0.000000 0.994914
vn 0.107630 0.000000 0.994191
vn 0.100733 0.000000 0.994914
vn 0.107630 0.000000 0.994191
vn 0.100733 0.000000 0.994914
vn 0.105857 -0.104134 0.988914
vn 0.107630 0.000000 0.994191
vn 0.100733 0.000000 0.994914
vn 0.120018 0.033758 0.992198
vn 0.123015 0.000000 0.992405
vn 0.116260 0.000000 0.993219
vn 0.123015 0.000000 0.992405
vn 0.116260 0.000000 0.993219
vn 0.116260 0.000000 0.993219
vn 0.123015 0.000000 0.992405
vn 0.116260 0.000000 0.993219
vn 0.123015 0.000000 0.992405
vn 0.123015 0.000000 0.992405
vn 0.116260 0.000000 0.993219
vn 0.123015 0.000000 0.992405
vn 0.123015 0.000000 0.992405
vn 0.116260 0.000000 0.993219
vn 0.116260 -0.000000 0.993219
vn 0.116260 0.000000 0.993219
vn 0.123015 0.000000 0.992405
vn 0.116260 0.000000 0.993219
vn 0.123015 0.000000 0.992405
vn 0.116260 0.000000 0.993219
vn 0.123015 0.000000 0.992405
vn 0.116260 0.000000 0.993219
vn 0.123015 0.000000 0.992405
vn 0.116260 0.000000 0.993219
vn 0.123015 0.000000 0.992405
vn 0.116260 0.000000 0.993219
vn 0.123015 0.000000 0.992405
vn 0.116260 0.000000 0.993219
vn 0.123015 0.000000 0.992405
vn 0.116260 0.000000 0.993219
vn 0.123015 0.000000 0.992405
vn 0.116260 0.000000 0.993219
vn 0.123015 0.000000 0.992405
vn 0.116260 0.000000 0.993219
vn 0.123015 0.000000 0.992405
vn 0.116260 0.000000 0.993219
vn 0.123015 0.000000 0.992405
vn 0.118241 -0.174638 0.977507
vn 0.128377 0.000000 0.991725
vn 0.128377 0.000000 0.991725
vn 0.128377 0.000000 0.991726
vn 0.128377 0.000000 0.991725
vn 0.128377 0.000000 0.991725
vn 0.128377 0.000000 0.991725
vn 0.128377 0.000000 0.991726
vn 0.128377 -0.000000 0.991725
vn 0.128377 0.000000 0.991725
vn 0.128377 0.000000 0.991726
vn 0.128377 0.000000 0.991725
vn 0.128377 0.000000 0.991725
vn 0.128377 0.000000 0.991726
vn 0.128377 0.000000 0.991725
vn 0.128377 0.000000 0.991725
vn 0.128377 0.000000 0.991725
vn 0.128377 0.000000 0.991726
vn 0.128377 0.000000 0.991725
vn 0.128377 0.000000 0.991725
vn 0.128377 0.000000 0.991725
vn 0.132370 -0.128944 0.982777
vn 0.133228 0.061955 0.989147
vn 0.133327 0.039557 0.990282
vn 0.139962 0.000000 0.990157
vn 0.134901 0.000000 0.990859
vn 0.139962 0.000000 0.990157
vn 0.134901 0.000000 0.990859
vn 0.139962 0.000000 0.990157
vn 0.134901 -0.000000 0.990859
vn 0.134901 0.000000 0.990859
vn 0.134901 0.000000 0.990859
vn 0.139962 0.000000 0.990157
vn 0.134901 0.000000 0.990859
vn 0.139962 0.000000 0.990157
vn 0.134901 -0.000000 0.990859
vn 0.134901 -0.000000 0.990859
vn 0.139962 0.000000 0.990157
vn 0.134901 0.000000 0.990859
vn 0.134901 -0.000000 0.990859
vn 0.134901 0.000000 0.990859
vn 0.139962 0.000000 0.990157
vn 0.134901 0.000000 0.990859
vn 0.139962 0.000000 0.990157
vn 0.134901 -0.000000 0.990859
vn 0.134901 -0.000000 0.990859
vn 0.134901 0.000000 0.990859
vn 0.139962 0.000000 0.990157
vn 0.139962 0.000000 0.990157
vn 0.134901 -0.000000 0.990859
vn 0.134901 -0.000000 0.990859
vn 0.134901 0.000000 0.990859
vn 0.139962 0.000000 0.990157
vn 0.139962 0.000000 0.990157
vn 0.134901 0.000000 0.990859
vn 0.139962 0.000000 0.990157
vn 0.134901 0.000000 0.990859
vn 0.134901 -0.000000 0.990859
vn 0.139962 0.000000 0.990157
vn 0.134901 0.000000 0.990859
vn 0.134901 -0.000000 0.990859
vn 0.134901 0.000000 0.990859
vn 0.139962 0.000000 0.990157
vn 0.134901 -0.000000 0.990859
vn 0.134901 -0.000000 0.990859
vn 0.139962 0.000000 0.990157
vn 0.134901 0.000000 0.990859
vn 0.134901 -0.000000 0.990859
vn 0.134901 0.000000 0.990859
vn 0.139962 0.000000 0.990157
vn 0.134901 0.000000 0.990859
vn 0.139962 0.000000 0.990157
vn 0.134901 -0.000000 0.990859
vn 0.134901 -0.000000 0.990859
vn 0.139962 0.000000 0.990157
vn 0.134901 0.000000 0.990859
vn 0.139962 0.000000 0.990157
vn 0.134901 0.000000 0.990859
vn 0.134901 -0.000000 0.990859
vn 0.134901 -0.000000 0.990859
vn 0.139962 0.000000 0.990157
vn 0.134901 0.000000 0.990859
vn 0.134901 -0.000000 0.990859
vn 0.134901 -0.000000 0.990859
vn 0.134901 0.000000 0.990859
vn 0.139962 0.000000 0.990157
vn 0.134901 0.000000 0.990859
vn 0.139962 0.000000 0.990157
vn 0.134216 -0.053211 0.989522
vn 0.139962 0.000000 0.990157
vn 0.134901 0.000000 0.990859
vn 0.159501 0.035416 0.986562
vn 0.155057 0.000000 0.987906
vn 0.161506 0.000000 0.986872
vn 0.155056 0.000000 0.987906
vn 0.161506 0.000000 0.986872
vn 0.155056 0.000000 0.987906
vn 0.161506 0.000000 0.986872
vn 0.155056 0.000000 0.987906
vn 0.161506 0.000000 0.986872
vn 0.155056 0.000000 0.987906
vn 0.161506 0.000000 0.986872
vn 0.155056 0.000000 0.987906
vn 0.161506 0.000000 0.986872
vn 0.155056 -0.000000 0.987906
vn 0.161506 0.000000 0.986872
vn 0.155057 0.000000 0.987906
vn 0.161506 0.000000 0.986872
vn 0.155056 0.000000 0.987906
vn 0.161506 0.000000 0.986872
vn 0.161506 0.000000 0.986872
vn 0.155057 0.000000 0.987906
vn 0.161506 0.000000 0.986872
vn 0.155056 0.000000 0.987906
vn 0.161506 0.000000 0.986872
vn 0.155056 0.000000 0.987906
vn 0.161506 0.000000 0.986872
vn 0.155056 0.000000 0.987906
vn 0.161506 0.000000 0.986872
vn 0.155056 0.000000 0.987906
vn 0.161506 0.000000 0.986872
vn 0.155056 0.000000 0.987906
vn 0.161506 0.000000 0.986872
vn 0.155056 0.000000 0.987906
vn 0.161506 0.000000 0.986872
vn 0.155056 0.000000 0.987906
vn 0.161506 0.000000 0.986872
vn 0.155056 0.000000 0.987906
vn 0.161506 0.000000 0.986872
vn 0.155056 0.000000 0.987906
vn 0.157821 -0.148958 0.976168
vn 0.168511 0.000000 0.985700
vn 0.168511 0.000000 0.985700
vn 0.168511 0.000000 0.985700
vn 0.168511 0.000000 0.985700
vn 0.168511 0.000000 0.985700
vn 0.168511 -0.000000 0.985700
vn 0.168511 0.000000 0.985700
vn 0.168511 0.000000 0.985700
vn 0.168511 0.000000 0.985700
vn 0.168511 0.000000 0.985700
vn 0.168511 0.000000 0.985700
vn 0.168511 0.000000 0.985700
vn 0.168511 0.000000 0.985700
vn 0.168511 0.000000 0.985700
vn 0.168511 0.000000 0.985700
vn 0.168511 0.000000 0.985700
vn 0.168511 0.000000 0.985700
vn 0.168511 0.000000 0.985700
vn 0.172161 0.042058 0.984171
vn 0.172106 0.032102 0.984555
vn 0.178086 0.000000 0.984015
vn 0.174341 0.000000 0.984685
vn 0.174341 0.000000 0.984685
vn 0.178086 0.000000 0.984015
vn 0.174341 0.000000 0.984685
vn 0.178086 0.000000 0.984015
vn 0.174341 -0.000000 0.984685
vn 0.174341 0.000000 0.984685
vn 0.178086 0.000000 0.984015
vn 0.174341 -0.000000 0.984685
vn 0.174341 0.000000 0.984685
vn 0.178086 0.000000 0.984015
vn 0.178086 0.000000 0.984015
vn 0.174341 0.000000 0.984685
vn 0.178086 0.000000 0.984015
vn 0.174341 -0.000000 0.984685
vn 0.174341 0.000000 0.984685
vn 0.178086 0.000000 0.984015
vn 0.174341 -0.000000 0.984685
vn 0.174341 0.000000 0.984685
vn 0.178086 0.000000 0.984015
vn 0.174341 -0.000000 0.984685
vn 0.174341 -0.000000 0.984685
vn 0.174341 0.000000 0.984685
vn 0.178086 0.000000 0.984015
vn 0.178086 0.000000 0.984015
vn 0.174341 0.000000 0.984685
vn 0.174341 -0.000000 0.984685
vn 0.178086 0.000000 0.984015
vn 0.174341 0.000000 0.984685
vn 0.174341 0.000000 0.984685
vn 0.178086 0.000000 0.984015
vn 0.174341 -0.000000 0.984685
vn 0.178086 0.000000 0.984015
vn 0.174341 -0.000000 0.984685
vn 0.174341 -0.000000 0.984685
vn 0.174341 0.000000 0.984685
vn 0.178086 0.000000 0.984015
vn 0.174341 0.000000 0.984685
vn 0.174341 -0.000000 0.984685
vn 0.178086 0.000000 0.984015
vn 0.174341 0.000000 0.984685
vn 0.178086 0.000000 0.984015
vn 0.174341 0.000000 0.984685
vn 0.174341 -0.000000 0.984685
vn 0.174341 -0.000000 0.984685
vn 0.178086 0.000000 0.984015
vn 0.174341 0.000000 0.984685
vn 0.174341 0.000000 0.984685
vn 0.178086 0.000000 0.984015
vn 0.174341 -0.000000 0.984685
vn 0.174341 0.000000 0.984685
vn 0.178086 0.000000 0.984015
vn 0.174341 -0.000000 0.984685
vn 0.174341 -0.000000 0.984685
vn 0.178086 0.000000 0.984015
vn 0.174341 0.000000 0.984685
vn 0.174341 -0.000000 0.984685
vn 0.178086 0.000000 0.984015
vn 0.174341 0.000000 0.984685
vn 0.168614 -0.206107 0.963893
vn 0.178086 0.000000 0.984015
vn 0.174341 0.000000 0.984685
vn 0.169791 -0.167230 0.971187
vn 0.184740 0.008665 0.982749
vn 0.183860 -0.000000 0.982952
vn 0.189959 0.000000 0.981792
vn 0.183860 0.000000 0.982952
vn 0.189959 0.000000 0.981792
vn 0.183860 0.000000 0.982952
vn 0.189959 0.000000 0.981792
vn 0.189959 0.000000 0.981792
vn 0.183860 0.000000 0.982952
vn 0.189959 0.000000 0.981792
vn 0.183860 0.000000 0.982952
vn 0.189959 0.000000 0.981792
vn 0.183860 0.000000 0.982952
vn 0.189959 0.000000 0.981792
vn 0.183860 0.000000 0.982952
vn 0.189959 0.000000 0.981792
vn 0.183860 0.000000 0.982952
vn 0.189959 0.000000 0.981792
vn 0.183860 0.000000 0.982952
vn 0.189959 0.000000 0.981792
vn 0.183860 0.000000 0.982952
vn 0.189959 0.000000 0.981792
vn 0.183860 0.000000 0.982952
vn 0.189959 0.000000 0.981792
vn 0.183860 0.000000 0.982952
vn 0.184023 -0.088488 0.978931
vn 0.189959 0.000000 0.981792
vn 0.183860 0.000000 0.982952
vn 0.196710 0.038787 0.979694
vn 0.194690 0.000000 0.980865
vn 0.200639 0.000000 0.979665
vn 0.194691 0.000000 0.980865
vn 0.200639 0.000000 0.979665
vn 0.200639 0.000000 0.979665
vn 0.194690 0.000000 0.980865
vn 0.194691 0.000000 0.980865
vn 0.200639 0.000000 0.979665
vn 0.194691 0.000000 0.980865
vn 0.200639 0.000000 0.979665
vn 0.194691 0.000000 0.980865
vn 0.200639 0.000000 0.979665
vn 0.194691 0.000000 0.980865
vn 0.200639 0.000000 0.979665
vn 0.194691 -0.000000 0.980865
vn 0.200639 0.000000 0.979665
vn 0.194691 0.000000 0.980865
vn 0.200639 0.000000 0.979665
vn 0.194691 0.000000 0.980865
vn 0.200639 0.000000 0.979665
vn 0.194691 0.000000 0.980865
vn 0.200639 0.000000 0.979665
vn 0.194690 0.000000 0.980865
vn 0.200639 0.000000 0.979665
vn 0.194691 0.000000 0.980865
vn 0.200639 0.000000 0.979665
vn 0.194690 0.000000 0.980865
vn 0.200639 0.000000 0.979665
vn 0.194691 0.000000 0.980865
vn 0.200639 0.000000 0.979665
vn 0.194690 0.000000 0.980865
vn 0.200639 0.000000 0.979665
vn 0.194691 0.000000 0.980865
vn 0.200639 0.000000 0.979665
vn 0.194691 0.000000 0.980865
vn 0.200639 0.000000 0.979665
vn 0.194691 0.000000 0.980865
vn 0.200639 0.000000 0.979665
vn 0.194232 -0.162799 0.967352
vn 0.208504 0.037158 0.977315
vn 0.206741 0.000000 0.978396
vn 0.212578 0.000000 0.977144
vn 0.206741 0.000000 0.978396
vn 0.212578 0.000000 0.977144
vn 0.206741 0.000000 0.978396
vn 0.212578 0.000000 0.977144
vn 0.206741 0.000000 0.978396
vn 0.212578 0.000000 0.977144
vn 0.206741 0.000000 0.978396
vn 0.212578 0.000000 0.977144
vn 0.206741 0.000000 0.978396
vn 0.212578 0.000000 0.977144
vn 0.206741 -0.000000 0.978396
vn 0.212578 0.000000 0.977144
vn 0.206741 0.000000 0.978396
vn 0.212578 0.000000 0.977144
vn 0.206741 0.000000 0.978396
vn 0.212578 0.000000 0.977144
vn 0.212578 0.000000 0.977144
vn 0.206741 0.000000 0.978396
vn 0.212578 0.000000 0.977144
vn 0.206741 0.000000 0.978396
vn 0.212578 0.000000 0.977144
vn 0.206741 0.000000 0.978396
vn 0.212578 0.000000 0.977144
vn 0.206741 0.000000 0.978396
vn 0.212578 0.000000 0.977144
vn 0.206741 0.000000 0.978396
vn 0.212578 0.000000 0.977144
vn 0.206741 0.000000 0.978396
vn 0.212578 0.000000 0.977144
vn 0.206741 0.000000 0.978396
vn 0.212578 0.000000 0.977144
vn 0.206741 0.000000 0.978396
vn 0.212578 0.000000 0.977144
vn 0.206741 0.000000 0.978396
vn 0.212578 0.000000 0.977144
vn 0.206741 0.000000 0.978396
vn 0.206090 -0.156120 0.965999
vn 0.220172 0.000608 0.975461
vn 0.231211 -0.000091 0.972904
vn 0.220170 0.000000 0.975461
vn 0.226494 0.000000 0.974013
vn 0.231210 0.000000 0.972904
vn 0.220170 0.000000 0.975461
vn 0.231210 0.000000 0.972904
vn 0.220170 0.000000 0.975461
vn 0.220170 0.000000 0.975461
vn 0.231210 0.000000 0.972904
vn 0.231210 0.000000 0.972904
vn 0.220170 0.000000 0.975461
vn 0.220170 0.000000 0.975461
vn 0.231210 0.000000 0.972904
vn 0.231210 0.000000 0.972904
vn 0.220170 0.000000 0.975461
vn 0.220170 0.000000 0.975461
vn 0.231210 0.000000 0.972904
vn 0.231210 0.000000 0.972904
vn 0.220170 0.000000 0.975461
vn 0.220170 0.000000 0.975461
vn 0.231210 0.000000 0.972904
vn 0.220170 -0.000000 0.975461
vn 0.220170 0.000000 0.975461
vn 0.231210 0.000000 0.972904
vn 0.231210 0.000000 0.972904
vn 0.220170 0.000000 0.975462
vn 0.231210 0.000000 0.972904
vn 0.220170 0.000000 0.975461
vn 0.231210 0.000000 0.972904
vn 0.220170 0.000000 0.975461
vn 0.231210 0.000000 0.972904
vn 0.220171 0.000000 0.975461
vn 0.231210 0.000000 0.972904
vn 0.220170 0.000000 0.975461
vn 0.231210 0.000000 0.972904
vn 0.220170 0.000000 0.975461
vn 0.231210 0.000000 0.972904
vn 0.220170 0.000000 0.975461
vn 0.231210 0.000000 0.972904
vn 0.220170 0.000000 0.975461
vn 0.231210 0.000000 0.972904
vn 0.220170 0.000000 0.975461
vn 0.231210 0.000000 0.972904
vn 0.231211 0.000057 0.972904
vn 0.220170 0.000000 0.975461
vn 0.231210 0.000000 0.972904
vn 0.226494 0.000000 0.974013
vn 0.220170 0.000000 0.975461
vn 0.220172 -0.000608 0.975461
vn 0.226494 0.000000 0.974013
vn 0.220170 0.000000 0.975461
vn 0.241576 0.037933 0.969640
vn 0.238386 0.000000 0.971170
vn 0.243577 0.000000 0.969881
vn 0.238386 0.000000 0.971170
vn 0.243577 0.000000 0.969881
vn 0.238386 0.000000 0.971170
vn 0.243577 0.000000 0.969881
vn 0.238386 0.000000 0.971170
vn 0.243577 0.000000 0.969881
vn 0.238386 0.000000 0.971170
vn 0.243577 0.000000 0.969881
vn 0.238386 0.000000 0.971170
vn 0.243577 0.000000 0.969881
vn 0.238386 -0.000000 0.971170
vn 0.243577 0.000000 0.969881
vn 0.238386 0.000000 0.971170
vn 0.243577 0.000000 0.969881
vn 0.243577 0.000000 0.969881
vn 0.238386 0.000000 0.971170
vn 0.243577 0.000000 0.969881
vn 0.238386 0.000000 0.971170
vn 0.243577 0.000000 0.969881
vn 0.238386 0.000000 0.971170
vn 0.243577 0.000000 0.969881
vn 0.238386 0.000000 0.971170
vn 0.243577 0.000000 0.969881
vn 0.238386 0.000000 0.971170
vn 0.243577 0.000000 0.969881
vn 0.238386 0.000000 0.971170
vn 0.243577 0.000000 0.969881
vn 0.238386 0.000000 0.971170
vn 0.243577 0.000000 0.969881
vn 0.238386 0.000000 0.971170
vn 0.243577 0.000000 0.969881
vn 0.238386 0.000000 0.971170
vn 0.243577 0.000000 0.969881
vn 0.238386 0.000000 0.971170
vn 0.243577 0.000000 0.969881
vn 0.238386 0.000000 0.971170
vn 0.238663 -0.159299 0.957948
vn 0.251844 0.032885 0.967209
vn 0.254036 0.000000 0.967195
vn 0.248959 0.000000 0.968514
vn 0.254036 0.000000 0.967195
vn 0.248959 0.000000 0.968514
vn 0.254036 0.000000 0.967195
vn 0.248959 0.000000 0.968514
vn 0.254036 0.000000 0.967195
vn 0.248959 0.000000 0.968514
vn 0.248959 0.000000 0.968514
vn 0.254036 0.000000 0.967195
vn 0.248959 -0.000000 0.968514
vn 0.254036 0.000000 0.967195
vn 0.248959 0.000000 0.968514
vn 0.254036 0.000000 0.967195
vn 0.248959 0.000000 0.968514
vn 0.254036 0.000000 0.967195
vn 0.248959 0.000000 0.968514
vn 0.254036 0.000000 0.967195
vn 0.254036 0.000000 0.967195
vn 0.248959 0.000000 0.968514
vn 0.254036 0.000000 0.967195
vn 0.248959 0.000000 0.968514
vn 0.254036 0.000000 0.967195
vn 0.248959 0.000000 0.968514
vn 0.254036 0.000000 0.967195
vn 0.248959 0.000000 0.968514
vn 0.254036 0.000000 0.967195
vn 0.248959 0.000000 0.968514
vn 0.254036 0.000000 0.967195
vn 0.248959 0.000000 0.968514
vn 0.254036 0.000000 0.967195
vn 0.248959 0.000000 0.968514
vn 0.254036 0.000000 0.967195
vn 0.248959 0.000000 0.968514
vn 0.248302 -0.170247 0.953605
vn 0.254036 0.000000 0.967195
vn 0.248959 0.000000 0.968514
vn 0.261859 0.033307 0.964531
vn 0.259781 0.000000 0.965668
vn 0.265314 0.000000 0.964162
vn 0.259781 0.000000 0.965668
vn 0.265314 0.000000 0.964162
vn 0.259781 0.000000 0.965668
vn 0.265314 0.000000 0.964162
vn 0.259781 0.000000 0.965668
vn 0.265314 0.000000 0.964162
vn 0.265314 0.000000 0.964162
vn 0.259781 0.000000 0.965667
vn 0.259781 0.000000 0.965668
vn 0.259781 -0.000000 0.965668
vn 0.265314 0.000000 0.964162
vn 0.265314 0.000000 0.964162
vn 0.259781 0.000000 0.965668
vn 0.265314 0.000000 0.964162
vn 0.259781 0.000000 0.965668
vn 0.265314 0.000000 0.964162
vn 0.259781 0.000000 0.965667
vn 0.265314 0.000000 0.964162
vn 0.259781 0.000000 0.965668
vn 0.265314 0.000000 0.964162
vn 0.259781 0.000000 0.965668
vn 0.265314 0.000000 0.964162
vn 0.259781 0.000000 0.965668
vn 0.265314 0.000000 0.964162
vn 0.259781 0.000000 0.965668
vn 0.265314 0.000000 0.964162
vn 0.259781 0.000000 0.965668
vn 0.265314 0.000000 0.964162
vn 0.259781 0.000000 0.965668
vn 0.265314 0.000000 0.964162
vn 0.259781 0.000000 0.965668
vn 0.265314 0.000000 0.964162
vn 0.259781 0.000000 0.965668
vn 0.265314 0.000000 0.964162
vn 0.258082 -0.172374 0.950621
vn 0.274887 0.007135 0.961450
vn 0.281802 0.000000 0.959472
vn 0.274165 0.000000 0.961683
vn 0.281802 0.000000 0.959472
vn 0.274165 0.000000 0.961683
vn 0.274165 -0.000000 0.961683
vn 0.281802 0.000000 0.959472
vn 0.274165 0.000000 0.961683
vn 0.281802 0.000000 0.959472
vn 0.274165 0.000000 0.961683
vn 0.281802 0.000000 0.959472
vn 0.274165 0.000000 0.961683
vn 0.281802 0.000000 0.959472
vn 0.274165 0.000000 0.961683
vn 0.281802 0.000000 0.959472
vn 0.274165 0.000000 0.961683
vn 0.281802 0.000000 0.959472
vn 0.281802 0.000000 0.959472
vn 0.274165 0.000000 0.961683
vn 0.281802 0.000000 0.959472
vn 0.274165 0.000000 0.961683
vn 0.281802 0.000000 0.959472
vn 0.274165 0.000000 0.961683
vn 0.281802 0.000000 0.959472
vn 0.274165 0.000000 0.961683
vn 0.281802 0.000000 0.959472
vn 0.274165 0.000000 0.961683
vn 0.274297 -0.065867 0.959387
vn 0.281802 0.000000 0.959472
vn 0.274165 0.000000 0.961683
vn 0.287501 0.013457 0.957686
vn 0.286921 0.000000 0.957954
vn 0.291933 0.000000 0.956439
vn 0.286921 0.000000 0.957954
vn 0.291933 0.000000 0.956439
vn 0.286921 0.000000 0.957954
vn 0.291933 0.000000 0.956439
vn 0.286921 0.000000 0.957954
vn 0.291933 0.000000 0.956439
vn 0.286921 0.000000 0.957954
vn 0.291933 0.000000 0.956439
vn 0.286921 0.000000 0.957954
vn 0.291933 0.000000 0.956439
vn 0.291933 0.000000 0.956439
vn 0.286921 0.000000 0.957954
vn 0.286921 0.000000 0.957954
vn 0.291933 0.000000 0.956439
vn 0.286921 0.000000 0.957954
vn 0.291933 0.000000 0.956439
vn 0.286921 -0.000000 0.957954
vn 0.291933 0.000000 0.956439
vn 0.286921 0.000000 0.957954
vn 0.291933 0.000000 0.956439
vn 0.286921 0.000000 0.957954
vn 0.291933 0.000000 0.956439
vn 0.286921 0.000000 0.957954
vn 0.291933 0.000000 0.956439
vn 0.286921 0.000000 0.957954
vn 0.291933 0.000000 0.956439
vn 0.286921 0.000000 0.957954
vn 0.291933 0.000000 0.956439
vn 0.286921 0.000000 0.957954
vn 0.291933 0.000000 0.956439
vn 0.286921 0.000000 0.957954
vn 0.291933 0.000000 0.956439
vn 0.286921 0.000000 0.957954
vn 0.291933 0.000000 0.956439
vn 0.286921 0.000000 0.957954
vn 0.291933 0.000000 0.956439
vn 0.286921 0.000000 0.957954
vn 0.291933 0.000000 0.956439
vn 0.286921 0.000000 0.957954
vn 0.291933 0.000000 0.956439
vn 0.287395 -0.030271 0.957334
vn 0.302317 -0.006494 0.953185
vn 0.300842 0.000000 0.953674
vn 0.303051 0.000000 0.952974
vn 0.300842 0.000000 0.953674
vn 0.303051 0.000000 0.952974
vn 0.300842 0.000000 0.953674
vn 0.300842 0.000000 0.953674
vn 0.303051 0.000000 0.952974
vn 0.303051 -0.000000 0.952974
vn 0.300842 0.000000 0.953674
vn 0.303051 0.000000 0.952974
vn 0.300842 0.000000 0.953674
vn 0.303051 0.000000 0.952974
vn 0.300842 0.000000 0.953674
vn 0.303051 0.000000 0.952974
vn 0.300842 0.000000 0.953674
vn 0.303051 0.000000 0.952974
vn 0.300842 0.000000 0.953674
vn 0.303051 0.000000 0.952974
vn 0.300842 0.000000 0.953674
vn 0.303051 0.000000 0.952974
vn 0.300842 0.000000 0.953674
vn 0.303051 0.000000 0.952974
vn 0.300842 0.000000 0.953674
vn 0.303051 0.000000 0.952974
vn 0.300842 0.000000 0.953674
vn 0.303051 0.000000 0.952974
vn 0.300842 0.000000 0.953674
vn 0.303051 0.000000 0.952974
vn 0.301890 0.053513 0.951840
vn 0.300842 0.000000 0.953674
vn 0.303051 0.000000 0.952974
vn 0.000000 1.000000 0.000000
vn 0.000000 1.000000 0.000000
vn 0.000000 1.000000 0.000000
vn 0.000000 1.000000 0.000000
vn 0.000000 1.000000 0.000000
vn 0.000000 1.000000 0.000000
vn 0.000000 1.000000 0.000000
vn 0.000000 1.000000 0.000000
vn 0.000000 1.000000 0.000000
vn 0.000000 1.000000 0.000000
vn 0.000000 1.000000 0.000000
vn 0.000000 1.000000 0.000000
vn 0.000000 1.000000 0.000000
vn 0.000000 1.000000 0.000000
vn 0.000000 1.000000 0.000000
vn 0.000000 1.000000 0.000000
vn 0.000000 1.000000 0.000000
vn 0.000000 1.000000 0.000000
vn 0.000000 1.000000 0.000000
vn 0.000000 1.000000 0.000000
vn 0.000000 1.000000 0.000000
vn 0.000000 1.000000 0.000000
vn 0.000000 1.000000 0.000000
vn 0.000000 1.000000 0.000000
vn 0.000000 1.000000 0.000000
vn 0.000000 1.000000 0.000000
vn 0.000000 1.000000 0.000000
vn 0.000000 1.000000 0.000000
vn 0.000000 1.000000 0.000000
vn 0.000000 1.000000 0.000000
vn 0.000000 1.000000 0.000000
vn 0.000000 1.000000 0.000000
vn 0.000000 1.000000 0.000000
vn 0.000000 1.000000 0.000000
vn 0.000000 1.000000 0.000000
vn 0.000000 1.000000 0.000000
vn 0.000000 1.000000 0.000000
vn 0.000000 1.000000 0.000000
vn 0.000000 1.000000 0.000000
vn 0.000000 1.000000 0.000000
vn 0.000000 1.000000 0.000000
vn 0.000000 1.000000 0.000000
vn 0.000000 1.000000 0.000000
vn 0.000000 1.000000 0.000000
vn 0.000000 1.000000 0.000000
vn 0.000000 1.000000 0.000000
vn 0.000000 1.000000 0.000000
vn 0.000000 1.000000 0.000000
vn 0.000000 1.000000 0.000000
vn 0.000000 1.000000 0.000000
vn 0.000000 1.000000 0.000000
vn 0.000000 1.000000 0.000000
vn 0.000000 1.000000 0.000000
vn 0.000000 1.000000 0.000000
vn 0.000000 1.000000 0.000000
vn 0.000000 1.000000 0.000000
vn 0.000000 1.000000 0.000000
vn 0.000000 1.000000 0.000000
vn 0.000000 1.000000 0.000000
vn 0.000000 1.000000 0.000000
vn 0.000000 1.000000 0.000000
vn 0.000000 1.000000 0.000000
vn 0.000000 1.000000 0.000000
vn 0.000000 1.000000 0.000000
vn 0.000000 1.000000 0.000000
vn 0.000000 1.000000 0.000000
vn 0.000000 1.000000 0.000000
vn 0.000000 1.000000 0.000000
vn 0.000000 1.000000 0.000000
vn 0.000000 1.000000 0.000000
vn 0.000000 1.000000 0.000000
vn 0.000000 1.000000 0.000000
vn 0.000000 1.000000 0.000000
vn 0.000000 1.000000 0.000000
vn 0.000000 1.000000 0.000000
vn 0.000000 1.000000 0.000000
vn 0.000000 1.000000 0.000000
vn 0.000000 1.000000 0.000000
vn 0.000000 1.000000 0.000000
vn 0.000000 1.000000 0.000000
vn 0.000000 1.000000 0.000000
vn 0.000000 1.000000 0.000000
vn 0.000000 1.000000 0.000000
vn 0.000000 1.000000 0.000000
vn 0.000000 1.000000 0.000000
vn 0.000000 1.000000 0.000000
vn 0.000000 1.000000 0.000000
vn 0.000000 1.000000 0.000000
vn 0.000000 1.000000 0.000000
vn 0.000000 1.000000 0.000000
vn 0.000000 1.000000 0.000000
vn 0.000000 1.000000 0.000000
vn 0.000000 1.000000 0.000000
vn 0.000000 1.000000 0.000000
vn 0.000000 1.000000 0.000000
vn 0.000000 1.000000 0.000000
vn 0.000000 1.000000 0.000000
vn 0.000000 1.000000 0.000000
vn 0.000000 1.000000 0.000000
vn 0.000000 1.000000 0.000000
vn 0.000000 1.000000 0.000000
vn 0.000000 1.000000 0.000000
vn 0.000000 1.000000 0.000000
vn 0.000000 1.000000 0.000000
vn 0.000000 1.000000 0.000000
vn 0.000000 1.000000 0.000000
vn 0.000000 1.000000 0.000000
vn 0.000000 1.000000 0.000000
vn 0.000000 1.000000 0.000000
vn 0.000000 1.000000 0.000000
vn 0.000000 1.000000 0.000000
vn 0.000000 1.000000 0.000000
vn 0.000000 1.000000 0.000000
vn 0.000000 1.000000 0.000000
vn 0.000000 1.000000 0.000000
vn 0.000000 1.000000 0.000000
vn 0.000000 1.000000 0.000000
vn 0.000000 1.000000 0.000000
vn 0.000000 1.000000 0.000000
vn 0.000000 1.000000 0.000000
vn 0.000000 1.000000 0.000000
vn 0.000000 1.000000 0.000000
vn 0.000000 1.000000 0.000000
vn 0.000000 1.000000 -0.000000
vn 0.954723 0.000000 -0.297498
vn 0.954723 0.000000 -0.297498
vn 0.000000 -1.000000 0.000000
vn 0.000000 -1.000000 0.000000
vn 0.000000 -1.000000 0.000000
vn 0.000000 -1.000000 0.000000
vn 0.000000 -1.000000 0.000000
vn 0.000000 -1.000000 0.000000
vn 0.000000 -1.000000 0.000000
vn 0.000000 -1.000000 0.000000
vn 0.000000 -1.000000 0.000000
vn 0.000000 -1.000000 0.000000
vn 0.000000 -1.000000 0.000000
vn 0.000000 -1.000000 0.000000
vn 0.000000 -1.000000 0.000000
vn 0.000000 -1.000000 0.000000
vn 0.000000 -1.000000 0.000000
vn 0.000000 -1.000000 0.000000
vn 0.000000 -1.000000 0.000000
vn 0.000000 -1.000000 0.000000
vn 0.000000 -1.000000 0.000000
vn 0.000000 -1.000000 0.000000
vn 0.000000 -1.000000 0.000000
vn 0.000000 -1.000000 0.000000
vn 0.000000 -1.000000 0.000000
vn 0.000000 -1.000000 0.000000
vn 0.000000 -1.000000 0.000000
vn 0.000000 -1.000000 0.000000
vn 0.000000 -1.000000 0.000000
vn 0.000000 -1.000000 0.000000
vn 0.000000 -1.000000 0.000000
vn 0.000000 -1.000000 0.000000
vn 0.000000 -1.000000 0.000000
vn 0.000000 -1.000000 0.000000
vn 0.000000 -1.000000 0.000000
vn 0.000000 -1.000000 0.000000
vn 0.000000 -1.000000 0.000000
vn 0.000000 -1.000000 0.000000
vn 0.000000 -1.000000 0.000000
vn 0.000000 -1.000000 0.000000
vn 0.000000 -1.000000 0.000000
vn 0.000000 -1.000000 0.000000
vn 0.000000 -1.000000 0.000000
vn 0.000000 -1.000000 0.000000
vn 0.000000 -1.000000 0.000000
vn 0.000000 -1.000000 0.000000
vn 0.000000 -1.000000 0.000000
vn 0.000000 -1.000000 0.000000
vn 0.000000 -1.000000 0.000000
vn 0.000000 -1.000000 0.000000
vn 0.000000 -1.000000 0.000000
vn 0.000000 -1.000000 0.000000
vn 0.000000 -1.000000 0.000000
vn 0.000000 -1.000000 0.000000
vn 0.000000 -1.000000 0.000000
vn 0.000000 -1.000000 0.000000
vn 0.000000 -1.000000 0.000000
vn 0.000000 -1.000000 0.000000
vn 0.000000 -1.000000 0.000000
vn 0.000000 -1.000000 0.000000
vn 0.000000 -1.000000 0.000000
vn 0.000000 -1.000000 0.000000
vn 0.000000 -1.000000 0.000000
vn 0.000000 -1.000000 0.000000
vn 0.000000 -1.000000 0.000000
vn 0.000000 -1.000000 0.000000
vn 0.000000 -1.000000 0.000000
vn 0.000000 -1.000000 0.000000
vn 0.000000 -1.000000 0.000000
vn 0.000000 -1.000000 0.000000
vn 0.000000 -1.000000 0.000000
vn 0.000000 -1.000000 0.000000
vn 0.000000 -1.000000 0.000000
vn 0.000000 -1.000000 0.000000
vn 0.000000 -1.000000 0.000000
vn 0.000000 -1.000000 0.000000
vn 0.000000 -1.000000 0.000000
vn 0.000000 -1.000000 0.000000
vn 0.000000 -1.000000 0.000000
vn 0.000000 -1.000000 0.000000
vn 0.000000 -1.000000 0.000000
vn 0.000000 -1.000000 0.000000
vn 0.000000 -1.000000 0.000000
vn 0.000000 -1.000000 0.000000
vn 0.000000 -1.000000 0.000000
vn 0.000000 -1.000000 0.000000
vn 0.000000 -1.000000 0.000000
vn 0.000000 -1.000000 0.000000
vn 0.000000 -1.000000 0.000000
vn 0.000000 -1.000000 0.000000
vn 0.000000 -1.000000 0.000000
vn 0.000000 -1.000000 0.000000
vn 0.000000 -1.000000 0.000000
vn 0.000000 -1.000000 0.000000
vn 0.000000 -1.000000 0.000000
vn 0.000000 -1.000000 0.000000
vn 0.000000 -1.000000 0.000000
vn 0.000000 -1.000000 0.000000
vn 0.000000 -1.000000 0.000000
vn 0.000000 -1.000000 0.000000
vn 0.000000 -1.000000 0.000000
vn 0.000000 -1.000000 0.000000
vn 0.000000 -1.000000 0.000000
vn 0.000000 -1.000000 0.000000
vn 0.000000 -1.000000 0.000000
vn 0.000000 -1.000000 0.000000
vn 0.000000 -1.000000 0.000000
vn 0.000000 -1.000000 0.000000
vn 0.000000 -1.000000 0.000000
vn 0.000000 -1.000000 0.000000
vn 0.000000 -1.000000 0.000000
vn 0.000000 -1.000000 0.000000
vn 0.000000 -1.000000 0.000000
vn 0.000000 -1.000000 0.000000
vn 0.000000 -1.000000 0.000000
vn 0.000000 -1.000000 0.000000
vn 0.000000 -1.000000 0.000000
vn 0.000000 -1.000000 0.000000
vn 0.000000 -1.000000 0.000000
vn 0.000000 -1.000000 0.000000
vn 0.000000 -1.000000 0.000000
vn 0.000000 -1.000000 0.000000
vn 0.000000 -1.000000 0.000000
vn 0.000000 -1.000000 0.000000
vn 0.000000 -1.000000 0.000000
vn 0.000000 -1.000000 0.000000
vn -0.293430 0.000000 -0.955981
vn -0.293430 -0.000000 -0.955981
vn 0.935322 0.000000 -0.353797
vn 0.935322 0.000000 -0.353797
vn 0.896186 0.000000 -0.443678
vn 0.896186 0.000000 -0.443678
vn 0.856520 0.000000 -0.516114
vn 0.856520 0.000000 -0.516114
vn 0.813502 0.000000 -0.581562
vn 0.813503 -0.000000 -0.581561
vn 0.686838 -0.000000 -0.726811
vn 0.686838 -0.000000 -0.726811
vn 0.647063 -0.000000 -0.762437
vn 0.647061 0.000003 -0.762439
vn 0.608373 0.000003 -0.793651
vn 0.608375 -0.000000 -0.793649
vn 0.571799 -0.000000 -0.820394
vn 0.571799 -0.000000 -0.820394
vn 0.536864 -0.000000 -0.843669
vn 0.536864 -0.000000 -0.843669
vn 0.501969 -0.000000 -0.864885
vn 0.501969 -0.000000 -0.864885
vn 0.467634 -0.000000 -0.883922
vn 0.467634 -0.000000 -0.883922
vn 0.435261 -0.000000 -0.900304
vn 0.435261 -0.000000 -0.900304
vn 0.404046 -0.000000 -0.914739
vn 0.404046 -0.000000 -0.914739
vn 0.374132 -0.000000 -0.927375
vn 0.374132 0.000000 -0.927375
vn 0.345672 0.000000 -0.938355
vn 0.345672 -0.000000 -0.938355
vn 0.318638 -0.000000 -0.947877
vn 0.318638 -0.000000 -0.947877
vn 0.293201 -0.000000 -0.956051
vn 0.293201 0.000000 -0.956051
vn 0.269147 0.000000 -0.963099
vn 0.269148 -0.000001 -0.963099
vn 0.246597 -0.000001 -0.969118
vn 0.246597 -0.000001 -0.969118
vn 0.225396 -0.000001 -0.974267
vn 0.225396 0.000001 -0.974267
vn 0.205262 0.000001 -0.978707
vn 0.205262 0.000000 -0.978707
vn 0.186233 0.000000 -0.982506
vn 0.186233 0.000000 -0.982506
vn 0.167940 0.000000 -0.985797
vn 0.167940 0.000000 -0.985797
vn 0.150248 0.000000 -0.988648
vn 0.150248 0.000000 -0.988648
vn 0.133022 0.000000 -0.991113
vn 0.133022 0.000000 -0.991113
vn 0.116172 0.000000 -0.993229
vn 0.116172 -0.000001 -0.993229
vn 0.099691 -0.000001 -0.995018
vn 0.099690 0.000000 -0.995018
vn 0.083498 0.000000 -0.996508
vn 0.083498 0.000000 -0.996508
vn 0.067570 0.000000 -0.997715
vn 0.067570 -0.000001 -0.997714
vn 0.051854 -0.000001 -0.998655
vn 0.051853 0.000000 -0.998655
vn 0.036341 0.000000 -0.999339
vn 0.036341 0.000000 -0.999339
vn 0.020922 0.000000 -0.999781
vn 0.020922 0.000000 -0.999781
vn 0.005665 0.000000 -0.999984
vn 0.005665 0.000000 -0.999984
vn -0.009330 -0.000000 -0.999956
vn -0.009330 -0.000000 -0.999956
vn -0.024098 -0.000000 -0.999710
vn -0.024098 0.000000 -0.999710
vn -0.038193 0.000000 -0.999270
vn -0.038193 0.000000 -0.999270
vn -0.051082 0.000000 -0.998694
vn -0.051082 -0.000000 -0.998694
vn -0.064179 -0.000000 -0.997938
vn -0.064179 -0.000000 -0.997938
vn -0.077794 -0.000000 -0.996969
vn -0.077794 -0.000000 -0.996969
vn -0.091626 -0.000000 -0.995794
vn -0.091626 0.000000 -0.995793
vn -0.101908 0.000000 -0.994794
vn -0.101907 -0.000000 -0.994794
vn -0.108788 -0.000001 -0.994065
vn -0.108789 0.000000 -0.994065
vn -0.119073 0.000000 -0.992885
vn -0.119073 0.000000 -0.992885
vn -0.132584 0.000000 -0.991172
vn -0.132584 0.000000 -0.991172
vn -0.145741 0.000000 -0.989323
vn -0.145741 0.000000 -0.989323
vn -0.155421 0.000000 -0.987848
vn -0.155421 0.000000 -0.987848
vn -0.161819 0.000000 -0.986820
vn -0.161819 0.000000 -0.986820
vn -0.171348 0.000000 -0.985210
vn -0.171348 -0.000001 -0.985210
vn -0.183887 -0.000001 -0.982947
vn -0.183887 -0.000001 -0.982947
vn -0.196066 -0.000001 -0.980591
vn -0.196067 0.000000 -0.980591
vn -0.207804 0.000000 -0.978171
vn -0.207804 0.000000 -0.978171
vn -0.219233 0.000000 -0.975672
vn -0.219233 0.000000 -0.975672
vn -0.230469 0.000000 -0.973080
vn -0.230469 0.000000 -0.973080
vn -0.241199 0.000001 -0.970476
vn -0.241199 0.000000 -0.970476
vn -0.248682 0.000001 -0.968585
vn -0.248682 0.000001 -0.968585
vn -0.253531 0.000001 -0.967327
vn -0.253531 0.000000 -0.967327
vn -0.261167 0.000000 -0.965294
vn -0.261167 0.000000 -0.965294
vn -0.270315 0.000000 -0.962772
vn -0.270315 0.000001 -0.962772
vn -0.277378 0.000001 -0.960761
vn -0.277378 0.000000 -0.960761
vn -0.288438 0.000000 -0.957499
vn -0.288438 0.000001 -0.957499
vn 0.769406 0.015604 -0.638569
vn 0.780998 -0.000000 -0.624533
vn 0.758746 -0.000000 -0.651387
vn 0.769406 -0.015604 -0.638569
vn 0.726869 0.013961 -0.686634
vn 0.737574 -0.000000 -0.675266
vn 0.717032 -0.000000 -0.697040
vn 0.726869 -0.013962 -0.686634
vn -0.300367 0.001382 -0.953823
vn -0.302446 0.001280 -0.953166
vn -0.302238 0.000000 -0.953232
vn -0.300367 -0.001382 -0.953823
vn -0.302446 -0.001280 -0.953166
vn -0.300582 0.000001 -0.953756
vn -0.860902 0.000000 0.508770
vn -0.860902 0.000000 0.508770
vn -0.440883 0.000000 0.897564
vn -0.440883 0.000000 0.897564
vn -0.136426 0.000000 0.990650
vn -0.136426 0.000000 0.990650
vn -0.055027 0.000000 0.998485
vn -0.055027 0.000000 0.998485
vn -0.008769 0.000000 0.999962
vn -0.008769 0.000000 0.999962
vn 0.035749 -0.000000 0.999361
vn 0.035749 0.000000 0.999361
vn 0.146649 0.000000 0.989189
vn 0.146649 -0.000000 0.989189
vn 0.296978 0.000000 0.954884
vn 0.296978 -0.000000 0.954884
vn -0.955502 0.000000 0.294984
vn -0.936097 0.028732 0.350566
vn -0.918190 0.000000 0.396141
vn -0.937646 0.000000 0.347590
vn -0.918190 0.000000 0.396141
vn -0.937646 0.000000 0.347591
vn -0.918190 0.000000 0.396141
vn -0.937646 0.000000 0.347591
vn -0.918190 0.000000 0.396141
vn -0.937647 0.000000 0.347590
vn -0.918190 0.000000 0.396141
vn -0.937646 0.000000 0.347591
vn -0.918190 0.000000 0.396141
vn -0.937647 0.000000 0.347590
vn -0.937646 0.000000 0.347591
vn -0.918190 0.000000 0.396141
vn -0.937646 0.000000 0.347591
vn -0.937438 0.000629 0.348150
vn -0.937646 0.000000 0.347590
vn -0.937189 0.000000 0.348821
vn -0.937189 0.000000 0.348821
vn -0.937189 0.000000 0.348821
vn -0.937189 0.000000 0.348822
vn -0.937189 0.000000 0.348821
vn -0.937189 0.000000 0.348821
vn -0.918190 0.000000 0.396141
vn -0.937189 0.000000 0.348821
vn -0.918190 0.000000 0.396141
vn -0.937189 0.000000 0.348822
vn -0.918190 0.000000 0.396141
vn -0.918190 0.000000 0.396141
vn -0.937189 0.000000 0.348821
vn -0.918190 0.000000 0.396141
vn -0.937189 0.000000 0.348821
vn -0.918190 0.000000 0.396141
vn -0.937189 0.000000 0.348821
vn -0.935879 -0.035917 0.350485
vn -0.937095 -0.014169 0.348786
vn -0.918190 0.000000 0.396141
vn -0.937189 0.000000 0.348821
vn -0.898186 0.046311 0.437170
vn -0.901598 0.000000 0.432574
vn -0.884021 0.000000 0.467448
vn -0.901598 0.000000 0.432574
vn -0.884021 0.000000 0.467448
vn -0.884021 0.000000 0.467448
vn -0.901598 0.000000 0.432574
vn -0.884021 0.000000 0.467448
vn -0.901598 0.000000 0.432574
vn -0.884021 0.000000 0.467448
vn -0.901598 0.000000 0.432574
vn -0.884021 0.000000 0.467448
vn -0.901598 0.000000 0.432574
vn -0.884021 0.000000 0.467448
vn -0.902742 -0.003324 0.430170
vn -0.901598 0.000000 0.432574
vn -0.902747 0.000000 0.430173
vn -0.884021 0.000000 0.467448
vn -0.902747 0.000000 0.430173
vn -0.884021 0.000000 0.467448
vn -0.902747 0.000000 0.430173
vn -0.902747 0.000000 0.430173
vn -0.902747 0.000000 0.430173
vn -0.884021 0.000000 0.467448
vn -0.902747 0.000000 0.430173
vn -0.884021 0.000000 0.467448
vn -0.884021 0.000000 0.467448
vn -0.902747 0.000000 0.430173
vn -0.902747 0.000000 0.430173
vn -0.902747 0.000000 0.430173
vn -0.884021 0.000000 0.467448
vn -0.902747 0.000000 0.430173
vn -0.902747 0.000000 0.430173
vn -0.884021 0.000000 0.467448
vn -0.902747 0.000000 0.430173
vn -0.902747 0.000000 0.430173
vn -0.902741 0.003428 0.430170
vn -0.884021 0.000000 0.467448
vn -0.902747 0.000000 0.430173
vn -0.901598 0.000000 0.432574
vn -0.884021 0.000000 0.467448
vn -0.901598 0.000000 0.432574
vn -0.884021 0.000000 0.467448
vn -0.901598 0.000000 0.432574
vn -0.884021 0.000000 0.467448
vn -0.901598 0.000000 0.432574
vn -0.884021 0.000000 0.467448
vn -0.884021 0.000000 0.467448
vn -0.901598 0.000000 0.432574
vn -0.901598 0.000000 0.432574
vn -0.884021 0.000000 0.467448
vn -0.897644 -0.057869 0.436906
vn -0.884021 0.000000 0.467448
vn -0.901598 0.000000 0.432574
vn -0.818563 0.033871 0.573417
vn -0.838687 0.000000 0.544614
vn -0.817542 0.000000 0.575869
vn -0.838687 0.000000 0.544614
vn -0.817542 0.000000 0.575869
vn -0.838687 0.000000 0.544614
vn -0.817542 0.000000 0.575869
vn -0.838687 0.000000 0.544614
vn -0.817542 0.000000 0.575869
vn -0.838687 0.000000 0.544614
vn -0.817542 0.000000 0.575869
vn -0.838687 0.000000 0.544614
vn -0.817542 0.000000 0.575869
vn -0.838687 0.000000 0.544614
vn -0.817542 0.000000 0.575869
vn -0.838687 0.000000 0.544614
vn -0.817542 0.000000 0.575869
vn -0.838687 0.000000 0.544614
vn -0.817542 0.000000 0.575869
vn -0.838687 0.000000 0.544614
vn -0.817542 0.000000 0.575869
vn -0.838687 0.000000 0.544614
vn -0.817542 0.000000 0.575869
vn -0.817542 0.000000 0.575869
vn -0.838687 0.000000 0.544614
vn -0.817542 0.000000 0.575869
vn -0.838687 0.000000 0.544614
vn -0.817542 0.000000 0.575869
vn -0.838687 0.000000 0.544614
vn -0.817542 0.000000 0.575869
vn -0.838687 0.000000 0.544614
vn -0.817542 0.000000 0.575869
vn -0.838687 0.000000 0.544614
vn -0.817542 0.000000 0.575869
vn -0.838687 0.000000 0.544614
vn -0.817542 0.000000 0.575869
vn -0.838687 0.000000 0.544614
vn -0.817542 0.000000 0.575869
vn -0.838687 0.000000 0.544614
vn -0.817542 0.000000 0.575869
vn -0.838687 0.000000 0.544614
vn -0.817542 0.000000 0.575869
vn -0.838687 0.000000 0.544614
vn -0.818299 -0.042336 0.573232
vn -0.817542 0.000000 0.575869
vn -0.838687 0.000000 0.544614
vn -0.775224 0.038361 0.630520
vn -0.789828 0.000000 0.613328
vn -0.767884 0.000000 0.640588
vn -0.789828 0.000000 0.613329
vn -0.767884 0.000000 0.640588
vn -0.789828 0.000000 0.613328
vn -0.767884 0.000000 0.640588
vn -0.789828 0.000000 0.613329
vn -0.767884 0.000000 0.640588
vn -0.789828 0.000000 0.613328
vn -0.767884 0.000000 0.640588
vn -0.789828 0.000000 0.613328
vn -0.767884 0.000000 0.640588
vn -0.789828 0.000000 0.613328
vn -0.789828 0.000000 0.613328
vn -0.789828 0.000000 0.613328
vn -0.789828 0.000000 0.613328
vn -0.767884 0.000000 0.640588
vn -0.789828 0.000000 0.613329
vn -0.767884 0.000000 0.640588
vn -0.789828 0.000000 0.613328
vn -0.767884 0.000000 0.640588
vn -0.789828 0.000000 0.613329
vn -0.767884 0.000000 0.640588
vn -0.789828 0.000000 0.613328
vn -0.767884 0.000000 0.640588
vn -0.789828 0.000000 0.613329
vn -0.767884 0.000000 0.640588
vn -0.789828 0.000000 0.613328
vn -0.767884 0.000000 0.640588
vn -0.789828 0.000000 0.613328
vn -0.767884 0.000000 0.640588
vn -0.789828 0.000000 0.613328
vn -0.765668 -0.161055 0.622747
vn -0.767884 0.000000 0.640588
vn -0.789828 0.000000 0.613328
vn -0.752717 0.000000 0.658344
vn -0.752717 0.000000 0.658344
vn -0.752717 0.000000 0.658344
vn -0.752717 0.000000 0.658344
vn -0.752717 0.000000 0.658344
vn -0.752717 0.000000 0.658344
vn -0.752717 0.000000 0.658344
vn -0.752717 0.000000 0.658344
vn -0.752717 0.000000 0.658344
vn -0.766078 -0.003592 0.642738
vn -0.766083 0.000000 0.642742
vn -0.766083 0.000000 0.642742
vn -0.766083 0.000000 0.642742
vn -0.766083 0.000000 0.642742
vn -0.766083 0.000000 0.642742
vn -0.766078 0.003682 0.642737
vn -0.766083 0.000000 0.642742
vn -0.752717 0.000000 0.658344
vn -0.752717 0.000000 0.658344
vn -0.752717 0.000000 0.658344
vn -0.752717 0.000000 0.658344
vn -0.752717 0.000000 0.658344
vn -0.752717 0.000000 0.658344
vn -0.752717 0.000000 0.658344
vn -0.752717 0.000000 0.658344
vn -0.752717 0.000000 0.658344
vn -0.704618 0.279015 0.652430
vn -0.735579 0.035760 0.676494
vn -0.734628 0.000000 0.678470
vn -0.716058 0.000000 0.698040
vn -0.734628 0.000000 0.678470
vn -0.734628 0.000000 0.678470
vn -0.734628 0.000000 0.678470
vn -0.716058 0.000000 0.698040
vn -0.734628 0.000000 0.678470
vn -0.716058 0.000000 0.698040
vn -0.734628 0.000000 0.678470
vn -0.734628 0.000000 0.678470
vn -0.716058 0.000000 0.698040
vn -0.734628 0.000000 0.678470
vn -0.734628 0.000000 0.678470
vn -0.716058 0.000000 0.698040
vn -0.734628 0.000000 0.678470
vn -0.734628 0.000000 0.678470
vn -0.716058 0.000000 0.698040
vn -0.734628 0.000000 0.678470
vn -0.734628 0.000000 0.678470
vn -0.716058 0.000000 0.698040
vn -0.734628 0.000000 0.678470
vn -0.734628 0.000000 0.678470
vn -0.734628 0.000000 0.678470
vn -0.716058 0.000000 0.698040
vn -0.716058 0.000000 0.698040
vn -0.734628 0.000000 0.678470
vn -0.716058 0.000000 0.698040
vn -0.734628 0.000000 0.678470
vn -0.734628 0.000000 0.678470
vn -0.734628 0.000000 0.678470
vn -0.734628 0.000000 0.678470
vn -0.716058 0.000000 0.698040
vn -0.716058 0.000000 0.698040
vn -0.734628 0.000000 0.678470
vn -0.716058 0.000000 0.698040
vn -0.734628 0.000000 0.678470
vn -0.734628 0.000000 0.678470
vn -0.734628 0.000000 0.678470
vn -0.716058 0.000000 0.698040
vn -0.734628 0.000000 0.678470
vn -0.734628 0.000000 0.678470
vn -0.734628 0.000000 0.678470
vn -0.716058 0.000000 0.698040
vn -0.716058 0.000000 0.698040
vn -0.734628 0.000000 0.678470
vn -0.734628 0.000000 0.678470
vn -0.734628 0.000000 0.678470
vn -0.716058 0.000000 0.698040
vn -0.734628 0.000000 0.678470
vn -0.716058 0.000000 0.698040
vn -0.734628 0.000000 0.678470
vn -0.734628 0.000000 0.678470
vn -0.734628 0.000000 0.678470
vn -0.716058 0.000000 0.698040
vn -0.734628 0.000000 0.678470
vn -0.716058 0.000000 0.698040
vn -0.734628 0.000000 0.678470
vn -0.716058 0.000000 0.698040
vn -0.734628 0.000000 0.678470
vn -0.734628 0.000000 0.678470
vn -0.734628 0.000000 0.678470
vn -0.716058 0.000000 0.698040
vn -0.734628 0.000000 0.678470
vn -0.731827 -0.072480 0.677625
vn -0.716058 0.000000 0.698040
vn -0.734628 0.000000 0.678470
vn -0.733765 -0.048443 0.677674
vn -0.734628 0.000000 0.678470
vn -0.693465 0.012701 0.720378
vn -0.694030 0.000000 0.719946
vn -0.674373 0.000000 0.738391
vn -0.674373 0.000000 0.738391
vn -0.694030 0.000000 0.719946
vn -0.674373 0.000000 0.738391
vn -0.694030 0.000000 0.719946
vn -0.674373 0.000000 0.738391
vn -0.694030 0.000000 0.719946
vn -0.674373 0.000000 0.738391
vn -0.694030 0.000000 0.719946
vn -0.694030 0.000000 0.719946
vn -0.694030 0.000000 0.719946
vn -0.694029 0.000000 0.719947
vn -0.694030 0.000000 0.719946
vn -0.694030 0.000000 0.719946
vn -0.694030 0.000000 0.719946
vn -0.694030 0.000000 0.719946
vn -0.694030 0.000000 0.719946
vn -0.694030 0.000000 0.719946
vn -0.694029 0.000000 0.719947
vn -0.694030 0.000000 0.719946
vn -0.694030 0.000000 0.719946
vn -0.674373 0.000000 0.738391
vn -0.694030 0.000000 0.719946
vn -0.674373 0.000000 0.738391
vn -0.694030 0.000000 0.719946
vn -0.674373 0.000000 0.738391
vn -0.694030 0.000000 0.719946
vn -0.674373 0.000000 0.738391
vn -0.694030 0.000000 0.719946
vn -0.693434 -0.015880 0.720345
vn -0.674373 0.000000 0.738391
vn -0.694030 0.000000 0.719946
vn -0.633695 0.000000 0.773583
vn -0.633695 0.000000 0.773583
vn -0.633695 0.000000 0.773583
vn -0.653671 -0.001332 0.756778
vn -0.653545 0.000000 0.756888
vn -0.653545 0.000000 0.756888
vn -0.653545 0.000000 0.756888
vn -0.654024 -0.002635 0.756469
vn -0.654026 0.000000 0.756472
vn -0.654026 0.000000 0.756472
vn -0.654026 0.000000 0.756472
vn -0.654026 0.000000 0.756472
vn -0.654026 0.000000 0.756472
vn -0.654026 0.000000 0.756472
vn -0.654026 0.000000 0.756472
vn -0.654026 0.000000 0.756472
vn -0.654026 0.000000 0.756472
vn -0.654026 0.000000 0.756472
vn -0.654026 0.000000 0.756472
vn -0.654026 0.000000 0.756472
vn -0.654026 0.000000 0.756472
vn -0.654026 0.000000 0.756472
vn -0.654026 0.000000 0.756472
vn -0.654026 0.000000 0.756472
vn -0.654026 0.000000 0.756472
vn -0.654026 0.000000 0.756472
vn -0.654026 0.000000 0.756472
vn -0.654026 0.000000 0.756472
vn -0.654024 0.002744 0.756469
vn -0.654026 0.000000 0.756472
vn -0.654026 0.000000 0.756472
vn -0.653544 0.000000 0.756888
vn -0.653545 0.000000 0.756888
vn -0.653671 0.001443 0.756778
vn -0.653545 0.000000 0.756888
vn -0.633695 0.000000 0.773583
vn -0.633695 0.000000 0.773583
vn -0.633695 0.000000 0.773583
vn -0.567317 0.386294 0.727275
vn -0.618909 0.012535 0.785363
vn -0.600611 0.000000 0.799541
vn -0.618957 0.000000 0.785425
vn -0.618957 0.000000 0.785425
vn -0.618957 0.000000 0.785425
vn -0.618957 0.000000 0.785425
vn -0.600611 0.000000 0.799541
vn -0.618957 0.000000 0.785425
vn -0.618957 0.000000 0.785425
vn -0.600611 0.000000 0.799541
vn -0.618957 0.000000 0.785425
vn -0.618957 0.000000 0.785425
vn -0.600611 0.000000 0.799541
vn -0.618957 0.000000 0.785425
vn -0.600611 0.000000 0.799541
vn -0.618957 0.000000 0.785425
vn -0.618957 0.000000 0.785425
vn -0.618957 0.000000 0.785425
vn -0.600611 0.000000 0.799541
vn -0.618957 0.000000 0.785425
vn -0.618957 0.000000 0.785425
vn -0.618957 0.000000 0.785425
vn -0.600611 0.000000 0.799541
vn -0.618957 0.000000 0.785425
vn -0.600611 0.000000 0.799541
vn -0.618957 0.000000 0.785425
vn -0.618957 0.000000 0.785425
vn -0.600611 0.000000 0.799541
vn -0.618957 0.000000 0.785425
vn -0.618957 0.000000 0.785425
vn -0.600611 0.000000 0.799541
vn -0.618957 0.000000 0.785425
vn -0.600611 0.000000 0.799541
vn -0.618957 0.000000 0.785425
vn -0.600611 0.000000 0.799541
vn -0.600611 0.000000 0.799541
vn -0.618957 0.000000 0.785425
vn -0.618957 0.000000 0.785425
vn -0.618957 0.000000 0.785425
vn -0.618957 0.000000 0.785425
vn -0.600611 0.000000 0.799541
vn -0.618957 0.000000 0.785425
vn -0.600611 0.000000 0.799541
vn -0.618957 0.000000 0.785425
vn -0.618957 0.000000 0.785425
vn -0.600611 0.000000 0.799541
vn -0.618957 0.000000 0.785425
vn -0.618957 0.000000 0.785425
vn -0.600611 0.000000 0.799541
vn -0.618957 0.000000 0.785425
vn -0.600611 0.000000 0.799541
vn -0.618957 0.000000 0.785425
vn -0.618957 0.000000 0.785425
vn -0.618957 0.000000 0.785425
vn -0.600611 0.000000 0.799541
vn -0.618957 0.000000 0.785425
vn -0.600611 0.000000 0.799541
vn -0.618957 0.000000 0.785425
vn -0.618957 0.000000 0.785425
vn -0.600611 0.000000 0.799541
vn -0.618957 0.000000 0.785425
vn -0.618957 0.000000 0.785425
vn -0.600611 0.000000 0.799541
vn -0.618957 0.000000 0.785425
vn -0.618957 0.000000 0.785425
vn -0.611714 -0.104178 0.784190
vn -0.600611 0.000000 0.799541
vn -0.618957 0.000000 0.785425
vn -0.618957 0.000000 0.785425
vn -0.618534 -0.012861 0.785653
vn -0.618957 0.000000 0.785425
vn -0.578210 0.028286 0.815398
vn -0.585826 0.000000 0.810437
vn -0.567851 0.000000 0.823132
vn -0.585826 0.000000 0.810437
vn -0.567851 0.000000 0.823132
vn -0.585826 0.000000 0.810437
vn -0.567851 0.000000 0.823132
vn -0.585826 0.000000 0.810437
vn -0.567851 0.000000 0.823132
vn -0.585826 0.000000 0.810437
vn -0.567851 0.000000 0.823132
vn -0.585826 0.000000 0.810437
vn -0.567851 0.000000 0.823132
vn -0.585826 0.000000 0.810437
vn -0.567851 0.000000 0.823132
vn -0.585826 0.000000 0.810437
vn -0.567851 0.000000 0.823132
vn -0.567851 0.000000 0.823132
vn -0.585826 0.000000 0.810437
vn -0.567851 0.000000 0.823132
vn -0.585826 0.000000 0.810437
vn -0.567851 0.000000 0.823132
vn -0.585826 0.000000 0.810437
vn -0.567851 0.000000 0.823132
vn -0.585826 0.000000 0.810437
vn -0.567851 0.000000 0.823132
vn -0.585826 0.000000 0.810437
vn -0.567851 0.000000 0.823132
vn -0.585826 0.000000 0.810437
vn -0.567851 0.000000 0.823132
vn -0.585826 0.000000 0.810437
vn -0.567851 0.000000 0.823132
vn -0.585826 0.000000 0.810437
vn -0.567851 0.000000 0.823132
vn -0.585826 0.000000 0.810437
vn -0.572160 -0.146975 0.806865
vn -0.567851 0.000000 0.823132
vn -0.585826 0.000000 0.810437
vn -0.543239 0.018883 0.839366
vn -0.549357 0.000000 0.835587
vn -0.532347 0.000000 0.846526
vn -0.549357 0.000000 0.835588
vn -0.532347 0.000000 0.846526
vn -0.549358 0.000000 0.835587
vn -0.532347 0.000000 0.846526
vn -0.549357 0.000000 0.835587
vn -0.532347 0.000000 0.846526
vn -0.549357 0.000000 0.835587
vn -0.532347 0.000000 0.846526
vn -0.532347 0.000000 0.846526
vn -0.549357 0.000000 0.835587
vn -0.532347 0.000000 0.846526
vn -0.549357 0.000000 0.835587
vn -0.532347 0.000000 0.846526
vn -0.549357 0.000000 0.835588
vn -0.532347 0.000000 0.846526
vn -0.549358 0.000000 0.835587
vn -0.532347 0.000000 0.846526
vn -0.549357 0.000000 0.835587
vn -0.532347 0.000000 0.846526
vn -0.549357 0.000000 0.835587
vn -0.532347 0.000000 0.846526
vn -0.549357 0.000000 0.835587
vn -0.532347 0.000000 0.846526
vn -0.549357 0.000000 0.835588
vn -0.532347 0.000000 0.846526
vn -0.549357 0.000000 0.835587
vn -0.532347 0.000000 0.846526
vn -0.549357 0.000000 0.835587
vn -0.538311 -0.135683 0.831752
vn -0.532347 0.000000 0.846526
vn -0.549357 0.000000 0.835587
vn -0.507814 0.038399 0.860610
vn -0.514367 0.000000 0.857570
vn -0.496523 0.000000 0.868024
vn -0.514367 0.000000 0.857570
vn -0.496523 0.000000 0.868024
vn -0.514367 0.000000 0.857570
vn -0.496523 0.000000 0.868024
vn -0.514368 0.000000 0.857570
vn -0.496523 0.000000 0.868024
vn -0.514368 0.000000 0.857570
vn -0.496523 0.000000 0.868024
vn -0.514367 0.000000 0.857570
vn -0.496523 0.000000 0.868024
vn -0.514367 0.000000 0.857570
vn -0.496523 0.000000 0.868024
vn -0.514367 0.000000 0.857570
vn -0.496523 0.000000 0.868024
vn -0.514367 0.000000 0.857570
vn -0.496523 0.000000 0.868024
vn -0.496523 0.000000 0.868024
vn -0.514368 0.000000 0.857570
vn -0.496523 0.000000 0.868024
vn -0.514367 0.000000 0.857570
vn -0.496523 0.000000 0.868024
vn -0.514368 0.000000 0.857570
vn -0.496523 0.000000 0.868024
vn -0.514367 0.000000 0.857570
vn -0.496523 0.000000 0.868024
vn -0.514367 0.000000 0.857570
vn -0.496523 0.000000 0.868024
vn -0.514367 0.000000 0.857570
vn -0.496523 0.000000 0.868024
vn -0.514368 0.000000 0.857570
vn -0.496523 0.000000 0.868024
vn -0.514367 0.000000 0.857570
vn -0.496523 0.000000 0.868024
vn -0.514367 0.000000 0.857570
vn -0.501542 -0.161207 0.849981
vn -0.496523 0.000000 0.868024
vn -0.514367 0.000000 0.857570
vn -0.473545 0.011819 0.880690
vn -0.474908 0.000000 0.880036
vn -0.458546 0.000000 0.888671
vn -0.474907 0.000000 0.880036
vn -0.458546 0.000000 0.888671
vn -0.474907 0.000000 0.880036
vn -0.458546 0.000000 0.888671
vn -0.474908 0.000000 0.880036
vn -0.458546 0.000000 0.888671
vn -0.458546 0.000000 0.888671
vn -0.474907 0.000000 0.880036
vn -0.458546 0.000000 0.888671
vn -0.474908 0.000000 0.880036
vn -0.458546 0.000000 0.888671
vn -0.474907 0.000000 0.880036
vn -0.474907 0.000000 0.880036
vn -0.458546 0.000000 0.888671
vn -0.458546 0.000000 0.888671
vn -0.474908 0.000000 0.880036
vn -0.458546 0.000000 0.888671
vn -0.474907 0.000000 0.880036
vn -0.458546 0.000000 0.888671
vn -0.474907 0.000000 0.880036
vn -0.458546 0.000000 0.888671
vn -0.474908 0.000000 0.880036
vn -0.458546 0.000000 0.888671
vn -0.474907 0.000000 0.880036
vn -0.458546 0.000000 0.888671
vn -0.474907 0.000000 0.880036
vn -0.458546 0.000000 0.888671
vn -0.474907 0.000000 0.880036
vn -0.458546 0.000000 0.888671
vn -0.474908 0.000000 0.880036
vn -0.458546 0.000000 0.888671
vn -0.474907 0.000000 0.880036
vn -0.458546 0.000000 0.888671
vn -0.474907 0.000000 0.880036
vn -0.472981 -0.050179 0.879642
vn -0.458546 0.000000 0.888671
vn -0.474908 0.000000 0.880036
vn -0.409212 0.039739 0.911574
vn -0.421273 0.000000 0.906934
vn -0.405852 0.000000 0.913939
vn -0.421273 0.000000 0.906934
vn -0.405852 0.000000 0.913939
vn -0.421273 0.000000 0.906934
vn -0.405852 0.000000 0.913939
vn -0.421273 0.000000 0.906934
vn -0.405852 0.000000 0.913939
vn -0.421273 0.000000 0.906934
vn -0.405852 0.000000 0.913939
vn -0.421273 0.000000 0.906934
vn -0.405852 0.000000 0.913939
vn -0.421273 0.000000 0.906934
vn -0.405852 0.000000 0.913939
vn -0.421273 0.000000 0.906934
vn -0.405852 0.000000 0.913939
vn -0.421273 0.000000 0.906934
vn -0.405852 0.000000 0.913939
vn -0.421273 0.000000 0.906934
vn -0.405852 0.000000 0.913939
vn -0.405852 0.000000 0.913939
vn -0.421273 0.000000 0.906934
vn -0.405852 0.000000 0.913939
vn -0.421273 0.000000 0.906934
vn -0.405852 0.000000 0.913939
vn -0.421273 0.000000 0.906934
vn -0.405852 0.000000 0.913939
vn -0.421273 0.000000 0.906934
vn -0.405852 0.000000 0.913939
vn -0.421273 0.000000 0.906934
vn -0.405852 0.000000 0.913939
vn -0.421273 0.000000 0.906934
vn -0.405852 0.000000 0.913939
vn -0.421273 0.000000 0.906934
vn -0.405852 0.000000 0.913939
vn -0.421273 0.000000 0.906934
vn -0.405852 0.000000 0.913939
vn -0.421273 0.000000 0.906934
vn -0.405852 0.000000 0.913939
vn -0.421273 0.000000 0.906934
vn -0.406155 -0.128210 0.904765
vn -0.379260 0.037761 0.924519
vn -0.392335 0.000000 0.919822
vn -0.377494 0.000000 0.926012
vn -0.377494 0.000000 0.926012
vn -0.392335 0.000000 0.919822
vn -0.377494 0.000000 0.926012
vn -0.392335 0.000000 0.919822
vn -0.392335 0.000000 0.919822
vn -0.392335 0.000000 0.919822
vn -0.392335 0.000000 0.919822
vn -0.392335 0.000000 0.919822
vn -0.392335 0.000000 0.919822
vn -0.392335 0.000000 0.919822
vn -0.392335 0.000000 0.919822
vn -0.392335 0.000000 0.919822
vn -0.392335 0.000000 0.919822
vn -0.392335 0.000000 0.919822
vn -0.392335 0.000000 0.919822
vn -0.392335 0.000000 0.919822
vn -0.392335 0.000000 0.919822
vn -0.392335 0.000000 0.919823
vn -0.377494 0.000000 0.926012
vn -0.392335 0.000000 0.919822
vn -0.377494 0.000000 0.926012
vn -0.392335 0.000000 0.919822
vn -0.377494 0.000000 0.926012
vn -0.392335 0.000000 0.919822
vn -0.378166 -0.084729 0.921852
vn -0.377494 0.000000 0.926012
vn -0.392335 0.000000 0.919822
vn -0.350604 0.040154 0.935663
vn -0.364893 0.000000 0.931050
vn -0.350686 0.000000 0.936493
vn -0.364893 0.000000 0.931050
vn -0.350686 0.000000 0.936493
vn -0.364892 0.000000 0.931050
vn -0.350686 0.000000 0.936493
vn -0.364892 0.000000 0.931050
vn -0.350686 0.000000 0.936493
vn -0.377279 -0.001702 0.926098
vn -0.377280 0.000000 0.926099
vn -0.364893 0.000000 0.931050
vn -0.350686 0.000000 0.936493
vn -0.377280 0.000000 0.926099
vn -0.350686 0.000000 0.936493
vn -0.377280 0.000000 0.926099
vn -0.377280 0.000000 0.926099
vn -0.350686 0.000000 0.936493
vn -0.377280 0.000000 0.926099
vn -0.377280 0.000000 0.926099
vn -0.350686 0.000000 0.936493
vn -0.377280 0.000000 0.926099
vn -0.377280 0.000000 0.926099
vn -0.377280 0.000000 0.926099
vn -0.350686 0.000000 0.936493
vn -0.377280 0.000000 0.926099
vn -0.350686 0.000000 0.936493
vn -0.350686 0.000000 0.936493
vn -0.377280 0.000000 0.926099
vn -0.377280 0.000000 0.926099
vn -0.377280 0.000000 0.926099
vn -0.350686 0.000000 0.936493
vn -0.350686 0.000000 0.936493
vn -0.377280 0.000000 0.926099
vn -0.377280 0.000000 0.926099
vn -0.377280 0.000000 0.926099
vn -0.350686 0.000000 0.936493
vn -0.377280 0.000000 0.926099
vn -0.350686 0.000000 0.936493
vn -0.377280 0.000000 0.926099
vn -0.377280 0.000000 0.926099
vn -0.350686 0.000000 0.936493
vn -0.377280 0.000000 0.926099
vn -0.377280 0.000000 0.926099
vn -0.350686 0.000000 0.936493
vn -0.377280 0.000000 0.926099
vn -0.350686 0.000000 0.936493
vn -0.377280 0.000000 0.926099
vn -0.377280 0.000000 0.926099
vn -0.377280 0.000000 0.926099
vn -0.350686 0.000000 0.936493
vn -0.377280 0.000000 0.926099
vn -0.377279 0.001788 0.926098
vn -0.350686 0.000000 0.936493
vn -0.364893 0.000000 0.931050
vn -0.350686 0.000000 0.936493
vn -0.364892 0.000000 0.931050
vn -0.350686 0.000000 0.936493
vn -0.364893 0.000000 0.931050
vn -0.350869 -0.010051 0.936370
vn -0.350686 0.000000 0.936493
vn -0.364892 0.000000 0.931050
vn -0.323509 0.023575 0.945931
vn -0.331369 0.000000 0.943501
vn -0.318054 0.000000 0.948072
vn -0.318054 0.000000 0.948072
vn -0.331369 0.000000 0.943501
vn -0.318054 0.000000 0.948072
vn -0.331369 0.000000 0.943501
vn -0.318054 0.000000 0.948072
vn -0.318054 0.000000 0.948072
vn -0.331369 0.000000 0.943501
vn -0.331369 0.000000 0.943501
vn -0.318054 0.000000 0.948072
vn -0.331369 0.000000 0.943501
vn -0.318054 0.000000 0.948072
vn -0.331369 0.000000 0.943501
vn -0.318054 0.000000 0.948072
vn -0.331369 0.000000 0.943501
vn -0.318054 0.000000 0.948072
vn -0.331369 0.000000 0.943501
vn -0.318054 0.000000 0.948072
vn -0.331369 0.000000 0.943501
vn -0.318054 0.000000 0.948072
vn -0.331369 0.000000 0.943501
vn -0.318054 0.000000 0.948072
vn -0.331369 0.000000 0.943501
vn -0.318054 0.000000 0.948072
vn -0.331369 0.000000 0.943501
vn -0.318054 0.000000 0.948072
vn -0.331369 0.000000 0.943501
vn -0.318054 0.000000 0.948072
vn -0.331369 0.000000 0.943501
vn -0.318969 -0.168548 0.932657
vn -0.318054 0.000000 0.948072
vn -0.331369 0.000000 0.943501
vn -0.297664 0.038221 0.953905
vn -0.305645 0.000000 0.952146
vn -0.293141 0.000000 0.956069
vn -0.305645 0.000000 0.952145
vn -0.293141 0.000000 0.956069
vn -0.305645 0.000000 0.952146
vn -0.293141 0.000000 0.956069
vn -0.305645 0.000000 0.952146
vn -0.293141 0.000000 0.956069
vn -0.305645 0.000000 0.952146
vn -0.293141 0.000000 0.956069
vn -0.293141 0.000000 0.956069
vn -0.305645 0.000000 0.952146
vn -0.305645 0.000000 0.952145
vn -0.293141 0.000000 0.956069
vn -0.305645 0.000000 0.952146
vn -0.293141 0.000000 0.956069
vn -0.305645 0.000000 0.952146
vn -0.293141 0.000000 0.956069
vn -0.305645 0.000000 0.952146
vn -0.293141 0.000000 0.956069
vn -0.305645 0.000000 0.952146
vn -0.293141 0.000000 0.956069
vn -0.305645 0.000000 0.952145
vn -0.293141 0.000000 0.956069
vn -0.305645 0.000000 0.952146
vn -0.293141 0.000000 0.956069
vn -0.305645 0.000000 0.952146
vn -0.293141 0.000000 0.956069
vn -0.293141 0.000000 0.956069
vn -0.305645 0.000000 0.952145
vn -0.293141 0.000000 0.956069
vn -0.305645 0.000000 0.952146
vn -0.293141 0.000000 0.956069
vn -0.305645 0.000000 0.952146
vn -0.293141 0.000000 0.956069
vn -0.305645 0.000000 0.952146
vn -0.294021 -0.160479 0.942230
vn -0.293141 0.000000 0.956069
vn -0.305645 0.000000 0.952146
vn -0.273461 0.033898 0.961286
vn -0.270151 0.000000 0.962818
vn -0.282056 0.000000 0.959398
vn -0.270151 0.000000 0.962818
vn -0.282056 0.000000 0.959398
vn -0.270151 0.000000 0.962818
vn -0.282056 0.000000 0.959398
vn -0.270151 0.000000 0.962818
vn -0.282056 0.000000 0.959398
vn -0.270151 0.000000 0.962818
vn -0.282056 0.000000 0.959398
vn -0.270151 0.000000 0.962818
vn -0.282056 0.000000 0.959398
vn -0.270151 0.000000 0.962818
vn -0.270151 0.000000 0.962818
vn -0.282057 0.000000 0.959398
vn -0.282056 0.000000 0.959398
vn -0.270151 0.000000 0.962818
vn -0.282057 0.000000 0.959398
vn -0.270151 0.000000 0.962818
vn -0.282056 0.000000 0.959398
vn -0.270151 0.000000 0.962818
vn -0.282056 0.000000 0.959398
vn -0.270151 0.000000 0.962818
vn -0.282056 0.000000 0.959398
vn -0.270151 0.000000 0.962818
vn -0.282057 0.000000 0.959398
vn -0.270151 0.000000 0.962818
vn -0.282056 0.000000 0.959398
vn -0.270151 0.000000 0.962818
vn -0.282056 0.000000 0.959398
vn -0.270151 0.000000 0.962818
vn -0.282056 0.000000 0.959398
vn -0.270151 0.000000 0.962818
vn -0.282056 0.000000 0.959398
vn -0.270151 0.000000 0.962818
vn -0.282056 0.000000 0.959398
vn -0.270818 -0.142700 0.951995
vn -0.270151 0.000000 0.962818
vn -0.282056 0.000000 0.959398
vn -0.250783 0.022013 0.967793
vn -0.254976 0.000000 0.966947
vn -0.244065 0.000000 0.969759
vn -0.244065 0.000000 0.969759
vn -0.254976 0.000000 0.966947
vn -0.244065 0.000000 0.969759
vn -0.254976 0.000000 0.966947
vn -0.254976 0.000000 0.966947
vn -0.244065 0.000000 0.969759
vn -0.254976 0.000000 0.966947
vn -0.244065 0.000000 0.969759
vn -0.254976 0.000000 0.966947
vn -0.244065 0.000000 0.969759
vn -0.254976 0.000000 0.966947
vn -0.244065 0.000000 0.969759
vn -0.254976 0.000000 0.966947
vn -0.244065 0.000000 0.969759
vn -0.254976 0.000000 0.966947
vn -0.244065 0.000000 0.969759
vn -0.254976 0.000000 0.966947
vn -0.244065 0.000000 0.969759
vn -0.244065 0.000000 0.969759
vn -0.254976 0.000000 0.966947
vn -0.244065 0.000000 0.969759
vn -0.254976 0.000000 0.966947
vn -0.244065 0.000000 0.969759
vn -0.254976 0.000000 0.966947
vn -0.244065 0.000000 0.969759
vn -0.254976 0.000000 0.966947
vn -0.244065 0.000000 0.969759
vn -0.254976 0.000000 0.966947
vn -0.247706 -0.157661 0.955921
vn -0.244065 0.000000 0.969759
vn -0.254976 0.000000 0.966947
vn -0.229442 0.008595 0.973284
vn -0.230824 0.000000 0.972995
vn -0.220524 0.000000 0.975381
vn -0.230825 0.000000 0.972995
vn -0.230824 0.000000 0.972995
vn -0.220524 0.000000 0.975382
vn -0.220524 0.000000 0.975382
vn -0.230825 0.000000 0.972995
vn -0.220524 0.000000 0.975382
vn -0.220524 0.000000 0.975382
vn -0.230825 0.000000 0.972995
vn -0.220524 0.000000 0.975382
vn -0.230825 0.000000 0.972995
vn -0.220524 0.000000 0.975381
vn -0.230824 0.000000 0.972995
vn -0.220524 0.000000 0.975382
vn -0.230825 0.000000 0.972995
vn -0.220524 0.000000 0.975382
vn -0.230824 0.000000 0.972995
vn -0.220524 0.000000 0.975382
vn -0.230825 0.000000 0.972995
vn -0.220524 0.000000 0.975381
vn -0.230824 0.000000 0.972995
vn -0.220524 0.000000 0.975382
vn -0.230825 0.000000 0.972995
vn -0.220524 0.000000 0.975382
vn -0.230824 0.000000 0.972995
vn -0.228728 -0.079274 0.970257
vn -0.220524 0.000000 0.975382
vn -0.230824 0.000000 0.972995
vn -0.209103 0.008847 0.977854
vn -0.210129 0.000000 0.977674
vn -0.200374 0.000000 0.979720
vn -0.210129 0.000000 0.977674
vn -0.200374 0.000000 0.979720
vn -0.210129 0.000000 0.977674
vn -0.200374 0.000000 0.979720
vn -0.210129 0.000000 0.977674
vn -0.200374 0.000000 0.979720
vn -0.210129 0.000000 0.977674
vn -0.200374 0.000000 0.979720
vn -0.200374 0.000000 0.979720
vn -0.210129 0.000000 0.977674
vn -0.200374 0.000000 0.979720
vn -0.210129 0.000000 0.977674
vn -0.200374 0.000000 0.979720
vn -0.210129 0.000000 0.977674
vn -0.200374 0.000000 0.979720
vn -0.210129 0.000000 0.977674
vn -0.200374 0.000000 0.979720
vn -0.210129 0.000000 0.977674
vn -0.200374 0.000000 0.979720
vn -0.210129 0.000000 0.977674
vn -0.200374 0.000000 0.979720
vn -0.210129 0.000000 0.977674
vn -0.200374 0.000000 0.979720
vn -0.210129 0.000000 0.977674
vn -0.200374 0.000000 0.979720
vn -0.210129 0.000000 0.977674
vn -0.200374 0.000000 0.979720
vn -0.210129 0.000000 0.977674
vn -0.208683 -0.064021 0.975886
vn -0.200374 0.000000 0.979720
vn -0.210129 0.000000 0.977674
vn -0.189848 0.022015 0.981567
vn -0.193283 0.000000 0.981143
vn -0.183977 0.000000 0.982931
vn -0.193283 0.000000 0.981143
vn -0.183977 0.000000 0.982931
vn -0.193283 0.000000 0.981143
vn -0.183977 0.000000 0.982931
vn -0.193283 0.000000 0.981143
vn -0.183977 0.000000 0.982931
vn -0.193283 0.000000 0.981143
vn -0.183977 0.000000 0.982931
vn -0.193283 0.000000 0.981143
vn -0.183977 0.000000 0.982931
vn -0.183977 0.000000 0.982931
vn -0.193283 0.000000 0.981143
vn -0.183977 0.000000 0.982931
vn -0.193283 0.000000 0.981143
vn -0.183977 0.000000 0.982931
vn -0.193283 0.000000 0.981143
vn -0.183977 0.000000 0.982931
vn -0.193283 0.000000 0.981143
vn -0.183977 0.000000 0.982931
vn -0.193283 0.000000 0.981143
vn -0.183977 0.000000 0.982931
vn -0.193283 0.000000 0.981143
vn -0.183977 0.000000 0.982931
vn -0.193283 0.000000 0.981143
vn -0.183977 0.000000 0.982931
vn -0.193283 0.000000 0.981143
vn -0.183977 0.000000 0.982931
vn -0.193283 0.000000 0.981143
vn -0.187518 -0.157677 0.969523
vn -0.183977 0.000000 0.982931
vn -0.193283 0.000000 0.981143
vn -0.171475 0.019503 0.984995
vn -0.177396 0.000000 0.984140
vn -0.168313 0.000000 0.985734
vn -0.177396 0.000000 0.984139
vn -0.168313 0.000000 0.985734
vn -0.177396 0.000000 0.984140
vn -0.168313 0.000000 0.985734
vn -0.177396 0.000000 0.984140
vn -0.168313 0.000000 0.985734
vn -0.177396 0.000000 0.984140
vn -0.168313 0.000000 0.985734
vn -0.168313 0.000000 0.985734
vn -0.177396 0.000000 0.984140
vn -0.168313 0.000000 0.985734
vn -0.177396 0.000000 0.984140
vn -0.168313 0.000000 0.985734
vn -0.177396 0.000000 0.984139
vn -0.168313 0.000000 0.985734
vn -0.177396 0.000000 0.984140
vn -0.168313 0.000000 0.985734
vn -0.177396 0.000000 0.984140
vn -0.168313 0.000000 0.985734
vn -0.177396 0.000000 0.984140
vn -0.168313 0.000000 0.985734
vn -0.177396 0.000000 0.984139
vn -0.168313 0.000000 0.985734
vn -0.177396 0.000000 0.984140
vn -0.168313 0.000000 0.985734
vn -0.177396 0.000000 0.984140
vn -0.168313 0.000000 0.985734
vn -0.177396 0.000000 0.984140
vn -0.169328 -0.158916 0.972663
vn -0.161237 0.000000 0.986916
vn -0.161237 0.000000 0.986916
vn -0.161237 0.000000 0.986916
vn -0.161237 0.000000 0.986916
vn -0.161237 0.000000 0.986916
vn -0.161237 0.000000 0.986916
vn -0.161237 0.000000 0.986916
vn -0.161237 0.000000 0.986916
vn -0.161237 0.000000 0.986916
vn -0.161237 0.000000 0.986916
vn -0.161237 0.000000 0.986916
vn -0.161237 0.000000 0.986916
vn -0.161237 0.000000 0.986916
vn -0.161237 0.000000 0.986916
vn -0.161237 0.000000 0.986916
vn -0.161237 0.000000 0.986916
vn -0.161237 0.000000 0.986916
vn -0.161237 0.000000 0.986916
vn -0.161237 0.000000 0.986916
vn -0.161237 0.000000 0.986916
vn -0.161237 0.000000 0.986916
vn -0.154158 0.037444 0.987336
vn -0.150713 0.196823 0.968786
vn -0.153070 0.000000 0.988215
vn -0.145694 0.000000 0.989330
vn -0.153070 0.000000 0.988215
vn -0.145694 0.000000 0.989330
vn -0.153070 0.000000 0.988215
vn -0.145694 0.000000 0.989330
vn -0.153070 0.000000 0.988215
vn -0.153070 0.000000 0.988215
vn -0.153070 0.000000 0.988215
vn -0.145694 0.000000 0.989330
vn -0.153070 0.000000 0.988215
vn -0.153070 0.000000 0.988215
vn -0.145694 0.000000 0.989330
vn -0.145694 0.000000 0.989330
vn -0.153070 0.000000 0.988215
vn -0.153070 0.000000 0.988215
vn -0.145694 0.000000 0.989330
vn -0.153070 0.000000 0.988215
vn -0.153070 0.000000 0.988215
vn -0.145694 0.000000 0.989330
vn -0.153070 0.000000 0.988215
vn -0.153070 0.000000 0.988215
vn -0.145694 0.000000 0.989330
vn -0.153070 0.000000 0.988215
vn -0.153070 0.000000 0.988215
vn -0.153070 0.000000 0.988215
vn -0.145694 0.000000 0.989330
vn -0.153070 0.000000 0.988215
vn -0.145694 0.000000 0.989330
vn -0.145694 0.000000 0.989330
vn -0.153070 0.000000 0.988215
vn -0.153070 0.000000 0.988215
vn -0.153070 0.000000 0.988215
vn -0.145694 0.000000 0.989330
vn -0.153070 0.000000 0.988215
vn -0.153070 0.000000 0.988215
vn -0.145694 0.000000 0.989330
vn -0.153070 0.000000 0.988215
vn -0.145694 0.000000 0.989330
vn -0.153070 0.000000 0.988215
vn -0.153070 0.000000 0.988215
vn -0.153070 0.000000 0.988215
vn -0.145694 0.000000 0.989330
vn -0.153070 0.000000 0.988215
vn -0.145694 0.000000 0.989330
vn -0.153070 0.000000 0.988215
vn -0.153070 0.000000 0.988215
vn -0.145694 0.000000 0.989330
vn -0.153070 0.000000 0.988215
vn -0.153070 0.000000 0.988215
vn -0.145694 0.000000 0.989330
vn -0.153070 0.000000 0.988215
vn -0.153070 0.000000 0.988215
vn -0.153070 0.000000 0.988215
vn -0.153070 0.000000 0.988215
vn -0.145694 0.000000 0.989330
vn -0.145694 0.000000 0.989330
vn -0.153070 0.000000 0.988215
vn -0.153070 0.000000 0.988215
vn -0.145694 0.000000 0.989330
vn -0.153070 0.000000 0.988215
vn -0.153070 0.000000 0.988215
vn -0.145694 0.000000 0.989330
vn -0.153070 0.000000 0.988215
vn -0.153070 0.000000 0.988215
vn -0.150708 -0.196993 0.968752
vn -0.145694 0.000000 0.989330
vn -0.153070 0.000000 0.988215
vn -0.153533 -0.085974 0.984396
vn -0.125456 0.000000 0.992099
vn -0.125456 0.000000 0.992099
vn -0.125456 0.000000 0.992099
vn -0.125456 0.000000 0.992099
vn -0.125456 0.000000 0.992099
vn -0.125456 0.000000 0.992099
vn -0.125456 0.000000 0.992099
vn -0.125457 0.000000 0.992099
vn -0.125456 0.000000 0.992099
vn -0.125456 0.000000 0.992099
vn -0.125456 0.000000 0.992099
vn -0.125457 0.000000 0.992099
vn -0.125456 0.000000 0.992099
vn -0.125456 0.000000 0.992099
vn -0.125456 0.000000 0.992099
vn -0.125456 0.000000 0.992099
vn -0.125456 0.000000 0.992099
vn -0.125456 0.000000 0.992099
vn -0.125456 0.000000 0.992099
vn -0.119692 0.033860 0.992234
vn -0.119385 0.048442 0.991666
vn -0.111984 0.000000 0.993710
vn -0.117821 0.000000 0.993035
vn -0.111984 0.000000 0.993710
vn -0.117821 0.000000 0.993035
vn -0.117821 0.000000 0.993035
vn -0.111984 0.000000 0.993710
vn -0.117821 0.000000 0.993035
vn -0.111984 0.000000 0.993710
vn -0.117821 0.000000 0.993035
vn -0.117821 0.000000 0.993035
vn -0.111984 0.000000 0.993710
vn -0.117821 0.000000 0.993035
vn -0.117821 0.000000 0.993035
vn -0.117821 0.000000 0.993035
vn -0.111984 0.000000 0.993710
vn -0.111984 0.000000 0.993710
vn -0.117821 0.000000 0.993035
vn -0.117821 0.000000 0.993035
vn -0.111984 0.000000 0.993710
vn -0.117821 0.000000 0.993035
vn -0.117821 0.000000 0.993035
vn -0.117821 0.000000 0.993035
vn -0.111984 0.000000 0.993710
vn -0.117821 0.000000 0.993035
vn -0.117821 0.000000 0.993035
vn -0.111984 0.000000 0.993710
vn -0.111984 0.000000 0.993710
vn -0.117821 0.000000 0.993035
vn -0.111984 0.000000 0.993710
vn -0.117821 0.000000 0.993035
vn -0.117821 0.000000 0.993035
vn -0.111984 0.000000 0.993710
vn -0.117821 0.000000 0.993035
vn -0.117821 0.000000 0.993035
vn -0.111984 0.000000 0.993710
vn -0.117821 0.000000 0.993035
vn -0.117821 0.000000 0.993035
vn -0.111984 0.000000 0.993710
vn -0.117821 0.000000 0.993035
vn -0.117821 0.000000 0.993035
vn -0.117821 0.000000 0.993035
vn -0.111984 0.000000 0.993710
vn -0.117821 0.000000 0.993035
vn -0.117821 0.000000 0.993035
vn -0.111984 0.000000 0.993710
vn -0.117821 0.000000 0.993035
vn -0.117821 0.000000 0.993035
vn -0.117821 0.000000 0.993035
vn -0.111984 0.000000 0.993710
vn -0.117821 0.000000 0.993035
vn -0.117821 0.000000 0.993035
vn -0.111984 0.000000 0.993710
vn -0.117821 0.000000 0.993035
vn -0.117821 0.000000 0.993035
vn -0.117821 0.000000 0.993035
vn -0.111984 0.000000 0.993710
vn -0.117821 0.000000 0.993035
vn -0.111984 0.000000 0.993710
vn -0.117821 0.000000 0.993035
vn -0.117821 0.000000 0.993035
vn -0.111984 0.000000 0.993710
vn -0.118664 -0.140354 0.982965
vn -0.116154 -0.235823 0.964829
vn -0.117821 0.000000 0.993035
vn -0.111984 0.000000 0.993710
vn -0.102971 0.004934 0.994672
vn -0.103101 0.000000 0.994671
vn -0.094948 0.000000 0.995482
vn -0.103101 0.000000 0.994671
vn -0.094948 0.000000 0.995482
vn -0.103101 0.000000 0.994671
vn -0.094948 0.000000 0.995482
vn -0.103101 0.000000 0.994671
vn -0.094948 0.000000 0.995482
vn -0.103101 0.000000 0.994671
vn -0.094948 0.000000 0.995482
vn -0.094948 0.000000 0.995482
vn -0.103101 0.000000 0.994671
vn -0.103101 0.000000 0.994671
vn -0.094948 0.000000 0.995482
vn -0.103101 0.000000 0.994671
vn -0.094948 0.000000 0.995482
vn -0.103101 0.000000 0.994671
vn -0.103101 0.000000 0.994671
vn -0.103101 0.000000 0.994671
vn -0.103101 0.000000 0.994671
vn -0.103101 0.000000 0.994671
vn -0.094948 0.000000 0.995482
vn -0.103101 0.000000 0.994671
vn -0.094948 0.000000 0.995482
vn -0.103101 0.000000 0.994671
vn -0.094948 0.000000 0.995482
vn -0.103101 0.000000 0.994671
vn -0.094948 0.000000 0.995482
vn -0.103101 0.000000 0.994671
vn -0.094948 0.000000 0.995482
vn -0.094948 0.000000 0.995482
vn -0.103101 0.000000 0.994671
vn -0.094948 0.000000 0.995482
vn -0.103101 0.000000 0.994671
vn -0.094948 0.000000 0.995482
vn -0.103101 0.000000 0.994671
vn -0.102966 -0.011103 0.994623
vn -0.094948 0.000000 0.995482
vn -0.103101 0.000000 0.994671
vn -0.086656 0.042347 0.995338
vn -0.086854 0.000000 0.996221
vn -0.078867 0.000000 0.996885
vn -0.086854 0.000000 0.996221
vn -0.078867 0.000000 0.996885
vn -0.086854 0.000000 0.996221
vn -0.078867 0.000000 0.996885
vn -0.086854 0.000000 0.996221
vn -0.078867 0.000000 0.996885
vn -0.086854 0.000000 0.996221
vn -0.078867 0.000000 0.996885
vn -0.086854 0.000000 0.996221
vn -0.078867 0.000000 0.996885
vn -0.086854 0.000000 0.996221
vn -0.078867 0.000000 0.996885
vn -0.086854 0.000000 0.996221
vn -0.078867 0.000000 0.996885
vn -0.086854 0.000000 0.996221
vn -0.078867 0.000000 0.996885
vn -0.086979 -0.001075 0.996210
vn -0.086854 0.000000 0.996221
vn -0.086979 0.000000 0.996210
vn -0.086979 0.000000 0.996210
vn -0.086979 0.000000 0.996210
vn -0.086979 0.000000 0.996210
vn -0.086979 0.000000 0.996210
vn -0.086979 0.001102 0.996210
vn -0.086979 0.000000 0.996210
vn -0.086854 0.000000 0.996221
vn -0.078867 0.000000 0.996885
vn -0.086854 0.000000 0.996221
vn -0.078867 0.000000 0.996885
vn -0.078867 0.000000 0.996885
vn -0.086854 0.000000 0.996221
vn -0.078867 0.000000 0.996885
vn -0.086854 0.000000 0.996221
vn -0.078867 0.000000 0.996885
vn -0.086854 0.000000 0.996221
vn -0.078867 0.000000 0.996885
vn -0.086854 0.000000 0.996221
vn -0.078867 0.000000 0.996885
vn -0.086854 0.000000 0.996221
vn -0.078867 0.000000 0.996885
vn -0.086854 0.000000 0.996221
vn -0.078867 0.000000 0.996885
vn -0.086854 0.000000 0.996221
vn -0.086729 -0.010600 0.996176
vn -0.070591 0.072060 0.994899
vn -0.064034 0.000000 0.997948
vn -0.071941 0.000000 0.997409
vn -0.064034 0.000000 0.997948
vn -0.071941 0.000000 0.997409
vn -0.071941 0.000000 0.997409
vn -0.064034 0.000000 0.997948
vn -0.071941 0.000000 0.997409
vn -0.064034 0.000000 0.997948
vn -0.064034 0.000000 0.997948
vn -0.071941 0.000000 0.997409
vn -0.064034 0.000000 0.997948
vn -0.071941 0.000000 0.997409
vn -0.071941 0.000000 0.997409
vn -0.064034 0.000000 0.997948
vn -0.064034 0.000000 0.997948
vn -0.071941 0.000000 0.997409
vn -0.072059 -0.000991 0.997400
vn -0.072059 0.000000 0.997400
vn -0.064034 0.000000 0.997948
vn -0.072059 0.000000 0.997400
vn -0.072059 0.000000 0.997400
vn -0.064034 0.000000 0.997948
vn -0.072059 0.000000 0.997400
vn -0.064034 0.000000 0.997948
vn -0.064034 0.000000 0.997948
vn -0.072059 0.000000 0.997400
vn -0.072059 0.000000 0.997400
vn -0.064034 0.000000 0.997948
vn -0.072059 0.000000 0.997400
vn -0.072059 0.000917 0.997400
vn -0.072059 0.000000 0.997400
vn -0.064034 0.000000 0.997948
vn -0.071941 0.000000 0.997409
vn -0.064034 0.000000 0.997948
vn -0.071941 0.000000 0.997409
vn -0.064034 0.000000 0.997948
vn -0.071941 0.000000 0.997409
vn -0.064034 0.000000 0.997948
vn -0.071941 0.000000 0.997409
vn -0.064034 0.000000 0.997948
vn -0.071941 0.000000 0.997409
vn -0.064034 0.000000 0.997948
vn -0.071941 0.000000 0.997409
vn -0.064034 0.000000 0.997948
vn -0.071941 0.000000 0.997409
vn -0.064034 0.000000 0.997948
vn -0.071941 0.000000 0.997409
vn -0.070488 -0.089967 0.993447
vn -0.064034 0.000000 0.997948
vn -0.071941 0.000000 0.997409
vn -0.045547 0.000000 0.998962
vn -0.045547 0.000000 0.998962
vn -0.045547 0.000000 0.998962
vn -0.045547 0.000000 0.998962
vn -0.045547 0.000000 0.998962
vn -0.045547 0.000000 0.998962
vn -0.045547 0.000000 0.998962
vn -0.045547 0.000000 0.998962
vn -0.045547 0.000000 0.998962
vn -0.045547 0.000000 0.998962
vn -0.045547 0.000000 0.998962
vn -0.045547 0.000000 0.998962
vn -0.045547 0.000000 0.998962
vn -0.045547 0.000000 0.998962
vn -0.045547 0.000000 0.998962
vn -0.045547 0.000000 0.998962
vn -0.045547 0.000000 0.998962
vn -0.045547 0.000000 0.998962
vn -0.045547 0.000000 0.998962
vn -0.045547 0.000000 0.998962
vn -0.040627 0.031202 0.998687
vn -0.039301 0.098414 0.994369
vn -0.033434 0.000000 0.999441
vn -0.039461 0.000000 0.999221
vn -0.033434 0.000000 0.999441
vn -0.039461 0.000000 0.999221
vn -0.039461 0.000000 0.999221
vn -0.033434 0.000000 0.999441
vn -0.039461 0.000000 0.999221
vn -0.039461 0.000000 0.999221
vn -0.033434 0.000000 0.999441
vn -0.039461 0.000000 0.999221
vn -0.033434 0.000000 0.999441
vn -0.039461 0.000000 0.999221
vn -0.039461 0.000000 0.999221
vn -0.033434 0.000000 0.999441
vn -0.039461 0.000000 0.999221
vn -0.039461 0.000000 0.999221
vn -0.033434 0.000000 0.999441
vn -0.039461 0.000000 0.999221
vn -0.039461 0.000000 0.999221
vn -0.039461 0.000000 0.999221
vn -0.039461 0.000000 0.999221
vn -0.033434 0.000000 0.999441
vn -0.039461 0.000000 0.999221
vn -0.039461 0.000000 0.999221
vn -0.039461 0.000000 0.999221
vn -0.033434 0.000000 0.999441
vn -0.033434 0.000000 0.999441
vn -0.039461 0.000000 0.999221
vn -0.033434 0.000000 0.999441
vn -0.039461 0.000000 0.999221
vn -0.033434 0.000000 0.999441
vn -0.039461 0.000000 0.999221
vn -0.033434 0.000000 0.999441
vn -0.039461 0.000000 0.999221
vn -0.039461 0.000000 0.999221
vn -0.039461 0.000000 0.999221
vn -0.039461 0.000000 0.999221
vn -0.033434 0.000000 0.999441
vn -0.039461 0.000000 0.999221
vn -0.039461 0.000000 0.999221
vn -0.033434 0.000000 0.999441
vn -0.039461 0.000000 0.999221
vn -0.039461 0.000000 0.999221
vn -0.039461 0.000000 0.999221
vn -0.033434 0.000000 0.999441
vn -0.039461 0.000000 0.999221
vn -0.033434 0.000000 0.999441
vn -0.039461 0.000000 0.999221
vn -0.039461 0.000000 0.999221
vn -0.033434 0.000000 0.999441
vn -0.039461 0.000000 0.999221
vn -0.039461 0.000000 0.999221
vn -0.033434 0.000000 0.999441
vn -0.039461 0.000000 0.999221
vn -0.039461 0.000000 0.999221
vn -0.033434 0.000000 0.999441
vn -0.039461 0.000000 0.999221
vn -0.039461 0.000000 0.999221
vn -0.039461 0.000000 0.999221
vn -0.033434 0.000000 0.999441
vn -0.033434 0.000000 0.999441
vn -0.039461 0.000000 0.999221
vn -0.033434 0.000000 0.999441
vn -0.039461 0.000000 0.999221
vn -0.035397 -0.443498 0.895576
vn -0.040655 -0.096864 0.994467
vn -0.024049 0.015439 0.999592
vn -0.026119 0.000000 0.999659
vn -0.018436 0.000000 0.999830
vn -0.018436 0.000000 0.999830
vn -0.026119 0.000000 0.999659
vn -0.018436 0.000000 0.999830
vn -0.026119 0.000000 0.999659
vn -0.018436 0.000000 0.999830
vn -0.026119 0.000000 0.999659
vn -0.018436 0.000000 0.999830
vn -0.026119 0.000000 0.999659
vn -0.018436 0.000000 0.999830
vn -0.026119 0.000000 0.999659
vn -0.018436 0.000000 0.999830
vn -0.026119 0.000000 0.999659
vn -0.018436 0.000000 0.999830
vn -0.026119 0.000000 0.999659
vn -0.018436 0.000000 0.999830
vn -0.026119 0.000000 0.999659
vn -0.018436 0.000000 0.999830
vn -0.026119 0.000000 0.999659
vn -0.018436 0.000000 0.999830
vn -0.026119 0.000000 0.999659
vn -0.018436 0.000000 0.999830
vn -0.026119 0.000000 0.999659
vn -0.018436 0.000000 0.999830
vn -0.026119 0.000000 0.999659
vn -0.023810 -0.141419 0.989663
vn -0.018436 0.000000 0.999830
vn -0.026119 0.000000 0.999659
vn -0.000774 0.000000 1.000000
vn -0.000774 0.000000 1.000000
vn -0.000774 0.000000 1.000000
vn -0.000774 0.000000 1.000000
vn -0.000774 0.000000 1.000000
vn -0.000774 0.000000 1.000000
vn -0.000774 0.000000 1.000000
vn -0.000774 0.000000 1.000000
vn -0.000774 0.000000 1.000000
vn -0.000774 0.000000 1.000000
vn -0.000774 0.000000 1.000000
vn -0.000774 0.000000 1.000000
vn -0.000774 0.000000 1.000000
vn -0.000774 0.000000 1.000000
vn -0.000774 0.000000 1.000000
vn -0.000774 0.000000 1.000000
vn -0.000774 0.000000 1.000000
vn 0.005805 0.006157 0.999964
vn 0.006177 0.171509 0.985163
vn 0.006243 0.000000 0.999981
vn 0.013202 0.000000 0.999913
vn 0.006243 0.000000 0.999980
vn 0.013202 0.000000 0.999913
vn 0.006243 0.000000 0.999981
vn 0.013202 0.000000 0.999913
vn 0.006243 0.000000 0.999981
vn 0.013202 0.000000 0.999913
vn 0.006243 0.000000 0.999981
vn 0.013202 0.000000 0.999913
vn 0.006243 0.000000 0.999980
vn 0.013202 0.000000 0.999913
vn 0.013202 0.000000 0.999913
vn 0.006243 0.000000 0.999981
vn 0.006243 -0.000000 0.999981
vn 0.006243 0.000000 0.999981
vn 0.013202 0.000000 0.999913
vn 0.006243 -0.000000 0.999981
vn 0.006243 0.000000 0.999981
vn 0.013202 0.000000 0.999913
vn 0.006243 -0.000000 0.999981
vn 0.006243 0.000000 0.999980
vn 0.013202 0.000000 0.999913
vn 0.006243 -0.000000 0.999980
vn 0.006243 0.000000 0.999981
vn 0.013202 0.000000 0.999913
vn 0.006243 -0.000000 0.999981
vn 0.006243 -0.000000 0.999981
vn 0.013202 0.000000 0.999913
vn 0.013202 0.000000 0.999913
vn 0.006243 0.000000 0.999981
vn 0.006243 0.000000 0.999981
vn 0.013202 0.000000 0.999913
vn 0.006243 -0.000000 0.999981
vn 0.006243 -0.000000 0.999981
vn 0.013202 0.000000 0.999913
vn 0.006243 0.000000 0.999981
vn 0.013202 0.000000 0.999913
vn 0.006243 0.000000 0.999980
vn 0.006243 -0.000000 0.999980
vn 0.013202 0.000000 0.999913
vn 0.006243 0.000000 0.999981
vn 0.006243 -0.000000 0.999981
vn 0.006243 0.000000 0.999981
vn 0.013202 0.000000 0.999913
vn 0.006243 -0.000000 0.999981
vn 0.006243 0.000000 0.999981
vn 0.013202 0.000000 0.999913
vn 0.006243 -0.000000 0.999981
vn 0.006243 -0.000000 0.999980
vn 0.013202 0.000000 0.999913
vn 0.006243 0.000000 0.999980
vn 0.013202 0.000000 0.999913
vn 0.006243 0.000000 0.999981
vn 0.006243 -0.000000 0.999981
vn 0.013202 0.000000 0.999913
vn 0.006243 0.000000 0.999981
vn 0.006243 -0.000000 0.999981
vn 0.006243 -0.000000 0.999981
vn 0.006243 0.000000 0.999981
vn 0.006264 -0.043500 0.999034
vn 0.013202 0.000000 0.999913
vn 0.006237 -0.041009 0.999139
vn 0.021075 0.009046 0.999737
vn 0.019967 0.000000 0.999801
vn 0.019967 -0.000000 0.999801
vn 0.027335 0.000000 0.999626
vn 0.027335 0.000000 0.999626
vn 0.019967 0.000000 0.999801
vn 0.027335 0.000000 0.999626
vn 0.027335 0.000000 0.999626
vn 0.019967 0.000000 0.999801
vn 0.027335 0.000000 0.999626
vn 0.019967 0.000000 0.999801
vn 0.027335 0.000000 0.999626
vn 0.019967 0.000000 0.999801
vn 0.027335 0.000000 0.999626
vn 0.019967 0.000000 0.999801
vn 0.027335 0.000000 0.999626
vn 0.019967 0.000000 0.999801
vn 0.027335 0.000000 0.999626
vn 0.019967 0.000000 0.999801
vn 0.027335 0.000000 0.999626
vn 0.019967 0.000000 0.999801
vn 0.027335 0.000000 0.999626
vn 0.019967 0.000000 0.999801
vn 0.019967 0.000000 0.999801
vn 0.027335 0.000000 0.999626
vn 0.019967 0.000000 0.999801
vn 0.027335 0.000000 0.999626
vn 0.020986 -0.092342 0.995506
vn 0.050191 0.041007 0.997897
vn 0.043533 0.000000 0.999052
vn 0.050783 0.000000 0.998710
vn 0.050783 0.000000 0.998710
vn 0.043533 0.000000 0.999052
vn 0.050783 0.000000 0.998710
vn 0.043533 0.000000 0.999052
vn 0.050783 0.000000 0.998710
vn 0.043533 0.000000 0.999052
vn 0.050783 0.000000 0.998710
vn 0.043533 0.000000 0.999052
vn 0.050783 0.000000 0.998710
vn 0.043533 0.000000 0.999052
vn 0.050783 0.000000 0.998710
vn 0.043533 0.000000 0.999052
vn 0.050783 0.000000 0.998710
vn 0.043533 0.000000 0.999052
vn 0.050783 0.000000 0.998710
vn 0.043533 0.000000 0.999052
vn 0.050783 0.000000 0.998710
vn 0.043533 0.000000 0.999052
vn 0.043533 -0.000000 0.999052
vn 0.050783 0.000000 0.998710
vn 0.050783 0.000000 0.998710
vn 0.043533 0.000000 0.999052
vn 0.050783 0.000000 0.998710
vn 0.043533 0.000000 0.999052
vn 0.050783 0.000000 0.998710
vn 0.043533 0.000000 0.999052
vn 0.050783 0.000000 0.998710
vn 0.043533 0.000000 0.999052
vn 0.050783 0.000000 0.998710
vn 0.043533 0.000000 0.999052
vn 0.050783 0.000000 0.998710
vn 0.043533 0.000000 0.999052
vn 0.050783 0.000000 0.998710
vn 0.043533 0.000000 0.999052
vn 0.050783 0.000000 0.998710
vn 0.043533 0.000000 0.999052
vn 0.050783 0.000000 0.998710
vn 0.043533 0.000000 0.999052
vn 0.050783 0.000000 0.998710
vn 0.043533 0.000000 0.999052
vn 0.050167 -0.051248 0.997425
vn 0.050783 0.000000 0.998710
vn 0.043533 0.000000 0.999052
vn 0.064555 0.010356 0.997860
vn 0.065826 0.000000 0.997831
vn 0.058726 -0.000000 0.998274
vn 0.058726 0.000000 0.998274
vn 0.065826 0.000000 0.997831
vn 0.065826 0.000000 0.997831
vn 0.058726 0.000000 0.998274
vn 0.065826 0.000000 0.997831
vn 0.058726 0.000000 0.998274
vn 0.065826 0.000000 0.997831
vn 0.058726 0.000000 0.998274
vn 0.065826 0.000000 0.997831
vn 0.058726 0.000000 0.998274
vn 0.065826 0.000000 0.997831
vn 0.058726 0.000000 0.998274
vn 0.065826 0.000000 0.997831
vn 0.058726 0.000000 0.998274
vn 0.065826 0.000000 0.997831
vn 0.058726 0.000000 0.998274
vn 0.065826 0.000000 0.997831
vn 0.058726 0.000000 0.998274
vn 0.065826 0.000000 0.997831
vn 0.058726 0.000000 0.998274
vn 0.065826 0.000000 0.997831
vn 0.058726 0.000000 0.998274
vn 0.065826 0.000000 0.997831
vn 0.058726 0.000000 0.998274
vn 0.064198 -0.105574 0.992337
vn 0.078643 0.038337 0.996165
vn 0.080255 0.000000 0.996774
vn 0.073208 0.000000 0.997317
vn 0.080255 0.000000 0.996774
vn 0.073208 0.000000 0.997317
vn 0.080255 0.000000 0.996774
vn 0.073208 0.000000 0.997317
vn 0.080255 0.000000 0.996774
vn 0.073208 0.000000 0.997317
vn 0.080255 0.000000 0.996774
vn 0.073208 0.000000 0.997317
vn 0.080255 0.000000 0.996774
vn 0.073208 0.000000 0.997317
vn 0.080255 0.000000 0.996774
vn 0.073208 0.000000 0.997317
vn 0.080255 0.000000 0.996774
vn 0.073208 0.000000 0.997317
vn 0.073208 -0.000000 0.997317
vn 0.080255 0.000000 0.996774
vn 0.080255 0.000000 0.996774
vn 0.073208 0.000000 0.997317
vn 0.080255 0.000000 0.996774
vn 0.073208 0.000000 0.997317
vn 0.080255 0.000000 0.996774
vn 0.073208 0.000000 0.997317
vn 0.080255 0.000000 0.996774
vn 0.073208 0.000000 0.997317
vn 0.080255 0.000000 0.996774
vn 0.073208 0.000000 0.997317
vn 0.080255 0.000000 0.996774
vn 0.073208 0.000000 0.997317
vn 0.080255 0.000000 0.996774
vn 0.073208 0.000000 0.997317
vn 0.080255 0.000000 0.996774
vn 0.073208 0.000000 0.997317
vn 0.080255 0.000000 0.996774
vn 0.073208 0.000000 0.997317
vn 0.080255 0.000000 0.996774
vn 0.073208 0.000000 0.997317
vn 0.078096 -0.123750 0.989236
vn 0.080255 0.000000 0.996774
vn 0.073208 0.000000 0.997317
vn 0.092577 0.042127 0.994814
vn 0.094419 0.000000 0.995533
vn 0.087480 0.000000 0.996166
vn 0.094419 0.000000 0.995533
vn 0.087480 0.000000 0.996166
vn 0.094419 0.000000 0.995532
vn 0.087480 0.000000 0.996166
vn 0.094419 0.000000 0.995533
vn 0.087480 0.000000 0.996166
vn 0.094419 0.000000 0.995533
vn 0.087480 0.000000 0.996166
vn 0.094419 0.000000 0.995533
vn 0.087480 0.000000 0.996166
vn 0.094419 0.000000 0.995532
vn 0.087480 0.000000 0.996166
vn 0.087480 -0.000000 0.996166
vn 0.087480 0.000000 0.996166
vn 0.094419 0.000000 0.995533
vn 0.094419 0.000000 0.995533
vn 0.094419 0.000000 0.995533
vn 0.087480 0.000000 0.996166
vn 0.094419 0.000000 0.995533
vn 0.087480 0.000000 0.996166
vn 0.094419 0.000000 0.995533
vn 0.087480 0.000000 0.996166
vn 0.094419 0.000000 0.995532
vn 0.087480 0.000000 0.996166
vn 0.094419 0.000000 0.995533
vn 0.087480 0.000000 0.996166
vn 0.094419 0.000000 0.995533
vn 0.087480 0.000000 0.996166
vn 0.094419 0.000000 0.995533
vn 0.087480 0.000000 0.996166
vn 0.094419 0.000000 0.995532
vn 0.087480 0.000000 0.996166
vn 0.094419 0.000000 0.995533
vn 0.087480 0.000000 0.996166
vn 0.094419 0.000000 0.995533
vn 0.087480 0.000000 0.996166
vn 0.094419 0.000000 0.995533
vn 0.087480 0.000000 0.996166
vn 0.091801 -0.135789 0.986476
vn 0.106321 0.046477 0.993245
vn 0.107630 0.000000 0.994191
vn 0.100733 0.000000 0.994914
vn 0.107630 0.000000 0.994191
vn 0.100733 0.000000 0.994914
vn 0.107630 0.000000 0.994191
vn 0.100733 0.000000 0.994914
vn 0.107630 0.000000 0.994191
vn 0.100733 0.000000 0.994914
vn 0.107630 0.000000 0.994191
vn 0.100733 0.000000 0.994914
vn 0.107630 0.000000 0.994191
vn 0.100733 0.000000 0.994914
vn 0.107630 0.000000 0.994191
vn 0.100733 0.000000 0.994914
vn 0.107630 0.000000 0.994191
vn 0.100733 0.000000 0.994914
vn 0.107630 0.000000 0.994191
vn 0.100733 0.000000 0.994914
vn 0.100733 -0.000000 0.994914
vn 0.107630 0.000000 0.994191
vn 0.107630 0.000000 0.994191
vn 0.100733 0.000000 0.994914
vn 0.107630 0.000000 0.994191
vn 0.100733 0.000000 0.994914
vn 0.107630 0.000000 0.994191
vn 0.100733 0.000000 0.994914
vn 0.107630 0.000000 0.994191
vn 0.100733 0.000000 0.994914
vn 0.107630 0.000000 0.994191
vn 0.100733 0.000000 0.994914
vn 0.107630 0.000000 0.994191
vn 0.100733 0.000000 0.994914
vn 0.107630 0.000000 0.994191
vn 0.100733 0.000000 0.994914
vn 0.107630 0.000000 0.994191
vn 0.100733 0.000000 0.994914
vn 0.107630 0.000000 0.994191
vn 0.100733 0.000000 0.994914
vn 0.107630 0.000000 0.994191
vn 0.100733 0.000000 0.994914
vn 0.105857 -0.104134 0.988914
vn 0.107630 0.000000 0.994191
vn 0.100733 0.000000 0.994914
vn 0.120018 0.033758 0.992198
vn 0.123015 0.000000 0.992405
vn 0.116260 0.000000 0.993219
vn 0.123015 0.000000 0.992405
vn 0.116260 0.000000 0.993219
vn 0.116260 0.000000 0.993219
vn 0.123015 0.000000 0.992405
vn 0.116260 0.000000 0.993219
vn 0.123015 0.000000 0.992405
vn 0.123015 0.000000 0.992405
vn 0.116260 0.000000 0.993219
vn 0.123015 0.000000 0.992405
vn 0.123015 0.000000 0.992405
vn 0.116260 0.000000 0.993219
vn 0.116260 -0.000000 0.993219
vn 0.116260 0.000000 0.993219
vn 0.123015 0.000000 0.992405
vn 0.116260 0.000000 0.993219
vn 0.123015 0.000000 0.992405
vn 0.116260 0.000000 0.993219
vn 0.123015 0.000000 0.992405
vn 0.116260 0.000000 0.993219
vn 0.123015 0.000000 0.992405
vn 0.116260 0.000000 0.993219
vn 0.123015 0.000000 0.992405
vn 0.116260 0.000000 0.993219
vn 0.123015 0.000000 0.992405
vn 0.116260 0.000000 0.993219
vn 0.123015 0.000000 0.992405
vn 0.116260 0.000000 0.993219
vn 0.123015 0.000000 0.992405
vn 0.116260 0.000000 0.993219
vn 0.123015 0.000000 0.992405
vn 0.116260 0.000000 0.993219
vn 0.123015 0.000000 0.992405
vn 0.116260 0.000000 0.993219
vn 0.123015 0.000000 0.992405
vn 0.118241 -0.174638 0.977507
vn 0.128377 0.000000 0.991725
vn 0.128377 0.000000 0.991725
vn 0.128377 0.000000 0.991726
vn 0.128377 0.000000 0.991725
vn 0.128377 0.000000 0.991725
vn 0.128377 0.000000 0.991725
vn 0.128377 0.000000 0.991726
vn 0.128377 -0.000000 0.991725
vn 0.128377 0.000000 0.991725
vn 0.128377 0.000000 0.991726
vn 0.128377 0.000000 0.991725
vn 0.128377 0.000000 0.991725
vn 0.128377 0.000000 0.991726
vn 0.128377 0.000000 0.991725
vn 0.128377 0.000000 0.991725
vn 0.128377 0.000000 0.991725
vn 0.128377 0.000000 0.991726
vn 0.128377 0.000000 0.991725
vn 0.128377 0.000000 0.991725
vn 0.128377 0.000000 0.991725
vn 0.132370 -0.128944 0.982777
vn 0.133228 0.061955 0.989147
vn 0.133327 0.039557 0.990282
vn 0.139962 0.000000 0.990157
vn 0.134901 0.000000 0.990859
vn 0.139962 0.000000 0.990157
vn 0.134901 0.000000 0.990859
vn 0.139962 0.000000 0.990157
vn 0.134901 -0.000000 0.990859
vn 0.134901 0.000000 0.990859
vn 0.134901 0.000000 0.990859
vn 0.139962 0.000000 0.990157
vn 0.134901 0.000000 0.990859
vn 0.139962 0.000000 0.990157
vn 0.134901 -0.000000 0.990859
vn 0.134901 -0.000000 0.990859
vn 0.139962 0.000000 0.990157
vn 0.134901 0.000000 0.990859
vn 0.134901 -0.000000 0.990859
vn 0.134901 0.000000 0.990859
vn 0.139962 0.000000 0.990157
vn 0.134901 0.000000 0.990859
vn 0.139962 0.000000 0.990157
vn 0.134901 -0.000000 0.990859
vn 0.134901 -0.000000 0.990859
vn 0.134901 0.000000 0.990859
vn 0.139962 0.000000 0.990157
vn 0.139962 0.000000 0.990157
vn 0.134901 -0.000000 0.990859
vn 0.134901 -0.000000 0.990859
vn 0.134901 0.000000 0.990859
vn 0.139962 0.000000 0.990157
vn 0.139962 0.000000 0.990157
vn 0.134901 0.000000 0.990859
vn 0.139962 0.000000 0.990157
vn 0.134901 0.000000 0.990859
vn 0.134901 -0.000000 0.990859
vn 0.139962 0.000000 0.990157
vn 0.134901 0.000000 0.990859
vn 0.134901 -0.000000 0.990859
vn 0.134901 0.000000 0.990859
vn 0.139962 0.000000 0.990157
vn 0.134901 -0.000000 0.990859
vn 0.134901 -0.000000 0.990859
vn 0.139962 0.000000 0.990157
vn 0.134901 0.000000 0.990859
vn 0.134901 -0.000000 0.990859
vn 0.134901 0.000000 0.990859
vn 0.139962 0.000000 0.990157
vn 0.134901 0.000000 0.990859
vn 0.139962 0.000000 0.990157
vn 0.134901 -0.000000 0.990859
vn 0.134901 -0.000000 0.990859
vn 0.139962 0.000000 0.990157
vn 0.134901 0.000000 0.990859
vn 0.139962 0.000000 0.990157
vn 0.134901 0.000000 0.990859
vn 0.134901 -0.000000 0.990859
vn 0.134901 -0.000000 0.990859
vn 0.139962 0.000000 0.990157
vn 0.134901 0.000000 0.990859
vn 0.134901 -0.000000 0.990859
vn 0.134901 -0.000000 0.990859
vn 0.134901 0.000000 0.990859
vn 0.139962 0.000000 0.990157
vn 0.134901 0.000000 0.990859
vn 0.139962 0.000000 0.990157
vn 0.134216 -0.053211 0.989522
vn 0.139962 0.000000 0.990157
vn 0.134901 0.000000 0.990859
vn 0.159501 0.035416 0.986562
vn 0.155057 0.000000 0.987906
vn 0.161506 0.000000 0.986872
vn 0.155056 0.000000 0.987906
vn 0.161506 0.000000 0.986872
vn 0.155056 0.000000 0.987906
vn 0.161506 0.000000 0.986872
vn 0.155056 0.000000 0.987906
vn 0.161506 0.000000 0.986872
vn 0.155056 0.000000 0.987906
vn 0.161506 0.000000 0.986872
vn 0.155056 0.000000 0.987906
vn 0.161506 0.000000 0.986872
vn 0.155056 -0.000000 0.987906
vn 0.161506 0.000000 0.986872
vn 0.155057 0.000000 0.987906
vn 0.161506 0.000000 0.986872
vn 0.155056 0.000000 0.987906
vn 0.161506 0.000000 0.986872
vn 0.161506 0.000000 0.986872
vn 0.155057 0.000000 0.987906
vn 0.161506 0.000000 0.986872
vn 0.155056 0.000000 0.987906
vn 0.161506 0.000000 0.986872
vn 0.155056 0.000000 0.987906
vn 0.161506 0.000000 0.986872
vn 0.155056 0.000000 0.987906
vn 0.161506 0.000000 0.986872
vn 0.155056 0.000000 0.987906
vn 0.161506 0.000000 0.986872
vn 0.155056 0.000000 0.987906
vn 0.161506 0.000000 0.986872
vn 0.155056 0.000000 0.987906
vn 0.161506 0.000000 0.986872
vn 0.155056 0.000000 0.987906
vn 0.161506 0.000000 0.986872
vn 0.155056 0.000000 0.987906
vn 0.161506 0.000000 0.986872
vn 0.155056 0.000000 0.987906
vn 0.157821 -0.148958 0.976168
vn 0.168511 0.000000 0.985700
vn 0.168511 0.000000 0.985700
vn 0.168511 0.000000 0.985700
vn 0.168511 0.000000 0.985700
vn 0.168511 0.000000 0.985700
vn 0.168511 -0.000000 0.985700
vn 0.168511 0.000000 0.985700
vn 0.168511 0.000000 0.985700
vn 0.168511 0.000000 0.985700
vn 0.168511 0.000000 0.985700
vn 0.168511 0.000000 0.985700
vn 0.168511 0.000000 0.985700
vn 0.168511 0.000000 0.985700
vn 0.168511 0.000000 0.985700
vn 0.168511 0.000000 0.985700
vn 0.168511 0.000000 0.985700
vn 0.168511 0.000000 0.985700
vn 0.168511 0.000000 0.985700
vn 0.172161 0.042058 0.984171
vn 0.172106 0.032102 0.984555
vn 0.178086 0.000000 0.984015
vn 0.174341 0.000000 0.984685
vn 0.174341 0.000000 0.984685
vn 0.178086 0.000000 0.984015
vn 0.174341 0.000000 0.984685
vn 0.178086 0.000000 0.984015
vn 0.174341 -0.000000 0.984685
vn 0.174341 0.000000 0.984685
vn 0.178086 0.000000 0.984015
vn 0.174341 -0.000000 0.984685
vn 0.174341 0.000000 0.984685
vn 0.178086 0.000000 0.984015
vn 0.178086 0.000000 0.984015
vn 0.174341 0.000000 0.984685
vn 0.178086 0.000000 0.984015
vn 0.174341 -0.000000 0.984685
vn 0.174341 0.000000 0.984685
vn 0.178086 0.000000 0.984015
vn 0.174341 -0.000000 0.984685
vn 0.174341 0.000000 0.984685
vn 0.178086 0.000000 0.984015
vn 0.174341 -0.000000 0.984685
vn 0.174341 -0.000000 0.984685
vn 0.174341 0.000000 0.984685
vn 0.178086 0.000000 0.984015
vn 0.178086 0.000000 0.984015
vn 0.174341 0.000000 0.984685
vn 0.174341 -0.000000 0.984685
vn 0.178086 0.000000 0.984015
vn 0.174341 0.000000 0.984685
vn 0.174341 0.000000 0.984685
vn 0.178086 0.000000 0.984015
vn 0.174341 -0.000000 0.984685
vn 0.178086 0.000000 0.984015
vn 0.174341 -0.000000 0.984685
vn 0.174341 -0.000000 0.984685
vn 0.174341 0.000000 0.984685
vn 0.178086 0.000000 0.984015
vn 0.174341 0.000000 0.984685
vn 0.174341 -0.000000 0.984685
vn 0.178086 0.000000 0.984015
vn 0.174341 0.000000 0.984685
vn 0.178086 0.000000 0.984015
vn 0.174341 0.000000 0.984685
vn 0.174341 -0.000000 0.984685
vn 0.174341 -0.000000 0.984685
vn 0.178086 0.000000 0.984015
vn 0.174341 0.000000 0.984685
vn 0.174341 0.000000 0.984685
vn 0.178086 0.000000 0.984015
vn 0.174341 -0.000000 0.984685
vn 0.174341 0.000000 0.984685
vn 0.178086 0.000000 0.984015
vn 0.174341 -0.000000 0.984685
vn 0.174341 -0.000000 0.984685
vn 0.178086 0.000000 0.984015
vn 0.174341 0.000000 0.984685
vn 0.174341 -0.000000 0.984685
vn 0.178086 0.000000 0.984015
vn 0.174341 0.000000 0.984685
vn 0.168614 -0.206107 0.963893
vn 0.178086 0.000000 0.984015
vn 0.174341 0.000000 0.984685
vn 0.169791 -0.167230 0.971187
vn 0.184740 0.008665 0.982749
vn 0.183860 -0.000000 0.982952
vn 0.189959 0.000000 0.981792
vn 0.183860 0.000000 0.982952
vn 0.189959 0.000000 0.981792
vn 0.183860 0.000000 0.982952
vn 0.189959 0.000000 0.981792
vn 0.189959 0.000000 0.981792
vn 0.183860 0.000000 0.982952
vn 0.189959 0.000000 0.981792
vn 0.183860 0.000000 0.982952
vn 0.189959 0.000000 0.981792
vn 0.183860 0.000000 0.982952
vn 0.189959 0.000000 0.981792
vn 0.183860 0.000000 0.982952
vn 0.189959 0.000000 0.981792
vn 0.183860 0.000000 0.982952
vn 0.189959 0.000000 0.981792
vn 0.183860 0.000000 0.982952
vn 0.189959 0.000000 0.981792
vn 0.183860 0.000000 0.982952
vn 0.189959 0.000000 0.981792
vn 0.183860 0.000000 0.982952
vn 0.189959 0.000000 0.981792
vn 0.183860 0.000000 0.982952
vn 0.184023 -0.088488 0.978931
vn 0.189959 0.000000 0.981792
vn 0.183860 0.000000 0.982952
vn 0.196710 0.038787 0.979694
vn 0.194690 0.000000 0.980865
vn 0.200639 0.000000 0.979665
vn 0.194691 0.000000 0.980865
vn 0.200639 0.000000 0.979665
vn 0.200639 0.000000 0.979665
vn 0.194690 0.000000 0.980865
vn 0.194691 0.000000 0.980865
vn 0.200639 0.000000 0.979665
vn 0.194691 0.000000 0.980865
vn 0.200639 0.000000 0.979665
vn 0.194691 0.000000 0.980865
vn 0.200639 0.000000 0.979665
vn 0.194691 0.000000 0.980865
vn 0.200639 0.000000 0.979665
vn 0.194691 -0.000000 0.980865
vn 0.200639 0.000000 0.979665
vn 0.194691 0.000000 0.980865
vn 0.200639 0.000000 0.979665
vn 0.194691 0.000000 0.980865
vn 0.200639 0.000000 0.979665
vn 0.194691 0.000000 0.980865
vn 0.200639 0.000000 0.979665
vn 0.194690 0.000000 0.980865
vn 0.200639 0.000000 0.979665
vn 0.194691 0.000000 0.980865
vn 0.200639 0.000000 0.979665
vn 0.194690 0.000000 0.980865
vn 0.200639 0.000000 0.979665
vn 0.194691 0.000000 0.980865
vn 0.200639 0.000000 0.979665
vn 0.194690 0.000000 0.980865
vn 0.200639 0.000000 0.979665
vn 0.194691 0.000000 0.980865
vn 0.200639 0.000000 0.979665
vn 0.194691 0.000000 0.980865
vn 0.200639 0.000000 0.979665
vn 0.194691 0.000000 0.980865
vn 0.200639 0.000000 0.979665
vn 0.194232 -0.162799 0.967352
vn 0.208504 0.037158 0.977315
vn 0.206741 0.000000 0.978396
vn 0.212578 0.000000 0.977144
vn 0.206741 0.000000 0.978396
vn 0.212578 0.000000 0.977144
vn 0.206741 0.000000 0.978396
vn 0.212578 0.000000 0.977144
vn 0.206741 0.000000 0.978396
vn 0.212578 0.000000 0.977144
vn 0.206741 0.000000 0.978396
vn 0.212578 0.000000 0.977144
vn 0.206741 0.000000 0.978396
vn 0.212578 0.000000 0.977144
vn 0.206741 -0.000000 0.978396
vn 0.212578 0.000000 0.977144
vn 0.206741 0.000000 0.978396
vn 0.212578 0.000000 0.977144
vn 0.206741 0.000000 0.978396
vn 0.212578 0.000000 0.977144
vn 0.212578 0.000000 0.977144
vn 0.206741 0.000000 0.978396
vn 0.212578 0.000000 0.977144
vn 0.206741 0.000000 0.978396
vn 0.212578 0.000000 0.977144
vn 0.206741 0.000000 0.978396
vn 0.212578 0.000000 0.977144
vn 0.206741 0.000000 0.978396
vn 0.212578 0.000000 0.977144
vn 0.206741 0.000000 0.978396
vn 0.212578 0.000000 0.977144
vn 0.206741 0.000000 0.978396
vn 0.212578 0.000000 0.977144
vn 0.206741 0.000000 0.978396
vn 0.212578 0.000000 0.977144
vn 0.206741 0.000000 0.978396
vn 0.212578 0.000000 0.977144
vn 0.206741 0.000000 0.978396
vn 0.212578 0.000000 0.977144
vn 0.206741 0.000000 0.978396
vn 0.206090 -0.156120 0.965999
vn 0.220172 0.000608 0.975461
vn 0.231211 -0.000091 0.972904
vn 0.220170 0.000000 0.975461
vn 0.226494 0.000000 0.974013
vn 0.231210 0.000000 0.972904
vn 0.220170 0.000000 0.975461
vn 0.231210 0.000000 0.972904
vn 0.220170 0.000000 0.975461
vn 0.220170 0.000000 0.975461
vn 0.231210 0.000000 0.972904
vn 0.231210 0.000000 0.972904
vn 0.220170 0.000000 0.975461
vn 0.220170 0.000000 0.975461
vn 0.231210 0.000000 0.972904
vn 0.231210 0.000000 0.972904
vn 0.220170 0.000000 0.975461
vn 0.220170 0.000000 0.975461
vn 0.231210 0.000000 0.972904
vn 0.231210 0.000000 0.972904
vn 0.220170 0.000000 0.975461
vn 0.220170 0.000000 0.975461
vn 0.231210 0.000000 0.972904
vn 0.220170 -0.000000 0.975461
vn 0.220170 0.000000 0.975461
vn 0.231210 0.000000 0.972904
vn 0.231210 0.000000 0.972904
vn 0.220170 0.000000 0.975462
vn 0.231210 0.000000 0.972904
vn 0.220170 0.000000 0.975461
vn 0.231210 0.000000 0.972904
vn 0.220170 0.000000 0.975461
vn 0.231210 0.000000 0.972904
vn 0.220171 0.000000 0.975461
vn 0.231210 0.000000 0.972904
vn 0.220170 0.000000 0.975461
vn 0.231210 0.000000 0.972904
vn 0.220170 0.000000 0.975461
vn 0.231210 0.000000 0.972904
vn 0.220170 0.000000 0.975461
vn 0.231210 0.000000 0.972904
vn 0.220170 0.000000 0.975461
vn 0.231210 0.000000 0.972904
vn 0.220170 0.000000 0.975461
vn 0.231210 0.000000 0.972904
vn 0.231211 0.000057 0.972904
vn 0.220170 0.000000 0.975461
vn 0.231210 0.000000 0.972904
vn 0.226494 0.000000 0.974013
vn 0.220170 0.000000 0.975461
vn 0.220172 -0.000608 0.975461
vn 0.226494 0.000000 0.974013
vn 0.220170 0.000000 0.975461
vn 0.241576 0.037933 0.969640
vn 0.238386 0.000000 0.971170
vn 0.243577 0.000000 0.969881
vn 0.238386 0.000000 0.971170
vn 0.243577 0.000000 0.969881
vn 0.238386 0.000000 0.971170
vn 0.243577 0.000000 0.969881
vn 0.238386 0.000000 0.971170
vn 0.243577 0.000000 0.969881
vn 0.238386 0.000000 0.971170
vn 0.243577 0.000000 0.969881
vn 0.238386 0.000000 0.971170
vn 0.243577 0.000000 0.969881
vn 0.238386 -0.000000 0.971170
vn 0.243577 0.000000 0.969881
vn 0.238386 0.000000 0.971170
vn 0.243577 0.000000 0.969881
vn 0.243577 0.000000 0.969881
vn 0.238386 0.000000 0.971170
vn 0.243577 0.000000 0.969881
vn 0.238386 0.000000 0.971170
vn 0.243577 0.000000 0.969881
vn 0.238386 0.000000 0.971170
vn 0.243577 0.000000 0.969881
vn 0.238386 0.000000 0.971170
vn 0.243577 0.000000 0.969881
vn 0.238386 0.000000 0.971170
vn 0.243577 0.000000 0.969881
vn 0.238386 0.000000 0.971170
vn 0.243577 0.000000 0.969881
vn 0.238386 0.000000 0.971170
vn 0.243577 0.000000 0.969881
vn 0.238386 0.000000 0.971170
vn 0.243577 0.000000 0.969881
vn 0.238386 0.000000 0.971170
vn 0.243577 0.000000 0.969881
vn 0.238386 0.000000 0.971170
vn 0.243577 0.000000 0.969881
vn 0.238386 0.000000 0.971170
vn 0.238663 -0.159299 0.957948
vn 0.251844 0.032885 0.967209
vn 0.254036 0.000000 0.967195
vn 0.248959 0.000000 0.968514
vn 0.254036 0.000000 0.967195
vn 0.248959 0.000000 0.968514
vn 0.254036 0.000000 0.967195
vn 0.248959 0.000000 0.968514
vn 0.254036 0.000000 0.967195
vn 0.248959 0.000000 0.968514
vn 0.248959 0.000000 0.968514
vn 0.254036 0.000000 0.967195
vn 0.248959 -0.000000 0.968514
vn 0.254036 0.000000 0.967195
vn 0.248959 0.000000 0.968514
vn 0.254036 0.000000 0.967195
vn 0.248959 0.000000 0.968514
vn 0.254036 0.000000 0.967195
vn 0.248959 0.000000 0.968514
vn 0.254036 0.000000 0.967195
vn 0.254036 0.000000 0.967195
vn 0.248959 0.000000 0.968514
vn 0.254036 0.000000 0.967195
vn 0.248959 0.000000 0.968514
vn 0.254036 0.000000 0.967195
vn 0.248959 0.000000 0.968514
vn 0.254036 0.000000 0.967195
vn 0.248959 0.000000 0.968514
vn 0.254036 0.000000 0.967195
vn 0.248959 0.000000 0.968514
vn 0.254036 0.000000 0.967195
vn 0.248959 0.000000 0.968514
vn 0.254036 0.000000 0.967195
vn 0.248959 0.000000 0.968514
vn 0.254036 0.000000 0.967195
vn 0.248959 0.000000 0.968514
vn 0.248302 -0.170247 0.953605
vn 0.254036 0.000000 0.967195
vn 0.248959 0.000000 0.968514
vn 0.261859 0.033307 0.964531
vn 0.259781 0.000000 0.965668
vn 0.265314 0.000000 0.964162
vn 0.259781 0.000000 0.965668
vn 0.265314 0.000000 0.964162
vn 0.259781 0.000000 0.965668
vn 0.265314 0.000000 0.964162
vn 0.259781 0.000000 0.965668
vn 0.265314 0.000000 0.964162
vn 0.265314 0.000000 0.964162
vn 0.259781 0.000000 0.965667
vn 0.259781 0.000000 0.965668
vn 0.259781 -0.000000 0.965668
vn 0.265314 0.000000 0.964162
vn 0.265314 0.000000 0.964162
vn 0.259781 0.000000 0.965668
vn 0.265314 0.000000 0.964162
vn 0.259781 0.000000 0.965668
vn 0.265314 0.000000 0.964162
vn 0.259781 0.000000 0.965667
vn 0.265314 0.000000 0.964162
vn 0.259781 0.000000 0.965668
vn 0.265314 0.000000 0.964162
vn 0.259781 0.000000 0.965668
vn 0.265314 0.000000 0.964162
vn 0.259781 0.000000 0.965668
vn 0.265314 0.000000 0.964162
vn 0.259781 0.000000 0.965668
vn 0.265314 0.000000 0.964162
vn 0.259781 0.000000 0.965668
vn 0.265314 0.000000 0.964162
vn 0.259781 0.000000 0.965668
vn 0.265314 0.000000 0.964162
vn 0.259781 0.000000 0.965668
vn 0.265314 0.000000 0.964162
vn 0.259781 0.000000 0.965668
vn 0.265314 0.000000 0.964162
vn 0.258082 -0.172374 0.950621
vn 0.274887 0.007135 0.961450
vn 0.281802 0.000000 0.959472
vn 0.274165 0.000000 0.961683
vn 0.281802 0.000000 0.959472
vn 0.274165 0.000000 0.961683
vn 0.274165 -0.000000 0.961683
vn 0.281802 0.000000 0.959472
vn 0.274165 0.000000 0.961683
vn 0.281802 0.000000 0.959472
vn 0.274165 0.000000 0.961683
vn 0.281802 0.000000 0.959472
vn 0.274165 0.000000 0.961683
vn 0.281802 0.000000 0.959472
vn 0.274165 0.000000 0.961683
vn 0.281802 0.000000 0.959472
vn 0.274165 0.000000 0.961683
vn 0.281802 0.000000 0.959472
vn 0.281802 0.000000 0.959472
vn 0.274165 0.000000 0.961683
vn 0.281802 0.000000 0.959472
vn 0.274165 0.000000 0.961683
vn 0.281802 0.000000 0.959472
vn 0.274165 0.000000 0.961683
vn 0.281802 0.000000 0.959472
vn 0.274165 0.000000 0.961683
vn 0.281802 0.000000 0.959472
vn 0.274165 0.000000 0.961683
vn 0.274297 -0.065867 0.959387
vn 0.281802 0.000000 0.959472
vn 0.274165 0.000000 0.961683
vn 0.287501 0.013457 0.957686
vn 0.286921 0.000000 0.957954
vn 0.291933 0.000000 0.956439
vn 0.286921 0.000000 0.957954
vn 0.291933 0.000000 0.956439
vn 0.286921 0.000000 0.957954
vn 0.291933 0.000000 0.956439
vn 0.286921 0.000000 0.957954
vn 0.291933 0.000000 0.956439
vn 0.286921 0.000000 0.957954
vn 0.291933 0.000000 0.956439
vn 0.286921 0.000000 0.957954
vn 0.291933 0.000000 0.956439
vn 0.291933 0.000000 0.956439
vn 0.286921 0.000000 0.957954
vn 0.286921 0.000000 0.957954
vn 0.291933 0.000000 0.956439
vn 0.286921 0.000000 0.957954
vn 0.291933 0.000000 0.956439
vn 0.286921 -0.000000 0.957954
vn 0.291933 0.000000 0.956439
vn 0.286921 0.000000 0.957954
vn 0.291933 0.000000 0.956439
vn 0.286921 0.000000 0.957954
vn 0.291933 0.000000 0.956439
vn 0.286921 0.000000 0.957954
vn 0.291933 0.000000 0.956439
vn 0.286921 0.000000 0.957954
vn 0.291933 0.000000 0.956439
vn 0.286921 0.000000 0.957954
vn 0.291933 0.000000 0.956439
vn 0.286921 0.000000 0.957954
vn 0.291933 0.000000 0.956439
vn 0.286921 0.000000 0.957954
vn 0.291933 0.000000 0.956439
vn 0.286921 0.000000 0.957954
vn 0.291933 0.000000 0.956439
vn 0.286921 0.000000 0.957954
vn 0.291933 0.000000 0.956439
vn 0.286921 0.000000 0.957954
vn 0.291933 0.000000 0.956439
vn 0.286921 0.000000 0.957954
vn 0.291933 0.000000 0.956439
vn 0.287395 -0.030271 0.957334
vn 0.302317 -0.006494 0.953185
vn 0.300842 0.000000 0.953674
vn 0.303051 0.000000 0.952974
vn 0.300842 0.000000 0.953674
vn 0.303051 0.000000 0.952974
vn 0.300842 0.000000 0.953674
vn 0.300842 0.000000 0.953674
vn 0.303051 0.000000 0.952974
vn 0.303051 -0.000000 0.952974
vn 0.300842 0.000000 0.953674
vn 0.303051 0.000000 0.952974
vn 0.300842 0.000000 0.953674
vn 0.303051 0.000000 0.952974
vn 0.300842 0.000000 0.953674
vn 0.303051 0.000000 0.952974
vn 0.300842 0.000000 0.953674
vn 0.303051 0.000000 0.952974
vn 0.300842 0.000000 0.953674
vn 0.303051 0.000000 0.952974
vn 0.300842 0.000000 0.953674
vn 0.303051 0.000000 0.952974
vn 0.300842 0.000000 0.953674
vn 0.303051 0.000000 0.952974
vn 0.300842 0.000000 0.953674
vn 0.303051 0.000000 0.952974
vn 0.300842 0.000000 0.953674
vn 0.303051 0.000000 0.952974
vn 0.300842 0.000000 0.953674
vn 0.303051 0.000000 0.952974
vn 0.301890 0.053513 0.951840
vn 0.300842 0.000000 0.953674
vn 0.303051 0.000000 0.952974
vn 0.000000 1.000000 0.000000
vn 0.000000 1.000000 0.000000
vn 0.000000 1.000000 0.000000
vn 0.000000 1.000000 0.000000
vn 0.000000 1.000000 0.000000
vn 0.000000 1.000000 0.000000
vn 0.000000 1.000000 0.000000
vn 0.000000 1.000000 0.000000
vn 0.000000 1.000000 0.000000
vn 0.000000 1.000000 0.000000
vn 0.000000 1.000000 0.000000
vn 0.000000 1.000000 0.000000
vn 0.000000 1.000000 0.000000
vn 0.000000 1.000000 0.000000
vn 0.000000 1.000000 0.000000
vn 0.000000 1.000000 0.000000
vn 0.000000 1.000000 0.000000
vn 0.000000 1.000000 0.000000
vn 0.000000 1.000000 0.000000
vn 0.000000 1.000000 0.000000
vn 0.000000 1.000000 0.000000
vn 0.000000 1.000000 0.000000
vn 0.000000 1.000000 0.000000
vn 0.000000 1.000000 0.000000
vn 0.000000 1.000000 0.000000
vn 0.000000 1.000000 0.000000
vn 0.000000 1.000000 0.000000
vn 0.000000 1.000000 0.000000
vn 0.000000 1.000000 0.000000
vn 0.000000 1.000000 0.000000
vn 0.000000 1.000000 0.000000
vn 0.000000 1.000000 0.000000
vn 0.000000 1.000000 0.000000
vn 0.000000 1.000000 0.000000
vn 0.000000 1.000000 0.000000
vn 0.000000 1.000000 0.000000
vn 0.000000 1.000000 0.000000
vn 0.000000 1.000000 0.000000
vn 0.000000 1.000000 0.000000
vn 0.000000 1.000000 0.000000
vn 0.000000 1.000000 0.000000
vn 0.000000 1.000000 0.000000
vn 0.000000 1.000000 0.000000
vn 0.000000 1.000000 0.000000
vn 0.000000 1.000000 0.000000
vn 0.000000 1.000000 0.000000
vn 0.000000 1.000000 0.000000
vn 0.000000 1.000000 0.000000
vn 0.000000 1.000000 0.000000
vn 0.000000 1.000000 0.000000
vn 0.000000 1.000000 0.000000
vn 0.000000 1.000000 0.000000
vn 0.000000 1.000000 0.000000
vn 0.000000 1.000000 0.000000
vn 0.000000 1.000000 0.000000
vn 0.000000 1.000000 0.000000
vn 0.000000 1.000000 0.000000
vn 0.000000 1.000000 0.000000
vn 0.000000 1.000000 0.000000
vn 0.000000 1.000000 0.000000
vn 0.000000 1.000000 0.000000
vn 0.000000 1.000000 0.000000
vn 0.000000 1.000000 0.000000
vn 0.000000 1.000000 0.000000
vn 0.000000 1.000000 0.000000
vn 0.000000 1.000000 0.000000
vn 0.000000 1.000000 0.000000
vn 0.000000 1.000000 0.000000
vn 0.000000 1.000000 0.000000
vn 0.000000 1.000000 0.000000
vn 0.000000 1.000000 0.000000
vn 0.000000 1.000000 0.000000
vn 0.000000 1.000000 0.000000
vn 0.000000 1.000000 0.000000
vn 0.000000 1.000000 0.000000
vn 0.000000 1.000000 0.000000
vn 0.000000 1.000000 0.000000
vn 0.000000 1.000000 0.000000
vn 0.000000 1.000000 0.000000
vn 0.000000 1.000000 0.000000
vn 0.000000 1.000000 0.000000
vn 0.000000 1.000000 0.000000
vn 0.000000 1.000000 0.000000
vn 0.000000 1.000000 0.000000
vn 0.000000 1.000000 0.000000
vn 0.000000 1.000000 0.000000
vn 0.000000 1.000000 0.000000
vn 0.000000 1.000000 0.000000
vn 0.000000 1.000000 0.000000
vn 0.000000 1.000000 0.000000
vn 0.000000 1.000000 0.000000
vn 0.000000 1.000000 0.000000
vn 0.000000 1.000000 0.000000
vn 0.000000 1.000000 0.000000
vn 0.000000 1.000000 0.000000
vn 0.000000 1.000000 0.000000
vn 0.000000 1.000000 0.000000
vn 0.000000 1.000000 0.000000
vn 0.000000 1.000000 0.000000
vn 0.000000 1.000000 0.000000
vn 0.000000 1.000000 0.000000
vn 0.000000 1.000000 0.000000
vn 0.000000 1.000000 0.000000
vn 0.000000 1.000000 0.000000
vn 0.000000 1.000000 0.000000
vn 0.000000 1.000000 0.000000
vn 0.000000 1.000000 0.000000
vn 0.000000 1.000000 0.000000
vn 0.000000 1.000000 0.000000
vn 0.000000 1.000000 0.000000
vn 0.000000 1.000000 0.000000
vn 0.000000 1.000000 0.000000
vn 0.000000 1.000000 0.000000
vn 0.000000 1.000000 0.000000
vn 0.000000 1.000000 0.000000
vn 0.000000 1.000000 0.000000
vn 0.000000 1.000000 0.000000
vn 0.000000 1.000000 0.000000
vn 0.000000 1.000000 0.000000
vn 0.000000 1.000000 0.000000
vn 0.000000 1.000000 0.000000
vn 0.000000 1.000000 0.000000
vn 0.000000 1.000000 0.000000
vn 0.000000 1.000000 -0.000000
vn 0.954723 0.000000 -0.297498
vn 0.954723 0.000000 -0.297498
vn 0.000000 -1.000000 0.000000
vn 0.000000 -1.000000 0.000000
vn 0.000000 -1.000000 0.000000
vn 0.000000 -1.000000 0.000000
vn 0.000000 -1.000000 0.000000
vn 0.000000 -1.000000 0.000000
vn 0.000000 -1.000000 0.000000
vn 0.000000 -1.000000 0.000000
vn 0.000000 -1.000000 0.000000
vn 0.000000 -1.000000 0.000000
vn 0.000000 -1.000000 0.000000
vn 0.000000 -1.000000 0.000000
vn 0.000000 -1.000000 0.000000
vn 0.000000 -1.000000 0.000000
vn 0.000000 -1.000000 0.000000
vn 0.000000 -1.000000 0.000000
vn 0.000000 -1.000000 0.000000
vn 0.000000 -1.000000 0.000000
vn 0.000000 -1.000000 0.000000
vn 0.000000 -1.000000 0.000000
vn 0.000000 -1.000000 0.000000
vn 0.000000 -1.000000 0.000000
vn 0.000000 -1.000000 0.000000
vn 0.000000 -1.000000 0.000000
vn 0.000000 -1.000000 0.000000
vn 0.000000 -1.000000 0.000000
vn 0.000000 -1.000000 0.000000
vn 0.000000 -1.000000 0.000000
vn 0.000000 -1.000000 0.000000
vn 0.000000 -1.000000 0.000000
vn 0.000000 -1.000000 0.000000
vn 0.000000 -1.000000 0.000000
vn 0.000000 -1.000000 0.000000
vn 0.000000 -1.000000 0.000000
vn 0.000000 -1.000000 0.000000
vn 0.000000 -1.000000 0.000000
vn 0.000000 -1.000000 0.000000
vn 0.000000 -1.000000 0.000000
vn 0.000000 -1.000000 0.000000
vn 0.000000 -1.000000 0.000000
vn 0.000000 -1.000000 0.000000
vn 0.000000 -1.000000 0.000000
vn 0.000000 -1.000000 0.000000
vn 0.000000 -1.000000 0.000000
vn 0.000000 -1.000000 0.000000
vn 0.000000 -1.000000 0.000000
vn 0.000000 -1.000000 0.000000
vn 0.000000 -1.000000 0.000000
vn 0.000000 -1.000000 0.000000
vn 0.000000 -1.000000 0.000000
vn 0.000000 -1.000000 0.000000
vn 0.000000 -1.000000 0.000000
vn 0.000000 -1.000000 0.000000
vn 0.000000 -1.000000 0.000000
vn 0.000000 -1.000000 0.000000
vn 0.000000 -1.000000 0.000000
vn 0.000000 -1.000000 0.000000
vn 0.000000 -1.000000 0.000000
vn 0.000000 -1.000000 0.000000
vn 0.000000 -1.000000 0.000000
vn 0.000000 -1.000000 0.000000
vn 0.000000 -1.000000 0.000000
vn 0.000000 -1.000000 0.000000
vn 0.000000 -1.000000 0.000000
vn 0.000000 -1.000000 0.000000
vn 0.000000 -1.000000 0.000000
vn 0.000000 -1.000000 0.000000
vn 0.000000 -1.000000 0.000000
vn 0.000000 -1.000000 0.000000
vn 0.000000 -1.000000 0.000000
vn 0.000000 -1.000000 0.000000
vn 0.000000 -1.000000 0.000000
vn 0.000000 -1.000000 0.000000
vn 0.000000 -1.000000 0.000000
vn 0.000000 -1.000000 0.000000
vn 0.000000 -1.000000 0.000000
vn 0.000000 -1.000000 0.000000
vn 0.000000 -1.000000 0.000000
vn 0.000000 -1.000000 0.000000
vn 0.000000 -1.000000 0.000000
vn 0.000000 -1.000000 0.000000
vn 0.000000 -1.000000 0.000000
vn 0.000000 -1.000000 0.000000
vn 0.000000 -1.000000 0.000000
vn 0.000000 -1.000000 0.000000
vn 0.000000 -1.000000 0.000000
vn 0.000000 -1.000000 0.000000
vn 0.000000 -1.000000 0.000000
vn 0.000000 -1.000000 0.000000
vn 0.000000 -1.000000 0.000000
vn 0.000000 -1.000000 0.000000
vn 0.000000 -1.000000 0.000000
vn 0.000000 -1.000000 0.000000
vn 0.000000 -1.000000 0.000000
vn 0.000000 -1.000000 0.000000
vn 0.000000 -1.000000 0.000000
vn 0.000000 -1.000000 0.000000
vn 0.000000 -1.000000 0.000000
vn 0.000000 -1.000000 0.000000
vn 0.000000 -1.000000 0.000000
vn 0.000000 -1.000000 0.000000
vn 0.000000 -1.000000 0.000000
vn 0.000000 -1.000000 0.000000
vn 0.000000 -1.000000 0.000000
vn 0.000000 -1.000000 0.000000
vn 0.000000 -1.000000 0.000000
vn 0.000000 -1.000000 0.000000
vn 0.000000 -1.000000 0.000000
vn 0.000000 -1.000000 0.000000
vn 0.000000 -1.000000 0.000000
vn 0.000000 -1.000000 0.000000
vn 0.000000 -1.000000 0.000000
vn 0.000000 -1.000000 0.000000
vn 0.000000 -1.000000 0.000000
vn 0.000000 -1.000000 0.000000
vn 0.000000 -1.000000 0.000000
vn 0.000000 -1.000000 0.000000
vn 0.000000 -1.000000 0.000000
vn 0.000000 -1.000000 0.000000
vn 0.000000 -1.000000 0.000000
vn 0.000000 -1.000000 0.000000
vn 0.000000 -1.000000 0.000000
vn 0.000000 -1.000000 0.000000
vn 0.000000 -1.000000 0.000000
vn -0.293430 0.000000 -0.955981
vn -0.293430 -0.000000 -0.955981
vn 0.935322 0.000000 -0.353797
vn 0.935322 0.000000 -0.353797
vn 0.896186 0.000000 -0.443678
vn 0.896186 0.000000 -0.443678
vn 0.856520 0.000000 -0.516114
vn 0.856520 0.000000 -0.516114
vn 0.813502 0.000000 -0.581562
vn 0.813503 -0.000000 -0.581561
vn 0.686838 -0.000000 -0.726811
vn 0.686838 -0.000000 -0.726811
vn 0.647063 -0.000000 -0.762437
vn 0.647061 0.000003 -0.762439
vn 0.608373 0.000003 -0.793651
vn 0.608375 -0.000000 -0.793649
vn 0.571799 -0.000000 -0.820394
vn 0.571799 -0.000000 -0.820394
vn 0.536864 -0.000000 -0.843669
vn 0.536864 -0.000000 -0.843669
vn 0.501969 -0.000000 -0.864885
vn 0.501969 -0.000000 -0.864885
vn 0.467634 -0.000000 -0.883922
vn 0.467634 -0.000000 -0.883922
vn 0.435261 -0.000000 -0.900304
vn 0.435261 -0.000000 -0.900304
vn 0.404046 -0.000000 -0.914739
vn 0.404046 -0.000000 -0.914739
vn 0.374132 -0.000000 -0.927375
vn 0.374132 0.000000 -0.927375
vn 0.345672 0.000000 -0.938355
vn 0.345672 -0.000000 -0.938355
vn 0.318638 -0.000000 -0.947877
vn 0.318638 -0.000000 -0.947877
vn 0.293201 -0.000000 -0.956051
vn 0.293201 0.000000 -0.956051
vn 0.269147 0.000000 -0.963099
vn 0.269148 -0.000001 -0.963099
vn 0.246597 -0.000001 -0.969118
vn 0.246597 -0.000001 -0.969118
vn 0.225396 -0.000001 -0.974267
vn 0.225396 0.000001 -0.974267
vn 0.205262 0.000001 -0.978707
vn 0.205262 0.000000 -0.978707
vn 0.186233 0.000000 -0.982506
vn 0.186233 0.000000 -0.982506
vn 0.167940 0.000000 -0.985797
vn 0.167940 0.000000 -0.985797
vn 0.150248 0.000000 -0.988648
vn 0.150248 0.000000 -0.988648
vn 0.133022 0.000000 -0.991113
vn 0.133022 0.000000 -0.991113
vn 0.116172 0.000000 -0.993229
vn 0.116172 -0.000001 -0.993229
vn 0.099691 -0.000001 -0.995018
vn 0.099690 0.000000 -0.995018
vn 0.083498 0.000000 -0.996508
vn 0.083498 0.000000 -0.996508
vn 0.067570 0.000000 -0.997715
vn 0.067570 -0.000001 -0.997714
vn 0.051854 -0.000001 -0.998655
vn 0.051853 0.000000 -0.998655
vn 0.036341 0.000000 -0.999339
vn 0.036341 0.000000 -0.999339
vn 0.020922 0.000000 -0.999781
vn 0.020922 0.000000 -0.999781
vn 0.005665 0.000000 -0.999984
vn 0.005665 0.000000 -0.999984
vn -0.009330 -0.000000 -0.999956
vn -0.009330 -0.000000 -0.999956
vn -0.024098 -0.000000 -0.999710
vn -0.024098 0.000000 -0.999710
vn -0.038193 0.000000 -0.999270
vn -0.038193 0.000000 -0.999270
vn -0.051082 0.000000 -0.998694
vn -0.051082 -0.000000 -0.998694
vn -0.064179 -0.000000 -0.997938
vn -0.064179 -0.000000 -0.997938
vn -0.077794 -0.000000 -0.996969
vn -0.077794 -0.000000 -0.996969
vn -0.091626 -0.000000 -0.995794
vn -0.091626 0.000000 -0.995793
vn -0.101908 0.000000 -0.994794
vn -0.101907 -0.000000 -0.994794
vn -0.108788 -0.000001 -0.994065
vn -0.108789 0.000000 -0.994065
vn -0.119073 0.000000 -0.992885
vn -0.119073 0.000000 -0.992885
vn -0.132584 0.000000 -0.991172
vn -0.132584 0.000000 -0.991172
vn -0.145741 0.000000 -0.989323
vn -0.145741 0.000000 -0.989323
vn -0.155421 0.000000 -0.987848
vn -0.155421 0.000000 -0.987848
vn -0.161819 0.000000 -0.986820
vn -0.161819 0.000000 -0.986820
vn -0.171348 0.000000 -0.985210
vn -0.171348 -0.000001 -0.985210
vn -0.183887 -0.000001 -0.982947
vn -0.183887 -0.000001 -0.982947
vn -0.196066 -0.000001 -0.980591
vn -0.196067 0.000000 -0.980591
vn -0.207804 0.000000 -0.978171
vn -0.207804 0.000000 -0.978171
vn -0.219233 0.000000 -0.975672
vn -0.219233 0.000000 -0.975672
vn -0.230469 0.000000 -0.973080
vn -0.230469 0.000000 -0.973080
vn -0.241199 0.000001 -0.970476
vn -0.241199 0.000000 -0.970476
vn -0.248682 0.000001 -0.968585
vn -0.248682 0.000001 -0.968585
vn -0.253531 0.000001 -0.967327
vn -0.253531 0.000000 -0.967327
vn -0.261167 0.000000 -0.965294
vn -0.261167 0.000000 -0.965294
vn -0.270315 0.000000 -0.962772
vn -0.270315 0.000001 -0.962772
vn -0.277378 0.000001 -0.960761
vn -0.277378 0.000000 -0.960761
vn -0.288438 0.000000 -0.957499
vn -0.288438 0.000001 -0.957499
vn 0.769406 0.015604 -0.638569
vn 0.780998 -0.000000 -0.624533
vn 0.758746 -0.000000 -0.651387
vn 0.769406 -0.015604 -0.638569
vn 0.726869 0.013961 -0.686634
vn 0.737574 -0.000000 -0.675266
vn 0.717032 -0.000000 -0.697040
vn 0.726869 -0.013962 -0.686634
vn -0.300367 0.001382 -0.953823
vn -0.302446 0.001280 -0.953166
vn -0.302238 0.000000 -0.953232
vn -0.300367 -0.001382 -0.953823
vn -0.302446 -0.001280 -0.953166
vn -0.300582 0.000001 -0.953756
g MeshExport
f 1//1 2//1 3//1
f 1//2 4//2 2//2
f 5//3 6//3 7//3
f 8//4 6//4 5//4
f 9//5 10//5 11//5
f 9//6 12//6 10//6
f 13//7 14//7 15//7
f 15//8 14//8 16//8
f 17//9 18//9 19//9
f 19//10 18//10 20//10
f 21//11 22//11 23//11
f 23//12 22//12 24//12
f 25//13 26//13 27//13
f 28//14 26//14 25//14
f 29//15 30//15 31//15
f 32//16 30//16 29//16
f 33//17 34//17 35//17
f 35//18 36//18 37//18
f 36//19 38//19 37//19
f 35//20 38//20 36//20
f 38//21 39//21 37//21
f 35//22 39//22 38//22
f 39//23 40//23 37//23
f 35//24 40//24 39//24
f 40//25 41//25 37//25
f 35//26 41//26 40//26
f 41//27 42//27 37//27
f 35//28 42//28 41//28
f 42//29 43//29 37//29
f 35//30 43//30 42//30
f 35//31 44//31 43//31
f 43//32 44//32 37//32
f 35//33 45//33 44//33
f 34//34 46//34 35//34
f 35//35 46//35 45//35
f 34//36 47//36 46//36
f 34//37 48//37 47//37
f 34//38 49//38 48//38
f 34//39 50//39 49//39
f 34//40 51//40 50//40
f 34//41 52//41 51//41
f 51//42 52//42 53//42
f 34//43 54//43 52//43
f 52//44 54//44 53//44
f 34//45 55//45 54//45
f 54//46 55//46 53//46
f 55//47 56//47 53//47
f 34//48 56//48 55//48
f 56//49 57//49 53//49
f 34//50 57//50 56//50
f 57//51 58//51 53//51
f 34//52 58//52 57//52
f 53//53 59//53 33//53
f 33//54 59//54 34//54
f 58//55 59//55 53//55
f 34//56 59//56 58//56
f 37//57 60//57 3//57
f 37//58 61//58 60//58
f 60//59 61//59 3//59
f 37//60 62//60 61//60
f 61//61 62//61 3//61
f 62//62 63//62 3//62
f 37//63 63//63 62//63
f 63//64 64//64 3//64
f 37//65 64//65 63//65
f 64//66 65//66 3//66
f 37//67 65//67 64//67
f 65//68 66//68 3//68
f 37//69 66//69 65//69
f 66//70 67//70 3//70
f 44//71 67//71 37//71
f 37//72 67//72 66//72
f 45//73 67//73 44//73
f 67//74 68//74 3//74
f 45//75 68//75 67//75
f 68//76 69//76 3//76
f 46//77 69//77 45//77
f 45//78 69//78 68//78
f 47//79 69//79 46//79
f 3//80 70//80 1//80
f 47//81 70//81 69//81
f 69//82 70//82 3//82
f 70//83 71//83 1//83
f 47//84 71//84 70//84
f 48//85 71//85 47//85
f 49//86 71//86 48//86
f 71//87 72//87 1//87
f 49//88 72//88 71//88
f 50//89 73//89 49//89
f 72//90 73//90 1//90
f 49//91 73//91 72//91
f 51//92 74//92 50//92
f 53//93 74//93 51//93
f 73//94 74//94 1//94
f 50//95 74//95 73//95
f 53//96 75//96 74//96
f 74//97 75//97 1//97
f 53//98 76//98 75//98
f 75//99 76//99 1//99
f 53//100 77//100 76//100
f 76//101 77//101 1//101
f 53//102 78//102 77//102
f 77//103 78//103 1//103
f 78//104 79//104 1//104
f 53//105 79//105 78//105
f 53//106 80//106 79//106
f 79//107 80//107 1//107
f 1//108 81//108 53//108
f 80//109 81//109 1//109
f 53//110 81//110 80//110
f 2//111 82//111 83//111
f 2//112 84//112 82//112
f 82//113 84//113 83//113
f 2//114 85//114 84//114
f 84//115 85//115 83//115
f 2//116 86//116 85//116
f 85//117 86//117 83//117
f 2//118 87//118 86//118
f 86//119 87//119 83//119
f 2//120 88//120 87//120
f 87//121 88//121 83//121
f 2//122 89//122 88//122
f 88//123 89//123 83//123
f 2//124 90//124 89//124
f 89//125 90//125 83//125
f 2//126 91//126 90//126
f 90//127 91//127 83//127
f 2//128 92//128 91//128
f 91//129 92//129 83//129
f 2//130 93//130 92//130
f 92//131 93//131 83//131
f 4//132 93//132 2//132
f 83//133 93//133 94//133
f 93//134 95//134 94//134
f 4//135 95//135 93//135
f 95//136 96//136 94//136
f 4//137 96//137 95//137
f 96//138 97//138 94//138
f 4//139 97//139 96//139
f 97//140 98//140 94//140
f 4//141 98//141 97//141
f 98//142 99//142 94//142
f 4//143 99//143 98//143
f 99//144 100//144 94//144
f 4//145 100//145 99//145
f 100//146 101//146 94//146
f 4//147 101//147 100//147
f 101//148 102//148 94//148
f 4//149 102//149 101//149
f 102//150 103//150 94//150
f 4//151 103//151 102//151
f 103//152 104//152 94//152
f 4//153 104//153 103//153
f 94//154 105//154 4//154
f 104//155 105//155 94//155
f 4//156 105//156 104//156
f 83//157 106//157 107//157
f 83//158 108//158 106//158
f 106//159 108//159 107//159
f 83//160 109//160 108//160
f 108//161 109//161 107//161
f 83//162 110//162 109//162
f 109//163 110//163 107//163
f 83//164 111//164 110//164
f 110//165 111//165 107//165
f 83//166 112//166 111//166
f 111//167 112//167 107//167
f 83//168 113//168 112//168
f 112//169 113//169 107//169
f 94//170 114//170 83//170
f 83//171 114//171 113//171
f 94//172 115//172 114//172
f 94//173 116//173 115//173
f 116//174 117//174 118//174
f 94//175 117//175 116//175
f 117//176 119//176 118//176
f 94//177 119//177 117//177
f 119//178 120//178 118//178
f 94//179 120//179 119//179
f 120//180 121//180 118//180
f 94//181 121//181 120//181
f 121//182 122//182 118//182
f 94//183 122//183 121//183
f 122//184 123//184 118//184
f 94//185 123//185 122//185
f 123//186 124//186 118//186
f 94//187 124//187 123//187
f 124//188 125//188 118//188
f 94//189 125//189 124//189
f 118//190 126//190 94//190
f 125//191 126//191 118//191
f 94//192 126//192 125//192
f 107//193 127//193 128//193
f 107//194 129//194 127//194
f 107//195 130//195 129//195
f 107//196 131//196 130//196
f 107//197 132//197 131//197
f 107//198 133//198 132//198
f 107//199 134//199 133//199
f 107//200 135//200 134//200
f 107//201 136//201 135//201
f 113//202 136//202 107//202
f 113//203 137//203 136//203
f 114//204 137//204 113//204
f 114//205 138//205 137//205
f 115//206 138//206 114//206
f 115//207 139//207 138//207
f 118//208 139//208 116//208
f 116//209 139//209 115//209
f 118//210 140//210 139//210
f 118//211 141//211 140//211
f 118//212 142//212 141//212
f 118//213 143//213 142//213
f 118//214 144//214 143//214
f 118//215 145//215 144//215
f 118//216 146//216 145//216
f 118//217 147//217 146//217
f 118//218 148//218 147//218
f 107//219 149//219 150//219
f 128//220 149//220 107//220
f 128//221 151//221 149//221
f 149//222 151//222 150//222
f 127//223 152//223 128//223
f 129//224 152//224 127//224
f 128//225 152//225 151//225
f 151//226 152//226 150//226
f 129//227 153//227 152//227
f 152//228 153//228 150//228
f 131//229 154//229 130//229
f 129//230 154//230 153//230
f 153//231 154//231 150//231
f 130//232 154//232 129//232
f 131//233 155//233 154//233
f 154//234 155//234 150//234
f 132//235 156//235 131//235
f 131//236 156//236 155//236
f 155//237 156//237 150//237
f 133//238 157//238 132//238
f 132//239 157//239 156//239
f 156//240 157//240 150//240
f 135//241 158//241 134//241
f 133//242 158//242 157//242
f 134//243 158//243 133//243
f 157//244 158//244 150//244
f 158//245 159//245 150//245
f 135//246 159//246 158//246
f 159//247 160//247 150//247
f 136//248 160//248 135//248
f 137//249 160//249 136//249
f 135//250 160//250 159//250
f 137//251 161//251 160//251
f 150//252 161//252 162//252
f 160//253 161//253 150//253
f 138//254 163//254 137//254
f 161//255 163//255 162//255
f 137//256 163//256 161//256
f 139//257 164//257 138//257
f 138//258 164//258 163//258
f 163//259 164//259 162//259
f 140//260 165//260 139//260
f 141//261 165//261 140//261
f 139//262 165//262 164//262
f 164//263 165//263 162//263
f 165//264 166//264 162//264
f 141//265 166//265 165//265
f 142//266 166//266 141//266
f 142//267 167//267 166//267
f 166//268 167//268 162//268
f 142//269 168//269 167//269
f 167//270 168//270 162//270
f 143//271 168//271 142//271
f 143//272 169//272 168//272
f 144//273 169//273 143//273
f 168//274 169//274 162//274
f 144//275 170//275 169//275
f 169//276 170//276 162//276
f 145//277 170//277 144//277
f 170//278 171//278 162//278
f 145//279 171//279 170//279
f 146//280 171//280 145//280
f 147//281 171//281 146//281
f 171//282 172//282 162//282
f 147//283 172//283 171//283
f 162//284 173//284 118//284
f 172//285 173//285 162//285
f 147//286 173//286 172//286
f 118//287 173//287 148//287
f 148//288 173//288 147//288
f 150//289 174//289 175//289
f 150//290 176//290 174//290
f 174//291 176//291 175//291
f 176//292 177//292 175//292
f 150//293 177//293 176//293
f 177//294 178//294 175//294
f 150//295 178//295 177//295
f 178//296 179//296 175//296
f 150//297 179//297 178//297
f 179//298 180//298 175//298
f 150//299 180//299 179//299
f 150//300 181//300 180//300
f 150//301 182//301 181//301
f 150//302 183//302 182//302
f 150//303 184//303 183//303
f 162//304 185//304 150//304
f 150//305 185//305 184//305
f 162//306 186//306 185//306
f 162//307 187//307 186//307
f 162//308 188//308 187//308
f 162//309 189//309 188//309
f 162//310 190//310 189//310
f 162//311 191//311 190//311
f 191//312 192//312 193//312
f 162//313 192//313 191//313
f 192//314 194//314 193//314
f 162//315 194//315 192//315
f 194//316 195//316 193//316
f 162//317 195//317 194//317
f 195//318 196//318 193//318
f 162//319 196//319 195//319
f 193//320 197//320 162//320
f 196//321 197//321 193//321
f 162//322 197//322 196//322
f 198//323 199//323 200//323
f 198//324 201//324 199//324
f 198//325 202//325 201//325
f 175//326 202//326 198//326
f 175//327 203//327 202//327
f 175//328 204//328 203//328
f 175//329 205//329 204//329
f 180//330 205//330 175//330
f 181//331 205//331 180//331
f 181//332 206//332 205//332
f 181//333 207//333 206//333
f 182//334 207//334 181//334
f 183//335 207//335 182//335
f 183//336 208//336 207//336
f 183//337 209//337 208//337
f 184//338 209//338 183//338
f 185//339 209//339 184//339
f 185//340 210//340 209//340
f 186//341 210//341 185//341
f 186//342 211//342 210//342
f 186//343 212//343 211//343
f 187//344 212//344 186//344
f 188//345 212//345 187//345
f 188//346 213//346 212//346
f 188//347 214//347 213//347
f 189//348 214//348 188//348
f 190//349 214//349 189//349
f 190//350 215//350 214//350
f 193//351 216//351 191//351
f 190//352 216//352 215//352
f 191//353 216//353 190//353
f 193//354 217//354 216//354
f 193//355 218//355 217//355
f 219//356 220//356 193//356
f 193//357 220//357 218//357
f 219//358 221//358 220//358
f 219//359 222//359 221//359
f 219//360 223//360 222//360
f 198//361 224//361 225//361
f 200//362 224//362 198//362
f 224//363 226//363 225//363
f 200//364 226//364 224//364
f 199//365 226//365 200//365
f 201//366 227//366 199//366
f 199//367 227//367 226//367
f 226//368 227//368 225//368
f 201//369 228//369 227//369
f 202//370 228//370 201//370
f 227//371 228//371 225//371
f 202//372 229//372 228//372
f 203//373 229//373 202//373
f 228//374 229//374 225//374
f 204//375 230//375 203//375
f 229//376 230//376 225//376
f 203//377 230//377 229//377
f 205//378 231//378 204//378
f 204//379 231//379 230//379
f 230//380 231//380 225//380
f 206//381 232//381 205//381
f 207//382 232//382 206//382
f 205//383 232//383 231//383
f 231//384 232//384 225//384
f 207//385 233//385 232//385
f 232//386 233//386 225//386
f 208//387 234//387 207//387
f 207//388 234//388 233//388
f 233//389 234//389 225//389
f 209//390 235//390 208//390
f 208//391 235//391 234//391
f 234//392 235//392 225//392
f 210//393 236//393 209//393
f 225//394 236//394 237//394
f 209//395 236//395 235//395
f 235//396 236//396 225//396
f 236//397 238//397 237//397
f 211//398 238//398 210//398
f 210//399 238//399 236//399
f 212//400 239//400 211//400
f 211//401 239//401 238//401
f 238//402 239//402 237//402
f 212//403 240//403 239//403
f 239//404 240//404 237//404
f 213//405 240//405 212//405
f 214//406 241//406 213//406
f 240//407 241//407 237//407
f 213//408 241//408 240//408
f 214//409 242//409 241//409
f 241//410 242//410 237//410
f 215//411 242//411 214//411
f 242//412 243//412 237//412
f 216//413 243//413 215//413
f 215//414 243//414 242//414
f 216//415 244//415 243//415
f 243//416 244//416 237//416
f 217//417 244//417 216//417
f 244//418 245//418 237//418
f 217//419 245//419 244//419
f 218//420 245//420 217//420
f 245//421 246//421 237//421
f 220//422 246//422 218//422
f 218//423 246//423 245//423
f 246//424 247//424 237//424
f 220//425 247//425 246//425
f 221//426 247//426 220//426
f 237//427 248//427 219//427
f 247//428 248//428 237//428
f 221//429 248//429 247//429
f 222//430 248//430 221//430
f 219//431 248//431 223//431
f 223//432 248//432 222//432
f 225//433 249//433 250//433
f 225//434 251//434 249//434
f 249//435 251//435 250//435
f 225//436 252//436 251//436
f 251//437 252//437 250//437
f 225//438 253//438 252//438
f 252//439 253//439 250//439
f 225//440 254//440 253//440
f 253//441 254//441 250//441
f 225//442 255//442 254//442
f 254//443 255//443 250//443
f 225//444 256//444 255//444
f 255//445 256//445 250//445
f 237//446 256//446 225//446
f 250//447 256//447 257//447
f 237//448 258//448 256//448
f 256//449 258//449 257//449
f 258//450 259//450 257//450
f 237//451 259//451 258//451
f 259//452 260//452 257//452
f 237//453 260//453 259//453
f 260//454 261//454 257//454
f 237//455 261//455 260//455
f 261//456 262//456 257//456
f 237//457 262//457 261//457
f 262//458 263//458 257//458
f 237//459 263//459 262//459
f 263//460 264//460 257//460
f 237//461 264//461 263//461
f 264//462 265//462 257//462
f 237//463 265//463 264//463
f 265//464 266//464 257//464
f 237//465 266//465 265//465
f 266//466 267//466 257//466
f 237//467 267//467 266//467
f 257//468 268//468 237//468
f 267//469 268//469 257//469
f 237//470 268//470 267//470
f 250//471 269//471 270//471
f 250//472 271//472 269//472
f 269//473 271//473 270//473
f 250//474 272//474 271//474
f 271//475 272//475 270//475
f 250//476 273//476 272//476
f 272//477 273//477 270//477
f 257//478 274//478 250//478
f 270//479 274//479 275//479
f 250//480 274//480 273//480
f 273//481 274//481 270//481
f 274//482 276//482 275//482
f 257//483 276//483 274//483
f 276//484 277//484 275//484
f 257//485 277//485 276//485
f 277//486 278//486 275//486
f 257//487 278//487 277//487
f 278//488 279//488 275//488
f 257//489 279//489 278//489
f 279//490 280//490 275//490
f 257//491 280//491 279//491
f 280//492 281//492 275//492
f 257//493 281//493 280//493
f 281//494 282//494 275//494
f 257//495 282//495 281//495
f 282//496 283//496 275//496
f 257//497 283//497 282//497
f 283//498 284//498 275//498
f 257//499 284//499 283//499
f 284//500 285//500 275//500
f 257//501 285//501 284//501
f 275//502 286//502 257//502
f 285//503 286//503 275//503
f 257//504 286//504 285//504
f 270//505 287//505 288//505
f 270//506 289//506 287//506
f 287//507 289//507 288//507
f 270//508 290//508 289//508
f 289//509 290//509 288//509
f 270//510 291//510 290//510
f 290//511 291//511 288//511
f 270//512 292//512 291//512
f 291//513 292//513 288//513
f 270//514 293//514 292//514
f 292//515 293//515 288//515
f 270//516 294//516 293//516
f 293//517 294//517 288//517
f 270//518 295//518 294//518
f 294//519 295//519 288//519
f 275//520 295//520 270//520
f 288//521 295//521 296//521
f 275//522 297//522 295//522
f 295//523 297//523 296//523
f 297//524 298//524 296//524
f 275//525 298//525 297//525
f 298//526 299//526 296//526
f 275//527 299//527 298//527
f 299//528 300//528 296//528
f 275//529 300//529 299//529
f 300//530 301//530 296//530
f 275//531 301//531 300//531
f 301//532 302//532 296//532
f 275//533 302//533 301//533
f 302//534 303//534 296//534
f 275//535 303//535 302//535
f 303//536 304//536 296//536
f 275//537 304//537 303//537
f 304//538 305//538 296//538
f 275//539 305//539 304//539
f 305//540 306//540 296//540
f 275//541 306//541 305//541
f 296//542 307//542 275//542
f 306//543 307//543 296//543
f 275//544 307//544 306//544
f 288//545 308//545 5//545
f 288//546 309//546 308//546
f 308//547 309//547 5//547
f 288//548 310//548 309//548
f 309//549 310//549 5//549
f 288//550 311//550 310//550
f 310//551 311//551 5//551
f 288//552 312//552 311//552
f 311//553 312//553 5//553
f 312//554 313//554 5//554
f 288//555 313//555 312//555
f 313//556 314//556 5//556
f 288//557 314//557 313//557
f 314//558 315//558 5//558
f 288//559 315//559 314//559
f 296//560 315//560 288//560
f 5//561 315//561 8//561
f 315//562 316//562 8//562
f 296//563 316//563 315//563
f 316//564 317//564 8//564
f 296//565 317//565 316//565
f 317//566 318//566 8//566
f 296//567 318//567 317//567
f 318//568 319//568 8//568
f 296//569 319//569 318//569
f 319//570 320//570 8//570
f 296//571 320//571 319//571
f 320//572 321//572 8//572
f 296//573 321//573 320//573
f 321//574 322//574 8//574
f 296//575 322//575 321//575
f 322//576 323//576 8//576
f 296//577 323//577 322//577
f 323//578 324//578 8//578
f 296//579 324//579 323//579
f 324//580 325//580 8//580
f 296//581 325//581 324//581
f 8//582 326//582 296//582
f 325//583 326//583 8//583
f 296//584 326//584 325//584
f 7//585 327//585 328//585
f 7//586 329//586 327//586
f 327//587 329//587 328//587
f 7//588 330//588 329//588
f 329//589 330//589 328//589
f 7//590 331//590 330//590
f 330//591 331//591 328//591
f 7//592 332//592 331//592
f 331//593 332//593 328//593
f 7//594 333//594 332//594
f 332//595 333//595 328//595
f 7//596 334//596 333//596
f 333//597 334//597 328//597
f 7//598 335//598 334//598
f 334//599 335//599 328//599
f 7//600 336//600 335//600
f 335//601 336//601 328//601
f 6//602 336//602 7//602
f 328//603 336//603 337//603
f 6//604 338//604 336//604
f 336//605 338//605 337//605
f 338//606 339//606 337//606
f 6//607 339//607 338//607
f 339//608 340//608 337//608
f 6//609 340//609 339//609
f 340//610 341//610 337//610
f 6//611 341//611 340//611
f 341//612 342//612 337//612
f 6//613 342//613 341//613
f 342//614 343//614 337//614
f 6//615 343//615 342//615
f 343//616 344//616 337//616
f 6//617 344//617 343//617
f 344//618 345//618 337//618
f 6//619 345//619 344//619
f 345//620 346//620 337//620
f 6//621 346//621 345//621
f 346//622 347//622 337//622
f 6//623 347//623 346//623
f 347//624 348//624 337//624
f 6//625 348//625 347//625
f 337//626 348//626 6//626
f 328//627 349//627 350//627
f 328//628 351//628 349//628
f 349//629 351//629 350//629
f 351//630 352//630 350//630
f 328//631 352//631 351//631
f 352//632 353//632 350//632
f 328//633 353//633 352//633
f 328//634 354//634 353//634
f 328//635 355//635 354//635
f 328//636 356//636 355//636
f 328//637 357//637 356//637
f 328//638 358//638 357//638
f 328//639 359//639 358//639
f 337//640 359//640 328//640
f 337//641 360//641 359//641
f 337//642 361//642 360//642
f 337//643 362//643 361//643
f 337//644 363//644 362//644
f 337//645 364//645 363//645
f 337//646 365//646 364//646
f 337//647 366//647 365//647
f 366//648 367//648 368//648
f 337//649 367//649 366//649
f 367//650 369//650 368//650
f 337//651 369//651 367//651
f 369//652 370//652 368//652
f 337//653 370//653 369//653
f 368//654 371//654 337//654
f 370//655 371//655 368//655
f 337//656 371//656 370//656
f 350//657 372//657 373//657
f 350//658 374//658 372//658
f 372//659 374//659 373//659
f 350//660 375//660 374//660
f 374//661 375//661 373//661
f 350//662 376//662 375//662
f 375//663 376//663 373//663
f 350//664 377//664 376//664
f 376//665 377//665 373//665
f 353//666 378//666 350//666
f 354//667 378//667 353//667
f 350//668 378//668 377//668
f 377//669 378//669 373//669
f 354//670 379//670 378//670
f 378//671 379//671 373//671
f 355//672 380//672 354//672
f 356//673 380//673 355//673
f 379//674 380//674 373//674
f 354//675 380//675 379//675
f 356//676 381//676 380//676
f 380//677 381//677 373//677
f 357//678 382//678 356//678
f 358//679 382//679 357//679
f 356//680 382//680 381//680
f 381//681 382//681 373//681
f 358//682 383//682 382//682
f 382//683 383//683 373//683
f 383//684 384//684 373//684
f 359//685 384//685 358//685
f 360//686 384//686 359//686
f 358//687 384//687 383//687
f 373//688 384//688 385//688
f 384//689 386//689 385//689
f 361//690 386//690 360//690
f 360//691 386//691 384//691
f 361//692 387//692 386//692
f 386//693 387//693 385//693
f 361//694 388//694 387//694
f 387//695 388//695 385//695
f 362//696 388//696 361//696
f 363//697 388//697 362//697
f 388//698 389//698 385//698
f 363//699 389//699 388//699
f 363//700 390//700 389//700
f 389//701 390//701 385//701
f 364//702 390//702 363//702
f 390//703 391//703 385//703
f 364//704 391//704 390//704
f 365//705 391//705 364//705
f 366//706 391//706 365//706
f 391//707 392//707 385//707
f 366//708 392//708 391//708
f 368//709 392//709 366//709
f 392//710 393//710 385//710
f 368//711 393//711 392//711
f 393//712 394//712 385//712
f 368//713 394//713 393//713
f 394//714 395//714 385//714
f 368//715 395//715 394//715
f 385//716 396//716 368//716
f 395//717 396//717 385//717
f 368//718 396//718 395//718
f 373//719 397//719 398//719
f 373//720 399//720 397//720
f 397//721 399//721 398//721
f 399//722 400//722 398//722
f 373//723 400//723 399//723
f 400//724 401//724 398//724
f 373//725 401//725 400//725
f 398//726 402//726 403//726
f 401//727 402//727 398//727
f 373//728 402//728 401//728
f 385//729 402//729 373//729
f 402//730 404//730 403//730
f 385//731 404//731 402//731
f 404//732 405//732 403//732
f 385//733 405//733 404//733
f 405//734 406//734 403//734
f 385//735 406//735 405//735
f 406//736 407//736 403//736
f 385//737 407//737 406//737
f 407//738 408//738 403//738
f 385//739 408//739 407//739
f 408//740 409//740 403//740
f 385//741 409//741 408//741
f 409//742 410//742 403//742
f 385//743 410//743 409//743
f 410//744 411//744 403//744
f 385//745 411//745 410//745
f 411//746 412//746 403//746
f 385//747 412//747 411//747
f 412//748 413//748 403//748
f 385//749 413//749 412//749
f 403//750 414//750 385//750
f 413//751 414//751 403//751
f 385//752 414//752 413//752
f 398//753 415//753 416//753
f 398//754 417//754 415//754
f 415//755 417//755 416//755
f 398//756 418//756 417//756
f 417//757 418//757 416//757
f 398//758 419//758 418//758
f 418//759 419//759 416//759
f 398//760 420//760 419//760
f 419//761 420//761 416//761
f 398//762 421//762 420//762
f 420//763 421//763 416//763
f 421//764 422//764 416//764
f 398//765 422//765 421//765
f 403//766 423//766 398//766
f 422//767 423//767 416//767
f 398//768 423//768 422//768
f 416//769 423//769 424//769
f 403//770 425//770 423//770
f 423//771 425//771 424//771
f 403//772 426//772 425//772
f 425//773 426//773 424//773
f 403//774 427//774 426//774
f 426//775 427//775 424//775
f 403//776 428//776 427//776
f 427//777 428//777 424//777
f 403//778 429//778 428//778
f 428//779 429//779 424//779
f 403//780 430//780 429//780
f 429//781 430//781 424//781
f 430//782 431//782 424//782
f 403//783 431//783 430//783
f 431//784 432//784 424//784
f 403//785 432//785 431//785
f 432//786 433//786 424//786
f 403//787 433//787 432//787
f 433//788 434//788 424//788
f 403//789 434//789 433//789
f 424//790 435//790 403//790
f 434//791 435//791 424//791
f 403//792 435//792 434//792
f 416//793 436//793 437//793
f 436//794 438//794 437//794
f 416//795 438//795 436//795
f 438//796 439//796 437//796
f 416//797 439//797 438//797
f 439//798 440//798 437//798
f 416//799 440//799 439//799
f 440//800 441//800 437//800
f 416//801 441//801 440//801
f 441//802 442//802 437//802
f 416//803 442//803 441//803
f 442//804 443//804 437//804
f 416//805 443//805 442//805
f 437//806 444//806 445//806
f 443//807 444//807 437//807
f 416//808 444//808 443//808
f 424//809 444//809 416//809
f 444//810 446//810 445//810
f 424//811 446//811 444//811
f 446//812 447//812 445//812
f 424//813 447//813 446//813
f 447//814 448//814 445//814
f 424//815 448//815 447//815
f 448//816 449//816 445//816
f 424//817 449//817 448//817
f 449//818 450//818 445//818
f 424//819 450//819 449//819
f 450//820 451//820 445//820
f 424//821 451//821 450//821
f 451//822 452//822 445//822
f 424//823 452//823 451//823
f 452//824 453//824 445//824
f 424//825 453//825 452//825
f 453//826 454//826 445//826
f 424//827 454//827 453//827
f 454//828 455//828 445//828
f 424//829 455//829 454//829
f 445//830 456//830 424//830
f 455//831 456//831 445//831
f 424//832 456//832 455//832
f 437//833 457//833 458//833
f 437//834 459//834 457//834
f 457//835 459//835 458//835
f 459//836 460//836 458//836
f 437//837 460//837 459//837
f 460//838 461//838 458//838
f 437//839 461//839 460//839
f 445//840 462//840 437//840
f 461//841 462//841 458//841
f 437//842 462//842 461//842
f 458//843 462//843 463//843
f 445//844 464//844 462//844
f 462//845 464//845 463//845
f 445//846 465//846 464//846
f 464//847 465//847 463//847
f 445//848 466//848 465//848
f 465//849 466//849 463//849
f 445//850 467//850 466//850
f 466//851 467//851 463//851
f 445//852 468//852 467//852
f 467//853 468//853 463//853
f 468//854 469//854 463//854
f 445//855 469//855 468//855
f 469//856 470//856 463//856
f 445//857 470//857 469//857
f 470//858 471//858 463//858
f 445//859 471//859 470//859
f 471//860 472//860 463//860
f 445//861 472//861 471//861
f 472//862 473//862 463//862
f 445//863 473//863 472//863
f 463//864 474//864 445//864
f 473//865 474//865 463//865
f 445//866 474//866 473//866
f 458//867 475//867 476//867
f 458//868 477//868 475//868
f 475//869 477//869 476//869
f 458//870 478//870 477//870
f 463//871 478//871 458//871
f 476//872 478//872 479//872
f 477//873 478//873 476//873
f 463//874 480//874 478//874
f 478//875 480//875 479//875
f 480//876 481//876 479//876
f 463//877 481//877 480//877
f 481//878 482//878 479//878
f 463//879 482//879 481//879
f 482//880 483//880 479//880
f 463//881 483//881 482//881
f 483//882 484//882 479//882
f 463//883 484//883 483//883
f 484//884 485//884 479//884
f 463//885 485//885 484//885
f 485//886 486//886 479//886
f 463//887 486//887 485//887
f 486//888 487//888 479//888
f 463//889 487//889 486//889
f 487//890 488//890 479//890
f 463//891 488//891 487//891
f 488//892 489//892 479//892
f 463//893 489//893 488//893
f 479//894 490//894 463//894
f 489//895 490//895 479//895
f 463//896 490//896 489//896
f 476//897 491//897 492//897
f 476//898 493//898 491//898
f 491//899 493//899 492//899
f 476//900 494//900 493//900
f 493//901 494//901 492//901
f 476//902 495//902 494//902
f 494//903 495//903 492//903
f 479//904 496//904 476//904
f 492//905 496//905 497//905
f 476//906 496//906 495//906
f 495//907 496//907 492//907
f 496//908 498//908 497//908
f 479//909 498//909 496//909
f 498//910 499//910 497//910
f 479//911 499//911 498//911
f 499//912 500//912 497//912
f 479//913 500//913 499//913
f 500//914 501//914 497//914
f 479//915 501//915 500//915
f 501//916 502//916 497//916
f 479//917 502//917 501//917
f 502//918 503//918 497//918
f 479//919 503//919 502//919
f 503//920 504//920 497//920
f 479//921 504//921 503//921
f 504//922 505//922 497//922
f 479//923 505//923 504//923
f 505//924 506//924 497//924
f 479//925 506//925 505//925
f 506//926 507//926 497//926
f 479//927 507//927 506//927
f 497//928 508//928 479//928
f 507//929 508//929 497//929
f 479//930 508//930 507//930
f 492//931 509//931 510//931
f 492//932 511//932 509//932
f 509//933 511//933 510//933
f 492//934 512//934 511//934
f 511//935 512//935 510//935
f 492//936 513//936 512//936
f 512//937 513//937 510//937
f 497//938 514//938 492//938
f 510//939 514//939 515//939
f 492//940 514//940 513//940
f 513//941 514//941 510//941
f 497//942 516//942 514//942
f 514//943 516//943 515//943
f 516//944 517//944 515//944
f 497//945 517//945 516//945
f 517//946 518//946 515//946
f 497//947 518//947 517//947
f 518//948 519//948 515//948
f 497//949 519//949 518//949
f 519//950 520//950 515//950
f 497//951 520//951 519//951
f 520//952 521//952 515//952
f 497//953 521//953 520//953
f 521//954 522//954 515//954
f 497//955 522//955 521//955
f 522//956 523//956 515//956
f 497//957 523//957 522//957
f 523//958 524//958 515//958
f 497//959 524//959 523//959
f 524//960 525//960 515//960
f 497//961 525//961 524//961
f 515//962 526//962 497//962
f 525//963 526//963 515//963
f 497//964 526//964 525//964
f 510//965 527//965 528//965
f 510//966 529//966 527//966
f 527//967 529//967 528//967
f 510//968 530//968 529//968
f 529//969 530//969 528//969
f 515//970 531//970 510//970
f 528//971 531//971 532//971
f 510//972 531//972 530//972
f 530//973 531//973 528//973
f 515//974 533//974 531//974
f 531//975 533//975 532//975
f 533//976 534//976 532//976
f 515//977 534//977 533//977
f 534//978 535//978 532//978
f 515//979 535//979 534//979
f 535//980 536//980 532//980
f 515//981 536//981 535//981
f 536//982 537//982 532//982
f 515//983 537//983 536//983
f 537//984 538//984 532//984
f 515//985 538//985 537//985
f 538//986 539//986 532//986
f 515//987 539//987 538//987
f 539//988 540//988 532//988
f 515//989 540//989 539//989
f 540//990 541//990 532//990
f 515//991 541//991 540//991
f 541//992 542//992 532//992
f 515//993 542//993 541//993
f 542//994 543//994 532//994
f 515//995 543//995 542//995
f 532//996 543//996 515//996
f 528//997 544//997 545//997
f 528//998 546//998 544//998
f 528//999 547//999 546//999
f 528//1000 548//1000 547//1000
f 528//1001 549//1001 548//1001
f 528//1002 550//1002 549//1002
f 528//1003 551//1003 550//1003
f 528//1004 552//1004 551//1004
f 532//1005 553//1005 528//1005
f 528//1006 553//1006 552//1006
f 532//1007 554//1007 553//1007
f 532//1008 555//1008 554//1008
f 532//1009 556//1009 555//1009
f 532//1010 557//1010 556//1010
f 532//1011 558//1011 557//1011
f 532//1012 559//1012 558//1012
f 532//1013 560//1013 559//1013
f 532//1014 561//1014 560//1014
f 532//1015 562//1015 561//1015
f 532//1016 563//1016 562//1016
f 532//1017 564//1017 563//1017
f 545//1018 565//1018 528//1018
f 528//1019 565//1019 11//1019
f 545//1020 566//1020 565//1020
f 565//1021 566//1021 11//1021
f 545//1022 567//1022 566//1022
f 566//1023 567//1023 11//1023
f 544//1024 568//1024 545//1024
f 567//1025 568//1025 11//1025
f 545//1026 568//1026 567//1026
f 546//1027 569//1027 544//1027
f 544//1028 569//1028 568//1028
f 568//1029 569//1029 11//1029
f 547//1030 570//1030 546//1030
f 546//1031 570//1031 569//1031
f 569//1032 570//1032 11//1032
f 570//1033 571//1033 11//1033
f 548//1034 571//1034 547//1034
f 547//1035 571//1035 570//1035
f 571//1036 572//1036 11//1036
f 548//1037 572//1037 571//1037
f 549//1038 572//1038 548//1038
f 572//1039 573//1039 11//1039
f 550//1040 573//1040 549//1040
f 549//1041 573//1041 572//1041
f 573//1042 574//1042 11//1042
f 551//1043 574//1043 550//1043
f 550//1044 574//1044 573//1044
f 551//1045 575//1045 574//1045
f 574//1046 575//1046 11//1046
f 552//1047 575//1047 551//1047
f 575//1048 576//1048 11//1048
f 11//1049 576//1049 9//1049
f 552//1050 576//1050 575//1050
f 553//1051 576//1051 552//1051
f 554//1052 576//1052 553//1052
f 576//1053 577//1053 9//1053
f 554//1054 577//1054 576//1054
f 554//1055 578//1055 577//1055
f 577//1056 578//1056 9//1056
f 555//1057 578//1057 554//1057
f 578//1058 579//1058 9//1058
f 555//1059 579//1059 578//1059
f 556//1060 579//1060 555//1060
f 556//1061 580//1061 579//1061
f 579//1062 580//1062 9//1062
f 557//1063 580//1063 556//1063
f 580//1064 581//1064 9//1064
f 557//1065 581//1065 580//1065
f 558//1066 581//1066 557//1066
f 581//1067 582//1067 9//1067
f 558//1068 582//1068 581//1068
f 559//1069 582//1069 558//1069
f 582//1070 583//1070 9//1070
f 559//1071 583//1071 582//1071
f 560//1072 583//1072 559//1072
f 561//1073 583//1073 560//1073
f 561//1074 584//1074 583//1074
f 583//1075 584//1075 9//1075
f 584//1076 585//1076 9//1076
f 561//1077 585//1077 584//1077
f 562//1078 585//1078 561//1078
f 585//1079 586//1079 9//1079
f 562//1080 586//1080 585//1080
f 563//1081 586//1081 562//1081
f 586//1082 587//1082 9//1082
f 563//1083 587//1083 586//1083
f 564//1084 587//1084 563//1084
f 9//1085 588//1085 532//1085
f 587//1086 588//1086 9//1086
f 564//1087 588//1087 587//1087
f 532//1088 588//1088 564//1088
f 10//1089 589//1089 590//1089
f 10//1090 591//1090 589//1090
f 10//1091 592//1091 591//1091
f 10//1092 593//1092 592//1092
f 10//1093 594//1093 593//1093
f 10//1094 595//1094 594//1094
f 12//1095 596//1095 10//1095
f 10//1096 596//1096 595//1096
f 12//1097 597//1097 596//1097
f 12//1098 598//1098 597//1098
f 12//1099 599//1099 598//1099
f 12//1100 600//1100 599//1100
f 12//1101 601//1101 600//1101
f 12//1102 602//1102 601//1102
f 12//1103 603//1103 602//1103
f 12//1104 604//1104 603//1104
f 12//1105 605//1105 604//1105
f 12//1106 606//1106 605//1106
f 12//1107 607//1107 606//1107
f 590//1108 608//1108 10//1108
f 10//1109 608//1109 609//1109
f 608//1110 610//1110 609//1110
f 590//1111 610//1111 608//1111
f 610//1112 611//1112 609//1112
f 590//1113 611//1113 610//1113
f 590//1114 612//1114 611//1114
f 611//1115 612//1115 609//1115
f 589//1116 613//1116 590//1116
f 612//1117 613//1117 609//1117
f 590//1118 613//1118 612//1118
f 589//1119 614//1119 613//1119
f 613//1120 614//1120 609//1120
f 591//1121 614//1121 589//1121
f 592//1122 614//1122 591//1122
f 592//1123 615//1123 614//1123
f 614//1124 615//1124 609//1124
f 615//1125 616//1125 609//1125
f 592//1126 616//1126 615//1126
f 593//1127 616//1127 592//1127
f 616//1128 617//1128 609//1128
f 593//1129 617//1129 616//1129
f 594//1130 617//1130 593//1130
f 594//1131 618//1131 617//1131
f 617//1132 618//1132 609//1132
f 595//1133 618//1133 594//1133
f 596//1134 618//1134 595//1134
f 609//1135 619//1135 620//1135
f 618//1136 619//1136 609//1136
f 596//1137 619//1137 618//1137
f 619//1138 621//1138 620//1138
f 596//1139 621//1139 619//1139
f 597//1140 621//1140 596//1140
f 621//1141 622//1141 620//1141
f 597//1142 622//1142 621//1142
f 598//1143 622//1143 597//1143
f 622//1144 623//1144 620//1144
f 598//1145 623//1145 622//1145
f 599//1146 623//1146 598//1146
f 623//1147 624//1147 620//1147
f 599//1148 624//1148 623//1148
f 600//1149 624//1149 599//1149
f 602//1150 625//1150 601//1150
f 624//1151 625//1151 620//1151
f 600//1152 625//1152 624//1152
f 601//1153 625//1153 600//1153
f 625//1154 626//1154 620//1154
f 602//1155 626//1155 625//1155
f 603//1156 627//1156 602//1156
f 602//1157 627//1157 626//1157
f 626//1158 627//1158 620//1158
f 604//1159 628//1159 603//1159
f 603//1160 628//1160 627//1160
f 627//1161 628//1161 620//1161
f 605//1162 629//1162 604//1162
f 606//1163 629//1163 605//1163
f 604//1164 629//1164 628//1164
f 628//1165 629//1165 620//1165
f 606//1166 630//1166 629//1166
f 629//1167 630//1167 620//1167
f 607//1168 631//1168 606//1168
f 606//1169 631//1169 630//1169
f 630//1170 631//1170 620//1170
f 12//1171 632//1171 607//1171
f 620//1172 632//1172 12//1172
f 607//1173 632//1173 631//1173
f 631//1174 632//1174 620//1174
f 609//1175 633//1175 634//1175
f 609//1176 635//1176 633//1176
f 633//1177 635//1177 634//1177
f 609//1178 636//1178 635//1178
f 635//1179 636//1179 634//1179
f 609//1180 637//1180 636//1180
f 636//1181 637//1181 634//1181
f 609//1182 638//1182 637//1182
f 637//1183 638//1183 634//1183
f 609//1184 639//1184 638//1184
f 638//1185 639//1185 634//1185
f 639//1186 640//1186 634//1186
f 609//1187 640//1187 639//1187
f 609//1188 641//1188 640//1188
f 640//1189 641//1189 634//1189
f 609//1190 642//1190 641//1190
f 641//1191 642//1191 634//1191
f 609//1192 643//1192 642//1192
f 620//1193 643//1193 609//1193
f 620//1194 644//1194 643//1194
f 620//1195 645//1195 644//1195
f 620//1196 646//1196 645//1196
f 645//1197 646//1197 647//1197
f 620//1198 648//1198 646//1198
f 646//1199 648//1199 647//1199
f 620//1200 649//1200 648//1200
f 648//1201 649//1201 647//1201
f 620//1202 650//1202 649//1202
f 649//1203 650//1203 647//1203
f 620//1204 651//1204 650//1204
f 650//1205 651//1205 647//1205
f 651//1206 652//1206 647//1206
f 620//1207 652//1207 651//1207
f 652//1208 653//1208 647//1208
f 620//1209 653//1209 652//1209
f 653//1210 654//1210 647//1210
f 620//1211 654//1211 653//1211
f 647//1212 655//1212 620//1212
f 654//1213 655//1213 647//1213
f 620//1214 655//1214 654//1214
f 634//1215 656//1215 657//1215
f 634//1216 658//1216 656//1216
f 656//1217 658//1217 657//1217
f 634//1218 659//1218 658//1218
f 658//1219 659//1219 657//1219
f 634//1220 660//1220 659//1220
f 659//1221 660//1221 657//1221
f 634//1222 661//1222 660//1222
f 660//1223 661//1223 657//1223
f 634//1224 662//1224 661//1224
f 661//1225 662//1225 657//1225
f 634//1226 663//1226 662//1226
f 662//1227 663//1227 657//1227
f 634//1228 664//1228 663//1228
f 663//1229 664//1229 657//1229
f 634//1230 665//1230 664//1230
f 664//1231 665//1231 657//1231
f 634//1232 666//1232 665//1232
f 665//1233 666//1233 657//1233
f 642//1234 667//1234 634//1234
f 634//1235 667//1235 666//1235
f 643//1236 668//1236 642//1236
f 642//1237 668//1237 667//1237
f 644//1238 669//1238 643//1238
f 643//1239 669//1239 668//1239
f 645//1240 670//1240 644//1240
f 647//1241 670//1241 645//1241
f 644//1242 670//1242 669//1242
f 647//1243 671//1243 670//1243
f 670//1244 671//1244 672//1244
f 647//1245 673//1245 671//1245
f 671//1246 673//1246 672//1246
f 673//1247 674//1247 672//1247
f 647//1248 674//1248 673//1248
f 674//1249 675//1249 672//1249
f 647//1250 675//1250 674//1250
f 675//1251 676//1251 672//1251
f 647//1252 676//1252 675//1252
f 676//1253 677//1253 672//1253
f 647//1254 677//1254 676//1254
f 677//1255 678//1255 672//1255
f 647//1256 678//1256 677//1256
f 678//1257 679//1257 672//1257
f 647//1258 679//1258 678//1258
f 679//1259 680//1259 672//1259
f 647//1260 680//1260 679//1260
f 672//1261 680//1261 647//1261
f 657//1262 681//1262 15//1262
f 681//1263 682//1263 15//1263
f 657//1264 682//1264 681//1264
f 682//1265 683//1265 15//1265
f 657//1266 683//1266 682//1266
f 657//1267 684//1267 683//1267
f 683//1268 684//1268 15//1268
f 657//1269 685//1269 684//1269
f 684//1270 685//1270 15//1270
f 685//1271 686//1271 15//1271
f 657//1272 686//1272 685//1272
f 686//1273 687//1273 15//1273
f 657//1274 687//1274 686//1274
f 657//1275 688//1275 687//1275
f 687//1276 688//1276 15//1276
f 688//1277 689//1277 15//1277
f 657//1278 689//1278 688//1278
f 666//1279 689//1279 657//1279
f 666//1280 690//1280 689//1280
f 689//1281 690//1281 15//1281
f 667//1282 690//1282 666//1282
f 668//1283 690//1283 667//1283
f 690//1284 691//1284 15//1284
f 668//1285 691//1285 690//1285
f 15//1286 691//1286 13//1286
f 691//1287 692//1287 13//1287
f 668//1288 692//1288 691//1288
f 669//1289 692//1289 668//1289
f 692//1290 693//1290 13//1290
f 669//1291 693//1291 692//1291
f 672//1292 693//1292 670//1292
f 670//1293 693//1293 669//1293
f 693//1294 694//1294 13//1294
f 672//1295 694//1295 693//1295
f 694//1296 695//1296 13//1296
f 672//1297 695//1297 694//1297
f 695//1298 696//1298 13//1298
f 672//1299 696//1299 695//1299
f 696//1300 697//1300 13//1300
f 672//1301 697//1301 696//1301
f 697//1302 698//1302 13//1302
f 672//1303 698//1303 697//1303
f 698//1304 699//1304 13//1304
f 672//1305 699//1305 698//1305
f 699//1306 700//1306 13//1306
f 672//1307 700//1307 699//1307
f 700//1308 701//1308 13//1308
f 672//1309 701//1309 700//1309
f 13//1310 702//1310 672//1310
f 701//1311 702//1311 13//1311
f 672//1312 702//1312 701//1312
f 16//1313 703//1313 704//1313
f 16//1314 705//1314 703//1314
f 16//1315 706//1315 705//1315
f 16//1316 707//1316 706//1316
f 16//1317 708//1317 707//1317
f 16//1318 709//1318 708//1318
f 16//1319 710//1319 709//1319
f 16//1320 711//1320 710//1320
f 14//1321 711//1321 16//1321
f 14//1322 712//1322 711//1322
f 14//1323 713//1323 712//1323
f 14//1324 714//1324 713//1324
f 14//1325 715//1325 714//1325
f 14//1326 716//1326 715//1326
f 14//1327 717//1327 716//1327
f 14//1328 718//1328 717//1328
f 14//1329 719//1329 718//1329
f 14//1330 720//1330 719//1330
f 14//1331 721//1331 720//1331
f 14//1332 722//1332 721//1332
f 704//1333 723//1333 16//1333
f 16//1334 723//1334 724//1334
f 723//1335 725//1335 724//1335
f 704//1336 725//1336 723//1336
f 725//1337 726//1337 724//1337
f 704//1338 726//1338 725//1338
f 704//1339 727//1339 726//1339
f 726//1340 727//1340 724//1340
f 703//1341 727//1341 704//1341
f 703//1342 728//1342 727//1342
f 727//1343 728//1343 724//1343
f 705//1344 728//1344 703//1344
f 728//1345 729//1345 724//1345
f 705//1346 729//1346 728//1346
f 706//1347 729//1347 705//1347
f 729//1348 730//1348 724//1348
f 706//1349 730//1349 729//1349
f 707//1350 730//1350 706//1350
f 730//1351 731//1351 724//1351
f 707//1352 731//1352 730//1352
f 708//1353 731//1353 707//1353
f 709//1354 732//1354 708//1354
f 708//1355 732//1355 731//1355
f 731//1356 732//1356 724//1356
f 711//1357 733//1357 710//1357
f 709//1358 733//1358 732//1358
f 710//1359 733//1359 709//1359
f 732//1360 733//1360 724//1360
f 724//1361 734//1361 735//1361
f 711//1362 734//1362 733//1362
f 733//1363 734//1363 724//1363
f 712//1364 736//1364 711//1364
f 734//1365 736//1365 735//1365
f 711//1366 736//1366 734//1366
f 736//1367 737//1367 735//1367
f 713//1368 737//1368 712//1368
f 712//1369 737//1369 736//1369
f 714//1370 738//1370 713//1370
f 713//1371 738//1371 737//1371
f 737//1372 738//1372 735//1372
f 715//1373 739//1373 714//1373
f 714//1374 739//1374 738//1374
f 738//1375 739//1375 735//1375
f 716//1376 740//1376 715//1376
f 717//1377 740//1377 716//1377
f 715//1378 740//1378 739//1378
f 739//1379 740//1379 735//1379
f 717//1380 741//1380 740//1380
f 740//1381 741//1381 735//1381
f 718//1382 742//1382 717//1382
f 717//1383 742//1383 741//1383
f 741//1384 742//1384 735//1384
f 719//1385 743//1385 718//1385
f 718//1386 743//1386 742//1386
f 742//1387 743//1387 735//1387
f 720//1388 744//1388 719//1388
f 719//1389 744//1389 743//1389
f 743//1390 744//1390 735//1390
f 721//1391 745//1391 720//1391
f 722//1392 745//1392 721//1392
f 720//1393 745//1393 744//1393
f 744//1394 745//1394 735//1394
f 745//1395 746//1395 735//1395
f 722//1396 746//1396 745//1396
f 746//1397 747//1397 735//1397
f 722//1398 747//1398 746//1398
f 735//1399 747//1399 14//1399
f 14//1400 747//1400 722//1400
f 724//1401 748//1401 19//1401
f 724//1402 749//1402 748//1402
f 748//1403 749//1403 19//1403
f 749//1404 750//1404 19//1404
f 735//1405 750//1405 724//1405
f 19//1406 750//1406 17//1406
f 724//1407 750//1407 749//1407
f 750//1408 751//1408 17//1408
f 735//1409 751//1409 750//1409
f 751//1410 752//1410 17//1410
f 735//1411 752//1411 751//1411
f 752//1412 753//1412 17//1412
f 735//1413 753//1413 752//1413
f 753//1414 754//1414 17//1414
f 735//1415 754//1415 753//1415
f 754//1416 755//1416 17//1416
f 735//1417 755//1417 754//1417
f 755//1418 756//1418 17//1418
f 735//1419 756//1419 755//1419
f 756//1420 757//1420 17//1420
f 735//1421 757//1421 756//1421
f 757//1422 758//1422 17//1422
f 735//1423 758//1423 757//1423
f 758//1424 759//1424 17//1424
f 735//1425 759//1425 758//1425
f 759//1426 760//1426 17//1426
f 735//1427 760//1427 759//1427
f 17//1428 761//1428 735//1428
f 760//1429 761//1429 17//1429
f 735//1430 761//1430 760//1430
f 20//1431 762//1431 763//1431
f 20//1432 764//1432 762//1432
f 20//1433 765//1433 764//1433
f 20//1434 766//1434 765//1434
f 20//1435 767//1435 766//1435
f 18//1436 767//1436 20//1436
f 18//1437 768//1437 767//1437
f 18//1438 769//1438 768//1438
f 18//1439 770//1439 769//1439
f 18//1440 771//1440 770//1440
f 18//1441 772//1441 771//1441
f 18//1442 773//1442 772//1442
f 18//1443 774//1443 773//1443
f 18//1444 775//1444 774//1444
f 18//1445 776//1445 775//1445
f 18//1446 777//1446 776//1446
f 18//1447 778//1447 777//1447
f 763//1448 779//1448 20//1448
f 20//1449 779//1449 780//1449
f 763//1450 781//1450 779//1450
f 779//1451 781//1451 780//1451
f 763//1452 782//1452 781//1452
f 781//1453 782//1453 780//1453
f 763//1454 783//1454 782//1454
f 782//1455 783//1455 780//1455
f 763//1456 784//1456 783//1456
f 783//1457 784//1457 780//1457
f 763//1458 785//1458 784//1458
f 784//1459 785//1459 780//1459
f 763//1460 786//1460 785//1460
f 785//1461 786//1461 780//1461
f 786//1462 787//1462 780//1462
f 763//1463 787//1463 786//1463
f 762//1464 787//1464 763//1464
f 762//1465 788//1465 787//1465
f 787//1466 788//1466 780//1466
f 764//1467 788//1467 762//1467
f 764//1468 789//1468 788//1468
f 788//1469 789//1469 780//1469
f 765//1470 789//1470 764//1470
f 765//1471 790//1471 789//1471
f 789//1472 790//1472 780//1472
f 766//1473 790//1473 765//1473
f 766//1474 791//1474 790//1474
f 790//1475 791//1475 780//1475
f 767//1476 791//1476 766//1476
f 768//1477 791//1477 767//1477
f 780//1478 791//1478 792//1478
f 791//1479 793//1479 792//1479
f 768//1480 793//1480 791//1480
f 768//1481 794//1481 793//1481
f 793//1482 794//1482 792//1482
f 769//1483 794//1483 768//1483
f 770//1484 794//1484 769//1484
f 794//1485 795//1485 792//1485
f 770//1486 795//1486 794//1486
f 795//1487 796//1487 792//1487
f 770//1488 796//1488 795//1488
f 771//1489 796//1489 770//1489
f 796//1490 797//1490 792//1490
f 771//1491 797//1491 796//1491
f 772//1492 797//1492 771//1492
f 772//1493 798//1493 797//1493
f 797//1494 798//1494 792//1494
f 773//1495 798//1495 772//1495
f 773//1496 799//1496 798//1496
f 798//1497 799//1497 792//1497
f 774//1498 799//1498 773//1498
f 775//1499 799//1499 774//1499
f 799//1500 800//1500 792//1500
f 775//1501 800//1501 799//1501
f 800//1502 801//1502 792//1502
f 775//1503 801//1503 800//1503
f 776//1504 801//1504 775//1504
f 801//1505 802//1505 792//1505
f 776//1506 802//1506 801//1506
f 777//1507 802//1507 776//1507
f 778//1508 803//1508 777//1508
f 777//1509 803//1509 802//1509
f 792//1510 803//1510 18//1510
f 802//1511 803//1511 792//1511
f 18//1512 803//1512 778//1512
f 780//1513 804//1513 23//1513
f 780//1514 805//1514 804//1514
f 792//1515 805//1515 780//1515
f 804//1516 805//1516 23//1516
f 23//1517 805//1517 21//1517
f 792//1518 806//1518 805//1518
f 805//1519 806//1519 21//1519
f 806//1520 807//1520 21//1520
f 792//1521 807//1521 806//1521
f 807//1522 808//1522 21//1522
f 792//1523 808//1523 807//1523
f 808//1524 809//1524 21//1524
f 792//1525 809//1525 808//1525
f 809//1526 810//1526 21//1526
f 792//1527 810//1527 809//1527
f 810//1528 811//1528 21//1528
f 792//1529 811//1529 810//1529
f 811//1530 812//1530 21//1530
f 792//1531 812//1531 811//1531
f 812//1532 813//1532 21//1532
f 792//1533 813//1533 812//1533
f 813//1534 814//1534 21//1534
f 792//1535 814//1535 813//1535
f 792//1536 815//1536 814//1536
f 814//1537 815//1537 21//1537
f 792//1538 816//1538 815//1538
f 815//1539 816//1539 21//1539
f 21//1540 816//1540 792//1540
f 24//1541 817//1541 818//1541
f 24//1542 819//1542 817//1542
f 817//1543 819//1543 818//1543
f 819//1544 820//1544 818//1544
f 24//1545 820//1545 819//1545
f 820//1546 821//1546 818//1546
f 24//1547 821//1547 820//1547
f 821//1548 822//1548 818//1548
f 24//1549 822//1549 821//1549
f 822//1550 823//1550 818//1550
f 24//1551 823//1551 822//1551
f 823//1552 824//1552 818//1552
f 24//1553 824//1553 823//1553
f 824//1554 825//1554 818//1554
f 24//1555 825//1555 824//1555
f 825//1556 826//1556 818//1556
f 24//1557 826//1557 825//1557
f 826//1558 827//1558 818//1558
f 24//1559 827//1559 826//1559
f 827//1560 828//1560 818//1560
f 24//1561 828//1561 827//1561
f 22//1562 828//1562 24//1562
f 818//1563 828//1563 829//1563
f 828//1564 830//1564 829//1564
f 22//1565 830//1565 828//1565
f 830//1566 831//1566 829//1566
f 22//1567 831//1567 830//1567
f 831//1568 832//1568 829//1568
f 22//1569 832//1569 831//1569
f 832//1570 833//1570 829//1570
f 22//1571 833//1571 832//1571
f 833//1572 834//1572 829//1572
f 22//1573 834//1573 833//1573
f 834//1574 835//1574 829//1574
f 22//1575 835//1575 834//1575
f 835//1576 836//1576 829//1576
f 22//1577 836//1577 835//1577
f 836//1578 837//1578 829//1578
f 22//1579 837//1579 836//1579
f 837//1580 838//1580 829//1580
f 22//1581 838//1581 837//1581
f 838//1582 839//1582 829//1582
f 22//1583 839//1583 838//1583
f 829//1584 840//1584 22//1584
f 839//1585 840//1585 829//1585
f 22//1586 840//1586 839//1586
f 818//1587 841//1587 842//1587
f 841//1588 843//1588 842//1588
f 829//1589 843//1589 818//1589
f 818//1590 843//1590 841//1590
f 842//1591 843//1591 844//1591
f 843//1592 845//1592 844//1592
f 829//1593 845//1593 843//1593
f 845//1594 846//1594 844//1594
f 829//1595 846//1595 845//1595
f 846//1596 847//1596 844//1596
f 829//1597 847//1597 846//1597
f 847//1598 848//1598 844//1598
f 829//1599 848//1599 847//1599
f 848//1600 849//1600 844//1600
f 829//1601 849//1601 848//1601
f 849//1602 850//1602 844//1602
f 829//1603 850//1603 849//1603
f 850//1604 851//1604 844//1604
f 829//1605 851//1605 850//1605
f 851//1606 852//1606 844//1606
f 829//1607 852//1607 851//1607
f 852//1608 853//1608 844//1608
f 829//1609 853//1609 852//1609
f 853//1610 854//1610 844//1610
f 829//1611 854//1611 853//1611
f 854//1612 855//1612 844//1612
f 829//1613 855//1613 854//1613
f 844//1614 855//1614 829//1614
f 842//1615 856//1615 857//1615
f 856//1616 858//1616 857//1616
f 842//1617 858//1617 856//1617
f 858//1618 859//1618 857//1618
f 842//1619 859//1619 858//1619
f 859//1620 860//1620 857//1620
f 842//1621 860//1621 859//1621
f 860//1622 861//1622 857//1622
f 842//1623 861//1623 860//1623
f 861//1624 862//1624 857//1624
f 842//1625 862//1625 861//1625
f 862//1626 863//1626 857//1626
f 842//1627 863//1627 862//1627
f 863//1628 864//1628 857//1628
f 842//1629 864//1629 863//1629
f 864//1630 865//1630 857//1630
f 842//1631 865//1631 864//1631
f 844//1632 865//1632 842//1632
f 857//1633 865//1633 866//1633
f 865//1634 867//1634 866//1634
f 844//1635 867//1635 865//1635
f 867//1636 868//1636 866//1636
f 844//1637 868//1637 867//1637
f 868//1638 869//1638 866//1638
f 844//1639 869//1639 868//1639
f 869//1640 870//1640 866//1640
f 844//1641 870//1641 869//1641
f 870//1642 871//1642 866//1642
f 844//1643 871//1643 870//1643
f 871//1644 872//1644 866//1644
f 844//1645 872//1645 871//1645
f 872//1646 873//1646 866//1646
f 844//1647 873//1647 872//1647
f 873//1648 874//1648 866//1648
f 844//1649 874//1649 873//1649
f 874//1650 875//1650 866//1650
f 844//1651 875//1651 874//1651
f 875//1652 876//1652 866//1652
f 844//1653 876//1653 875//1653
f 866//1654 877//1654 844//1654
f 876//1655 877//1655 866//1655
f 844//1656 877//1656 876//1656
f 857//1657 878//1657 879//1657
f 878//1658 880//1658 879//1658
f 857//1659 880//1659 878//1659
f 880//1660 881//1660 879//1660
f 857//1661 881//1661 880//1661
f 881//1662 882//1662 879//1662
f 857//1663 882//1663 881//1663
f 882//1664 883//1664 879//1664
f 857//1665 883//1665 882//1665
f 883//1666 884//1666 879//1666
f 857//1667 884//1667 883//1667
f 884//1668 885//1668 879//1668
f 857//1669 885//1669 884//1669
f 885//1670 886//1670 879//1670
f 857//1671 886//1671 885//1671
f 866//1672 887//1672 857//1672
f 857//1673 887//1673 886//1673
f 879//1674 887//1674 888//1674
f 886//1675 887//1675 879//1675
f 887//1676 889//1676 888//1676
f 866//1677 889//1677 887//1677
f 889//1678 890//1678 888//1678
f 866//1679 890//1679 889//1679
f 890//1680 891//1680 888//1680
f 866//1681 891//1681 890//1681
f 891//1682 892//1682 888//1682
f 866//1683 892//1683 891//1683
f 892//1684 893//1684 888//1684
f 866//1685 893//1685 892//1685
f 893//1686 894//1686 888//1686
f 866//1687 894//1687 893//1687
f 894//1688 895//1688 888//1688
f 866//1689 895//1689 894//1689
f 895//1690 896//1690 888//1690
f 866//1691 896//1691 895//1691
f 896//1692 897//1692 888//1692
f 866//1693 897//1693 896//1693
f 897//1694 898//1694 888//1694
f 866//1695 898//1695 897//1695
f 898//1696 899//1696 888//1696
f 866//1697 899//1697 898//1697
f 888//1698 899//1698 866//1698
f 879//1699 900//1699 901//1699
f 900//1700 902//1700 901//1700
f 879//1701 902//1701 900//1701
f 902//1702 903//1702 901//1702
f 879//1703 903//1703 902//1703
f 903//1704 904//1704 901//1704
f 879//1705 904//1705 903//1705
f 904//1706 905//1706 901//1706
f 879//1707 905//1707 904//1707
f 905//1708 906//1708 901//1708
f 879//1709 906//1709 905//1709
f 906//1710 907//1710 901//1710
f 879//1711 907//1711 906//1711
f 907//1712 908//1712 901//1712
f 879//1713 908//1713 907//1713
f 908//1714 909//1714 901//1714
f 879//1715 909//1715 908//1715
f 909//1716 910//1716 901//1716
f 879//1717 910//1717 909//1717
f 888//1718 910//1718 879//1718
f 901//1719 910//1719 911//1719
f 910//1720 912//1720 911//1720
f 888//1721 912//1721 910//1721
f 912//1722 913//1722 911//1722
f 888//1723 913//1723 912//1723
f 913//1724 914//1724 911//1724
f 888//1725 914//1725 913//1725
f 914//1726 915//1726 911//1726
f 888//1727 915//1727 914//1727
f 915//1728 916//1728 911//1728
f 888//1729 916//1729 915//1729
f 916//1730 917//1730 911//1730
f 888//1731 917//1731 916//1731
f 917//1732 918//1732 911//1732
f 888//1733 918//1733 917//1733
f 918//1734 919//1734 911//1734
f 888//1735 919//1735 918//1735
f 919//1736 920//1736 911//1736
f 888//1737 920//1737 919//1737
f 920//1738 921//1738 911//1738
f 888//1739 921//1739 920//1739
f 911//1740 922//1740 888//1740
f 921//1741 922//1741 911//1741
f 888//1742 922//1742 921//1742
f 901//1743 923//1743 924//1743
f 923//1744 925//1744 924//1744
f 901//1745 925//1745 923//1745
f 925//1746 926//1746 924//1746
f 901//1747 926//1747 925//1747
f 901//1748 927//1748 926//1748
f 926//1749 927//1749 924//1749
f 901//1750 928//1750 927//1750
f 927//1751 928//1751 924//1751
f 928//1752 929//1752 924//1752
f 901//1753 929//1753 928//1753
f 924//1754 930//1754 931//1754
f 929//1755 930//1755 924//1755
f 901//1756 930//1756 929//1756
f 911//1757 930//1757 901//1757
f 911//1758 932//1758 930//1758
f 930//1759 932//1759 931//1759
f 911//1760 933//1760 932//1760
f 932//1761 933//1761 931//1761
f 911//1762 934//1762 933//1762
f 933//1763 934//1763 931//1763
f 911//1764 935//1764 934//1764
f 934//1765 935//1765 931//1765
f 911//1766 936//1766 935//1766
f 935//1767 936//1767 931//1767
f 911//1768 937//1768 936//1768
f 936//1769 937//1769 931//1769
f 911//1770 938//1770 937//1770
f 937//1771 938//1771 931//1771
f 911//1772 939//1772 938//1772
f 938//1773 939//1773 931//1773
f 911//1774 940//1774 939//1774
f 939//1775 940//1775 931//1775
f 911//1776 941//1776 940//1776
f 940//1777 941//1777 931//1777
f 911//1778 942//1778 941//1778
f 941//1779 942//1779 931//1779
f 931//1780 942//1780 911//1780
f 924//1781 943//1781 944//1781
f 924//1782 945//1782 943//1782
f 924//1783 946//1783 945//1783
f 924//1784 947//1784 946//1784
f 924//1785 948//1785 947//1785
f 924//1786 949//1786 948//1786
f 924//1787 950//1787 949//1787
f 931//1788 951//1788 924//1788
f 924//1789 951//1789 950//1789
f 931//1790 952//1790 951//1790
f 931//1791 953//1791 952//1791
f 931//1792 954//1792 953//1792
f 931//1793 955//1793 954//1793
f 931//1794 956//1794 955//1794
f 931//1795 957//1795 956//1795
f 931//1796 958//1796 957//1796
f 931//1797 959//1797 958//1797
f 931//1798 960//1798 959//1798
f 931//1799 961//1799 960//1799
f 931//1800 962//1800 961//1800
f 28//1801 962//1801 931//1801
f 924//1802 963//1802 25//1802
f 944//1803 963//1803 924//1803
f 963//1804 964//1804 25//1804
f 944//1805 964//1805 963//1805
f 964//1806 965//1806 25//1806
f 944//1807 965//1807 964//1807
f 965//1808 966//1808 25//1808
f 943//1809 966//1809 944//1809
f 944//1810 966//1810 965//1810
f 943//1811 967//1811 966//1811
f 966//1812 967//1812 25//1812
f 943//1813 968//1813 967//1813
f 967//1814 968//1814 25//1814
f 945//1815 968//1815 943//1815
f 946//1816 968//1816 945//1816
f 968//1817 969//1817 25//1817
f 946//1818 969//1818 968//1818
f 947//1819 969//1819 946//1819
f 947//1820 970//1820 969//1820
f 969//1821 970//1821 25//1821
f 947//1822 971//1822 970//1822
f 970//1823 971//1823 25//1823
f 948//1824 971//1824 947//1824
f 949//1825 971//1825 948//1825
f 949//1826 972//1826 971//1826
f 971//1827 972//1827 25//1827
f 972//1828 973//1828 25//1828
f 950//1829 973//1829 949//1829
f 951//1830 973//1830 950//1830
f 949//1831 973//1831 972//1831
f 25//1832 974//1832 28//1832
f 973//1833 974//1833 25//1833
f 951//1834 974//1834 973//1834
f 974//1835 975//1835 28//1835
f 951//1836 975//1836 974//1836
f 952//1837 975//1837 951//1837
f 975//1838 976//1838 28//1838
f 952//1839 976//1839 975//1839
f 953//1840 976//1840 952//1840
f 953//1841 977//1841 976//1841
f 976//1842 977//1842 28//1842
f 954//1843 977//1843 953//1843
f 955//1844 977//1844 954//1844
f 977//1845 978//1845 28//1845
f 955//1846 978//1846 977//1846
f 956//1847 978//1847 955//1847
f 956//1848 979//1848 978//1848
f 978//1849 979//1849 28//1849
f 956//1850 980//1850 979//1850
f 979//1851 980//1851 28//1851
f 957//1852 980//1852 956//1852
f 958//1853 980//1853 957//1853
f 980//1854 981//1854 28//1854
f 958//1855 981//1855 980//1855
f 981//1856 982//1856 28//1856
f 958//1857 982//1857 981//1857
f 959//1858 982//1858 958//1858
f 961//1859 983//1859 960//1859
f 982//1860 983//1860 28//1860
f 959//1861 983//1861 982//1861
f 960//1862 983//1862 959//1862
f 962//1863 984//1863 961//1863
f 961//1864 984//1864 983//1864
f 983//1865 984//1865 28//1865
f 962//1866 985//1866 984//1866
f 984//1867 985//1867 28//1867
f 28//1868 986//1868 962//1868
f 985//1869 986//1869 28//1869
f 962//1870 986//1870 985//1870
f 27//1871 987//1871 988//1871
f 27//1872 989//1872 987//1872
f 987//1873 989//1873 988//1873
f 27//1874 990//1874 989//1874
f 989//1875 990//1875 988//1875
f 27//1876 991//1876 990//1876
f 990//1877 991//1877 988//1877
f 27//1878 992//1878 991//1878
f 991//1879 992//1879 988//1879
f 27//1880 993//1880 992//1880
f 992//1881 993//1881 988//1881
f 27//1882 994//1882 993//1882
f 993//1883 994//1883 988//1883
f 26//1884 995//1884 27//1884
f 988//1885 995//1885 996//1885
f 27//1886 995//1886 994//1886
f 994//1887 995//1887 988//1887
f 26//1888 997//1888 995//1888
f 995//1889 997//1889 996//1889
f 997//1890 998//1890 996//1890
f 26//1891 998//1891 997//1891
f 998//1892 999//1892 996//1892
f 26//1893 999//1893 998//1893
f 999//1894 1000//1894 996//1894
f 26//1895 1000//1895 999//1895
f 1000//1896 1001//1896 996//1896
f 26//1897 1001//1897 1000//1897
f 1001//1898 1002//1898 996//1898
f 26//1899 1002//1899 1001//1899
f 1002//1900 1003//1900 996//1900
f 26//1901 1003//1901 1002//1901
f 1003//1902 1004//1902 996//1902
f 26//1903 1004//1903 1003//1903
f 1004//1904 1005//1904 996//1904
f 26//1905 1005//1905 1004//1905
f 1005//1906 1006//1906 996//1906
f 26//1907 1006//1907 1005//1907
f 1006//1908 1007//1908 996//1908
f 26//1909 1007//1909 1006//1909
f 996//1910 1007//1910 26//1910
f 988//1911 1008//1911 1009//1911
f 988//1912 1010//1912 1008//1912
f 988//1913 1011//1913 1010//1913
f 988//1914 1012//1914 1011//1914
f 988//1915 1013//1915 1012//1915
f 996//1916 1014//1916 988//1916
f 988//1917 1014//1917 1013//1917
f 996//1918 1015//1918 1014//1918
f 996//1919 1016//1919 1015//1919
f 996//1920 1017//1920 1016//1920
f 996//1921 1018//1921 1017//1921
f 996//1922 1019//1922 1018//1922
f 996//1923 1020//1923 1019//1923
f 996//1924 1021//1924 1020//1924
f 996//1925 1022//1925 1021//1925
f 996//1926 1023//1926 1022//1926
f 996//1927 1024//1927 1023//1927
f 996//1928 1025//1928 1024//1928
f 988//1929 1026//1929 1027//1929
f 1009//1930 1026//1930 988//1930
f 1026//1931 1028//1931 1027//1931
f 1009//1932 1028//1932 1026//1932
f 1009//1933 1029//1933 1028//1933
f 1028//1934 1029//1934 1027//1934
f 1009//1935 1030//1935 1029//1935
f 1029//1936 1030//1936 1027//1936
f 1008//1937 1031//1937 1009//1937
f 1009//1938 1031//1938 1030//1938
f 1030//1939 1031//1939 1027//1939
f 1010//1940 1032//1940 1008//1940
f 1008//1941 1032//1941 1031//1941
f 1031//1942 1032//1942 1027//1942
f 1032//1943 1033//1943 1027//1943
f 1010//1944 1033//1944 1032//1944
f 1033//1945 1034//1945 1027//1945
f 1011//1946 1034//1946 1010//1946
f 1010//1947 1034//1947 1033//1947
f 1034//1948 1035//1948 1027//1948
f 1012//1949 1035//1949 1011//1949
f 1011//1950 1035//1950 1034//1950
f 1035//1951 1036//1951 1027//1951
f 1013//1952 1036//1952 1012//1952
f 1014//1953 1036//1953 1013//1953
f 1012//1954 1036//1954 1035//1954
f 1036//1955 1037//1955 1027//1955
f 1027//1956 1037//1956 1038//1956
f 1014//1957 1037//1957 1036//1957
f 1015//1958 1037//1958 1014//1958
f 1037//1959 1039//1959 1038//1959
f 1015//1960 1039//1960 1037//1960
f 1015//1961 1040//1961 1039//1961
f 1039//1962 1040//1962 1038//1962
f 1016//1963 1040//1963 1015//1963
f 1040//1964 1041//1964 1038//1964
f 1017//1965 1041//1965 1016//1965
f 1018//1966 1041//1966 1017//1966
f 1016//1967 1041//1967 1040//1967
f 1041//1968 1042//1968 1038//1968
f 1018//1969 1042//1969 1041//1969
f 1019//1970 1042//1970 1018//1970
f 1042//1971 1043//1971 1038//1971
f 1019//1972 1043//1972 1042//1972
f 1043//1973 1044//1973 1038//1973
f 1019//1974 1044//1974 1043//1974
f 1020//1975 1044//1975 1019//1975
f 1021//1976 1044//1976 1020//1976
f 1044//1977 1045//1977 1038//1977
f 1021//1978 1045//1978 1044//1978
f 1021//1979 1046//1979 1045//1979
f 1045//1980 1046//1980 1038//1980
f 1022//1981 1046//1981 1021//1981
f 1022//1982 1047//1982 1046//1982
f 1046//1983 1047//1983 1038//1983
f 1023//1984 1047//1984 1022//1984
f 1024//1985 1047//1985 1023//1985
f 1047//1986 1048//1986 1038//1986
f 1024//1987 1048//1987 1047//1987
f 1025//1988 1048//1988 1024//1988
f 1048//1989 1049//1989 1038//1989
f 1025//1990 1049//1990 1048//1990
f 1038//1991 1050//1991 996//1991
f 1049//1992 1050//1992 1038//1992
f 1025//1993 1050//1993 1049//1993
f 996//1994 1050//1994 1025//1994
f 1027//1995 1051//1995 1052//1995
f 1038//1996 1053//1996 1027//1996
f 1052//1997 1053//1997 1054//1997
f 1027//1998 1053//1998 1051//1998
f 1051//1999 1053//1999 1052//1999
f 1038//2000 1055//2000 1053//2000
f 1053//2001 1055//2001 1054//2001
f 1055//2002 1056//2002 1054//2002
f 1038//2003 1056//2003 1055//2003
f 1056//2004 1057//2004 1054//2004
f 1038//2005 1057//2005 1056//2005
f 1057//2006 1058//2006 1054//2006
f 1038//2007 1058//2007 1057//2007
f 1058//2008 1059//2008 1054//2008
f 1038//2009 1059//2009 1058//2009
f 1059//2010 1060//2010 1054//2010
f 1038//2011 1060//2011 1059//2011
f 1060//2012 1061//2012 1054//2012
f 1038//2013 1061//2013 1060//2013
f 1061//2014 1062//2014 1054//2014
f 1038//2015 1062//2015 1061//2015
f 1062//2016 1063//2016 1054//2016
f 1038//2017 1063//2017 1062//2017
f 1063//2018 1064//2018 1054//2018
f 1038//2019 1064//2019 1063//2019
f 1054//2020 1065//2020 1038//2020
f 1064//2021 1065//2021 1054//2021
f 1038//2022 1065//2022 1064//2022
f 1052//2023 1066//2023 1067//2023
f 1052//2024 1068//2024 1066//2024
f 1066//2025 1068//2025 1067//2025
f 1052//2026 1069//2026 1068//2026
f 1068//2027 1069//2027 1067//2027
f 1069//2028 1070//2028 1067//2028
f 1052//2029 1070//2029 1069//2029
f 1052//2030 1071//2030 1070//2030
f 1070//2031 1071//2031 1067//2031
f 1052//2032 1072//2032 1071//2032
f 1071//2033 1072//2033 1067//2033
f 1052//2034 1073//2034 1072//2034
f 1072//2035 1073//2035 1067//2035
f 1052//2036 1074//2036 1073//2036
f 1073//2037 1074//2037 1067//2037
f 1054//2038 1074//2038 1052//2038
f 1067//2039 1074//2039 1075//2039
f 1054//2040 1076//2040 1074//2040
f 1074//2041 1076//2041 1075//2041
f 1054//2042 1077//2042 1076//2042
f 1076//2043 1077//2043 1075//2043
f 1054//2044 1078//2044 1077//2044
f 1077//2045 1078//2045 1075//2045
f 1054//2046 1079//2046 1078//2046
f 1078//2047 1079//2047 1075//2047
f 1054//2048 1080//2048 1079//2048
f 1079//2049 1080//2049 1075//2049
f 1054//2050 1081//2050 1080//2050
f 1080//2051 1081//2051 1075//2051
f 1054//2052 1082//2052 1081//2052
f 1081//2053 1082//2053 1075//2053
f 1054//2054 1083//2054 1082//2054
f 1082//2055 1083//2055 1075//2055
f 1054//2056 1084//2056 1083//2056
f 1083//2057 1084//2057 1075//2057
f 1054//2058 1085//2058 1084//2058
f 1084//2059 1085//2059 1075//2059
f 1054//2060 1086//2060 1085//2060
f 1085//2061 1086//2061 1075//2061
f 1075//2062 1086//2062 1054//2062
f 1067//2063 1087//2063 1088//2063
f 1067//2064 1089//2064 1087//2064
f 1087//2065 1089//2065 1088//2065
f 1067//2066 1090//2066 1089//2066
f 1089//2067 1090//2067 1088//2067
f 1067//2068 1091//2068 1090//2068
f 1090//2069 1091//2069 1088//2069
f 1067//2070 1092//2070 1091//2070
f 1091//2071 1092//2071 1088//2071
f 1067//2072 1093//2072 1092//2072
f 1092//2073 1093//2073 1088//2073
f 1067//2074 1094//2074 1093//2074
f 1093//2075 1094//2075 1088//2075
f 1075//2076 1095//2076 1067//2076
f 1088//2077 1095//2077 1096//2077
f 1067//2078 1095//2078 1094//2078
f 1094//2079 1095//2079 1088//2079
f 1075//2080 1097//2080 1095//2080
f 1095//2081 1097//2081 1096//2081
f 1097//2082 1098//2082 1096//2082
f 1075//2083 1098//2083 1097//2083
f 1098//2084 1099//2084 1096//2084
f 1075//2085 1099//2085 1098//2085
f 1099//2086 1100//2086 1096//2086
f 1075//2087 1100//2087 1099//2087
f 1100//2088 1101//2088 1096//2088
f 1075//2089 1101//2089 1100//2089
f 1101//2090 1102//2090 1096//2090
f 1075//2091 1102//2091 1101//2091
f 1102//2092 1103//2092 1096//2092
f 1075//2093 1103//2093 1102//2093
f 1103//2094 1104//2094 1096//2094
f 1075//2095 1104//2095 1103//2095
f 1104//2096 1105//2096 1096//2096
f 1075//2097 1105//2097 1104//2097
f 1105//2098 1106//2098 1096//2098
f 1075//2099 1106//2099 1105//2099
f 1106//2100 1107//2100 1096//2100
f 1075//2101 1107//2101 1106//2101
f 1096//2102 1107//2102 1075//2102
f 1088//2103 1108//2103 1109//2103
f 1109//2104 1110//2104 1111//2104
f 1088//2105 1110//2105 1108//2105
f 1108//2106 1110//2106 1109//2106
f 1110//2107 1112//2107 1111//2107
f 1088//2108 1112//2108 1110//2108
f 1112//2109 1113//2109 1111//2109
f 1088//2110 1113//2110 1112//2110
f 1088//2111 1114//2111 1113//2111
f 1113//2112 1114//2112 1111//2112
f 1114//2113 1115//2113 1111//2113
f 1088//2114 1115//2114 1114//2114
f 1088//2115 1116//2115 1115//2115
f 1115//2116 1116//2116 1111//2116
f 1116//2117 1117//2117 1111//2117
f 1088//2118 1117//2118 1116//2118
f 1088//2119 1118//2119 1117//2119
f 1117//2120 1118//2120 1111//2120
f 1118//2121 1119//2121 1111//2121
f 1088//2122 1119//2122 1118//2122
f 1088//2123 1120//2123 1119//2123
f 1119//2124 1120//2124 1111//2124
f 1096//2125 1121//2125 1088//2125
f 1088//2126 1121//2126 1120//2126
f 1120//2127 1121//2127 1111//2127
f 1111//2128 1121//2128 1122//2128
f 1096//2129 1123//2129 1121//2129
f 1121//2130 1123//2130 1122//2130
f 1096//2131 1124//2131 1123//2131
f 1123//2132 1124//2132 1122//2132
f 1096//2133 1125//2133 1124//2133
f 1124//2134 1125//2134 1122//2134
f 1096//2135 1126//2135 1125//2135
f 1125//2136 1126//2136 1122//2136
f 1096//2137 1127//2137 1126//2137
f 1126//2138 1127//2138 1122//2138
f 1096//2139 1128//2139 1127//2139
f 1127//2140 1128//2140 1122//2140
f 1096//2141 1129//2141 1128//2141
f 1128//2142 1129//2142 1122//2142
f 1096//2143 1130//2143 1129//2143
f 1129//2144 1130//2144 1122//2144
f 1096//2145 1131//2145 1130//2145
f 1130//2146 1131//2146 1122//2146
f 1122//2147 1132//2147 1133//2147
f 1096//2148 1132//2148 1131//2148
f 1131//2149 1132//2149 1122//2149
f 1132//2150 1134//2150 1133//2150
f 1096//2151 1134//2151 1132//2151
f 1133//2152 1135//2152 1096//2152
f 1134//2153 1135//2153 1133//2153
f 1096//2154 1135//2154 1134//2154
f 1111//2155 1136//2155 1137//2155
f 1111//2156 1138//2156 1136//2156
f 1136//2157 1138//2157 1137//2157
f 1111//2158 1139//2158 1138//2158
f 1138//2159 1139//2159 1137//2159
f 1111//2160 1140//2160 1139//2160
f 1139//2161 1140//2161 1137//2161
f 1111//2162 1141//2162 1140//2162
f 1140//2163 1141//2163 1137//2163
f 1111//2164 1142//2164 1141//2164
f 1141//2165 1142//2165 1137//2165
f 1111//2166 1143//2166 1142//2166
f 1142//2167 1143//2167 1137//2167
f 1122//2168 1144//2168 1111//2168
f 1137//2169 1144//2169 1145//2169
f 1111//2170 1144//2170 1143//2170
f 1143//2171 1144//2171 1137//2171
f 1144//2172 1146//2172 1145//2172
f 1122//2173 1146//2173 1144//2173
f 1146//2174 1147//2174 1145//2174
f 1122//2175 1147//2175 1146//2175
f 1147//2176 1148//2176 1145//2176
f 1122//2177 1148//2177 1147//2177
f 1148//2178 1149//2178 1145//2178
f 1122//2179 1149//2179 1148//2179
f 1149//2180 1150//2180 1145//2180
f 1122//2181 1150//2181 1149//2181
f 1150//2182 1151//2182 1145//2182
f 1122//2183 1151//2183 1150//2183
f 1151//2184 1152//2184 1145//2184
f 1122//2185 1152//2185 1151//2185
f 1152//2186 1153//2186 1145//2186
f 1122//2187 1153//2187 1152//2187
f 1153//2188 1154//2188 1145//2188
f 1122//2189 1154//2189 1153//2189
f 1154//2190 1155//2190 1145//2190
f 1122//2191 1155//2191 1154//2191
f 1155//2192 1156//2192 1145//2192
f 1122//2193 1156//2193 1155//2193
f 1145//2194 1156//2194 1122//2194
f 1137//2195 1157//2195 1158//2195
f 1157//2196 1159//2196 1158//2196
f 1137//2197 1159//2197 1157//2197
f 1159//2198 1160//2198 1158//2198
f 1137//2199 1160//2199 1159//2199
f 1160//2200 1161//2200 1158//2200
f 1137//2201 1161//2201 1160//2201
f 1161//2202 1162//2202 1158//2202
f 1137//2203 1162//2203 1161//2203
f 1137//2204 1163//2204 1162//2204
f 1162//2205 1163//2205 1158//2205
f 1145//2206 1164//2206 1137//2206
f 1158//2207 1164//2207 1165//2207
f 1137//2208 1164//2208 1163//2208
f 1163//2209 1164//2209 1158//2209
f 1145//2210 1166//2210 1164//2210
f 1164//2211 1166//2211 1165//2211
f 1145//2212 1167//2212 1166//2212
f 1166//2213 1167//2213 1165//2213
f 1167//2214 1168//2214 1165//2214
f 1145//2215 1168//2215 1167//2215
f 1168//2216 1169//2216 1165//2216
f 1145//2217 1169//2217 1168//2217
f 1169//2218 1170//2218 1165//2218
f 1145//2219 1170//2219 1169//2219
f 1170//2220 1171//2220 1165//2220
f 1145//2221 1171//2221 1170//2221
f 1171//2222 1172//2222 1165//2222
f 1145//2223 1172//2223 1171//2223
f 1172//2224 1173//2224 1165//2224
f 1145//2225 1173//2225 1172//2225
f 1173//2226 1174//2226 1165//2226
f 1145//2227 1174//2227 1173//2227
f 1174//2228 1175//2228 1165//2228
f 1145//2229 1175//2229 1174//2229
f 1165//2230 1176//2230 1145//2230
f 1175//2231 1176//2231 1165//2231
f 1145//2232 1176//2232 1175//2232
f 1158//2233 1177//2233 1178//2233
f 1158//2234 1179//2234 1177//2234
f 1177//2235 1179//2235 1178//2235
f 1158//2236 1180//2236 1179//2236
f 1179//2237 1180//2237 1178//2237
f 1158//2238 1181//2238 1180//2238
f 1180//2239 1181//2239 1178//2239
f 1158//2240 1182//2240 1181//2240
f 1181//2241 1182//2241 1178//2241
f 1182//2242 1183//2242 1178//2242
f 1158//2243 1183//2243 1182//2243
f 1158//2244 1184//2244 1183//2244
f 1165//2245 1184//2245 1158//2245
f 1178//2246 1184//2246 1185//2246
f 1183//2247 1184//2247 1178//2247
f 1165//2248 1186//2248 1184//2248
f 1184//2249 1186//2249 1185//2249
f 1165//2250 1187//2250 1186//2250
f 1186//2251 1187//2251 1185//2251
f 1165//2252 1188//2252 1187//2252
f 1187//2253 1188//2253 1185//2253
f 1165//2254 1189//2254 1188//2254
f 1188//2255 1189//2255 1185//2255
f 1165//2256 1190//2256 1189//2256
f 1189//2257 1190//2257 1185//2257
f 1165//2258 1191//2258 1190//2258
f 1190//2259 1191//2259 1185//2259
f 1165//2260 1192//2260 1191//2260
f 1191//2261 1192//2261 1185//2261
f 1165//2262 1193//2262 1192//2262
f 1192//2263 1193//2263 1185//2263
f 1165//2264 1194//2264 1193//2264
f 1193//2265 1194//2265 1185//2265
f 1165//2266 1195//2266 1194//2266
f 1194//2267 1195//2267 1185//2267
f 1165//2268 1196//2268 1195//2268
f 1195//2269 1196//2269 1185//2269
f 1185//2270 1196//2270 1165//2270
f 1178//2271 1197//2271 1198//2271
f 1197//2272 1199//2272 1198//2272
f 1178//2273 1199//2273 1197//2273
f 1199//2274 1200//2274 1198//2274
f 1178//2275 1200//2275 1199//2275
f 1185//2276 1200//2276 1178//2276
f 1198//2277 1200//2277 1201//2277
f 1185//2278 1202//2278 1200//2278
f 1200//2279 1202//2279 1201//2279
f 1185//2280 1203//2280 1202//2280
f 1202//2281 1203//2281 1201//2281
f 1185//2282 1204//2282 1203//2282
f 1203//2283 1204//2283 1201//2283
f 1185//2284 1205//2284 1204//2284
f 1204//2285 1205//2285 1201//2285
f 1185//2286 1206//2286 1205//2286
f 1205//2287 1206//2287 1201//2287
f 1206//2288 1207//2288 1201//2288
f 1185//2289 1207//2289 1206//2289
f 1207//2290 1208//2290 1201//2290
f 1185//2291 1208//2291 1207//2291
f 1208//2292 1209//2292 1201//2292
f 1185//2293 1209//2293 1208//2293
f 1209//2294 1210//2294 1201//2294
f 1185//2295 1210//2295 1209//2295
f 1210//2296 1211//2296 1201//2296
f 1185//2297 1211//2297 1210//2297
f 1201//2298 1212//2298 1185//2298
f 1211//2299 1212//2299 1201//2299
f 1185//2300 1212//2300 1211//2300
f 1198//2301 1213//2301 29//2301
f 1198//2302 1214//2302 1213//2302
f 1213//2303 1214//2303 29//2303
f 1198//2304 1215//2304 1214//2304
f 1214//2305 1215//2305 29//2305
f 1198//2306 1216//2306 1215//2306
f 1215//2307 1216//2307 29//2307
f 1198//2308 1217//2308 1216//2308
f 1216//2309 1217//2309 29//2309
f 1198//2310 1218//2310 1217//2310
f 1217//2311 1218//2311 29//2311
f 1198//2312 1219//2312 1218//2312
f 1218//2313 1219//2313 29//2313
f 1219//2314 1220//2314 29//2314
f 1198//2315 1220//2315 1219//2315
f 1198//2316 1221//2316 1220//2316
f 1220//2317 1221//2317 29//2317
f 1198//2318 1222//2318 1221//2318
f 1221//2319 1222//2319 29//2319
f 1201//2320 1222//2320 1198//2320
f 29//2321 1222//2321 32//2321
f 1201//2322 1223//2322 1222//2322
f 1222//2323 1223//2323 32//2323
f 1201//2324 1224//2324 1223//2324
f 1223//2325 1224//2325 32//2325
f 1201//2326 1225//2326 1224//2326
f 1224//2327 1225//2327 32//2327
f 1201//2328 1226//2328 1225//2328
f 1225//2329 1226//2329 32//2329
f 1201//2330 1227//2330 1226//2330
f 1226//2331 1227//2331 32//2331
f 1201//2332 1228//2332 1227//2332
f 1227//2333 1228//2333 32//2333
f 1201//2334 1229//2334 1228//2334
f 1228//2335 1229//2335 32//2335
f 1201//2336 1230//2336 1229//2336
f 1229//2337 1230//2337 32//2337
f 1201//2338 1231//2338 1230//2338
f 1230//2339 1231//2339 32//2339
f 1201//2340 1232//2340 1231//2340
f 1231//2341 1232//2341 32//2341
f 1201//2342 1233//2342 1232//2342
f 1232//2343 1233//2343 32//2343
f 32//2344 1233//2344 1201//2344
f 31//2345 1234//2345 1235//2345
f 1234//2346 1236//2346 1235//2346
f 31//2347 1236//2347 1234//2347
f 1236//2348 1237//2348 1235//2348
f 31//2349 1237//2349 1236//2349
f 1235//2350 1238//2350 1239//2350
f 1237//2351 1238//2351 1235//2351
f 31//2352 1238//2352 1237//2352
f 30//2353 1238//2353 31//2353
f 1238//2354 1240//2354 1239//2354
f 30//2355 1240//2355 1238//2355
f 1240//2356 1241//2356 1239//2356
f 30//2357 1241//2357 1240//2357
f 1241//2358 1242//2358 1239//2358
f 30//2359 1242//2359 1241//2359
f 1242//2360 1243//2360 1239//2360
f 30//2361 1243//2361 1242//2361
f 1243//2362 1244//2362 1239//2362
f 30//2363 1244//2363 1243//2363
f 1244//2364 1245//2364 1239//2364
f 30//2365 1245//2365 1244//2365
f 1245//2366 1246//2366 1239//2366
f 30//2367 1246//2367 1245//2367
f 1246//2368 1247//2368 1239//2368
f 30//2369 1247//2369 1246//2369
f 1247//2370 1248//2370 1239//2370
f 30//2371 1248//2371 1247//2371
f 1248//2372 1249//2372 1239//2372
f 30//2373 1249//2373 1248//2373
f 1239//2374 1250//2374 30//2374
f 1249//2375 1250//2375 1239//2375
f 30//2376 1250//2376 1249//2376
f 37//2377 1251//2377 35//2377
f 1252//2378 1251//2378 37//2378
f 3//2379 1252//2379 37//2379
f 1253//2380 1252//2380 3//2380
f 2//2381 1253//2381 3//2381
f 1254//2382 1253//2382 2//2382
f 83//2383 1254//2383 2//2383
f 1255//2384 1254//2384 83//2384
f 107//2385 1255//2385 83//2385
f 1256//2386 1255//2386 107//2386
f 150//2387 1256//2387 107//2387
f 1257//2388 1256//2388 150//2388
f 175//2389 1257//2389 150//2389
f 1258//2390 1257//2390 175//2390
f 198//2391 1258//2391 175//2391
f 1259//2392 1258//2392 198//2392
f 225//2393 1259//2393 198//2393
f 1260//2394 1259//2394 225//2394
f 250//2395 1260//2395 225//2395
f 1261//2396 1260//2396 250//2396
f 270//2397 1261//2397 250//2397
f 1262//2398 1261//2398 270//2398
f 288//2399 1262//2399 270//2399
f 1263//2400 1262//2400 288//2400
f 5//2401 1263//2401 288//2401
f 1264//2402 1263//2402 5//2402
f 7//2403 1264//2403 5//2403
f 1265//2404 1264//2404 7//2404
f 328//2405 1265//2405 7//2405
f 1266//2406 1265//2406 328//2406
f 350//2407 1266//2407 328//2407
f 1267//2408 1266//2408 350//2408
f 373//2409 1267//2409 350//2409
f 1268//2410 1267//2410 373//2410
f 398//2411 1268//2411 373//2411
f 1269//2412 1268//2412 398//2412
f 416//2413 1269//2413 398//2413
f 1270//2414 1269//2414 416//2414
f 437//2415 1270//2415 416//2415
f 1271//2416 1270//2416 437//2416
f 458//2417 1271//2417 437//2417
f 1272//2418 1271//2418 458//2418
f 476//2419 1272//2419 458//2419
f 1273//2420 1272//2420 476//2420
f 492//2421 1273//2421 476//2421
f 1274//2422 1273//2422 492//2422
f 510//2423 1274//2423 492//2423
f 1275//2424 1274//2424 510//2424
f 528//2425 1275//2425 510//2425
f 1276//2426 1275//2426 528//2426
f 11//2427 1276//2427 528//2427
f 1277//2428 1276//2428 11//2428
f 10//2429 1277//2429 11//2429
f 1278//2430 1277//2430 10//2430
f 609//2431 1278//2431 10//2431
f 1279//2432 1278//2432 609//2432
f 634//2433 1279//2433 609//2433
f 1280//2434 1279//2434 634//2434
f 657//2435 1280//2435 634//2435
f 1281//2436 1280//2436 657//2436
f 15//2437 1281//2437 657//2437
f 1282//2438 1281//2438 15//2438
f 16//2439 1282//2439 15//2439
f 1283//2440 1282//2440 16//2440
f 724//2441 1283//2441 16//2441
f 1284//2442 1283//2442 724//2442
f 19//2443 1284//2443 724//2443
f 1285//2444 1284//2444 19//2444
f 20//2445 1285//2445 19//2445
f 1286//2446 1285//2446 20//2446
f 780//2447 1286//2447 20//2447
f 1287//2448 1286//2448 780//2448
f 23//2449 1287//2449 780//2449
f 1288//2450 1287//2450 23//2450
f 24//2451 1288//2451 23//2451
f 1289//2452 1288//2452 24//2452
f 818//2453 1289//2453 24//2453
f 1290//2454 1289//2454 818//2454
f 1291//2455 1290//2455 818//2455
f 842//2456 1291//2456 818//2456
f 1292//2457 1291//2457 842//2457
f 857//2458 1292//2458 842//2458
f 1293//2459 1292//2459 857//2459
f 879//2460 1293//2460 857//2460
f 1294//2461 1293//2461 879//2461
f 901//2462 1294//2462 879//2462
f 901//2463 1295//2463 1294//2463
f 1296//2464 1295//2464 901//2464
f 924//2465 1296//2465 901//2465
f 1297//2466 1296//2466 924//2466
f 25//2467 1297//2467 924//2467
f 1298//2468 1297//2468 25//2468
f 27//2469 1298//2469 25//2469
f 1299//2470 1298//2470 27//2470
f 988//2471 1300//2471 1299//2471
f 988//2472 1299//2472 27//2472
f 1301//2473 1300//2473 988//2473
f 1027//2474 1301//2474 988//2474
f 1302//2475 1301//2475 1027//2475
f 1052//2476 1302//2476 1027//2476
f 1303//2477 1302//2477 1052//2477
f 1067//2478 1303//2478 1052//2478
f 1304//2479 1303//2479 1067//2479
f 1088//2480 1304//2480 1067//2480
f 1305//2481 1304//2481 1088//2481
f 1109//2482 1305//2482 1088//2482
f 1306//2483 1305//2483 1109//2483
f 1111//2484 1306//2484 1109//2484
f 1307//2485 1306//2485 1111//2485
f 1137//2486 1307//2486 1111//2486
f 1308//2487 1307//2487 1137//2487
f 1158//2488 1309//2488 1308//2488
f 1158//2489 1308//2489 1137//2489
f 1310//2490 1309//2490 1158//2490
f 1178//2491 1310//2491 1158//2491
f 1311//2492 1310//2492 1178//2492
f 1198//2493 1312//2493 1311//2493
f 1198//2494 1311//2494 1178//2494
f 29//2495 1312//2495 1198//2495
f 1313//2496 1312//2496 29//2496
f 31//2497 1313//2497 29//2497
f 1314//2498 1313//2498 31//2498
f 1235//2499 1314//2499 31//2499
f 1315//2500 1314//2500 1235//2500
f 1316//2501 1235//2501 1239//2501
f 1316//2502 1315//2502 1235//2502
f 1317//2503 1316//2503 1239//2503
f 30//2504 1317//2504 1239//2504
f 1318//2505 1317//2505 30//2505
f 32//2506 1318//2506 30//2506
f 1319//2507 1318//2507 32//2507
f 1319//2508 32//2508 1201//2508
f 1320//2509 1319//2509 1201//2509
f 1185//2510 1320//2510 1201//2510
f 1321//2511 1320//2511 1185//2511
f 1165//2512 1321//2512 1185//2512
f 1322//2513 1321//2513 1165//2513
f 1323//2514 1322//2514 1165//2514
f 1145//2515 1323//2515 1165//2515
f 1324//2516 1323//2516 1145//2516
f 1122//2517 1324//2517 1145//2517
f 1325//2518 1324//2518 1122//2518
f 1133//2519 1325//2519 1122//2519
f 1326//2520 1325//2520 1133//2520
f 1096//2521 1326//2521 1133//2521
f 1327//2522 1326//2522 1096//2522
f 1075//2523 1327//2523 1096//2523
f 1328//2524 1327//2524 1075//2524
f 1054//2525 1328//2525 1075//2525
f 1329//2526 1328//2526 1054//2526
f 1038//2527 1329//2527 1054//2527
f 1330//2528 1329//2528 1038//2528
f 996//2529 1330//2529 1038//2529
f 1331//2530 1330//2530 996//2530
f 1332//2531 1331//2531 996//2531
f 26//2532 1332//2532 996//2532
f 1333//2533 1332//2533 26//2533
f 28//2534 1333//2534 26//2534
f 1334//2535 1333//2535 28//2535
f 931//2536 1334//2536 28//2536
f 1335//2537 1334//2537 931//2537
f 911//2538 1335//2538 931//2538
f 1336//2539 1335//2539 911//2539
f 1337//2540 1336//2540 911//2540
f 888//2541 1337//2541 911//2541
f 1338//2542 1337//2542 888//2542
f 866//2543 1338//2543 888//2543
f 1339//2544 1338//2544 866//2544
f 844//2545 1339//2545 866//2545
f 1340//2546 1339//2546 844//2546
f 829//2547 1340//2547 844//2547
f 1341//2548 1340//2548 829//2548
f 1342//2549 1341//2549 829//2549
f 22//2550 1342//2550 829//2550
f 1343//2551 1342//2551 22//2551
f 21//2552 1343//2552 22//2552
f 1344//2553 1343//2553 21//2553
f 792//2554 1344//2554 21//2554
f 1345//2555 1344//2555 792//2555
f 18//2556 1345//2556 792//2556
f 1346//2557 1345//2557 18//2557
f 17//2558 1346//2558 18//2558
f 1347//2559 1346//2559 17//2559
f 735//2560 1347//2560 17//2560
f 1348//2561 1347//2561 735//2561
f 14//2562 1348//2562 735//2562
f 1349//2563 1348//2563 14//2563
f 13//2564 1349//2564 14//2564
f 1350//2565 1349//2565 13//2565
f 672//2566 1350//2566 13//2566
f 1351//2567 1350//2567 672//2567
f 647//2568 1351//2568 672//2568
f 1352//2569 1351//2569 647//2569
f 620//2570 1352//2570 647//2570
f 1353//2571 1352//2571 620//2571
f 12//2572 1353//2572 620//2572
f 1354//2573 1353//2573 12//2573
f 9//2574 1354//2574 12//2574
f 1355//2575 1354//2575 9//2575
f 532//2576 1355//2576 9//2576
f 1356//2577 1355//2577 532//2577
f 515//2578 1356//2578 532//2578
f 1357//2579 1356//2579 515//2579
f 497//2580 1357//2580 515//2580
f 1358//2581 1357//2581 497//2581
f 479//2582 1358//2582 497//2582
f 1359//2583 1358//2583 479//2583
f 463//2584 1359//2584 479//2584
f 1360//2585 1359//2585 463//2585
f 445//2586 1360//2586 463//2586
f 1361//2587 1360//2587 445//2587
f 424//2588 1361//2588 445//2588
f 1362//2589 1361//2589 424//2589
f 403//2590 1362//2590 424//2590
f 1363//2591 1362//2591 403//2591
f 385//2592 1363//2592 403//2592
f 1364//2593 1363//2593 385//2593
f 368//2594 1364//2594 385//2594
f 1365//2595 1364//2595 368//2595
f 337//2596 1365//2596 368//2596
f 1366//2597 1365//2597 337//2597
f 6//2598 1366//2598 337//2598
f 1367//2599 1366//2599 6//2599
f 8//2600 1367//2600 6//2600
f 1368//2601 1367//2601 8//2601
f 296//2602 1368//2602 8//2602
f 1369//2603 1368//2603 296//2603
f 275//2604 1369//2604 296//2604
f 1370//2605 1369//2605 275//2605
f 257//2606 1370//2606 275//2606
f 1371//2607 1370//2607 257//2607
f 237//2608 1371//2608 257//2608
f 1372//2609 1371//2609 237//2609
f 219//2610 1372//2610 237//2610
f 1373//2611 1372//2611 219//2611
f 193//2612 1373//2612 219//2612
f 1374//2613 1373//2613 193//2613
f 162//2614 1374//2614 193//2614
f 1375//2615 1374//2615 162//2615
f 118//2616 1375//2616 162//2616
f 1376//2617 1375//2617 118//2617
f 94//2618 1376//2618 118//2618
f 1377//2619 94//2619 4//2619
f 1377//2620 1376//2620 94//2620
f 1378//2621 4//2621 1//2621
f 1378//2622 1377//2622 4//2622
f 1379//2623 1//2623 53//2623
f 1379//2624 1378//2624 1//2624
f 1380//2625 53//2625 33//2625
f 1380//2626 1379//2626 53//2626
f 1251//2627 33//2627 35//2627
f 1251//2628 1380//2628 33//2628
f 1252//2629 1380//2629 1251//2629
f 1379//2630 1380//2630 1252//2630
f 1253//2631 1379//2631 1252//2631
f 1378//2632 1379//2632 1253//2632
f 1254//2633 1378//2633 1253//2633
f 1377//2634 1378//2634 1254//2634
f 1255//2635 1377//2635 1254//2635
f 1376//2636 1377//2636 1255//2636
f 1258//2637 1374//2637 1257//2637
f 1373//2638 1374//2638 1258//2638
f 1259//2639 1373//2639 1258//2639
f 1372//2640 1373//2640 1259//2640
f 1260//2641 1372//2641 1259//2641
f 1371//2642 1372//2642 1260//2642
f 1261//2643 1371//2643 1260//2643
f 1370//2644 1371//2644 1261//2644
f 1262//2645 1370//2645 1261//2645
f 1369//2646 1370//2646 1262//2646
f 1263//2647 1369//2647 1262//2647
f 1368//2648 1369//2648 1263//2648
f 1264//2649 1368//2649 1263//2649
f 1367//2650 1368//2650 1264//2650
f 1265//2651 1367//2651 1264//2651
f 1366//2652 1367//2652 1265//2652
f 1266//2653 1366//2653 1265//2653
f 1365//2654 1366//2654 1266//2654
f 1267//2655 1365//2655 1266//2655
f 1364//2656 1365//2656 1267//2656
f 1268//2657 1364//2657 1267//2657
f 1363//2658 1364//2658 1268//2658
f 1269//2659 1363//2659 1268//2659
f 1362//2660 1363//2660 1269//2660
f 1270//2661 1362//2661 1269//2661
f 1361//2662 1362//2662 1270//2662
f 1271//2663 1361//2663 1270//2663
f 1360//2664 1361//2664 1271//2664
f 1272//2665 1360//2665 1271//2665
f 1359//2666 1360//2666 1272//2666
f 1273//2667 1359//2667 1272//2667
f 1358//2668 1359//2668 1273//2668
f 1274//2669 1358//2669 1273//2669
f 1357//2670 1358//2670 1274//2670
f 1275//2671 1357//2671 1274//2671
f 1356//2672 1357//2672 1275//2672
f 1276//2673 1356//2673 1275//2673
f 1355//2674 1356//2674 1276//2674
f 1277//2675 1355//2675 1276//2675
f 1354//2676 1355//2676 1277//2676
f 1278//2677 1354//2677 1277//2677
f 1353//2678 1354//2678 1278//2678
f 1279//2679 1353//2679 1278//2679
f 1352//2680 1353//2680 1279//2680
f 1280//2681 1352//2681 1279//2681
f 1351//2682 1352//2682 1280//2682
f 1281//2683 1351//2683 1280//2683
f 1350//2684 1351//2684 1281//2684
f 1282//2685 1350//2685 1281//2685
f 1349//2686 1350//2686 1282//2686
f 1283//2687 1349//2687 1282//2687
f 1348//2688 1349//2688 1283//2688
f 1284//2689 1348//2689 1283//2689
f 1347//2690 1348//2690 1284//2690
f 1285//2691 1347//2691 1284//2691
f 1346//2692 1347//2692 1285//2692
f 1286//2693 1346//2693 1285//2693
f 1345//2694 1346//2694 1286//2694
f 1287//2695 1345//2695 1286//2695
f 1344//2696 1345//2696 1287//2696
f 1288//2697 1344//2697 1287//2697
f 1343//2698 1344//2698 1288//2698
f 1289//2699 1343//2699 1288//2699
f 1342//2700 1343//2700 1289//2700
f 1290//2701 1342//2701 1289//2701
f 1341//2702 1342//2702 1290//2702
f 1291//2703 1341//2703 1290//2703
f 1340//2704 1341//2704 1291//2704
f 1292//2705 1340//2705 1291//2705
f 1339//2706 1340//2706 1292//2706
f 1293//2707 1339//2707 1292//2707
f 1338//2708 1339//2708 1293//2708
f 1294//2709 1338//2709 1293//2709
f 1337//2710 1338//2710 1294//2710
f 1295//2711 1337//2711 1294//2711
f 1336//2712 1337//2712 1295//2712
f 1296//2713 1336//2713 1295//2713
f 1335//2714 1336//2714 1296//2714
f 1297//2715 1335//2715 1296//2715
f 1334//2716 1335//2716 1297//2716
f 1298//2717 1334//2717 1297//2717
f 1333//2718 1334//2718 1298//2718
f 1299//2719 1333//2719 1298//2719
f 1332//2720 1333//2720 1299//2720
f 1300//2721 1332//2721 1299//2721
f 1331//2722 1332//2722 1300//2722
f 1301//2723 1331//2723 1300//2723
f 1330//2724 1331//2724 1301//2724
f 1302//2725 1330//2725 1301//2725
f 1329//2726 1330//2726 1302//2726
f 1303//2727 1329//2727 1302//2727
f 1328//2728 1329//2728 1303//2728
f 1304//2729 1328//2729 1303//2729
f 1327//2730 1328//2730 1304//2730
f 1305//2731 1327//2731 1304//2731
f 1326//2732 1327//2732 1305//2732
f 1306//2733 1326//2733 1305//2733
f 1325//2734 1326//2734 1306//2734
f 1307//2735 1325//2735 1306//2735
f 1324//2736 1325//2736 1307//2736
f 1308//2737 1324//2737 1307//2737
f 1323//2738 1324//2738 1308//2738
f 1309//2739 1323//2739 1308//2739
f 1322//2740 1323//2740 1309//2740
f 1310//2741 1322//2741 1309//2741
f 1321//2742 1322//2742 1310//2742
f 1311//2743 1321//2743 1310//2743
f 1320//2744 1321//2744 1311//2744
f 1312//2745 1320//2745 1311//2745
f 1319//2746 1320//2746 1312//2746
f 1313//2747 1319//2747 1312//2747
f 1318//2748 1319//2748 1313//2748
f 1381//2749 1375//2749 1376//2749
f 1381//2750 1376//2750 1255//2750
f 1381//2751 1256//2751 1375//2751
f 1381//2752 1255//2752 1256//2752
f 1382//2753 1374//2753 1375//2753
f 1382//2754 1375//2754 1256//2754
f 1382//2755 1257//2755 1374//2755
f 1382//2756 1256//2756 1257//2756
f 1383//2757 1313//2757 1314//2757
f 1383//2758 1314//2758 1315//2758
f 1383//2759 1315//2759 1316//2759
f 1383//2760 1317//2760 1318//2760
f 1383//2761 1316//2761 1317//2761
f 1383//2762 1318//2762 1313//2762
g MeshExport001
g MeshExport002
g MeshExport003
g MeshExport004
g MeshExport005
g MeshExport006
g MeshExport007
g MeshExport008
f 1384//2763 1385//2763 1386//2763
f 1384//2764 1387//2764 1385//2764
f 1388//2765 1389//2765 1390//2765
f 1391//2766 1389//2766 1388//2766
f 1392//2767 1393//2767 1394//2767
f 1392//2768 1395//2768 1393//2768
f 1396//2769 1397//2769 1398//2769
f 1398//2770 1397//2770 1399//2770
f 1400//2771 1401//2771 1402//2771
f 1402//2772 1401//2772 1403//2772
f 1404//2773 1405//2773 1406//2773
f 1406//2774 1405//2774 1407//2774
f 1408//2775 1409//2775 1410//2775
f 1411//2776 1409//2776 1408//2776
f 1412//2777 1413//2777 1414//2777
f 1415//2778 1413//2778 1412//2778
f 1416//2779 1417//2779 1418//2779
f 1418//2780 1419//2780 1420//2780
f 1419//2781 1421//2781 1420//2781
f 1418//2782 1421//2782 1419//2782
f 1421//2783 1422//2783 1420//2783
f 1418//2784 1422//2784 1421//2784
f 1422//2785 1423//2785 1420//2785
f 1418//2786 1423//2786 1422//2786
f 1423//2787 1424//2787 1420//2787
f 1418//2788 1424//2788 1423//2788
f 1424//2789 1425//2789 1420//2789
f 1418//2790 1425//2790 1424//2790
f 1425//2791 1426//2791 1420//2791
f 1418//2792 1426//2792 1425//2792
f 1418//2793 1427//2793 1426//2793
f 1426//2794 1427//2794 1420//2794
f 1418//2795 1428//2795 1427//2795
f 1417//2796 1429//2796 1418//2796
f 1418//2797 1429//2797 1428//2797
f 1417//2798 1430//2798 1429//2798
f 1417//2799 1431//2799 1430//2799
f 1417//2800 1432//2800 1431//2800
f 1417//2801 1433//2801 1432//2801
f 1417//2802 1434//2802 1433//2802
f 1417//2803 1435//2803 1434//2803
f 1434//2804 1435//2804 1436//2804
f 1417//2805 1437//2805 1435//2805
f 1435//2806 1437//2806 1436//2806
f 1417//2807 1438//2807 1437//2807
f 1437//2808 1438//2808 1436//2808
f 1438//2809 1439//2809 1436//2809
f 1417//2810 1439//2810 1438//2810
f 1439//2811 1440//2811 1436//2811
f 1417//2812 1440//2812 1439//2812
f 1440//2813 1441//2813 1436//2813
f 1417//2814 1441//2814 1440//2814
f 1436//2815 1442//2815 1416//2815
f 1416//2816 1442//2816 1417//2816
f 1441//2817 1442//2817 1436//2817
f 1417//2818 1442//2818 1441//2818
f 1420//2819 1443//2819 1386//2819
f 1420//2820 1444//2820 1443//2820
f 1443//2821 1444//2821 1386//2821
f 1420//2822 1445//2822 1444//2822
f 1444//2823 1445//2823 1386//2823
f 1445//2824 1446//2824 1386//2824
f 1420//2825 1446//2825 1445//2825
f 1446//2826 1447//2826 1386//2826
f 1420//2827 1447//2827 1446//2827
f 1447//2828 1448//2828 1386//2828
f 1420//2829 1448//2829 1447//2829
f 1448//2830 1449//2830 1386//2830
f 1420//2831 1449//2831 1448//2831
f 1449//2832 1450//2832 1386//2832
f 1427//2833 1450//2833 1420//2833
f 1420//2834 1450//2834 1449//2834
f 1428//2835 1450//2835 1427//2835
f 1450//2836 1451//2836 1386//2836
f 1428//2837 1451//2837 1450//2837
f 1451//2838 1452//2838 1386//2838
f 1429//2839 1452//2839 1428//2839
f 1428//2840 1452//2840 1451//2840
f 1430//2841 1452//2841 1429//2841
f 1386//2842 1453//2842 1384//2842
f 1430//2843 1453//2843 1452//2843
f 1452//2844 1453//2844 1386//2844
f 1453//2845 1454//2845 1384//2845
f 1430//2846 1454//2846 1453//2846
f 1431//2847 1454//2847 1430//2847
f 1432//2848 1454//2848 1431//2848
f 1454//2849 1455//2849 1384//2849
f 1432//2850 1455//2850 1454//2850
f 1433//2851 1456//2851 1432//2851
f 1455//2852 1456//2852 1384//2852
f 1432//2853 1456//2853 1455//2853
f 1434//2854 1457//2854 1433//2854
f 1436//2855 1457//2855 1434//2855
f 1456//2856 1457//2856 1384//2856
f 1433//2857 1457//2857 1456//2857
f 1436//2858 1458//2858 1457//2858
f 1457//2859 1458//2859 1384//2859
f 1436//2860 1459//2860 1458//2860
f 1458//2861 1459//2861 1384//2861
f 1436//2862 1460//2862 1459//2862
f 1459//2863 1460//2863 1384//2863
f 1436//2864 1461//2864 1460//2864
f 1460//2865 1461//2865 1384//2865
f 1461//2866 1462//2866 1384//2866
f 1436//2867 1462//2867 1461//2867
f 1436//2868 1463//2868 1462//2868
f 1462//2869 1463//2869 1384//2869
f 1384//2870 1464//2870 1436//2870
f 1463//2871 1464//2871 1384//2871
f 1436//2872 1464//2872 1463//2872
f 1385//2873 1465//2873 1466//2873
f 1385//2874 1467//2874 1465//2874
f 1465//2875 1467//2875 1466//2875
f 1385//2876 1468//2876 1467//2876
f 1467//2877 1468//2877 1466//2877
f 1385//2878 1469//2878 1468//2878
f 1468//2879 1469//2879 1466//2879
f 1385//2880 1470//2880 1469//2880
f 1469//2881 1470//2881 1466//2881
f 1385//2882 1471//2882 1470//2882
f 1470//2883 1471//2883 1466//2883
f 1385//2884 1472//2884 1471//2884
f 1471//2885 1472//2885 1466//2885
f 1385//2886 1473//2886 1472//2886
f 1472//2887 1473//2887 1466//2887
f 1385//2888 1474//2888 1473//2888
f 1473//2889 1474//2889 1466//2889
f 1385//2890 1475//2890 1474//2890
f 1474//2891 1475//2891 1466//2891
f 1385//2892 1476//2892 1475//2892
f 1475//2893 1476//2893 1466//2893
f 1387//2894 1476//2894 1385//2894
f 1466//2895 1476//2895 1477//2895
f 1476//2896 1478//2896 1477//2896
f 1387//2897 1478//2897 1476//2897
f 1478//2898 1479//2898 1477//2898
f 1387//2899 1479//2899 1478//2899
f 1479//2900 1480//2900 1477//2900
f 1387//2901 1480//2901 1479//2901
f 1480//2902 1481//2902 1477//2902
f 1387//2903 1481//2903 1480//2903
f 1481//2904 1482//2904 1477//2904
f 1387//2905 1482//2905 1481//2905
f 1482//2906 1483//2906 1477//2906
f 1387//2907 1483//2907 1482//2907
f 1483//2908 1484//2908 1477//2908
f 1387//2909 1484//2909 1483//2909
f 1484//2910 1485//2910 1477//2910
f 1387//2911 1485//2911 1484//2911
f 1485//2912 1486//2912 1477//2912
f 1387//2913 1486//2913 1485//2913
f 1486//2914 1487//2914 1477//2914
f 1387//2915 1487//2915 1486//2915
f 1477//2916 1488//2916 1387//2916
f 1487//2917 1488//2917 1477//2917
f 1387//2918 1488//2918 1487//2918
f 1466//2919 1489//2919 1490//2919
f 1466//2920 1491//2920 1489//2920
f 1489//2921 1491//2921 1490//2921
f 1466//2922 1492//2922 1491//2922
f 1491//2923 1492//2923 1490//2923
f 1466//2924 1493//2924 1492//2924
f 1492//2925 1493//2925 1490//2925
f 1466//2926 1494//2926 1493//2926
f 1493//2927 1494//2927 1490//2927
f 1466//2928 1495//2928 1494//2928
f 1494//2929 1495//2929 1490//2929
f 1466//2930 1496//2930 1495//2930
f 1495//2931 1496//2931 1490//2931
f 1477//2932 1497//2932 1466//2932
f 1466//2933 1497//2933 1496//2933
f 1477//2934 1498//2934 1497//2934
f 1477//2935 1499//2935 1498//2935
f 1499//2936 1500//2936 1501//2936
f 1477//2937 1500//2937 1499//2937
f 1500//2938 1502//2938 1501//2938
f 1477//2939 1502//2939 1500//2939
f 1502//2940 1503//2940 1501//2940
f 1477//2941 1503//2941 1502//2941
f 1503//2942 1504//2942 1501//2942
f 1477//2943 1504//2943 1503//2943
f 1504//2944 1505//2944 1501//2944
f 1477//2945 1505//2945 1504//2945
f 1505//2946 1506//2946 1501//2946
f 1477//2947 1506//2947 1505//2947
f 1506//2948 1507//2948 1501//2948
f 1477//2949 1507//2949 1506//2949
f 1507//2950 1508//2950 1501//2950
f 1477//2951 1508//2951 1507//2951
f 1501//2952 1509//2952 1477//2952
f 1508//2953 1509//2953 1501//2953
f 1477//2954 1509//2954 1508//2954
f 1490//2955 1510//2955 1511//2955
f 1490//2956 1512//2956 1510//2956
f 1490//2957 1513//2957 1512//2957
f 1490//2958 1514//2958 1513//2958
f 1490//2959 1515//2959 1514//2959
f 1490//2960 1516//2960 1515//2960
f 1490//2961 1517//2961 1516//2961
f 1490//2962 1518//2962 1517//2962
f 1490//2963 1519//2963 1518//2963
f 1496//2964 1519//2964 1490//2964
f 1496//2965 1520//2965 1519//2965
f 1497//2966 1520//2966 1496//2966
f 1497//2967 1521//2967 1520//2967
f 1498//2968 1521//2968 1497//2968
f 1498//2969 1522//2969 1521//2969
f 1501//2970 1522//2970 1499//2970
f 1499//2971 1522//2971 1498//2971
f 1501//2972 1523//2972 1522//2972
f 1501//2973 1524//2973 1523//2973
f 1501//2974 1525//2974 1524//2974
f 1501//2975 1526//2975 1525//2975
f 1501//2976 1527//2976 1526//2976
f 1501//2977 1528//2977 1527//2977
f 1501//2978 1529//2978 1528//2978
f 1501//2979 1530//2979 1529//2979
f 1501//2980 1531//2980 1530//2980
f 1490//2981 1532//2981 1533//2981
f 1511//2982 1532//2982 1490//2982
f 1511//2983 1534//2983 1532//2983
f 1532//2984 1534//2984 1533//2984
f 1510//2985 1535//2985 1511//2985
f 1512//2986 1535//2986 1510//2986
f 1511//2987 1535//2987 1534//2987
f 1534//2988 1535//2988 1533//2988
f 1512//2989 1536//2989 1535//2989
f 1535//2990 1536//2990 1533//2990
f 1514//2991 1537//2991 1513//2991
f 1512//2992 1537//2992 1536//2992
f 1536//2993 1537//2993 1533//2993
f 1513//2994 1537//2994 1512//2994
f 1514//2995 1538//2995 1537//2995
f 1537//2996 1538//2996 1533//2996
f 1515//2997 1539//2997 1514//2997
f 1514//2998 1539//2998 1538//2998
f 1538//2999 1539//2999 1533//2999
f 1516//3000 1540//3000 1515//3000
f 1515//3001 1540//3001 1539//3001
f 1539//3002 1540//3002 1533//3002
f 1518//3003 1541//3003 1517//3003
f 1516//3004 1541//3004 1540//3004
f 1517//3005 1541//3005 1516//3005
f 1540//3006 1541//3006 1533//3006
f 1541//3007 1542//3007 1533//3007
f 1518//3008 1542//3008 1541//3008
f 1542//3009 1543//3009 1533//3009
f 1519//3010 1543//3010 1518//3010
f 1520//3011 1543//3011 1519//3011
f 1518//3012 1543//3012 1542//3012
f 1520//3013 1544//3013 1543//3013
f 1533//3014 1544//3014 1545//3014
f 1543//3015 1544//3015 1533//3015
f 1521//3016 1546//3016 1520//3016
f 1544//3017 1546//3017 1545//3017
f 1520//3018 1546//3018 1544//3018
f 1522//3019 1547//3019 1521//3019
f 1521//3020 1547//3020 1546//3020
f 1546//3021 1547//3021 1545//3021
f 1523//3022 1548//3022 1522//3022
f 1524//3023 1548//3023 1523//3023
f 1522//3024 1548//3024 1547//3024
f 1547//3025 1548//3025 1545//3025
f 1548//3026 1549//3026 1545//3026
f 1524//3027 1549//3027 1548//3027
f 1525//3028 1549//3028 1524//3028
f 1525//3029 1550//3029 1549//3029
f 1549//3030 1550//3030 1545//3030
f 1525//3031 1551//3031 1550//3031
f 1550//3032 1551//3032 1545//3032
f 1526//3033 1551//3033 1525//3033
f 1526//3034 1552//3034 1551//3034
f 1527//3035 1552//3035 1526//3035
f 1551//3036 1552//3036 1545//3036
f 1527//3037 1553//3037 1552//3037
f 1552//3038 1553//3038 1545//3038
f 1528//3039 1553//3039 1527//3039
f 1553//3040 1554//3040 1545//3040
f 1528//3041 1554//3041 1553//3041
f 1529//3042 1554//3042 1528//3042
f 1530//3043 1554//3043 1529//3043
f 1554//3044 1555//3044 1545//3044
f 1530//3045 1555//3045 1554//3045
f 1545//3046 1556//3046 1501//3046
f 1555//3047 1556//3047 1545//3047
f 1530//3048 1556//3048 1555//3048
f 1501//3049 1556//3049 1531//3049
f 1531//3050 1556//3050 1530//3050
f 1533//3051 1557//3051 1558//3051
f 1533//3052 1559//3052 1557//3052
f 1557//3053 1559//3053 1558//3053
f 1559//3054 1560//3054 1558//3054
f 1533//3055 1560//3055 1559//3055
f 1560//3056 1561//3056 1558//3056
f 1533//3057 1561//3057 1560//3057
f 1561//3058 1562//3058 1558//3058
f 1533//3059 1562//3059 1561//3059
f 1562//3060 1563//3060 1558//3060
f 1533//3061 1563//3061 1562//3061
f 1533//3062 1564//3062 1563//3062
f 1533//3063 1565//3063 1564//3063
f 1533//3064 1566//3064 1565//3064
f 1533//3065 1567//3065 1566//3065
f 1545//3066 1568//3066 1533//3066
f 1533//3067 1568//3067 1567//3067
f 1545//3068 1569//3068 1568//3068
f 1545//3069 1570//3069 1569//3069
f 1545//3070 1571//3070 1570//3070
f 1545//3071 1572//3071 1571//3071
f 1545//3072 1573//3072 1572//3072
f 1545//3073 1574//3073 1573//3073
f 1574//3074 1575//3074 1576//3074
f 1545//3075 1575//3075 1574//3075
f 1575//3076 1577//3076 1576//3076
f 1545//3077 1577//3077 1575//3077
f 1577//3078 1578//3078 1576//3078
f 1545//3079 1578//3079 1577//3079
f 1578//3080 1579//3080 1576//3080
f 1545//3081 1579//3081 1578//3081
f 1576//3082 1580//3082 1545//3082
f 1579//3083 1580//3083 1576//3083
f 1545//3084 1580//3084 1579//3084
f 1581//3085 1582//3085 1583//3085
f 1581//3086 1584//3086 1582//3086
f 1581//3087 1585//3087 1584//3087
f 1558//3088 1585//3088 1581//3088
f 1558//3089 1586//3089 1585//3089
f 1558//3090 1587//3090 1586//3090
f 1558//3091 1588//3091 1587//3091
f 1563//3092 1588//3092 1558//3092
f 1564//3093 1588//3093 1563//3093
f 1564//3094 1589//3094 1588//3094
f 1564//3095 1590//3095 1589//3095
f 1565//3096 1590//3096 1564//3096
f 1566//3097 1590//3097 1565//3097
f 1566//3098 1591//3098 1590//3098
f 1566//3099 1592//3099 1591//3099
f 1567//3100 1592//3100 1566//3100
f 1568//3101 1592//3101 1567//3101
f 1568//3102 1593//3102 1592//3102
f 1569//3103 1593//3103 1568//3103
f 1569//3104 1594//3104 1593//3104
f 1569//3105 1595//3105 1594//3105
f 1570//3106 1595//3106 1569//3106
f 1571//3107 1595//3107 1570//3107
f 1571//3108 1596//3108 1595//3108
f 1571//3109 1597//3109 1596//3109
f 1572//3110 1597//3110 1571//3110
f 1573//3111 1597//3111 1572//3111
f 1573//3112 1598//3112 1597//3112
f 1576//3113 1599//3113 1574//3113
f 1573//3114 1599//3114 1598//3114
f 1574//3115 1599//3115 1573//3115
f 1576//3116 1600//3116 1599//3116
f 1576//3117 1601//3117 1600//3117
f 1602//3118 1603//3118 1576//3118
f 1576//3119 1603//3119 1601//3119
f 1602//3120 1604//3120 1603//3120
f 1602//3121 1605//3121 1604//3121
f 1602//3122 1606//3122 1605//3122
f 1581//3123 1607//3123 1608//3123
f 1583//3124 1607//3124 1581//3124
f 1607//3125 1609//3125 1608//3125
f 1583//3126 1609//3126 1607//3126
f 1582//3127 1609//3127 1583//3127
f 1584//3128 1610//3128 1582//3128
f 1582//3129 1610//3129 1609//3129
f 1609//3130 1610//3130 1608//3130
f 1584//3131 1611//3131 1610//3131
f 1585//3132 1611//3132 1584//3132
f 1610//3133 1611//3133 1608//3133
f 1585//3134 1612//3134 1611//3134
f 1586//3135 1612//3135 1585//3135
f 1611//3136 1612//3136 1608//3136
f 1587//3137 1613//3137 1586//3137
f 1612//3138 1613//3138 1608//3138
f 1586//3139 1613//3139 1612//3139
f 1588//3140 1614//3140 1587//3140
f 1587//3141 1614//3141 1613//3141
f 1613//3142 1614//3142 1608//3142
f 1589//3143 1615//3143 1588//3143
f 1590//3144 1615//3144 1589//3144
f 1588//3145 1615//3145 1614//3145
f 1614//3146 1615//3146 1608//3146
f 1590//3147 1616//3147 1615//3147
f 1615//3148 1616//3148 1608//3148
f 1591//3149 1617//3149 1590//3149
f 1590//3150 1617//3150 1616//3150
f 1616//3151 1617//3151 1608//3151
f 1592//3152 1618//3152 1591//3152
f 1591//3153 1618//3153 1617//3153
f 1617//3154 1618//3154 1608//3154
f 1593//3155 1619//3155 1592//3155
f 1608//3156 1619//3156 1620//3156
f 1592//3157 1619//3157 1618//3157
f 1618//3158 1619//3158 1608//3158
f 1619//3159 1621//3159 1620//3159
f 1594//3160 1621//3160 1593//3160
f 1593//3161 1621//3161 1619//3161
f 1595//3162 1622//3162 1594//3162
f 1594//3163 1622//3163 1621//3163
f 1621//3164 1622//3164 1620//3164
f 1595//3165 1623//3165 1622//3165
f 1622//3166 1623//3166 1620//3166
f 1596//3167 1623//3167 1595//3167
f 1597//3168 1624//3168 1596//3168
f 1623//3169 1624//3169 1620//3169
f 1596//3170 1624//3170 1623//3170
f 1597//3171 1625//3171 1624//3171
f 1624//3172 1625//3172 1620//3172
f 1598//3173 1625//3173 1597//3173
f 1625//3174 1626//3174 1620//3174
f 1599//3175 1626//3175 1598//3175
f 1598//3176 1626//3176 1625//3176
f 1599//3177 1627//3177 1626//3177
f 1626//3178 1627//3178 1620//3178
f 1600//3179 1627//3179 1599//3179
f 1627//3180 1628//3180 1620//3180
f 1600//3181 1628//3181 1627//3181
f 1601//3182 1628//3182 1600//3182
f 1628//3183 1629//3183 1620//3183
f 1603//3184 1629//3184 1601//3184
f 1601//3185 1629//3185 1628//3185
f 1629//3186 1630//3186 1620//3186
f 1603//3187 1630//3187 1629//3187
f 1604//3188 1630//3188 1603//3188
f 1620//3189 1631//3189 1602//3189
f 1630//3190 1631//3190 1620//3190
f 1604//3191 1631//3191 1630//3191
f 1605//3192 1631//3192 1604//3192
f 1602//3193 1631//3193 1606//3193
f 1606//3194 1631//3194 1605//3194
f 1608//3195 1632//3195 1633//3195
f 1608//3196 1634//3196 1632//3196
f 1632//3197 1634//3197 1633//3197
f 1608//3198 1635//3198 1634//3198
f 1634//3199 1635//3199 1633//3199
f 1608//3200 1636//3200 1635//3200
f 1635//3201 1636//3201 1633//3201
f 1608//3202 1637//3202 1636//3202
f 1636//3203 1637//3203 1633//3203
f 1608//3204 1638//3204 1637//3204
f 1637//3205 1638//3205 1633//3205
f 1608//3206 1639//3206 1638//3206
f 1638//3207 1639//3207 1633//3207
f 1620//3208 1639//3208 1608//3208
f 1633//3209 1639//3209 1640//3209
f 1620//3210 1641//3210 1639//3210
f 1639//3211 1641//3211 1640//3211
f 1641//3212 1642//3212 1640//3212
f 1620//3213 1642//3213 1641//3213
f 1642//3214 1643//3214 1640//3214
f 1620//3215 1643//3215 1642//3215
f 1643//3216 1644//3216 1640//3216
f 1620//3217 1644//3217 1643//3217
f 1644//3218 1645//3218 1640//3218
f 1620//3219 1645//3219 1644//3219
f 1645//3220 1646//3220 1640//3220
f 1620//3221 1646//3221 1645//3221
f 1646//3222 1647//3222 1640//3222
f 1620//3223 1647//3223 1646//3223
f 1647//3224 1648//3224 1640//3224
f 1620//3225 1648//3225 1647//3225
f 1648//3226 1649//3226 1640//3226
f 1620//3227 1649//3227 1648//3227
f 1649//3228 1650//3228 1640//3228
f 1620//3229 1650//3229 1649//3229
f 1640//3230 1651//3230 1620//3230
f 1650//3231 1651//3231 1640//3231
f 1620//3232 1651//3232 1650//3232
f 1633//3233 1652//3233 1653//3233
f 1633//3234 1654//3234 1652//3234
f 1652//3235 1654//3235 1653//3235
f 1633//3236 1655//3236 1654//3236
f 1654//3237 1655//3237 1653//3237
f 1633//3238 1656//3238 1655//3238
f 1655//3239 1656//3239 1653//3239
f 1640//3240 1657//3240 1633//3240
f 1653//3241 1657//3241 1658//3241
f 1633//3242 1657//3242 1656//3242
f 1656//3243 1657//3243 1653//3243
f 1657//3244 1659//3244 1658//3244
f 1640//3245 1659//3245 1657//3245
f 1659//3246 1660//3246 1658//3246
f 1640//3247 1660//3247 1659//3247
f 1660//3248 1661//3248 1658//3248
f 1640//3249 1661//3249 1660//3249
f 1661//3250 1662//3250 1658//3250
f 1640//3251 1662//3251 1661//3251
f 1662//3252 1663//3252 1658//3252
f 1640//3253 1663//3253 1662//3253
f 1663//3254 1664//3254 1658//3254
f 1640//3255 1664//3255 1663//3255
f 1664//3256 1665//3256 1658//3256
f 1640//3257 1665//3257 1664//3257
f 1665//3258 1666//3258 1658//3258
f 1640//3259 1666//3259 1665//3259
f 1666//3260 1667//3260 1658//3260
f 1640//3261 1667//3261 1666//3261
f 1667//3262 1668//3262 1658//3262
f 1640//3263 1668//3263 1667//3263
f 1658//3264 1669//3264 1640//3264
f 1668//3265 1669//3265 1658//3265
f 1640//3266 1669//3266 1668//3266
f 1653//3267 1670//3267 1671//3267
f 1653//3268 1672//3268 1670//3268
f 1670//3269 1672//3269 1671//3269
f 1653//3270 1673//3270 1672//3270
f 1672//3271 1673//3271 1671//3271
f 1653//3272 1674//3272 1673//3272
f 1673//3273 1674//3273 1671//3273
f 1653//3274 1675//3274 1674//3274
f 1674//3275 1675//3275 1671//3275
f 1653//3276 1676//3276 1675//3276
f 1675//3277 1676//3277 1671//3277
f 1653//3278 1677//3278 1676//3278
f 1676//3279 1677//3279 1671//3279
f 1653//3280 1678//3280 1677//3280
f 1677//3281 1678//3281 1671//3281
f 1658//3282 1678//3282 1653//3282
f 1671//3283 1678//3283 1679//3283
f 1658//3284 1680//3284 1678//3284
f 1678//3285 1680//3285 1679//3285
f 1680//3286 1681//3286 1679//3286
f 1658//3287 1681//3287 1680//3287
f 1681//3288 1682//3288 1679//3288
f 1658//3289 1682//3289 1681//3289
f 1682//3290 1683//3290 1679//3290
f 1658//3291 1683//3291 1682//3291
f 1683//3292 1684//3292 1679//3292
f 1658//3293 1684//3293 1683//3293
f 1684//3294 1685//3294 1679//3294
f 1658//3295 1685//3295 1684//3295
f 1685//3296 1686//3296 1679//3296
f 1658//3297 1686//3297 1685//3297
f 1686//3298 1687//3298 1679//3298
f 1658//3299 1687//3299 1686//3299
f 1687//3300 1688//3300 1679//3300
f 1658//3301 1688//3301 1687//3301
f 1688//3302 1689//3302 1679//3302
f 1658//3303 1689//3303 1688//3303
f 1679//3304 1690//3304 1658//3304
f 1689//3305 1690//3305 1679//3305
f 1658//3306 1690//3306 1689//3306
f 1671//3307 1691//3307 1388//3307
f 1671//3308 1692//3308 1691//3308
f 1691//3309 1692//3309 1388//3309
f 1671//3310 1693//3310 1692//3310
f 1692//3311 1693//3311 1388//3311
f 1671//3312 1694//3312 1693//3312
f 1693//3313 1694//3313 1388//3313
f 1671//3314 1695//3314 1694//3314
f 1694//3315 1695//3315 1388//3315
f 1695//3316 1696//3316 1388//3316
f 1671//3317 1696//3317 1695//3317
f 1696//3318 1697//3318 1388//3318
f 1671//3319 1697//3319 1696//3319
f 1697//3320 1698//3320 1388//3320
f 1671//3321 1698//3321 1697//3321
f 1679//3322 1698//3322 1671//3322
f 1388//3323 1698//3323 1391//3323
f 1698//3324 1699//3324 1391//3324
f 1679//3325 1699//3325 1698//3325
f 1699//3326 1700//3326 1391//3326
f 1679//3327 1700//3327 1699//3327
f 1700//3328 1701//3328 1391//3328
f 1679//3329 1701//3329 1700//3329
f 1701//3330 1702//3330 1391//3330
f 1679//3331 1702//3331 1701//3331
f 1702//3332 1703//3332 1391//3332
f 1679//3333 1703//3333 1702//3333
f 1703//3334 1704//3334 1391//3334
f 1679//3335 1704//3335 1703//3335
f 1704//3336 1705//3336 1391//3336
f 1679//3337 1705//3337 1704//3337
f 1705//3338 1706//3338 1391//3338
f 1679//3339 1706//3339 1705//3339
f 1706//3340 1707//3340 1391//3340
f 1679//3341 1707//3341 1706//3341
f 1707//3342 1708//3342 1391//3342
f 1679//3343 1708//3343 1707//3343
f 1391//3344 1709//3344 1679//3344
f 1708//3345 1709//3345 1391//3345
f 1679//3346 1709//3346 1708//3346
f 1390//3347 1710//3347 1711//3347
f 1390//3348 1712//3348 1710//3348
f 1710//3349 1712//3349 1711//3349
f 1390//3350 1713//3350 1712//3350
f 1712//3351 1713//3351 1711//3351
f 1390//3352 1714//3352 1713//3352
f 1713//3353 1714//3353 1711//3353
f 1390//3354 1715//3354 1714//3354
f 1714//3355 1715//3355 1711//3355
f 1390//3356 1716//3356 1715//3356
f 1715//3357 1716//3357 1711//3357
f 1390//3358 1717//3358 1716//3358
f 1716//3359 1717//3359 1711//3359
f 1390//3360 1718//3360 1717//3360
f 1717//3361 1718//3361 1711//3361
f 1390//3362 1719//3362 1718//3362
f 1718//3363 1719//3363 1711//3363
f 1389//3364 1719//3364 1390//3364
f 1711//3365 1719//3365 1720//3365
f 1389//3366 1721//3366 1719//3366
f 1719//3367 1721//3367 1720//3367
f 1721//3368 1722//3368 1720//3368
f 1389//3369 1722//3369 1721//3369
f 1722//3370 1723//3370 1720//3370
f 1389//3371 1723//3371 1722//3371
f 1723//3372 1724//3372 1720//3372
f 1389//3373 1724//3373 1723//3373
f 1724//3374 1725//3374 1720//3374
f 1389//3375 1725//3375 1724//3375
f 1725//3376 1726//3376 1720//3376
f 1389//3377 1726//3377 1725//3377
f 1726//3378 1727//3378 1720//3378
f 1389//3379 1727//3379 1726//3379
f 1727//3380 1728//3380 1720//3380
f 1389//3381 1728//3381 1727//3381
f 1728//3382 1729//3382 1720//3382
f 1389//3383 1729//3383 1728//3383
f 1729//3384 1730//3384 1720//3384
f 1389//3385 1730//3385 1729//3385
f 1730//3386 1731//3386 1720//3386
f 1389//3387 1731//3387 1730//3387
f 1720//3388 1731//3388 1389//3388
f 1711//3389 1732//3389 1733//3389
f 1711//3390 1734//3390 1732//3390
f 1732//3391 1734//3391 1733//3391
f 1734//3392 1735//3392 1733//3392
f 1711//3393 1735//3393 1734//3393
f 1735//3394 1736//3394 1733//3394
f 1711//3395 1736//3395 1735//3395
f 1711//3396 1737//3396 1736//3396
f 1711//3397 1738//3397 1737//3397
f 1711//3398 1739//3398 1738//3398
f 1711//3399 1740//3399 1739//3399
f 1711//3400 1741//3400 1740//3400
f 1711//3401 1742//3401 1741//3401
f 1720//3402 1742//3402 1711//3402
f 1720//3403 1743//3403 1742//3403
f 1720//3404 1744//3404 1743//3404
f 1720//3405 1745//3405 1744//3405
f 1720//3406 1746//3406 1745//3406
f 1720//3407 1747//3407 1746//3407
f 1720//3408 1748//3408 1747//3408
f 1720//3409 1749//3409 1748//3409
f 1749//3410 1750//3410 1751//3410
f 1720//3411 1750//3411 1749//3411
f 1750//3412 1752//3412 1751//3412
f 1720//3413 1752//3413 1750//3413
f 1752//3414 1753//3414 1751//3414
f 1720//3415 1753//3415 1752//3415
f 1751//3416 1754//3416 1720//3416
f 1753//3417 1754//3417 1751//3417
f 1720//3418 1754//3418 1753//3418
f 1733//3419 1755//3419 1756//3419
f 1733//3420 1757//3420 1755//3420
f 1755//3421 1757//3421 1756//3421
f 1733//3422 1758//3422 1757//3422
f 1757//3423 1758//3423 1756//3423
f 1733//3424 1759//3424 1758//3424
f 1758//3425 1759//3425 1756//3425
f 1733//3426 1760//3426 1759//3426
f 1759//3427 1760//3427 1756//3427
f 1736//3428 1761//3428 1733//3428
f 1737//3429 1761//3429 1736//3429
f 1733//3430 1761//3430 1760//3430
f 1760//3431 1761//3431 1756//3431
f 1737//3432 1762//3432 1761//3432
f 1761//3433 1762//3433 1756//3433
f 1738//3434 1763//3434 1737//3434
f 1739//3435 1763//3435 1738//3435
f 1762//3436 1763//3436 1756//3436
f 1737//3437 1763//3437 1762//3437
f 1739//3438 1764//3438 1763//3438
f 1763//3439 1764//3439 1756//3439
f 1740//3440 1765//3440 1739//3440
f 1741//3441 1765//3441 1740//3441
f 1739//3442 1765//3442 1764//3442
f 1764//3443 1765//3443 1756//3443
f 1741//3444 1766//3444 1765//3444
f 1765//3445 1766//3445 1756//3445
f 1766//3446 1767//3446 1756//3446
f 1742//3447 1767//3447 1741//3447
f 1743//3448 1767//3448 1742//3448
f 1741//3449 1767//3449 1766//3449
f 1756//3450 1767//3450 1768//3450
f 1767//3451 1769//3451 1768//3451
f 1744//3452 1769//3452 1743//3452
f 1743//3453 1769//3453 1767//3453
f 1744//3454 1770//3454 1769//3454
f 1769//3455 1770//3455 1768//3455
f 1744//3456 1771//3456 1770//3456
f 1770//3457 1771//3457 1768//3457
f 1745//3458 1771//3458 1744//3458
f 1746//3459 1771//3459 1745//3459
f 1771//3460 1772//3460 1768//3460
f 1746//3461 1772//3461 1771//3461
f 1746//3462 1773//3462 1772//3462
f 1772//3463 1773//3463 1768//3463
f 1747//3464 1773//3464 1746//3464
f 1773//3465 1774//3465 1768//3465
f 1747//3466 1774//3466 1773//3466
f 1748//3467 1774//3467 1747//3467
f 1749//3468 1774//3468 1748//3468
f 1774//3469 1775//3469 1768//3469
f 1749//3470 1775//3470 1774//3470
f 1751//3471 1775//3471 1749//3471
f 1775//3472 1776//3472 1768//3472
f 1751//3473 1776//3473 1775//3473
f 1776//3474 1777//3474 1768//3474
f 1751//3475 1777//3475 1776//3475
f 1777//3476 1778//3476 1768//3476
f 1751//3477 1778//3477 1777//3477
f 1768//3478 1779//3478 1751//3478
f 1778//3479 1779//3479 1768//3479
f 1751//3480 1779//3480 1778//3480
f 1756//3481 1780//3481 1781//3481
f 1756//3482 1782//3482 1780//3482
f 1780//3483 1782//3483 1781//3483
f 1782//3484 1783//3484 1781//3484
f 1756//3485 1783//3485 1782//3485
f 1783//3486 1784//3486 1781//3486
f 1756//3487 1784//3487 1783//3487
f 1781//3488 1785//3488 1786//3488
f 1784//3489 1785//3489 1781//3489
f 1756//3490 1785//3490 1784//3490
f 1768//3491 1785//3491 1756//3491
f 1785//3492 1787//3492 1786//3492
f 1768//3493 1787//3493 1785//3493
f 1787//3494 1788//3494 1786//3494
f 1768//3495 1788//3495 1787//3495
f 1788//3496 1789//3496 1786//3496
f 1768//3497 1789//3497 1788//3497
f 1789//3498 1790//3498 1786//3498
f 1768//3499 1790//3499 1789//3499
f 1790//3500 1791//3500 1786//3500
f 1768//3501 1791//3501 1790//3501
f 1791//3502 1792//3502 1786//3502
f 1768//3503 1792//3503 1791//3503
f 1792//3504 1793//3504 1786//3504
f 1768//3505 1793//3505 1792//3505
f 1793//3506 1794//3506 1786//3506
f 1768//3507 1794//3507 1793//3507
f 1794//3508 1795//3508 1786//3508
f 1768//3509 1795//3509 1794//3509
f 1795//3510 1796//3510 1786//3510
f 1768//3511 1796//3511 1795//3511
f 1786//3512 1797//3512 1768//3512
f 1796//3513 1797//3513 1786//3513
f 1768//3514 1797//3514 1796//3514
f 1781//3515 1798//3515 1799//3515
f 1781//3516 1800//3516 1798//3516
f 1798//3517 1800//3517 1799//3517
f 1781//3518 1801//3518 1800//3518
f 1800//3519 1801//3519 1799//3519
f 1781//3520 1802//3520 1801//3520
f 1801//3521 1802//3521 1799//3521
f 1781//3522 1803//3522 1802//3522
f 1802//3523 1803//3523 1799//3523
f 1781//3524 1804//3524 1803//3524
f 1803//3525 1804//3525 1799//3525
f 1804//3526 1805//3526 1799//3526
f 1781//3527 1805//3527 1804//3527
f 1786//3528 1806//3528 1781//3528
f 1805//3529 1806//3529 1799//3529
f 1781//3530 1806//3530 1805//3530
f 1799//3531 1806//3531 1807//3531
f 1786//3532 1808//3532 1806//3532
f 1806//3533 1808//3533 1807//3533
f 1786//3534 1809//3534 1808//3534
f 1808//3535 1809//3535 1807//3535
f 1786//3536 1810//3536 1809//3536
f 1809//3537 1810//3537 1807//3537
f 1786//3538 1811//3538 1810//3538
f 1810//3539 1811//3539 1807//3539
f 1786//3540 1812//3540 1811//3540
f 1811//3541 1812//3541 1807//3541
f 1786//3542 1813//3542 1812//3542
f 1812//3543 1813//3543 1807//3543
f 1813//3544 1814//3544 1807//3544
f 1786//3545 1814//3545 1813//3545
f 1814//3546 1815//3546 1807//3546
f 1786//3547 1815//3547 1814//3547
f 1815//3548 1816//3548 1807//3548
f 1786//3549 1816//3549 1815//3549
f 1816//3550 1817//3550 1807//3550
f 1786//3551 1817//3551 1816//3551
f 1807//3552 1818//3552 1786//3552
f 1817//3553 1818//3553 1807//3553
f 1786//3554 1818//3554 1817//3554
f 1799//3555 1819//3555 1820//3555
f 1819//3556 1821//3556 1820//3556
f 1799//3557 1821//3557 1819//3557
f 1821//3558 1822//3558 1820//3558
f 1799//3559 1822//3559 1821//3559
f 1822//3560 1823//3560 1820//3560
f 1799//3561 1823//3561 1822//3561
f 1823//3562 1824//3562 1820//3562
f 1799//3563 1824//3563 1823//3563
f 1824//3564 1825//3564 1820//3564
f 1799//3565 1825//3565 1824//3565
f 1825//3566 1826//3566 1820//3566
f 1799//3567 1826//3567 1825//3567
f 1820//3568 1827//3568 1828//3568
f 1826//3569 1827//3569 1820//3569
f 1799//3570 1827//3570 1826//3570
f 1807//3571 1827//3571 1799//3571
f 1827//3572 1829//3572 1828//3572
f 1807//3573 1829//3573 1827//3573
f 1829//3574 1830//3574 1828//3574
f 1807//3575 1830//3575 1829//3575
f 1830//3576 1831//3576 1828//3576
f 1807//3577 1831//3577 1830//3577
f 1831//3578 1832//3578 1828//3578
f 1807//3579 1832//3579 1831//3579
f 1832//3580 1833//3580 1828//3580
f 1807//3581 1833//3581 1832//3581
f 1833//3582 1834//3582 1828//3582
f 1807//3583 1834//3583 1833//3583
f 1834//3584 1835//3584 1828//3584
f 1807//3585 1835//3585 1834//3585
f 1835//3586 1836//3586 1828//3586
f 1807//3587 1836//3587 1835//3587
f 1836//3588 1837//3588 1828//3588
f 1807//3589 1837//3589 1836//3589
f 1837//3590 1838//3590 1828//3590
f 1807//3591 1838//3591 1837//3591
f 1828//3592 1839//3592 1807//3592
f 1838//3593 1839//3593 1828//3593
f 1807//3594 1839//3594 1838//3594
f 1820//3595 1840//3595 1841//3595
f 1820//3596 1842//3596 1840//3596
f 1840//3597 1842//3597 1841//3597
f 1842//3598 1843//3598 1841//3598
f 1820//3599 1843//3599 1842//3599
f 1843//3600 1844//3600 1841//3600
f 1820//3601 1844//3601 1843//3601
f 1828//3602 1845//3602 1820//3602
f 1844//3603 1845//3603 1841//3603
f 1820//3604 1845//3604 1844//3604
f 1841//3605 1845//3605 1846//3605
f 1828//3606 1847//3606 1845//3606
f 1845//3607 1847//3607 1846//3607
f 1828//3608 1848//3608 1847//3608
f 1847//3609 1848//3609 1846//3609
f 1828//3610 1849//3610 1848//3610
f 1848//3611 1849//3611 1846//3611
f 1828//3612 1850//3612 1849//3612
f 1849//3613 1850//3613 1846//3613
f 1828//3614 1851//3614 1850//3614
f 1850//3615 1851//3615 1846//3615
f 1851//3616 1852//3616 1846//3616
f 1828//3617 1852//3617 1851//3617
f 1852//3618 1853//3618 1846//3618
f 1828//3619 1853//3619 1852//3619
f 1853//3620 1854//3620 1846//3620
f 1828//3621 1854//3621 1853//3621
f 1854//3622 1855//3622 1846//3622
f 1828//3623 1855//3623 1854//3623
f 1855//3624 1856//3624 1846//3624
f 1828//3625 1856//3625 1855//3625
f 1846//3626 1857//3626 1828//3626
f 1856//3627 1857//3627 1846//3627
f 1828//3628 1857//3628 1856//3628
f 1841//3629 1858//3629 1859//3629
f 1841//3630 1860//3630 1858//3630
f 1858//3631 1860//3631 1859//3631
f 1841//3632 1861//3632 1860//3632
f 1846//3633 1861//3633 1841//3633
f 1859//3634 1861//3634 1862//3634
f 1860//3635 1861//3635 1859//3635
f 1846//3636 1863//3636 1861//3636
f 1861//3637 1863//3637 1862//3637
f 1863//3638 1864//3638 1862//3638
f 1846//3639 1864//3639 1863//3639
f 1864//3640 1865//3640 1862//3640
f 1846//3641 1865//3641 1864//3641
f 1865//3642 1866//3642 1862//3642
f 1846//3643 1866//3643 1865//3643
f 1866//3644 1867//3644 1862//3644
f 1846//3645 1867//3645 1866//3645
f 1867//3646 1868//3646 1862//3646
f 1846//3647 1868//3647 1867//3647
f 1868//3648 1869//3648 1862//3648
f 1846//3649 1869//3649 1868//3649
f 1869//3650 1870//3650 1862//3650
f 1846//3651 1870//3651 1869//3651
f 1870//3652 1871//3652 1862//3652
f 1846//3653 1871//3653 1870//3653
f 1871//3654 1872//3654 1862//3654
f 1846//3655 1872//3655 1871//3655
f 1862//3656 1873//3656 1846//3656
f 1872//3657 1873//3657 1862//3657
f 1846//3658 1873//3658 1872//3658
f 1859//3659 1874//3659 1875//3659
f 1859//3660 1876//3660 1874//3660
f 1874//3661 1876//3661 1875//3661
f 1859//3662 1877//3662 1876//3662
f 1876//3663 1877//3663 1875//3663
f 1859//3664 1878//3664 1877//3664
f 1877//3665 1878//3665 1875//3665
f 1862//3666 1879//3666 1859//3666
f 1875//3667 1879//3667 1880//3667
f 1859//3668 1879//3668 1878//3668
f 1878//3669 1879//3669 1875//3669
f 1879//3670 1881//3670 1880//3670
f 1862//3671 1881//3671 1879//3671
f 1881//3672 1882//3672 1880//3672
f 1862//3673 1882//3673 1881//3673
f 1882//3674 1883//3674 1880//3674
f 1862//3675 1883//3675 1882//3675
f 1883//3676 1884//3676 1880//3676
f 1862//3677 1884//3677 1883//3677
f 1884//3678 1885//3678 1880//3678
f 1862//3679 1885//3679 1884//3679
f 1885//3680 1886//3680 1880//3680
f 1862//3681 1886//3681 1885//3681
f 1886//3682 1887//3682 1880//3682
f 1862//3683 1887//3683 1886//3683
f 1887//3684 1888//3684 1880//3684
f 1862//3685 1888//3685 1887//3685
f 1888//3686 1889//3686 1880//3686
f 1862//3687 1889//3687 1888//3687
f 1889//3688 1890//3688 1880//3688
f 1862//3689 1890//3689 1889//3689
f 1880//3690 1891//3690 1862//3690
f 1890//3691 1891//3691 1880//3691
f 1862//3692 1891//3692 1890//3692
f 1875//3693 1892//3693 1893//3693
f 1875//3694 1894//3694 1892//3694
f 1892//3695 1894//3695 1893//3695
f 1875//3696 1895//3696 1894//3696
f 1894//3697 1895//3697 1893//3697
f 1875//3698 1896//3698 1895//3698
f 1895//3699 1896//3699 1893//3699
f 1880//3700 1897//3700 1875//3700
f 1893//3701 1897//3701 1898//3701
f 1875//3702 1897//3702 1896//3702
f 1896//3703 1897//3703 1893//3703
f 1880//3704 1899//3704 1897//3704
f 1897//3705 1899//3705 1898//3705
f 1899//3706 1900//3706 1898//3706
f 1880//3707 1900//3707 1899//3707
f 1900//3708 1901//3708 1898//3708
f 1880//3709 1901//3709 1900//3709
f 1901//3710 1902//3710 1898//3710
f 1880//3711 1902//3711 1901//3711
f 1902//3712 1903//3712 1898//3712
f 1880//3713 1903//3713 1902//3713
f 1903//3714 1904//3714 1898//3714
f 1880//3715 1904//3715 1903//3715
f 1904//3716 1905//3716 1898//3716
f 1880//3717 1905//3717 1904//3717
f 1905//3718 1906//3718 1898//3718
f 1880//3719 1906//3719 1905//3719
f 1906//3720 1907//3720 1898//3720
f 1880//3721 1907//3721 1906//3721
f 1907//3722 1908//3722 1898//3722
f 1880//3723 1908//3723 1907//3723
f 1898//3724 1909//3724 1880//3724
f 1908//3725 1909//3725 1898//3725
f 1880//3726 1909//3726 1908//3726
f 1893//3727 1910//3727 1911//3727
f 1893//3728 1912//3728 1910//3728
f 1910//3729 1912//3729 1911//3729
f 1893//3730 1913//3730 1912//3730
f 1912//3731 1913//3731 1911//3731
f 1898//3732 1914//3732 1893//3732
f 1911//3733 1914//3733 1915//3733
f 1893//3734 1914//3734 1913//3734
f 1913//3735 1914//3735 1911//3735
f 1898//3736 1916//3736 1914//3736
f 1914//3737 1916//3737 1915//3737
f 1916//3738 1917//3738 1915//3738
f 1898//3739 1917//3739 1916//3739
f 1917//3740 1918//3740 1915//3740
f 1898//3741 1918//3741 1917//3741
f 1918//3742 1919//3742 1915//3742
f 1898//3743 1919//3743 1918//3743
f 1919//3744 1920//3744 1915//3744
f 1898//3745 1920//3745 1919//3745
f 1920//3746 1921//3746 1915//3746
f 1898//3747 1921//3747 1920//3747
f 1921//3748 1922//3748 1915//3748
f 1898//3749 1922//3749 1921//3749
f 1922//3750 1923//3750 1915//3750
f 1898//3751 1923//3751 1922//3751
f 1923//3752 1924//3752 1915//3752
f 1898//3753 1924//3753 1923//3753
f 1924//3754 1925//3754 1915//3754
f 1898//3755 1925//3755 1924//3755
f 1925//3756 1926//3756 1915//3756
f 1898//3757 1926//3757 1925//3757
f 1915//3758 1926//3758 1898//3758
f 1911//3759 1927//3759 1928//3759
f 1911//3760 1929//3760 1927//3760
f 1911//3761 1930//3761 1929//3761
f 1911//3762 1931//3762 1930//3762
f 1911//3763 1932//3763 1931//3763
f 1911//3764 1933//3764 1932//3764
f 1911//3765 1934//3765 1933//3765
f 1911//3766 1935//3766 1934//3766
f 1915//3767 1936//3767 1911//3767
f 1911//3768 1936//3768 1935//3768
f 1915//3769 1937//3769 1936//3769
f 1915//3770 1938//3770 1937//3770
f 1915//3771 1939//3771 1938//3771
f 1915//3772 1940//3772 1939//3772
f 1915//3773 1941//3773 1940//3773
f 1915//3774 1942//3774 1941//3774
f 1915//3775 1943//3775 1942//3775
f 1915//3776 1944//3776 1943//3776
f 1915//3777 1945//3777 1944//3777
f 1915//3778 1946//3778 1945//3778
f 1915//3779 1947//3779 1946//3779
f 1928//3780 1948//3780 1911//3780
f 1911//3781 1948//3781 1394//3781
f 1928//3782 1949//3782 1948//3782
f 1948//3783 1949//3783 1394//3783
f 1928//3784 1950//3784 1949//3784
f 1949//3785 1950//3785 1394//3785
f 1927//3786 1951//3786 1928//3786
f 1950//3787 1951//3787 1394//3787
f 1928//3788 1951//3788 1950//3788
f 1929//3789 1952//3789 1927//3789
f 1927//3790 1952//3790 1951//3790
f 1951//3791 1952//3791 1394//3791
f 1930//3792 1953//3792 1929//3792
f 1929//3793 1953//3793 1952//3793
f 1952//3794 1953//3794 1394//3794
f 1953//3795 1954//3795 1394//3795
f 1931//3796 1954//3796 1930//3796
f 1930//3797 1954//3797 1953//3797
f 1954//3798 1955//3798 1394//3798
f 1931//3799 1955//3799 1954//3799
f 1932//3800 1955//3800 1931//3800
f 1955//3801 1956//3801 1394//3801
f 1933//3802 1956//3802 1932//3802
f 1932//3803 1956//3803 1955//3803
f 1956//3804 1957//3804 1394//3804
f 1934//3805 1957//3805 1933//3805
f 1933//3806 1957//3806 1956//3806
f 1934//3807 1958//3807 1957//3807
f 1957//3808 1958//3808 1394//3808
f 1935//3809 1958//3809 1934//3809
f 1958//3810 1959//3810 1394//3810
f 1394//3811 1959//3811 1392//3811
f 1935//3812 1959//3812 1958//3812
f 1936//3813 1959//3813 1935//3813
f 1937//3814 1959//3814 1936//3814
f 1959//3815 1960//3815 1392//3815
f 1937//3816 1960//3816 1959//3816
f 1937//3817 1961//3817 1960//3817
f 1960//3818 1961//3818 1392//3818
f 1938//3819 1961//3819 1937//3819
f 1961//3820 1962//3820 1392//3820
f 1938//3821 1962//3821 1961//3821
f 1939//3822 1962//3822 1938//3822
f 1939//3823 1963//3823 1962//3823
f 1962//3824 1963//3824 1392//3824
f 1940//3825 1963//3825 1939//3825
f 1963//3826 1964//3826 1392//3826
f 1940//3827 1964//3827 1963//3827
f 1941//3828 1964//3828 1940//3828
f 1964//3829 1965//3829 1392//3829
f 1941//3830 1965//3830 1964//3830
f 1942//3831 1965//3831 1941//3831
f 1965//3832 1966//3832 1392//3832
f 1942//3833 1966//3833 1965//3833
f 1943//3834 1966//3834 1942//3834
f 1944//3835 1966//3835 1943//3835
f 1944//3836 1967//3836 1966//3836
f 1966//3837 1967//3837 1392//3837
f 1967//3838 1968//3838 1392//3838
f 1944//3839 1968//3839 1967//3839
f 1945//3840 1968//3840 1944//3840
f 1968//3841 1969//3841 1392//3841
f 1945//3842 1969//3842 1968//3842
f 1946//3843 1969//3843 1945//3843
f 1969//3844 1970//3844 1392//3844
f 1946//3845 1970//3845 1969//3845
f 1947//3846 1970//3846 1946//3846
f 1392//3847 1971//3847 1915//3847
f 1970//3848 1971//3848 1392//3848
f 1947//3849 1971//3849 1970//3849
f 1915//3850 1971//3850 1947//3850
f 1393//3851 1972//3851 1973//3851
f 1393//3852 1974//3852 1972//3852
f 1393//3853 1975//3853 1974//3853
f 1393//3854 1976//3854 1975//3854
f 1393//3855 1977//3855 1976//3855
f 1393//3856 1978//3856 1977//3856
f 1395//3857 1979//3857 1393//3857
f 1393//3858 1979//3858 1978//3858
f 1395//3859 1980//3859 1979//3859
f 1395//3860 1981//3860 1980//3860
f 1395//3861 1982//3861 1981//3861
f 1395//3862 1983//3862 1982//3862
f 1395//3863 1984//3863 1983//3863
f 1395//3864 1985//3864 1984//3864
f 1395//3865 1986//3865 1985//3865
f 1395//3866 1987//3866 1986//3866
f 1395//3867 1988//3867 1987//3867
f 1395//3868 1989//3868 1988//3868
f 1395//3869 1990//3869 1989//3869
f 1973//3870 1991//3870 1393//3870
f 1393//3871 1991//3871 1992//3871
f 1991//3872 1993//3872 1992//3872
f 1973//3873 1993//3873 1991//3873
f 1993//3874 1994//3874 1992//3874
f 1973//3875 1994//3875 1993//3875
f 1973//3876 1995//3876 1994//3876
f 1994//3877 1995//3877 1992//3877
f 1972//3878 1996//3878 1973//3878
f 1995//3879 1996//3879 1992//3879
f 1973//3880 1996//3880 1995//3880
f 1972//3881 1997//3881 1996//3881
f 1996//3882 1997//3882 1992//3882
f 1974//3883 1997//3883 1972//3883
f 1975//3884 1997//3884 1974//3884
f 1975//3885 1998//3885 1997//3885
f 1997//3886 1998//3886 1992//3886
f 1998//3887 1999//3887 1992//3887
f 1975//3888 1999//3888 1998//3888
f 1976//3889 1999//3889 1975//3889
f 1999//3890 2000//3890 1992//3890
f 1976//3891 2000//3891 1999//3891
f 1977//3892 2000//3892 1976//3892
f 1977//3893 2001//3893 2000//3893
f 2000//3894 2001//3894 1992//3894
f 1978//3895 2001//3895 1977//3895
f 1979//3896 2001//3896 1978//3896
f 1992//3897 2002//3897 2003//3897
f 2001//3898 2002//3898 1992//3898
f 1979//3899 2002//3899 2001//3899
f 2002//3900 2004//3900 2003//3900
f 1979//3901 2004//3901 2002//3901
f 1980//3902 2004//3902 1979//3902
f 2004//3903 2005//3903 2003//3903
f 1980//3904 2005//3904 2004//3904
f 1981//3905 2005//3905 1980//3905
f 2005//3906 2006//3906 2003//3906
f 1981//3907 2006//3907 2005//3907
f 1982//3908 2006//3908 1981//3908
f 2006//3909 2007//3909 2003//3909
f 1982//3910 2007//3910 2006//3910
f 1983//3911 2007//3911 1982//3911
f 1985//3912 2008//3912 1984//3912
f 2007//3913 2008//3913 2003//3913
f 1983//3914 2008//3914 2007//3914
f 1984//3915 2008//3915 1983//3915
f 2008//3916 2009//3916 2003//3916
f 1985//3917 2009//3917 2008//3917
f 1986//3918 2010//3918 1985//3918
f 1985//3919 2010//3919 2009//3919
f 2009//3920 2010//3920 2003//3920
f 1987//3921 2011//3921 1986//3921
f 1986//3922 2011//3922 2010//3922
f 2010//3923 2011//3923 2003//3923
f 1988//3924 2012//3924 1987//3924
f 1989//3925 2012//3925 1988//3925
f 1987//3926 2012//3926 2011//3926
f 2011//3927 2012//3927 2003//3927
f 1989//3928 2013//3928 2012//3928
f 2012//3929 2013//3929 2003//3929
f 1990//3930 2014//3930 1989//3930
f 1989//3931 2014//3931 2013//3931
f 2013//3932 2014//3932 2003//3932
f 1395//3933 2015//3933 1990//3933
f 2003//3934 2015//3934 1395//3934
f 1990//3935 2015//3935 2014//3935
f 2014//3936 2015//3936 2003//3936
f 1992//3937 2016//3937 2017//3937
f 1992//3938 2018//3938 2016//3938
f 2016//3939 2018//3939 2017//3939
f 1992//3940 2019//3940 2018//3940
f 2018//3941 2019//3941 2017//3941
f 1992//3942 2020//3942 2019//3942
f 2019//3943 2020//3943 2017//3943
f 1992//3944 2021//3944 2020//3944
f 2020//3945 2021//3945 2017//3945
f 1992//3946 2022//3946 2021//3946
f 2021//3947 2022//3947 2017//3947
f 2022//3948 2023//3948 2017//3948
f 1992//3949 2023//3949 2022//3949
f 1992//3950 2024//3950 2023//3950
f 2023//3951 2024//3951 2017//3951
f 1992//3952 2025//3952 2024//3952
f 2024//3953 2025//3953 2017//3953
f 1992//3954 2026//3954 2025//3954
f 2003//3955 2026//3955 1992//3955
f 2003//3956 2027//3956 2026//3956
f 2003//3957 2028//3957 2027//3957
f 2003//3958 2029//3958 2028//3958
f 2028//3959 2029//3959 2030//3959
f 2003//3960 2031//3960 2029//3960
f 2029//3961 2031//3961 2030//3961
f 2003//3962 2032//3962 2031//3962
f 2031//3963 2032//3963 2030//3963
f 2003//3964 2033//3964 2032//3964
f 2032//3965 2033//3965 2030//3965
f 2003//3966 2034//3966 2033//3966
f 2033//3967 2034//3967 2030//3967
f 2034//3968 2035//3968 2030//3968
f 2003//3969 2035//3969 2034//3969
f 2035//3970 2036//3970 2030//3970
f 2003//3971 2036//3971 2035//3971
f 2036//3972 2037//3972 2030//3972
f 2003//3973 2037//3973 2036//3973
f 2030//3974 2038//3974 2003//3974
f 2037//3975 2038//3975 2030//3975
f 2003//3976 2038//3976 2037//3976
f 2017//3977 2039//3977 2040//3977
f 2017//3978 2041//3978 2039//3978
f 2039//3979 2041//3979 2040//3979
f 2017//3980 2042//3980 2041//3980
f 2041//3981 2042//3981 2040//3981
f 2017//3982 2043//3982 2042//3982
f 2042//3983 2043//3983 2040//3983
f 2017//3984 2044//3984 2043//3984
f 2043//3985 2044//3985 2040//3985
f 2017//3986 2045//3986 2044//3986
f 2044//3987 2045//3987 2040//3987
f 2017//3988 2046//3988 2045//3988
f 2045//3989 2046//3989 2040//3989
f 2017//3990 2047//3990 2046//3990
f 2046//3991 2047//3991 2040//3991
f 2017//3992 2048//3992 2047//3992
f 2047//3993 2048//3993 2040//3993
f 2017//3994 2049//3994 2048//3994
f 2048//3995 2049//3995 2040//3995
f 2025//3996 2050//3996 2017//3996
f 2017//3997 2050//3997 2049//3997
f 2026//3998 2051//3998 2025//3998
f 2025//3999 2051//3999 2050//3999
f 2027//4000 2052//4000 2026//4000
f 2026//4001 2052//4001 2051//4001
f 2028//4002 2053//4002 2027//4002
f 2030//4003 2053//4003 2028//4003
f 2027//4004 2053//4004 2052//4004
f 2030//4005 2054//4005 2053//4005
f 2053//4006 2054//4006 2055//4006
f 2030//4007 2056//4007 2054//4007
f 2054//4008 2056//4008 2055//4008
f 2056//4009 2057//4009 2055//4009
f 2030//4010 2057//4010 2056//4010
f 2057//4011 2058//4011 2055//4011
f 2030//4012 2058//4012 2057//4012
f 2058//4013 2059//4013 2055//4013
f 2030//4014 2059//4014 2058//4014
f 2059//4015 2060//4015 2055//4015
f 2030//4016 2060//4016 2059//4016
f 2060//4017 2061//4017 2055//4017
f 2030//4018 2061//4018 2060//4018
f 2061//4019 2062//4019 2055//4019
f 2030//4020 2062//4020 2061//4020
f 2062//4021 2063//4021 2055//4021
f 2030//4022 2063//4022 2062//4022
f 2055//4023 2063//4023 2030//4023
f 2040//4024 2064//4024 1398//4024
f 2064//4025 2065//4025 1398//4025
f 2040//4026 2065//4026 2064//4026
f 2065//4027 2066//4027 1398//4027
f 2040//4028 2066//4028 2065//4028
f 2040//4029 2067//4029 2066//4029
f 2066//4030 2067//4030 1398//4030
f 2040//4031 2068//4031 2067//4031
f 2067//4032 2068//4032 1398//4032
f 2068//4033 2069//4033 1398//4033
f 2040//4034 2069//4034 2068//4034
f 2069//4035 2070//4035 1398//4035
f 2040//4036 2070//4036 2069//4036
f 2040//4037 2071//4037 2070//4037
f 2070//4038 2071//4038 1398//4038
f 2071//4039 2072//4039 1398//4039
f 2040//4040 2072//4040 2071//4040
f 2049//4041 2072//4041 2040//4041
f 2049//4042 2073//4042 2072//4042
f 2072//4043 2073//4043 1398//4043
f 2050//4044 2073//4044 2049//4044
f 2051//4045 2073//4045 2050//4045
f 2073//4046 2074//4046 1398//4046
f 2051//4047 2074//4047 2073//4047
f 1398//4048 2074//4048 1396//4048
f 2074//4049 2075//4049 1396//4049
f 2051//4050 2075//4050 2074//4050
f 2052//4051 2075//4051 2051//4051
f 2075//4052 2076//4052 1396//4052
f 2052//4053 2076//4053 2075//4053
f 2055//4054 2076//4054 2053//4054
f 2053//4055 2076//4055 2052//4055
f 2076//4056 2077//4056 1396//4056
f 2055//4057 2077//4057 2076//4057
f 2077//4058 2078//4058 1396//4058
f 2055//4059 2078//4059 2077//4059
f 2078//4060 2079//4060 1396//4060
f 2055//4061 2079//4061 2078//4061
f 2079//4062 2080//4062 1396//4062
f 2055//4063 2080//4063 2079//4063
f 2080//4064 2081//4064 1396//4064
f 2055//4065 2081//4065 2080//4065
f 2081//4066 2082//4066 1396//4066
f 2055//4067 2082//4067 2081//4067
f 2082//4068 2083//4068 1396//4068
f 2055//4069 2083//4069 2082//4069
f 2083//4070 2084//4070 1396//4070
f 2055//4071 2084//4071 2083//4071
f 1396//4072 2085//4072 2055//4072
f 2084//4073 2085//4073 1396//4073
f 2055//4074 2085//4074 2084//4074
f 1399//4075 2086//4075 2087//4075
f 1399//4076 2088//4076 2086//4076
f 1399//4077 2089//4077 2088//4077
f 1399//4078 2090//4078 2089//4078
f 1399//4079 2091//4079 2090//4079
f 1399//4080 2092//4080 2091//4080
f 1399//4081 2093//4081 2092//4081
f 1399//4082 2094//4082 2093//4082
f 1397//4083 2094//4083 1399//4083
f 1397//4084 2095//4084 2094//4084
f 1397//4085 2096//4085 2095//4085
f 1397//4086 2097//4086 2096//4086
f 1397//4087 2098//4087 2097//4087
f 1397//4088 2099//4088 2098//4088
f 1397//4089 2100//4089 2099//4089
f 1397//4090 2101//4090 2100//4090
f 1397//4091 2102//4091 2101//4091
f 1397//4092 2103//4092 2102//4092
f 1397//4093 2104//4093 2103//4093
f 1397//4094 2105//4094 2104//4094
f 2087//4095 2106//4095 1399//4095
f 1399//4096 2106//4096 2107//4096
f 2106//4097 2108//4097 2107//4097
f 2087//4098 2108//4098 2106//4098
f 2108//4099 2109//4099 2107//4099
f 2087//4100 2109//4100 2108//4100
f 2087//4101 2110//4101 2109//4101
f 2109//4102 2110//4102 2107//4102
f 2086//4103 2110//4103 2087//4103
f 2086//4104 2111//4104 2110//4104
f 2110//4105 2111//4105 2107//4105
f 2088//4106 2111//4106 2086//4106
f 2111//4107 2112//4107 2107//4107
f 2088//4108 2112//4108 2111//4108
f 2089//4109 2112//4109 2088//4109
f 2112//4110 2113//4110 2107//4110
f 2089//4111 2113//4111 2112//4111
f 2090//4112 2113//4112 2089//4112
f 2113//4113 2114//4113 2107//4113
f 2090//4114 2114//4114 2113//4114
f 2091//4115 2114//4115 2090//4115
f 2092//4116 2115//4116 2091//4116
f 2091//4117 2115//4117 2114//4117
f 2114//4118 2115//4118 2107//4118
f 2094//4119 2116//4119 2093//4119
f 2092//4120 2116//4120 2115//4120
f 2093//4121 2116//4121 2092//4121
f 2115//4122 2116//4122 2107//4122
f 2107//4123 2117//4123 2118//4123
f 2094//4124 2117//4124 2116//4124
f 2116//4125 2117//4125 2107//4125
f 2095//4126 2119//4126 2094//4126
f 2117//4127 2119//4127 2118//4127
f 2094//4128 2119//4128 2117//4128
f 2119//4129 2120//4129 2118//4129
f 2096//4130 2120//4130 2095//4130
f 2095//4131 2120//4131 2119//4131
f 2097//4132 2121//4132 2096//4132
f 2096//4133 2121//4133 2120//4133
f 2120//4134 2121//4134 2118//4134
f 2098//4135 2122//4135 2097//4135
f 2097//4136 2122//4136 2121//4136
f 2121//4137 2122//4137 2118//4137
f 2099//4138 2123//4138 2098//4138
f 2100//4139 2123//4139 2099//4139
f 2098//4140 2123//4140 2122//4140
f 2122//4141 2123//4141 2118//4141
f 2100//4142 2124//4142 2123//4142
f 2123//4143 2124//4143 2118//4143
f 2101//4144 2125//4144 2100//4144
f 2100//4145 2125//4145 2124//4145
f 2124//4146 2125//4146 2118//4146
f 2102//4147 2126//4147 2101//4147
f 2101//4148 2126//4148 2125//4148
f 2125//4149 2126//4149 2118//4149
f 2103//4150 2127//4150 2102//4150
f 2102//4151 2127//4151 2126//4151
f 2126//4152 2127//4152 2118//4152
f 2104//4153 2128//4153 2103//4153
f 2105//4154 2128//4154 2104//4154
f 2103//4155 2128//4155 2127//4155
f 2127//4156 2128//4156 2118//4156
f 2128//4157 2129//4157 2118//4157
f 2105//4158 2129//4158 2128//4158
f 2129//4159 2130//4159 2118//4159
f 2105//4160 2130//4160 2129//4160
f 2118//4161 2130//4161 1397//4161
f 1397//4162 2130//4162 2105//4162
f 2107//4163 2131//4163 1402//4163
f 2107//4164 2132//4164 2131//4164
f 2131//4165 2132//4165 1402//4165
f 2132//4166 2133//4166 1402//4166
f 2118//4167 2133//4167 2107//4167
f 1402//4168 2133//4168 1400//4168
f 2107//4169 2133//4169 2132//4169
f 2133//4170 2134//4170 1400//4170
f 2118//4171 2134//4171 2133//4171
f 2134//4172 2135//4172 1400//4172
f 2118//4173 2135//4173 2134//4173
f 2135//4174 2136//4174 1400//4174
f 2118//4175 2136//4175 2135//4175
f 2136//4176 2137//4176 1400//4176
f 2118//4177 2137//4177 2136//4177
f 2137//4178 2138//4178 1400//4178
f 2118//4179 2138//4179 2137//4179
f 2138//4180 2139//4180 1400//4180
f 2118//4181 2139//4181 2138//4181
f 2139//4182 2140//4182 1400//4182
f 2118//4183 2140//4183 2139//4183
f 2140//4184 2141//4184 1400//4184
f 2118//4185 2141//4185 2140//4185
f 2141//4186 2142//4186 1400//4186
f 2118//4187 2142//4187 2141//4187
f 2142//4188 2143//4188 1400//4188
f 2118//4189 2143//4189 2142//4189
f 1400//4190 2144//4190 2118//4190
f 2143//4191 2144//4191 1400//4191
f 2118//4192 2144//4192 2143//4192
f 1403//4193 2145//4193 2146//4193
f 1403//4194 2147//4194 2145//4194
f 1403//4195 2148//4195 2147//4195
f 1403//4196 2149//4196 2148//4196
f 1403//4197 2150//4197 2149//4197
f 1401//4198 2150//4198 1403//4198
f 1401//4199 2151//4199 2150//4199
f 1401//4200 2152//4200 2151//4200
f 1401//4201 2153//4201 2152//4201
f 1401//4202 2154//4202 2153//4202
f 1401//4203 2155//4203 2154//4203
f 1401//4204 2156//4204 2155//4204
f 1401//4205 2157//4205 2156//4205
f 1401//4206 2158//4206 2157//4206
f 1401//4207 2159//4207 2158//4207
f 1401//4208 2160//4208 2159//4208
f 1401//4209 2161//4209 2160//4209
f 2146//4210 2162//4210 1403//4210
f 1403//4211 2162//4211 2163//4211
f 2146//4212 2164//4212 2162//4212
f 2162//4213 2164//4213 2163//4213
f 2146//4214 2165//4214 2164//4214
f 2164//4215 2165//4215 2163//4215
f 2146//4216 2166//4216 2165//4216
f 2165//4217 2166//4217 2163//4217
f 2146//4218 2167//4218 2166//4218
f 2166//4219 2167//4219 2163//4219
f 2146//4220 2168//4220 2167//4220
f 2167//4221 2168//4221 2163//4221
f 2146//4222 2169//4222 2168//4222
f 2168//4223 2169//4223 2163//4223
f 2169//4224 2170//4224 2163//4224
f 2146//4225 2170//4225 2169//4225
f 2145//4226 2170//4226 2146//4226
f 2145//4227 2171//4227 2170//4227
f 2170//4228 2171//4228 2163//4228
f 2147//4229 2171//4229 2145//4229
f 2147//4230 2172//4230 2171//4230
f 2171//4231 2172//4231 2163//4231
f 2148//4232 2172//4232 2147//4232
f 2148//4233 2173//4233 2172//4233
f 2172//4234 2173//4234 2163//4234
f 2149//4235 2173//4235 2148//4235
f 2149//4236 2174//4236 2173//4236
f 2173//4237 2174//4237 2163//4237
f 2150//4238 2174//4238 2149//4238
f 2151//4239 2174//4239 2150//4239
f 2163//4240 2174//4240 2175//4240
f 2174//4241 2176//4241 2175//4241
f 2151//4242 2176//4242 2174//4242
f 2151//4243 2177//4243 2176//4243
f 2176//4244 2177//4244 2175//4244
f 2152//4245 2177//4245 2151//4245
f 2153//4246 2177//4246 2152//4246
f 2177//4247 2178//4247 2175//4247
f 2153//4248 2178//4248 2177//4248
f 2178//4249 2179//4249 2175//4249
f 2153//4250 2179//4250 2178//4250
f 2154//4251 2179//4251 2153//4251
f 2179//4252 2180//4252 2175//4252
f 2154//4253 2180//4253 2179//4253
f 2155//4254 2180//4254 2154//4254
f 2155//4255 2181//4255 2180//4255
f 2180//4256 2181//4256 2175//4256
f 2156//4257 2181//4257 2155//4257
f 2156//4258 2182//4258 2181//4258
f 2181//4259 2182//4259 2175//4259
f 2157//4260 2182//4260 2156//4260
f 2158//4261 2182//4261 2157//4261
f 2182//4262 2183//4262 2175//4262
f 2158//4263 2183//4263 2182//4263
f 2183//4264 2184//4264 2175//4264
f 2158//4265 2184//4265 2183//4265
f 2159//4266 2184//4266 2158//4266
f 2184//4267 2185//4267 2175//4267
f 2159//4268 2185//4268 2184//4268
f 2160//4269 2185//4269 2159//4269
f 2161//4270 2186//4270 2160//4270
f 2160//4271 2186//4271 2185//4271
f 2175//4272 2186//4272 1401//4272
f 2185//4273 2186//4273 2175//4273
f 1401//4274 2186//4274 2161//4274
f 2163//4275 2187//4275 1406//4275
f 2163//4276 2188//4276 2187//4276
f 2175//4277 2188//4277 2163//4277
f 2187//4278 2188//4278 1406//4278
f 1406//4279 2188//4279 1404//4279
f 2175//4280 2189//4280 2188//4280
f 2188//4281 2189//4281 1404//4281
f 2189//4282 2190//4282 1404//4282
f 2175//4283 2190//4283 2189//4283
f 2190//4284 2191//4284 1404//4284
f 2175//4285 2191//4285 2190//4285
f 2191//4286 2192//4286 1404//4286
f 2175//4287 2192//4287 2191//4287
f 2192//4288 2193//4288 1404//4288
f 2175//4289 2193//4289 2192//4289
f 2193//4290 2194//4290 1404//4290
f 2175//4291 2194//4291 2193//4291
f 2194//4292 2195//4292 1404//4292
f 2175//4293 2195//4293 2194//4293
f 2195//4294 2196//4294 1404//4294
f 2175//4295 2196//4295 2195//4295
f 2196//4296 2197//4296 1404//4296
f 2175//4297 2197//4297 2196//4297
f 2175//4298 2198//4298 2197//4298
f 2197//4299 2198//4299 1404//4299
f 2175//4300 2199//4300 2198//4300
f 2198//4301 2199//4301 1404//4301
f 1404//4302 2199//4302 2175//4302
f 1407//4303 2200//4303 2201//4303
f 1407//4304 2202//4304 2200//4304
f 2200//4305 2202//4305 2201//4305
f 2202//4306 2203//4306 2201//4306
f 1407//4307 2203//4307 2202//4307
f 2203//4308 2204//4308 2201//4308
f 1407//4309 2204//4309 2203//4309
f 2204//4310 2205//4310 2201//4310
f 1407//4311 2205//4311 2204//4311
f 2205//4312 2206//4312 2201//4312
f 1407//4313 2206//4313 2205//4313
f 2206//4314 2207//4314 2201//4314
f 1407//4315 2207//4315 2206//4315
f 2207//4316 2208//4316 2201//4316
f 1407//4317 2208//4317 2207//4317
f 2208//4318 2209//4318 2201//4318
f 1407//4319 2209//4319 2208//4319
f 2209//4320 2210//4320 2201//4320
f 1407//4321 2210//4321 2209//4321
f 2210//4322 2211//4322 2201//4322
f 1407//4323 2211//4323 2210//4323
f 1405//4324 2211//4324 1407//4324
f 2201//4325 2211//4325 2212//4325
f 2211//4326 2213//4326 2212//4326
f 1405//4327 2213//4327 2211//4327
f 2213//4328 2214//4328 2212//4328
f 1405//4329 2214//4329 2213//4329
f 2214//4330 2215//4330 2212//4330
f 1405//4331 2215//4331 2214//4331
f 2215//4332 2216//4332 2212//4332
f 1405//4333 2216//4333 2215//4333
f 2216//4334 2217//4334 2212//4334
f 1405//4335 2217//4335 2216//4335
f 2217//4336 2218//4336 2212//4336
f 1405//4337 2218//4337 2217//4337
f 2218//4338 2219//4338 2212//4338
f 1405//4339 2219//4339 2218//4339
f 2219//4340 2220//4340 2212//4340
f 1405//4341 2220//4341 2219//4341
f 2220//4342 2221//4342 2212//4342
f 1405//4343 2221//4343 2220//4343
f 2221//4344 2222//4344 2212//4344
f 1405//4345 2222//4345 2221//4345
f 2212//4346 2223//4346 1405//4346
f 2222//4347 2223//4347 2212//4347
f 1405//4348 2223//4348 2222//4348
f 2201//4349 2224//4349 2225//4349
f 2224//4350 2226//4350 2225//4350
f 2212//4351 2226//4351 2201//4351
f 2201//4352 2226//4352 2224//4352
f 2225//4353 2226//4353 2227//4353
f 2226//4354 2228//4354 2227//4354
f 2212//4355 2228//4355 2226//4355
f 2228//4356 2229//4356 2227//4356
f 2212//4357 2229//4357 2228//4357
f 2229//4358 2230//4358 2227//4358
f 2212//4359 2230//4359 2229//4359
f 2230//4360 2231//4360 2227//4360
f 2212//4361 2231//4361 2230//4361
f 2231//4362 2232//4362 2227//4362
f 2212//4363 2232//4363 2231//4363
f 2232//4364 2233//4364 2227//4364
f 2212//4365 2233//4365 2232//4365
f 2233//4366 2234//4366 2227//4366
f 2212//4367 2234//4367 2233//4367
f 2234//4368 2235//4368 2227//4368
f 2212//4369 2235//4369 2234//4369
f 2235//4370 2236//4370 2227//4370
f 2212//4371 2236//4371 2235//4371
f 2236//4372 2237//4372 2227//4372
f 2212//4373 2237//4373 2236//4373
f 2237//4374 2238//4374 2227//4374
f 2212//4375 2238//4375 2237//4375
f 2227//4376 2238//4376 2212//4376
f 2225//4377 2239//4377 2240//4377
f 2239//4378 2241//4378 2240//4378
f 2225//4379 2241//4379 2239//4379
f 2241//4380 2242//4380 2240//4380
f 2225//4381 2242//4381 2241//4381
f 2242//4382 2243//4382 2240//4382
f 2225//4383 2243//4383 2242//4383
f 2243//4384 2244//4384 2240//4384
f 2225//4385 2244//4385 2243//4385
f 2244//4386 2245//4386 2240//4386
f 2225//4387 2245//4387 2244//4387
f 2245//4388 2246//4388 2240//4388
f 2225//4389 2246//4389 2245//4389
f 2246//4390 2247//4390 2240//4390
f 2225//4391 2247//4391 2246//4391
f 2247//4392 2248//4392 2240//4392
f 2225//4393 2248//4393 2247//4393
f 2227//4394 2248//4394 2225//4394
f 2240//4395 2248//4395 2249//4395
f 2248//4396 2250//4396 2249//4396
f 2227//4397 2250//4397 2248//4397
f 2250//4398 2251//4398 2249//4398
f 2227//4399 2251//4399 2250//4399
f 2251//4400 2252//4400 2249//4400
f 2227//4401 2252//4401 2251//4401
f 2252//4402 2253//4402 2249//4402
f 2227//4403 2253//4403 2252//4403
f 2253//4404 2254//4404 2249//4404
f 2227//4405 2254//4405 2253//4405
f 2254//4406 2255//4406 2249//4406
f 2227//4407 2255//4407 2254//4407
f 2255//4408 2256//4408 2249//4408
f 2227//4409 2256//4409 2255//4409
f 2256//4410 2257//4410 2249//4410
f 2227//4411 2257//4411 2256//4411
f 2257//4412 2258//4412 2249//4412
f 2227//4413 2258//4413 2257//4413
f 2258//4414 2259//4414 2249//4414
f 2227//4415 2259//4415 2258//4415
f 2249//4416 2260//4416 2227//4416
f 2259//4417 2260//4417 2249//4417
f 2227//4418 2260//4418 2259//4418
f 2240//4419 2261//4419 2262//4419
f 2261//4420 2263//4420 2262//4420
f 2240//4421 2263//4421 2261//4421
f 2263//4422 2264//4422 2262//4422
f 2240//4423 2264//4423 2263//4423
f 2264//4424 2265//4424 2262//4424
f 2240//4425 2265//4425 2264//4425
f 2265//4426 2266//4426 2262//4426
f 2240//4427 2266//4427 2265//4427
f 2266//4428 2267//4428 2262//4428
f 2240//4429 2267//4429 2266//4429
f 2267//4430 2268//4430 2262//4430
f 2240//4431 2268//4431 2267//4431
f 2268//4432 2269//4432 2262//4432
f 2240//4433 2269//4433 2268//4433
f 2249//4434 2270//4434 2240//4434
f 2240//4435 2270//4435 2269//4435
f 2262//4436 2270//4436 2271//4436
f 2269//4437 2270//4437 2262//4437
f 2270//4438 2272//4438 2271//4438
f 2249//4439 2272//4439 2270//4439
f 2272//4440 2273//4440 2271//4440
f 2249//4441 2273//4441 2272//4441
f 2273//4442 2274//4442 2271//4442
f 2249//4443 2274//4443 2273//4443
f 2274//4444 2275//4444 2271//4444
f 2249//4445 2275//4445 2274//4445
f 2275//4446 2276//4446 2271//4446
f 2249//4447 2276//4447 2275//4447
f 2276//4448 2277//4448 2271//4448
f 2249//4449 2277//4449 2276//4449
f 2277//4450 2278//4450 2271//4450
f 2249//4451 2278//4451 2277//4451
f 2278//4452 2279//4452 2271//4452
f 2249//4453 2279//4453 2278//4453
f 2279//4454 2280//4454 2271//4454
f 2249//4455 2280//4455 2279//4455
f 2280//4456 2281//4456 2271//4456
f 2249//4457 2281//4457 2280//4457
f 2281//4458 2282//4458 2271//4458
f 2249//4459 2282//4459 2281//4459
f 2271//4460 2282//4460 2249//4460
f 2262//4461 2283//4461 2284//4461
f 2283//4462 2285//4462 2284//4462
f 2262//4463 2285//4463 2283//4463
f 2285//4464 2286//4464 2284//4464
f 2262//4465 2286//4465 2285//4465
f 2286//4466 2287//4466 2284//4466
f 2262//4467 2287//4467 2286//4467
f 2287//4468 2288//4468 2284//4468
f 2262//4469 2288//4469 2287//4469
f 2288//4470 2289//4470 2284//4470
f 2262//4471 2289//4471 2288//4471
f 2289//4472 2290//4472 2284//4472
f 2262//4473 2290//4473 2289//4473
f 2290//4474 2291//4474 2284//4474
f 2262//4475 2291//4475 2290//4475
f 2291//4476 2292//4476 2284//4476
f 2262//4477 2292//4477 2291//4477
f 2292//4478 2293//4478 2284//4478
f 2262//4479 2293//4479 2292//4479
f 2271//4480 2293//4480 2262//4480
f 2284//4481 2293//4481 2294//4481
f 2293//4482 2295//4482 2294//4482
f 2271//4483 2295//4483 2293//4483
f 2295//4484 2296//4484 2294//4484
f 2271//4485 2296//4485 2295//4485
f 2296//4486 2297//4486 2294//4486
f 2271//4487 2297//4487 2296//4487
f 2297//4488 2298//4488 2294//4488
f 2271//4489 2298//4489 2297//4489
f 2298//4490 2299//4490 2294//4490
f 2271//4491 2299//4491 2298//4491
f 2299//4492 2300//4492 2294//4492
f 2271//4493 2300//4493 2299//4493
f 2300//4494 2301//4494 2294//4494
f 2271//4495 2301//4495 2300//4495
f 2301//4496 2302//4496 2294//4496
f 2271//4497 2302//4497 2301//4497
f 2302//4498 2303//4498 2294//4498
f 2271//4499 2303//4499 2302//4499
f 2303//4500 2304//4500 2294//4500
f 2271//4501 2304//4501 2303//4501
f 2294//4502 2305//4502 2271//4502
f 2304//4503 2305//4503 2294//4503
f 2271//4504 2305//4504 2304//4504
f 2284//4505 2306//4505 2307//4505
f 2306//4506 2308//4506 2307//4506
f 2284//4507 2308//4507 2306//4507
f 2308//4508 2309//4508 2307//4508
f 2284//4509 2309//4509 2308//4509
f 2284//4510 2310//4510 2309//4510
f 2309//4511 2310//4511 2307//4511
f 2284//4512 2311//4512 2310//4512
f 2310//4513 2311//4513 2307//4513
f 2311//4514 2312//4514 2307//4514
f 2284//4515 2312//4515 2311//4515
f 2307//4516 2313//4516 2314//4516
f 2312//4517 2313//4517 2307//4517
f 2284//4518 2313//4518 2312//4518
f 2294//4519 2313//4519 2284//4519
f 2294//4520 2315//4520 2313//4520
f 2313//4521 2315//4521 2314//4521
f 2294//4522 2316//4522 2315//4522
f 2315//4523 2316//4523 2314//4523
f 2294//4524 2317//4524 2316//4524
f 2316//4525 2317//4525 2314//4525
f 2294//4526 2318//4526 2317//4526
f 2317//4527 2318//4527 2314//4527
f 2294//4528 2319//4528 2318//4528
f 2318//4529 2319//4529 2314//4529
f 2294//4530 2320//4530 2319//4530
f 2319//4531 2320//4531 2314//4531
f 2294//4532 2321//4532 2320//4532
f 2320//4533 2321//4533 2314//4533
f 2294//4534 2322//4534 2321//4534
f 2321//4535 2322//4535 2314//4535
f 2294//4536 2323//4536 2322//4536
f 2322//4537 2323//4537 2314//4537
f 2294//4538 2324//4538 2323//4538
f 2323//4539 2324//4539 2314//4539
f 2294//4540 2325//4540 2324//4540
f 2324//4541 2325//4541 2314//4541
f 2314//4542 2325//4542 2294//4542
f 2307//4543 2326//4543 2327//4543
f 2307//4544 2328//4544 2326//4544
f 2307//4545 2329//4545 2328//4545
f 2307//4546 2330//4546 2329//4546
f 2307//4547 2331//4547 2330//4547
f 2307//4548 2332//4548 2331//4548
f 2307//4549 2333//4549 2332//4549
f 2314//4550 2334//4550 2307//4550
f 2307//4551 2334//4551 2333//4551
f 2314//4552 2335//4552 2334//4552
f 2314//4553 2336//4553 2335//4553
f 2314//4554 2337//4554 2336//4554
f 2314//4555 2338//4555 2337//4555
f 2314//4556 2339//4556 2338//4556
f 2314//4557 2340//4557 2339//4557
f 2314//4558 2341//4558 2340//4558
f 2314//4559 2342//4559 2341//4559
f 2314//4560 2343//4560 2342//4560
f 2314//4561 2344//4561 2343//4561
f 2314//4562 2345//4562 2344//4562
f 1411//4563 2345//4563 2314//4563
f 2307//4564 2346//4564 1408//4564
f 2327//4565 2346//4565 2307//4565
f 2346//4566 2347//4566 1408//4566
f 2327//4567 2347//4567 2346//4567
f 2347//4568 2348//4568 1408//4568
f 2327//4569 2348//4569 2347//4569
f 2348//4570 2349//4570 1408//4570
f 2326//4571 2349//4571 2327//4571
f 2327//4572 2349//4572 2348//4572
f 2326//4573 2350//4573 2349//4573
f 2349//4574 2350//4574 1408//4574
f 2326//4575 2351//4575 2350//4575
f 2350//4576 2351//4576 1408//4576
f 2328//4577 2351//4577 2326//4577
f 2329//4578 2351//4578 2328//4578
f 2351//4579 2352//4579 1408//4579
f 2329//4580 2352//4580 2351//4580
f 2330//4581 2352//4581 2329//4581
f 2330//4582 2353//4582 2352//4582
f 2352//4583 2353//4583 1408//4583
f 2330//4584 2354//4584 2353//4584
f 2353//4585 2354//4585 1408//4585
f 2331//4586 2354//4586 2330//4586
f 2332//4587 2354//4587 2331//4587
f 2332//4588 2355//4588 2354//4588
f 2354//4589 2355//4589 1408//4589
f 2355//4590 2356//4590 1408//4590
f 2333//4591 2356//4591 2332//4591
f 2334//4592 2356//4592 2333//4592
f 2332//4593 2356//4593 2355//4593
f 1408//4594 2357//4594 1411//4594
f 2356//4595 2357//4595 1408//4595
f 2334//4596 2357//4596 2356//4596
f 2357//4597 2358//4597 1411//4597
f 2334//4598 2358//4598 2357//4598
f 2335//4599 2358//4599 2334//4599
f 2358//4600 2359//4600 1411//4600
f 2335//4601 2359//4601 2358//4601
f 2336//4602 2359//4602 2335//4602
f 2336//4603 2360//4603 2359//4603
f 2359//4604 2360//4604 1411//4604
f 2337//4605 2360//4605 2336//4605
f 2338//4606 2360//4606 2337//4606
f 2360//4607 2361//4607 1411//4607
f 2338//4608 2361//4608 2360//4608
f 2339//4609 2361//4609 2338//4609
f 2339//4610 2362//4610 2361//4610
f 2361//4611 2362//4611 1411//4611
f 2339//4612 2363//4612 2362//4612
f 2362//4613 2363//4613 1411//4613
f 2340//4614 2363//4614 2339//4614
f 2341//4615 2363//4615 2340//4615
f 2363//4616 2364//4616 1411//4616
f 2341//4617 2364//4617 2363//4617
f 2364//4618 2365//4618 1411//4618
f 2341//4619 2365//4619 2364//4619
f 2342//4620 2365//4620 2341//4620
f 2344//4621 2366//4621 2343//4621
f 2365//4622 2366//4622 1411//4622
f 2342//4623 2366//4623 2365//4623
f 2343//4624 2366//4624 2342//4624
f 2345//4625 2367//4625 2344//4625
f 2344//4626 2367//4626 2366//4626
f 2366//4627 2367//4627 1411//4627
f 2345//4628 2368//4628 2367//4628
f 2367//4629 2368//4629 1411//4629
f 1411//4630 2369//4630 2345//4630
f 2368//4631 2369//4631 1411//4631
f 2345//4632 2369//4632 2368//4632
f 1410//4633 2370//4633 2371//4633
f 1410//4634 2372//4634 2370//4634
f 2370//4635 2372//4635 2371//4635
f 1410//4636 2373//4636 2372//4636
f 2372//4637 2373//4637 2371//4637
f 1410//4638 2374//4638 2373//4638
f 2373//4639 2374//4639 2371//4639
f 1410//4640 2375//4640 2374//4640
f 2374//4641 2375//4641 2371//4641
f 1410//4642 2376//4642 2375//4642
f 2375//4643 2376//4643 2371//4643
f 1410//4644 2377//4644 2376//4644
f 2376//4645 2377//4645 2371//4645
f 1409//4646 2378//4646 1410//4646
f 2371//4647 2378//4647 2379//4647
f 1410//4648 2378//4648 2377//4648
f 2377//4649 2378//4649 2371//4649
f 1409//4650 2380//4650 2378//4650
f 2378//4651 2380//4651 2379//4651
f 2380//4652 2381//4652 2379//4652
f 1409//4653 2381//4653 2380//4653
f 2381//4654 2382//4654 2379//4654
f 1409//4655 2382//4655 2381//4655
f 2382//4656 2383//4656 2379//4656
f 1409//4657 2383//4657 2382//4657
f 2383//4658 2384//4658 2379//4658
f 1409//4659 2384//4659 2383//4659
f 2384//4660 2385//4660 2379//4660
f 1409//4661 2385//4661 2384//4661
f 2385//4662 2386//4662 2379//4662
f 1409//4663 2386//4663 2385//4663
f 2386//4664 2387//4664 2379//4664
f 1409//4665 2387//4665 2386//4665
f 2387//4666 2388//4666 2379//4666
f 1409//4667 2388//4667 2387//4667
f 2388//4668 2389//4668 2379//4668
f 1409//4669 2389//4669 2388//4669
f 2389//4670 2390//4670 2379//4670
f 1409//4671 2390//4671 2389//4671
f 2379//4672 2390//4672 1409//4672
f 2371//4673 2391//4673 2392//4673
f 2371//4674 2393//4674 2391//4674
f 2371//4675 2394//4675 2393//4675
f 2371//4676 2395//4676 2394//4676
f 2371//4677 2396//4677 2395//4677
f 2379//4678 2397//4678 2371//4678
f 2371//4679 2397//4679 2396//4679
f 2379//4680 2398//4680 2397//4680
f 2379//4681 2399//4681 2398//4681
f 2379//4682 2400//4682 2399//4682
f 2379//4683 2401//4683 2400//4683
f 2379//4684 2402//4684 2401//4684
f 2379//4685 2403//4685 2402//4685
f 2379//4686 2404//4686 2403//4686
f 2379//4687 2405//4687 2404//4687
f 2379//4688 2406//4688 2405//4688
f 2379//4689 2407//4689 2406//4689
f 2379//4690 2408//4690 2407//4690
f 2371//4691 2409//4691 2410//4691
f 2392//4692 2409//4692 2371//4692
f 2409//4693 2411//4693 2410//4693
f 2392//4694 2411//4694 2409//4694
f 2392//4695 2412//4695 2411//4695
f 2411//4696 2412//4696 2410//4696
f 2392//4697 2413//4697 2412//4697
f 2412//4698 2413//4698 2410//4698
f 2391//4699 2414//4699 2392//4699
f 2392//4700 2414//4700 2413//4700
f 2413//4701 2414//4701 2410//4701
f 2393//4702 2415//4702 2391//4702
f 2391//4703 2415//4703 2414//4703
f 2414//4704 2415//4704 2410//4704
f 2415//4705 2416//4705 2410//4705
f 2393//4706 2416//4706 2415//4706
f 2416//4707 2417//4707 2410//4707
f 2394//4708 2417//4708 2393//4708
f 2393//4709 2417//4709 2416//4709
f 2417//4710 2418//4710 2410//4710
f 2395//4711 2418//4711 2394//4711
f 2394//4712 2418//4712 2417//4712
f 2418//4713 2419//4713 2410//4713
f 2396//4714 2419//4714 2395//4714
f 2397//4715 2419//4715 2396//4715
f 2395//4716 2419//4716 2418//4716
f 2419//4717 2420//4717 2410//4717
f 2410//4718 2420//4718 2421//4718
f 2397//4719 2420//4719 2419//4719
f 2398//4720 2420//4720 2397//4720
f 2420//4721 2422//4721 2421//4721
f 2398//4722 2422//4722 2420//4722
f 2398//4723 2423//4723 2422//4723
f 2422//4724 2423//4724 2421//4724
f 2399//4725 2423//4725 2398//4725
f 2423//4726 2424//4726 2421//4726
f 2400//4727 2424//4727 2399//4727
f 2401//4728 2424//4728 2400//4728
f 2399//4729 2424//4729 2423//4729
f 2424//4730 2425//4730 2421//4730
f 2401//4731 2425//4731 2424//4731
f 2402//4732 2425//4732 2401//4732
f 2425//4733 2426//4733 2421//4733
f 2402//4734 2426//4734 2425//4734
f 2426//4735 2427//4735 2421//4735
f 2402//4736 2427//4736 2426//4736
f 2403//4737 2427//4737 2402//4737
f 2404//4738 2427//4738 2403//4738
f 2427//4739 2428//4739 2421//4739
f 2404//4740 2428//4740 2427//4740
f 2404//4741 2429//4741 2428//4741
f 2428//4742 2429//4742 2421//4742
f 2405//4743 2429//4743 2404//4743
f 2405//4744 2430//4744 2429//4744
f 2429//4745 2430//4745 2421//4745
f 2406//4746 2430//4746 2405//4746
f 2407//4747 2430//4747 2406//4747
f 2430//4748 2431//4748 2421//4748
f 2407//4749 2431//4749 2430//4749
f 2408//4750 2431//4750 2407//4750
f 2431//4751 2432//4751 2421//4751
f 2408//4752 2432//4752 2431//4752
f 2421//4753 2433//4753 2379//4753
f 2432//4754 2433//4754 2421//4754
f 2408//4755 2433//4755 2432//4755
f 2379//4756 2433//4756 2408//4756
f 2410//4757 2434//4757 2435//4757
f 2421//4758 2436//4758 2410//4758
f 2435//4759 2436//4759 2437//4759
f 2410//4760 2436//4760 2434//4760
f 2434//4761 2436//4761 2435//4761
f 2421//4762 2438//4762 2436//4762
f 2436//4763 2438//4763 2437//4763
f 2438//4764 2439//4764 2437//4764
f 2421//4765 2439//4765 2438//4765
f 2439//4766 2440//4766 2437//4766
f 2421//4767 2440//4767 2439//4767
f 2440//4768 2441//4768 2437//4768
f 2421//4769 2441//4769 2440//4769
f 2441//4770 2442//4770 2437//4770
f 2421//4771 2442//4771 2441//4771
f 2442//4772 2443//4772 2437//4772
f 2421//4773 2443//4773 2442//4773
f 2443//4774 2444//4774 2437//4774
f 2421//4775 2444//4775 2443//4775
f 2444//4776 2445//4776 2437//4776
f 2421//4777 2445//4777 2444//4777
f 2445//4778 2446//4778 2437//4778
f 2421//4779 2446//4779 2445//4779
f 2446//4780 2447//4780 2437//4780
f 2421//4781 2447//4781 2446//4781
f 2437//4782 2448//4782 2421//4782
f 2447//4783 2448//4783 2437//4783
f 2421//4784 2448//4784 2447//4784
f 2435//4785 2449//4785 2450//4785
f 2435//4786 2451//4786 2449//4786
f 2449//4787 2451//4787 2450//4787
f 2435//4788 2452//4788 2451//4788
f 2451//4789 2452//4789 2450//4789
f 2452//4790 2453//4790 2450//4790
f 2435//4791 2453//4791 2452//4791
f 2435//4792 2454//4792 2453//4792
f 2453//4793 2454//4793 2450//4793
f 2435//4794 2455//4794 2454//4794
f 2454//4795 2455//4795 2450//4795
f 2435//4796 2456//4796 2455//4796
f 2455//4797 2456//4797 2450//4797
f 2435//4798 2457//4798 2456//4798
f 2456//4799 2457//4799 2450//4799
f 2437//4800 2457//4800 2435//4800
f 2450//4801 2457//4801 2458//4801
f 2437//4802 2459//4802 2457//4802
f 2457//4803 2459//4803 2458//4803
f 2437//4804 2460//4804 2459//4804
f 2459//4805 2460//4805 2458//4805
f 2437//4806 2461//4806 2460//4806
f 2460//4807 2461//4807 2458//4807
f 2437//4808 2462//4808 2461//4808
f 2461//4809 2462//4809 2458//4809
f 2437//4810 2463//4810 2462//4810
f 2462//4811 2463//4811 2458//4811
f 2437//4812 2464//4812 2463//4812
f 2463//4813 2464//4813 2458//4813
f 2437//4814 2465//4814 2464//4814
f 2464//4815 2465//4815 2458//4815
f 2437//4816 2466//4816 2465//4816
f 2465//4817 2466//4817 2458//4817
f 2437//4818 2467//4818 2466//4818
f 2466//4819 2467//4819 2458//4819
f 2437//4820 2468//4820 2467//4820
f 2467//4821 2468//4821 2458//4821
f 2437//4822 2469//4822 2468//4822
f 2468//4823 2469//4823 2458//4823
f 2458//4824 2469//4824 2437//4824
f 2450//4825 2470//4825 2471//4825
f 2450//4826 2472//4826 2470//4826
f 2470//4827 2472//4827 2471//4827
f 2450//4828 2473//4828 2472//4828
f 2472//4829 2473//4829 2471//4829
f 2450//4830 2474//4830 2473//4830
f 2473//4831 2474//4831 2471//4831
f 2450//4832 2475//4832 2474//4832
f 2474//4833 2475//4833 2471//4833
f 2450//4834 2476//4834 2475//4834
f 2475//4835 2476//4835 2471//4835
f 2450//4836 2477//4836 2476//4836
f 2476//4837 2477//4837 2471//4837
f 2458//4838 2478//4838 2450//4838
f 2471//4839 2478//4839 2479//4839
f 2450//4840 2478//4840 2477//4840
f 2477//4841 2478//4841 2471//4841
f 2458//4842 2480//4842 2478//4842
f 2478//4843 2480//4843 2479//4843
f 2480//4844 2481//4844 2479//4844
f 2458//4845 2481//4845 2480//4845
f 2481//4846 2482//4846 2479//4846
f 2458//4847 2482//4847 2481//4847
f 2482//4848 2483//4848 2479//4848
f 2458//4849 2483//4849 2482//4849
f 2483//4850 2484//4850 2479//4850
f 2458//4851 2484//4851 2483//4851
f 2484//4852 2485//4852 2479//4852
f 2458//4853 2485//4853 2484//4853
f 2485//4854 2486//4854 2479//4854
f 2458//4855 2486//4855 2485//4855
f 2486//4856 2487//4856 2479//4856
f 2458//4857 2487//4857 2486//4857
f 2487//4858 2488//4858 2479//4858
f 2458//4859 2488//4859 2487//4859
f 2488//4860 2489//4860 2479//4860
f 2458//4861 2489//4861 2488//4861
f 2489//4862 2490//4862 2479//4862
f 2458//4863 2490//4863 2489//4863
f 2479//4864 2490//4864 2458//4864
f 2471//4865 2491//4865 2492//4865
f 2492//4866 2493//4866 2494//4866
f 2471//4867 2493//4867 2491//4867
f 2491//4868 2493//4868 2492//4868
f 2493//4869 2495//4869 2494//4869
f 2471//4870 2495//4870 2493//4870
f 2495//4871 2496//4871 2494//4871
f 2471//4872 2496//4872 2495//4872
f 2471//4873 2497//4873 2496//4873
f 2496//4874 2497//4874 2494//4874
f 2497//4875 2498//4875 2494//4875
f 2471//4876 2498//4876 2497//4876
f 2471//4877 2499//4877 2498//4877
f 2498//4878 2499//4878 2494//4878
f 2499//4879 2500//4879 2494//4879
f 2471//4880 2500//4880 2499//4880
f 2471//4881 2501//4881 2500//4881
f 2500//4882 2501//4882 2494//4882
f 2501//4883 2502//4883 2494//4883
f 2471//4884 2502//4884 2501//4884
f 2471//4885 2503//4885 2502//4885
f 2502//4886 2503//4886 2494//4886
f 2479//4887 2504//4887 2471//4887
f 2471//4888 2504//4888 2503//4888
f 2503//4889 2504//4889 2494//4889
f 2494//4890 2504//4890 2505//4890
f 2479//4891 2506//4891 2504//4891
f 2504//4892 2506//4892 2505//4892
f 2479//4893 2507//4893 2506//4893
f 2506//4894 2507//4894 2505//4894
f 2479//4895 2508//4895 2507//4895
f 2507//4896 2508//4896 2505//4896
f 2479//4897 2509//4897 2508//4897
f 2508//4898 2509//4898 2505//4898
f 2479//4899 2510//4899 2509//4899
f 2509//4900 2510//4900 2505//4900
f 2479//4901 2511//4901 2510//4901
f 2510//4902 2511//4902 2505//4902
f 2479//4903 2512//4903 2511//4903
f 2511//4904 2512//4904 2505//4904
f 2479//4905 2513//4905 2512//4905
f 2512//4906 2513//4906 2505//4906
f 2479//4907 2514//4907 2513//4907
f 2513//4908 2514//4908 2505//4908
f 2505//4909 2515//4909 2516//4909
f 2479//4910 2515//4910 2514//4910
f 2514//4911 2515//4911 2505//4911
f 2515//4912 2517//4912 2516//4912
f 2479//4913 2517//4913 2515//4913
f 2516//4914 2518//4914 2479//4914
f 2517//4915 2518//4915 2516//4915
f 2479//4916 2518//4916 2517//4916
f 2494//4917 2519//4917 2520//4917
f 2494//4918 2521//4918 2519//4918
f 2519//4919 2521//4919 2520//4919
f 2494//4920 2522//4920 2521//4920
f 2521//4921 2522//4921 2520//4921
f 2494//4922 2523//4922 2522//4922
f 2522//4923 2523//4923 2520//4923
f 2494//4924 2524//4924 2523//4924
f 2523//4925 2524//4925 2520//4925
f 2494//4926 2525//4926 2524//4926
f 2524//4927 2525//4927 2520//4927
f 2494//4928 2526//4928 2525//4928
f 2525//4929 2526//4929 2520//4929
f 2505//4930 2527//4930 2494//4930
f 2520//4931 2527//4931 2528//4931
f 2494//4932 2527//4932 2526//4932
f 2526//4933 2527//4933 2520//4933
f 2527//4934 2529//4934 2528//4934
f 2505//4935 2529//4935 2527//4935
f 2529//4936 2530//4936 2528//4936
f 2505//4937 2530//4937 2529//4937
f 2530//4938 2531//4938 2528//4938
f 2505//4939 2531//4939 2530//4939
f 2531//4940 2532//4940 2528//4940
f 2505//4941 2532//4941 2531//4941
f 2532//4942 2533//4942 2528//4942
f 2505//4943 2533//4943 2532//4943
f 2533//4944 2534//4944 2528//4944
f 2505//4945 2534//4945 2533//4945
f 2534//4946 2535//4946 2528//4946
f 2505//4947 2535//4947 2534//4947
f 2535//4948 2536//4948 2528//4948
f 2505//4949 2536//4949 2535//4949
f 2536//4950 2537//4950 2528//4950
f 2505//4951 2537//4951 2536//4951
f 2537//4952 2538//4952 2528//4952
f 2505//4953 2538//4953 2537//4953
f 2538//4954 2539//4954 2528//4954
f 2505//4955 2539//4955 2538//4955
f 2528//4956 2539//4956 2505//4956
f 2520//4957 2540//4957 2541//4957
f 2540//4958 2542//4958 2541//4958
f 2520//4959 2542//4959 2540//4959
f 2542//4960 2543//4960 2541//4960
f 2520//4961 2543//4961 2542//4961
f 2543//4962 2544//4962 2541//4962
f 2520//4963 2544//4963 2543//4963
f 2544//4964 2545//4964 2541//4964
f 2520//4965 2545//4965 2544//4965
f 2520//4966 2546//4966 2545//4966
f 2545//4967 2546//4967 2541//4967
f 2528//4968 2547//4968 2520//4968
f 2541//4969 2547//4969 2548//4969
f 2520//4970 2547//4970 2546//4970
f 2546//4971 2547//4971 2541//4971
f 2528//4972 2549//4972 2547//4972
f 2547//4973 2549//4973 2548//4973
f 2528//4974 2550//4974 2549//4974
f 2549//4975 2550//4975 2548//4975
f 2550//4976 2551//4976 2548//4976
f 2528//4977 2551//4977 2550//4977
f 2551//4978 2552//4978 2548//4978
f 2528//4979 2552//4979 2551//4979
f 2552//4980 2553//4980 2548//4980
f 2528//4981 2553//4981 2552//4981
f 2553//4982 2554//4982 2548//4982
f 2528//4983 2554//4983 2553//4983
f 2554//4984 2555//4984 2548//4984
f 2528//4985 2555//4985 2554//4985
f 2555//4986 2556//4986 2548//4986
f 2528//4987 2556//4987 2555//4987
f 2556//4988 2557//4988 2548//4988
f 2528//4989 2557//4989 2556//4989
f 2557//4990 2558//4990 2548//4990
f 2528//4991 2558//4991 2557//4991
f 2548//4992 2559//4992 2528//4992
f 2558//4993 2559//4993 2548//4993
f 2528//4994 2559//4994 2558//4994
f 2541//4995 2560//4995 2561//4995
f 2541//4996 2562//4996 2560//4996
f 2560//4997 2562//4997 2561//4997
f 2541//4998 2563//4998 2562//4998
f 2562//4999 2563//4999 2561//4999
f 2541//5000 2564//5000 2563//5000
f 2563//5001 2564//5001 2561//5001
f 2541//5002 2565//5002 2564//5002
f 2564//5003 2565//5003 2561//5003
f 2565//5004 2566//5004 2561//5004
f 2541//5005 2566//5005 2565//5005
f 2541//5006 2567//5006 2566//5006
f 2548//5007 2567//5007 2541//5007
f 2561//5008 2567//5008 2568//5008
f 2566//5009 2567//5009 2561//5009
f 2548//5010 2569//5010 2567//5010
f 2567//5011 2569//5011 2568//5011
f 2548//5012 2570//5012 2569//5012
f 2569//5013 2570//5013 2568//5013
f 2548//5014 2571//5014 2570//5014
f 2570//5015 2571//5015 2568//5015
f 2548//5016 2572//5016 2571//5016
f 2571//5017 2572//5017 2568//5017
f 2548//5018 2573//5018 2572//5018
f 2572//5019 2573//5019 2568//5019
f 2548//5020 2574//5020 2573//5020
f 2573//5021 2574//5021 2568//5021
f 2548//5022 2575//5022 2574//5022
f 2574//5023 2575//5023 2568//5023
f 2548//5024 2576//5024 2575//5024
f 2575//5025 2576//5025 2568//5025
f 2548//5026 2577//5026 2576//5026
f 2576//5027 2577//5027 2568//5027
f 2548//5028 2578//5028 2577//5028
f 2577//5029 2578//5029 2568//5029
f 2548//5030 2579//5030 2578//5030
f 2578//5031 2579//5031 2568//5031
f 2568//5032 2579//5032 2548//5032
f 2561//5033 2580//5033 2581//5033
f 2580//5034 2582//5034 2581//5034
f 2561//5035 2582//5035 2580//5035
f 2582//5036 2583//5036 2581//5036
f 2561//5037 2583//5037 2582//5037
f 2568//5038 2583//5038 2561//5038
f 2581//5039 2583//5039 2584//5039
f 2568//5040 2585//5040 2583//5040
f 2583//5041 2585//5041 2584//5041
f 2568//5042 2586//5042 2585//5042
f 2585//5043 2586//5043 2584//5043
f 2568//5044 2587//5044 2586//5044
f 2586//5045 2587//5045 2584//5045
f 2568//5046 2588//5046 2587//5046
f 2587//5047 2588//5047 2584//5047
f 2568//5048 2589//5048 2588//5048
f 2588//5049 2589//5049 2584//5049
f 2589//5050 2590//5050 2584//5050
f 2568//5051 2590//5051 2589//5051
f 2590//5052 2591//5052 2584//5052
f 2568//5053 2591//5053 2590//5053
f 2591//5054 2592//5054 2584//5054
f 2568//5055 2592//5055 2591//5055
f 2592//5056 2593//5056 2584//5056
f 2568//5057 2593//5057 2592//5057
f 2593//5058 2594//5058 2584//5058
f 2568//5059 2594//5059 2593//5059
f 2584//5060 2595//5060 2568//5060
f 2594//5061 2595//5061 2584//5061
f 2568//5062 2595//5062 2594//5062
f 2581//5063 2596//5063 1412//5063
f 2581//5064 2597//5064 2596//5064
f 2596//5065 2597//5065 1412//5065
f 2581//5066 2598//5066 2597//5066
f 2597//5067 2598//5067 1412//5067
f 2581//5068 2599//5068 2598//5068
f 2598//5069 2599//5069 1412//5069
f 2581//5070 2600//5070 2599//5070
f 2599//5071 2600//5071 1412//5071
f 2581//5072 2601//5072 2600//5072
f 2600//5073 2601//5073 1412//5073
f 2581//5074 2602//5074 2601//5074
f 2601//5075 2602//5075 1412//5075
f 2602//5076 2603//5076 1412//5076
f 2581//5077 2603//5077 2602//5077
f 2581//5078 2604//5078 2603//5078
f 2603//5079 2604//5079 1412//5079
f 2581//5080 2605//5080 2604//5080
f 2604//5081 2605//5081 1412//5081
f 2584//5082 2605//5082 2581//5082
f 1412//5083 2605//5083 1415//5083
f 2584//5084 2606//5084 2605//5084
f 2605//5085 2606//5085 1415//5085
f 2584//5086 2607//5086 2606//5086
f 2606//5087 2607//5087 1415//5087
f 2584//5088 2608//5088 2607//5088
f 2607//5089 2608//5089 1415//5089
f 2584//5090 2609//5090 2608//5090
f 2608//5091 2609//5091 1415//5091
f 2584//5092 2610//5092 2609//5092
f 2609//5093 2610//5093 1415//5093
f 2584//5094 2611//5094 2610//5094
f 2610//5095 2611//5095 1415//5095
f 2584//5096 2612//5096 2611//5096
f 2611//5097 2612//5097 1415//5097
f 2584//5098 2613//5098 2612//5098
f 2612//5099 2613//5099 1415//5099
f 2584//5100 2614//5100 2613//5100
f 2613//5101 2614//5101 1415//5101
f 2584//5102 2615//5102 2614//5102
f 2614//5103 2615//5103 1415//5103
f 2584//5104 2616//5104 2615//5104
f 2615//5105 2616//5105 1415//5105
f 1415//5106 2616//5106 2584//5106
f 1414//5107 2617//5107 2618//5107
f 2617//5108 2619//5108 2618//5108
f 1414//5109 2619//5109 2617//5109
f 2619//5110 2620//5110 2618//5110
f 1414//5111 2620//5111 2619//5111
f 2618//5112 2621//5112 2622//5112
f 2620//5113 2621//5113 2618//5113
f 1414//5114 2621//5114 2620//5114
f 1413//5115 2621//5115 1414//5115
f 2621//5116 2623//5116 2622//5116
f 1413//5117 2623//5117 2621//5117
f 2623//5118 2624//5118 2622//5118
f 1413//5119 2624//5119 2623//5119
f 2624//5120 2625//5120 2622//5120
f 1413//5121 2625//5121 2624//5121
f 2625//5122 2626//5122 2622//5122
f 1413//5123 2626//5123 2625//5123
f 2626//5124 2627//5124 2622//5124
f 1413//5125 2627//5125 2626//5125
f 2627//5126 2628//5126 2622//5126
f 1413//5127 2628//5127 2627//5127
f 2628//5128 2629//5128 2622//5128
f 1413//5129 2629//5129 2628//5129
f 2629//5130 2630//5130 2622//5130
f 1413//5131 2630//5131 2629//5131
f 2630//5132 2631//5132 2622//5132
f 1413//5133 2631//5133 2630//5133
f 2631//5134 2632//5134 2622//5134
f 1413//5135 2632//5135 2631//5135
f 2622//5136 2633//5136 1413//5136
f 2632//5137 2633//5137 2622//5137
f 1413//5138 2633//5138 2632//5138
f 1420//5139 2634//5139 1418//5139
f 2635//5140 2634//5140 1420//5140
f 1386//5141 2635//5141 1420//5141
f 2636//5142 2635//5142 1386//5142
f 1385//5143 2636//5143 1386//5143
f 2637//5144 2636//5144 1385//5144
f 1466//5145 2637//5145 1385//5145
f 2638//5146 2637//5146 1466//5146
f 1490//5147 2638//5147 1466//5147
f 2639//5148 2638//5148 1490//5148
f 1533//5149 2639//5149 1490//5149
f 2640//5150 2639//5150 1533//5150
f 1558//5151 2640//5151 1533//5151
f 2641//5152 2640//5152 1558//5152
f 1581//5153 2641//5153 1558//5153
f 2642//5154 2641//5154 1581//5154
f 1608//5155 2642//5155 1581//5155
f 2643//5156 2642//5156 1608//5156
f 1633//5157 2643//5157 1608//5157
f 2644//5158 2643//5158 1633//5158
f 1653//5159 2644//5159 1633//5159
f 2645//5160 2644//5160 1653//5160
f 1671//5161 2645//5161 1653//5161
f 2646//5162 2645//5162 1671//5162
f 1388//5163 2646//5163 1671//5163
f 2647//5164 2646//5164 1388//5164
f 1390//5165 2647//5165 1388//5165
f 2648//5166 2647//5166 1390//5166
f 1711//5167 2648//5167 1390//5167
f 2649//5168 2648//5168 1711//5168
f 1733//5169 2649//5169 1711//5169
f 2650//5170 2649//5170 1733//5170
f 1756//5171 2650//5171 1733//5171
f 2651//5172 2650//5172 1756//5172
f 1781//5173 2651//5173 1756//5173
f 2652//5174 2651//5174 1781//5174
f 1799//5175 2652//5175 1781//5175
f 2653//5176 2652//5176 1799//5176
f 1820//5177 2653//5177 1799//5177
f 2654//5178 2653//5178 1820//5178
f 1841//5179 2654//5179 1820//5179
f 2655//5180 2654//5180 1841//5180
f 1859//5181 2655//5181 1841//5181
f 2656//5182 2655//5182 1859//5182
f 1875//5183 2656//5183 1859//5183
f 2657//5184 2656//5184 1875//5184
f 1893//5185 2657//5185 1875//5185
f 2658//5186 2657//5186 1893//5186
f 1911//5187 2658//5187 1893//5187
f 2659//5188 2658//5188 1911//5188
f 1394//5189 2659//5189 1911//5189
f 2660//5190 2659//5190 1394//5190
f 1393//5191 2660//5191 1394//5191
f 2661//5192 2660//5192 1393//5192
f 1992//5193 2661//5193 1393//5193
f 2662//5194 2661//5194 1992//5194
f 2017//5195 2662//5195 1992//5195
f 2663//5196 2662//5196 2017//5196
f 2040//5197 2663//5197 2017//5197
f 2664//5198 2663//5198 2040//5198
f 1398//5199 2664//5199 2040//5199
f 2665//5200 2664//5200 1398//5200
f 1399//5201 2665//5201 1398//5201
f 2666//5202 2665//5202 1399//5202
f 2107//5203 2666//5203 1399//5203
f 2667//5204 2666//5204 2107//5204
f 1402//5205 2667//5205 2107//5205
f 2668//5206 2667//5206 1402//5206
f 1403//5207 2668//5207 1402//5207
f 2669//5208 2668//5208 1403//5208
f 2163//5209 2669//5209 1403//5209
f 2670//5210 2669//5210 2163//5210
f 1406//5211 2670//5211 2163//5211
f 2671//5212 2670//5212 1406//5212
f 1407//5213 2671//5213 1406//5213
f 2672//5214 2671//5214 1407//5214
f 2201//5215 2672//5215 1407//5215
f 2673//5216 2672//5216 2201//5216
f 2674//5217 2673//5217 2201//5217
f 2225//5218 2674//5218 2201//5218
f 2675//5219 2674//5219 2225//5219
f 2240//5220 2675//5220 2225//5220
f 2676//5221 2675//5221 2240//5221
f 2262//5222 2676//5222 2240//5222
f 2677//5223 2676//5223 2262//5223
f 2284//5224 2677//5224 2262//5224
f 2284//5225 2678//5225 2677//5225
f 2679//5226 2678//5226 2284//5226
f 2307//5227 2679//5227 2284//5227
f 2680//5228 2679//5228 2307//5228
f 1408//5229 2680//5229 2307//5229
f 2681//5230 2680//5230 1408//5230
f 1410//5231 2681//5231 1408//5231
f 2682//5232 2681//5232 1410//5232
f 2371//5233 2683//5233 2682//5233
f 2371//5234 2682//5234 1410//5234
f 2684//5235 2683//5235 2371//5235
f 2410//5236 2684//5236 2371//5236
f 2685//5237 2684//5237 2410//5237
f 2435//5238 2685//5238 2410//5238
f 2686//5239 2685//5239 2435//5239
f 2450//5240 2686//5240 2435//5240
f 2687//5241 2686//5241 2450//5241
f 2471//5242 2687//5242 2450//5242
f 2688//5243 2687//5243 2471//5243
f 2492//5244 2688//5244 2471//5244
f 2689//5245 2688//5245 2492//5245
f 2494//5246 2689//5246 2492//5246
f 2690//5247 2689//5247 2494//5247
f 2520//5248 2690//5248 2494//5248
f 2691//5249 2690//5249 2520//5249
f 2541//5250 2692//5250 2691//5250
f 2541//5251 2691//5251 2520//5251
f 2693//5252 2692//5252 2541//5252
f 2561//5253 2693//5253 2541//5253
f 2694//5254 2693//5254 2561//5254
f 2581//5255 2695//5255 2694//5255
f 2581//5256 2694//5256 2561//5256
f 1412//5257 2695//5257 2581//5257
f 2696//5258 2695//5258 1412//5258
f 1414//5259 2696//5259 1412//5259
f 2697//5260 2696//5260 1414//5260
f 2618//5261 2697//5261 1414//5261
f 2698//5262 2697//5262 2618//5262
f 2699//5263 2618//5263 2622//5263
f 2699//5264 2698//5264 2618//5264
f 2700//5265 2699//5265 2622//5265
f 1413//5266 2700//5266 2622//5266
f 2701//5267 2700//5267 1413//5267
f 1415//5268 2701//5268 1413//5268
f 2702//5269 2701//5269 1415//5269
f 2702//5270 1415//5270 2584//5270
f 2703//5271 2702//5271 2584//5271
f 2568//5272 2703//5272 2584//5272
f 2704//5273 2703//5273 2568//5273
f 2548//5274 2704//5274 2568//5274
f 2705//5275 2704//5275 2548//5275
f 2706//5276 2705//5276 2548//5276
f 2528//5277 2706//5277 2548//5277
f 2707//5278 2706//5278 2528//5278
f 2505//5279 2707//5279 2528//5279
f 2708//5280 2707//5280 2505//5280
f 2516//5281 2708//5281 2505//5281
f 2709//5282 2708//5282 2516//5282
f 2479//5283 2709//5283 2516//5283
f 2710//5284 2709//5284 2479//5284
f 2458//5285 2710//5285 2479//5285
f 2711//5286 2710//5286 2458//5286
f 2437//5287 2711//5287 2458//5287
f 2712//5288 2711//5288 2437//5288
f 2421//5289 2712//5289 2437//5289
f 2713//5290 2712//5290 2421//5290
f 2379//5291 2713//5291 2421//5291
f 2714//5292 2713//5292 2379//5292
f 2715//5293 2714//5293 2379//5293
f 1409//5294 2715//5294 2379//5294
f 2716//5295 2715//5295 1409//5295
f 1411//5296 2716//5296 1409//5296
f 2717//5297 2716//5297 1411//5297
f 2314//5298 2717//5298 1411//5298
f 2718//5299 2717//5299 2314//5299
f 2294//5300 2718//5300 2314//5300
f 2719//5301 2718//5301 2294//5301
f 2720//5302 2719//5302 2294//5302
f 2271//5303 2720//5303 2294//5303
f 2721//5304 2720//5304 2271//5304
f 2249//5305 2721//5305 2271//5305
f 2722//5306 2721//5306 2249//5306
f 2227//5307 2722//5307 2249//5307
f 2723//5308 2722//5308 2227//5308
f 2212//5309 2723//5309 2227//5309
f 2724//5310 2723//5310 2212//5310
f 2725//5311 2724//5311 2212//5311
f 1405//5312 2725//5312 2212//5312
f 2726//5313 2725//5313 1405//5313
f 1404//5314 2726//5314 1405//5314
f 2727//5315 2726//5315 1404//5315
f 2175//5316 2727//5316 1404//5316
f 2728//5317 2727//5317 2175//5317
f 1401//5318 2728//5318 2175//5318
f 2729//5319 2728//5319 1401//5319
f 1400//5320 2729//5320 1401//5320
f 2730//5321 2729//5321 1400//5321
f 2118//5322 2730//5322 1400//5322
f 2731//5323 2730//5323 2118//5323
f 1397//5324 2731//5324 2118//5324
f 2732//5325 2731//5325 1397//5325
f 1396//5326 2732//5326 1397//5326
f 2733//5327 2732//5327 1396//5327
f 2055//5328 2733//5328 1396//5328
f 2734//5329 2733//5329 2055//5329
f 2030//5330 2734//5330 2055//5330
f 2735//5331 2734//5331 2030//5331
f 2003//5332 2735//5332 2030//5332
f 2736//5333 2735//5333 2003//5333
f 1395//5334 2736//5334 2003//5334
f 2737//5335 2736//5335 1395//5335
f 1392//5336 2737//5336 1395//5336
f 2738//5337 2737//5337 1392//5337
f 1915//5338 2738//5338 1392//5338
f 2739//5339 2738//5339 1915//5339
f 1898//5340 2739//5340 1915//5340
f 2740//5341 2739//5341 1898//5341
f 1880//5342 2740//5342 1898//5342
f 2741//5343 2740//5343 1880//5343
f 1862//5344 2741//5344 1880//5344
f 2742//5345 2741//5345 1862//5345
f 1846//5346 2742//5346 1862//5346
f 2743//5347 2742//5347 1846//5347
f 1828//5348 2743//5348 1846//5348
f 2744//5349 2743//5349 1828//5349
f 1807//5350 2744//5350 1828//5350
f 2745//5351 2744//5351 1807//5351
f 1786//5352 2745//5352 1807//5352
f 2746//5353 2745//5353 1786//5353
f 1768//5354 2746//5354 1786//5354
f 2747//5355 2746//5355 1768//5355
f 1751//5356 2747//5356 1768//5356
f 2748//5357 2747//5357 1751//5357
f 1720//5358 2748//5358 1751//5358
f 2749//5359 2748//5359 1720//5359
f 1389//5360 2749//5360 1720//5360
f 2750//5361 2749//5361 1389//5361
f 1391//5362 2750//5362 1389//5362
f 2751//5363 2750//5363 1391//5363
f 1679//5364 2751//5364 1391//5364
f 2752//5365 2751//5365 1679//5365
f 1658//5366 2752//5366 1679//5366
f 2753//5367 2752//5367 1658//5367
f 1640//5368 2753//5368 1658//5368
f 2754//5369 2753//5369 1640//5369
f 1620//5370 2754//5370 1640//5370
f 2755//5371 2754//5371 1620//5371
f 1602//5372 2755//5372 1620//5372
f 2756//5373 2755//5373 1602//5373
f 1576//5374 2756//5374 1602//5374
f 2757//5375 2756//5375 1576//5375
f 1545//5376 2757//5376 1576//5376
f 2758//5377 2757//5377 1545//5377
f 1501//5378 2758//5378 1545//5378
f 2759//5379 2758//5379 1501//5379
f 1477//5380 2759//5380 1501//5380
f 2760//5381 1477//5381 1387//5381
f 2760//5382 2759//5382 1477//5382
f 2761//5383 1387//5383 1384//5383
f 2761//5384 2760//5384 1387//5384
f 2762//5385 1384//5385 1436//5385
f 2762//5386 2761//5386 1384//5386
f 2763//5387 1436//5387 1416//5387
f 2763//5388 2762//5388 1436//5388
f 2634//5389 1416//5389 1418//5389
f 2634//5390 2763//5390 1416//5390
f 2635//5391 2763//5391 2634//5391
f 2762//5392 2763//5392 2635//5392
f 2636//5393 2762//5393 2635//5393
f 2761//5394 2762//5394 2636//5394
f 2637//5395 2761//5395 2636//5395
f 2760//5396 2761//5396 2637//5396
f 2638//5397 2760//5397 2637//5397
f 2759//5398 2760//5398 2638//5398
f 2641//5399 2757//5399 2640//5399
f 2756//5400 2757//5400 2641//5400
f 2642//5401 2756//5401 2641//5401
f 2755//5402 2756//5402 2642//5402
f 2643//5403 2755//5403 2642//5403
f 2754//5404 2755//5404 2643//5404
f 2644//5405 2754//5405 2643//5405
f 2753//5406 2754//5406 2644//5406
f 2645//5407 2753//5407 2644//5407
f 2752//5408 2753//5408 2645//5408
f 2646//5409 2752//5409 2645//5409
f 2751//5410 2752//5410 2646//5410
f 2647//5411 2751//5411 2646//5411
f 2750//5412 2751//5412 2647//5412
f 2648//5413 2750//5413 2647//5413
f 2749//5414 2750//5414 2648//5414
f 2649//5415 2749//5415 2648//5415
f 2748//5416 2749//5416 2649//5416
f 2650//5417 2748//5417 2649//5417
f 2747//5418 2748//5418 2650//5418
f 2651//5419 2747//5419 2650//5419
f 2746//5420 2747//5420 2651//5420
f 2652//5421 2746//5421 2651//5421
f 2745//5422 2746//5422 2652//5422
f 2653//5423 2745//5423 2652//5423
f 2744//5424 2745//5424 2653//5424
f 2654//5425 2744//5425 2653//5425
f 2743//5426 2744//5426 2654//5426
f 2655//5427 2743//5427 2654//5427
f 2742//5428 2743//5428 2655//5428
f 2656//5429 2742//5429 2655//5429
f 2741//5430 2742//5430 2656//5430
f 2657//5431 2741//5431 2656//5431
f 2740//5432 2741//5432 2657//5432
f 2658//5433 2740//5433 2657//5433
f 2739//5434 2740//5434 2658//5434
f 2659//5435 2739//5435 2658//5435
f 2738//5436 2739//5436 2659//5436
f 2660//5437 2738//5437 2659//5437
f 2737//5438 2738//5438 2660//5438
f 2661//5439 2737//5439 2660//5439
f 2736//5440 2737//5440 2661//5440
f 2662//5441 2736//5441 2661//5441
f 2735//5442 2736//5442 2662//5442
f 2663//5443 2735//5443 2662//5443
f 2734//5444 2735//5444 2663//5444
f 2664//5445 2734//5445 2663//5445
f 2733//5446 2734//5446 2664//5446
f 2665//5447 2733//5447 2664//5447
f 2732//5448 2733//5448 2665//5448
f 2666//5449 2732//5449 2665//5449
f 2731//5450 2732//5450 2666//5450
f 2667//5451 2731//5451 2666//5451
f 2730//5452 2731//5452 2667//5452
f 2668//5453 2730//5453 2667//5453
f 2729//5454 2730//5454 2668//5454
f 2669//5455 2729//5455 2668//5455
f 2728//5456 2729//5456 2669//5456
f 2670//5457 2728//5457 2669//5457
f 2727//5458 2728//5458 2670//5458
f 2671//5459 2727//5459 2670//5459
f 2726//5460 2727//5460 2671//5460
f 2672//5461 2726//5461 2671//5461
f 2725//5462 2726//5462 2672//5462
f 2673//5463 2725//5463 2672//5463
f 2724//5464 2725//5464 2673//5464
f 2674//5465 2724//5465 2673//5465
f 2723//5466 2724//5466 2674//5466
f 2675//5467 2723//5467 2674//5467
f 2722//5468 2723//5468 2675//5468
f 2676//5469 2722//5469 2675//5469
f 2721//5470 2722//5470 2676//5470
f 2677//5471 2721//5471 2676//5471
f 2720//5472 2721//5472 2677//5472
f 2678//5473 2720//5473 2677//5473
f 2719//5474 2720//5474 2678//5474
f 2679//5475 2719//5475 2678//5475
f 2718//5476 2719//5476 2679//5476
f 2680//5477 2718//5477 2679//5477
f 2717//5478 2718//5478 2680//5478
f 2681//5479 2717//5479 2680//5479
f 2716//5480 2717//5480 2681//5480
f 2682//5481 2716//5481 2681//5481
f 2715//5482 2716//5482 2682//5482
f 2683//5483 2715//5483 2682//5483
f 2714//5484 2715//5484 2683//5484
f 2684//5485 2714//5485 2683//5485
f 2713//5486 2714//5486 2684//5486
f 2685//5487 2713//5487 2684//5487
f 2712//5488 2713//5488 2685//5488
f 2686//5489 2712//5489 2685//5489
f 2711//5490 2712//5490 2686//5490
f 2687//5491 2711//5491 2686//5491
f 2710//5492 2711//5492 2687//5492
f 2688//5493 2710//5493 2687//5493
f 2709//5494 2710//5494 2688//5494
f 2689//5495 2709//5495 2688//5495
f 2708//5496 2709//5496 2689//5496
f 2690//5497 2708//5497 2689//5497
f 2707//5498 2708//5498 2690//5498
f 2691//5499 2707//5499 2690//5499
f 2706//5500 2707//5500 2691//5500
f 2692//5501 2706//5501 2691//5501
f 2705//5502 2706//5502 2692//5502
f 2693//5503 2705//5503 2692//5503
f 2704//5504 2705//5504 2693//5504
f 2694//5505 2704//5505 2693//5505
f 2703//5506 2704//5506 2694//5506
f 2695//5507 2703//5507 2694//5507
f 2702//5508 2703//5508 2695//5508
f 2696//5509 2702//5509 2695//5509
f 2701//5510 2702//5510 2696//5510
f 2764//5511 2758//5511 2759//5511
f 2764//5512 2759//5512 2638//5512
f 2764//5513 2639//5513 2758//5513
f 2764//5514 2638//5514 2639//5514
f 2765//5515 2757//5515 2758//5515
f 2765//5516 2758//5516 2639//5516
f 2765//5517 2640//5517 2757//5517
f 2765//5518 2639//5518 2640//5518
f 2766//5519 2696//5519 2697//5519
f 2766//5520 2697//5520 2698//5520
f 2766//5521 2698//5521 2699//5521
f 2766//5522 2700//5522 2701//5522
f 2766//5523 2699//5523 2700//5523
f 2766//5524 2701//5524 2696//5524
