# Created by FreeCAD <https://www.freecad.org>
v 727.291565 -549.909973 -41.989857
v 707.934448 -549.909973 -40.941647
v 727.291565 -543.559998 -41.989857
v 707.934448 -543.559998 -40.941647
v 415.013611 -549.909973 -48.387192
v 357.638275 -549.909973 -52.164089
v 415.013611 -543.559998 -48.387192
v 357.638275 -543.559998 -52.164089
v -64.107834 -549.909973 -77.390923
v -99.923225 -543.559998 -78.277565
v -64.107834 -543.559998 -77.390923
v -99.923225 -549.909973 -78.277565
v -195.475067 -549.909973 -78.715813
v -223.820129 -543.559998 -78.191467
v -195.475067 -543.559998 -78.715813
v -223.820129 -549.909973 -78.191467
v -387.035248 -549.909973 -63.036083
v -392.085938 -549.909973 -61.380569
v -387.035248 -543.559998 -63.036083
v -392.085938 -543.559998 -61.380569
v -400.740662 -549.909973 -56.579136
v -401.343048 -549.909973 -55.783955
v -400.740662 -543.559998 -56.579136
v -401.343048 -543.559998 -55.783955
v 791.950684 -543.559998 -48.925617
v 791.817688 -543.629761 -48.904663
v 777.153748 -543.559998 -46.775078
v 791.817688 -543.908875 -48.904663
v 791.817688 -544.188049 -48.904663
v 791.817688 -544.467163 -48.904663
v 791.817688 -544.746277 -48.904663
v 791.817688 -545.025391 -48.904663
v 791.817688 -545.304504 -48.904663
v 791.817688 -545.583618 -48.904663
v 791.817688 -545.862732 -48.904663
v 791.817688 -546.141846 -48.904663
v 791.817688 -546.420959 -48.904663
v 791.817688 -546.700134 -48.904663
v 791.950684 -549.909973 -48.925617
v 777.153748 -549.909973 -46.775078
v 791.817688 -546.979248 -48.904663
v 791.817688 -547.258362 -48.904663
v 791.817688 -547.537476 -48.904663
v 791.817688 -547.816589 -48.904663
v 791.817688 -548.095703 -48.904663
v 791.817688 -548.374817 -48.904663
v 791.817688 -548.653931 -48.904663
v 791.817688 -548.933105 -48.904663
v 791.817688 -549.212219 -48.904663
v 791.817688 -549.491333 -48.904663
v 770.283630 -545.025391 -45.895123
v 761.809570 -543.559998 -44.919193
v 770.283630 -545.304504 -45.895123
v 770.283630 -545.583618 -45.895123
v 770.283630 -545.862732 -45.895123
v 770.283630 -546.141846 -45.895123
v 770.283630 -546.420959 -45.895123
v 770.283630 -546.700134 -45.895123
v 761.809570 -549.909973 -44.919193
v 770.283630 -546.979248 -45.895123
v 770.283630 -547.258362 -45.895123
v 770.283630 -547.537476 -45.895123
v 770.283630 -547.816589 -45.895123
v 770.283630 -548.095703 -45.895123
v 770.283630 -548.374817 -45.895123
v 770.283630 -548.653931 -45.895123
v 770.283630 -548.933105 -45.895123
v 770.283630 -549.212219 -45.895123
v 770.283630 -549.491333 -45.895123
v 747.467346 -545.862732 -43.517719
v 745.410400 -543.559998 -43.339588
v 747.467346 -546.141846 -43.517719
v 747.467346 -546.420959 -43.517719
v 747.467346 -546.700134 -43.517719
v 745.410400 -549.909973 -43.339588
v 747.467346 -546.979248 -43.517719
v 747.467346 -547.258362 -43.517719
v 747.467346 -547.537476 -43.517719
v 747.467346 -547.816589 -43.517719
v 747.467346 -548.095703 -43.517719
v 747.467346 -548.374817 -43.517719
v 747.467346 -548.653931 -43.517719
v 747.467346 -548.933105 -43.517719
v 747.467346 -549.212219 -43.517719
v 747.467346 -549.491333 -43.517719
v 728.439331 -544.746277 -42.064262
v 728.439331 -545.025391 -42.064262
v 728.439331 -545.304504 -42.064262
v 728.439331 -545.583618 -42.064262
v 728.439331 -545.862732 -42.064262
v 728.439331 -546.141846 -42.064262
v 728.439331 -546.420959 -42.064262
v 728.439331 -546.700134 -42.064262
v 728.439331 -546.979248 -42.064262
v 728.439331 -547.258362 -42.064262
v 728.439331 -547.537476 -42.064262
v 728.439331 -547.816589 -42.064262
v 728.439331 -548.095703 -42.064262
v 728.439331 -548.374817 -42.064262
v 728.439331 -548.653931 -42.064262
v 728.439331 -548.933105 -42.064262
v 728.439331 -549.212219 -42.064262
v 728.439331 -549.491333 -42.064262
v 706.402588 -543.908875 -40.874504
v 687.278748 -543.559998 -40.209801
v 706.402588 -544.188049 -40.874504
v 706.402588 -544.467163 -40.874504
v 706.402588 -544.746277 -40.874504
v 706.402588 -545.025391 -40.874504
v 706.402588 -545.304504 -40.874504
v 706.402588 -545.583618 -40.874504
v 706.402588 -545.862732 -40.874504
v 706.402588 -546.141846 -40.874504
v 706.402588 -546.420959 -40.874504
v 706.402588 -546.700134 -40.874504
v 687.278748 -549.909973 -40.209801
v 706.402588 -546.979248 -40.874504
v 706.402588 -547.258362 -40.874504
v 706.402588 -547.537476 -40.874504
v 706.402588 -547.816589 -40.874504
v 706.402588 -548.095703 -40.874504
v 706.402588 -548.374817 -40.874504
v 706.402588 -548.653931 -40.874504
v 706.402588 -548.933105 -40.874504
v 706.402588 -549.212219 -40.874504
v 706.402588 -549.491333 -40.874504
v 684.067932 -544.188049 -40.127239
v 664.237732 -543.559998 -39.774471
v 684.067932 -544.467163 -40.127239
v 684.067932 -544.746277 -40.127239
v 684.067932 -545.025391 -40.127239
v 684.067932 -545.304504 -40.127239
v 684.067932 -545.583618 -40.127239
v 684.067932 -545.862732 -40.127239
v 684.067932 -546.141846 -40.127239
v 684.067932 -546.420959 -40.127239
v 684.067932 -546.700134 -40.127239
v 664.237732 -549.909973 -39.774471
v 684.067932 -546.979248 -40.127239
v 684.067932 -547.258362 -40.127239
v 684.067932 -547.537476 -40.127239
v 684.067932 -547.816589 -40.127239
v 684.067932 -548.095703 -40.127239
v 684.067932 -548.374817 -40.127239
v 684.067932 -548.653931 -40.127239
v 684.067932 -548.933105 -40.127239
v 684.067932 -549.212219 -40.127239
v 684.067932 -549.491333 -40.127239
v 659.958191 -544.188049 -39.730114
v 637.860107 -543.559998 -39.657986
v 659.958191 -544.467163 -39.730114
v 659.958191 -544.746277 -39.730114
v 659.958191 -545.025391 -39.730114
v 659.958191 -545.304504 -39.730114
v 659.958191 -545.583618 -39.730114
v 659.958191 -545.862732 -39.730114
v 659.958191 -546.141846 -39.730114
v 659.958191 -546.420959 -39.730114
v 659.958191 -546.700134 -39.730114
v 637.860107 -549.909973 -39.657986
v 659.958191 -546.979248 -39.730114
v 659.958191 -547.258362 -39.730114
v 659.958191 -547.537476 -39.730114
v 659.958191 -547.816589 -39.730114
v 659.958191 -548.095703 -39.730114
v 659.958191 -548.374817 -39.730114
v 659.958191 -548.653931 -39.730114
v 659.958191 -548.933105 -39.730114
v 659.958191 -549.212219 -39.730114
v 659.958191 -549.491333 -39.730114
v 628.649536 -544.746277 -39.699810
v 609.151428 -543.559998 -39.915031
v 628.649536 -545.025391 -39.699810
v 628.649536 -545.304504 -39.699810
v 628.649536 -545.583618 -39.699810
v 628.649536 -545.862732 -39.699810
v 628.649536 -546.141846 -39.699810
v 628.649536 -546.420959 -39.699810
v 628.649536 -546.700134 -39.699810
v 609.151428 -549.909973 -39.915031
v 628.649536 -546.979248 -39.699810
v 628.649536 -547.258362 -39.699810
v 628.649536 -547.537476 -39.699810
v 628.649536 -547.816589 -39.699810
v 628.649536 -548.095703 -39.699810
v 628.649536 -548.374817 -39.699810
v 628.649536 -548.653931 -39.699810
v 628.649536 -548.933105 -39.699810
v 628.649536 -549.212219 -39.699810
v 628.649536 -549.491333 -39.699810
v 592.990540 -545.304504 -40.213856
v 578.012512 -543.559998 -40.579643
v 592.990540 -545.583618 -40.213856
v 592.990540 -545.862732 -40.213856
v 592.990540 -546.141846 -40.213856
v 592.990540 -546.420959 -40.213856
v 592.990540 -546.700134 -40.213856
v 578.012512 -549.909973 -40.579643
v 592.990540 -546.979248 -40.213856
v 592.990540 -547.258362 -40.213856
v 592.990540 -547.537476 -40.213856
v 592.990540 -547.816589 -40.213856
v 592.990540 -548.095703 -40.213856
v 592.990540 -548.374817 -40.213856
v 592.990540 -548.653931 -40.213856
v 592.990540 -548.933105 -40.213856
v 592.990540 -549.212219 -40.213856
v 592.990540 -549.491333 -40.213856
v 544.585022 -544.467163 -41.664055
v 543.731995 -543.559998 -41.696125
v 544.585022 -544.746277 -41.664055
v 544.585022 -545.025391 -41.664055
v 544.585022 -545.304504 -41.664055
v 544.585022 -545.583618 -41.664055
v 544.585022 -545.862732 -41.664055
v 544.585022 -546.141846 -41.664055
v 544.585022 -546.420959 -41.664055
v 544.585022 -546.700134 -41.664055
v 543.731995 -549.909973 -41.696125
v 544.585022 -546.979248 -41.664055
v 544.585022 -547.258362 -41.664055
v 544.585022 -547.537476 -41.664055
v 544.585022 -547.816589 -41.664055
v 544.585022 -548.095703 -41.664055
v 544.585022 -548.374817 -41.664055
v 544.585022 -548.653931 -41.664055
v 544.585022 -548.933105 -41.664055
v 544.585022 -549.212219 -41.664055
v 544.585022 -549.491333 -41.664055
v 505.825317 -543.559998 -43.313911
v 505.568085 -543.908875 -43.326088
v 505.568085 -543.629761 -43.326088
v 505.568085 -544.188049 -43.326088
v 505.568085 -544.467163 -43.326088
v 505.568085 -544.746277 -43.326088
v 505.568085 -545.025391 -43.326088
v 505.568085 -545.304504 -43.326088
v 505.568085 -545.583618 -43.326088
v 505.568085 -545.862732 -43.326088
v 505.568085 -546.141846 -43.326088
v 505.568085 -546.420959 -43.326088
v 505.568085 -546.700134 -43.326088
v 505.825317 -549.909973 -43.313911
v 505.568085 -546.979248 -43.326088
v 505.568085 -547.258362 -43.326088
v 505.568085 -547.537476 -43.326088
v 505.568085 -547.816589 -43.326088
v 505.568085 -548.095703 -43.326088
v 505.568085 -548.374817 -43.326088
v 505.568085 -548.653931 -43.326088
v 505.568085 -548.933105 -43.326088
v 505.568085 -549.212219 -43.326088
v 505.568085 -549.491333 -43.326088
v 473.384583 -543.629761 -44.959747
v 463.445465 -543.559998 -45.505203
v 473.384583 -543.908875 -44.959747
v 473.384583 -544.188049 -44.959747
v 473.384583 -544.467163 -44.959747
v 473.384583 -544.746277 -44.959747
v 473.384583 -545.025391 -44.959747
v 473.384583 -545.304504 -44.959747
v 473.384583 -545.583618 -44.959747
v 473.384583 -545.862732 -44.959747
v 473.384583 -546.141846 -44.959747
v 473.384583 -546.420959 -44.959747
v 473.384583 -546.700134 -44.959747
v 463.445465 -549.909973 -45.505203
v 473.384583 -546.979248 -44.959747
v 473.384583 -547.258362 -44.959747
v 473.384583 -547.537476 -44.959747
v 473.384583 -547.816589 -44.959747
v 473.384583 -548.095703 -44.959747
v 473.384583 -548.374817 -44.959747
v 473.384583 -548.653931 -44.959747
v 473.384583 -548.933105 -44.959747
v 473.384583 -549.212219 -44.959747
v 473.384583 -549.491333 -44.959747
v 422.784760 -546.420959 -47.902531
v 422.784760 -546.700134 -47.902531
v 422.784760 -546.979248 -47.902531
v 422.784760 -547.258362 -47.902531
v 422.784760 -547.537476 -47.902531
v 422.784760 -547.816589 -47.902531
v 422.784760 -548.095703 -47.902531
v 422.784760 -548.374817 -47.902531
v 422.784760 -548.653931 -47.902531
v 422.784760 -548.933105 -47.902531
v 422.784760 -549.212219 -47.902531
v 422.784760 -549.491333 -47.902531
v 350.686340 -544.188049 -52.640469
v 350.686340 -543.908875 -52.640469
v 350.686340 -544.467163 -52.640469
v 350.686340 -544.746277 -52.640469
v 350.686340 -545.025391 -52.640469
v 350.686340 -545.304504 -52.640469
v 350.686340 -545.583618 -52.640469
v 350.686340 -545.862732 -52.640469
v 350.686340 -546.141846 -52.640469
v 350.686340 -546.420959 -52.640469
v 350.686340 -546.700134 -52.640469
v 350.686340 -546.979248 -52.640469
v 350.686340 -547.258362 -52.640469
v 350.686340 -547.537476 -52.640469
v 350.686340 -547.816589 -52.640469
v 350.686340 -548.095703 -52.640469
v 350.686340 -548.374817 -52.640469
v 350.686340 -548.653931 -52.640469
v 350.686340 -548.933105 -52.640469
v 350.686340 -549.212219 -52.640469
v 350.686340 -549.491333 -52.640469
v 299.529358 -543.908875 -56.219707
v 299.529358 -544.188049 -56.219707
v 299.529358 -544.467163 -56.219707
v 299.529358 -544.746277 -56.219707
v 299.529358 -545.025391 -56.219707
v 299.529358 -545.304504 -56.219707
v 299.529358 -545.583618 -56.219707
v 299.529358 -545.862732 -56.219707
v 299.529358 -546.141846 -56.219707
v 299.529358 -546.420959 -56.219707
v 299.529358 -546.700134 -56.219707
v 299.529358 -546.979248 -56.219707
v 299.529358 -547.258362 -56.219707
v 299.529358 -547.537476 -56.219707
v 299.529358 -547.816589 -56.219707
v 299.529358 -548.095703 -56.219707
v 299.529358 -548.374817 -56.219707
v 299.529358 -548.653931 -56.219707
v 299.529358 -548.933105 -56.219707
v 299.529358 -549.212219 -56.219707
v 299.529358 -549.491333 -56.219707
v 263.936859 -543.629761 -58.748314
v 255.251221 -543.559998 -59.365356
v 263.936859 -543.908875 -58.748314
v 263.936859 -544.188049 -58.748314
v 263.936859 -544.467163 -58.748314
v 263.936859 -544.746277 -58.748314
v 263.936859 -545.025391 -58.748314
v 263.936859 -545.304504 -58.748314
v 263.936859 -545.583618 -58.748314
v 263.936859 -545.862732 -58.748314
v 263.936859 -546.141846 -58.748314
v 263.936859 -546.420959 -58.748314
v 263.936859 -546.700134 -58.748314
v 255.251221 -549.909973 -59.365356
v 263.936859 -546.979248 -58.748314
v 263.936859 -547.258362 -58.748314
v 263.936859 -547.537476 -58.748314
v 263.936859 -547.816589 -58.748314
v 263.936859 -548.095703 -58.748314
v 263.936859 -548.374817 -58.748314
v 263.936859 -548.653931 -58.748314
v 263.936859 -548.933105 -58.748314
v 263.936859 -549.212219 -58.748314
v 263.936859 -549.491333 -58.748314
v 263.936859 -549.840210 -58.748314
v 212.731491 -545.583618 -62.361183
v 212.731491 -545.304504 -62.361183
v 212.731491 -545.862732 -62.361183
v 212.731491 -546.141846 -62.361183
v 212.731491 -546.420959 -62.361183
v 212.731491 -546.700134 -62.361183
v 212.731491 -546.979248 -62.361183
v 212.731491 -547.258362 -62.361183
v 212.731491 -547.537476 -62.361183
v 212.731491 -547.816589 -62.361183
v 212.731491 -548.095703 -62.361183
v 212.731491 -548.374817 -62.361183
v 212.731491 -548.653931 -62.361183
v 212.731491 -548.933105 -62.361183
v 212.731491 -549.212219 -62.361183
v 212.731491 -549.491333 -62.361183
v 181.515640 -543.908875 -64.512611
v 175.485184 -543.559998 -64.921104
v 181.515640 -544.188049 -64.512611
v 181.515640 -544.467163 -64.512611
v 181.515640 -544.746277 -64.512611
v 181.515640 -545.025391 -64.512611
v 181.515640 -545.304504 -64.512611
v 181.515640 -545.583618 -64.512611
v 181.515640 -545.862732 -64.512611
v 181.515640 -546.141846 -64.512611
v 181.515640 -546.420959 -64.512611
v 181.515640 -546.700134 -64.512611
v 175.485184 -549.909973 -64.921104
v 181.515640 -546.979248 -64.512611
v 181.515640 -547.258362 -64.512611
v 181.515640 -547.537476 -64.512611
v 181.515640 -547.816589 -64.512611
v 181.515640 -548.095703 -64.512611
v 181.515640 -548.374817 -64.512611
v 181.515640 -548.653931 -64.512611
v 181.515640 -548.933105 -64.512611
v 181.515640 -549.212219 -64.512611
v 181.515640 -549.491333 -64.512611
v 181.515640 -549.840210 -64.512611
v 136.232376 -544.746277 -67.508934
v 116.224243 -543.559998 -68.771179
v 136.232376 -545.025391 -67.508934
v 136.232376 -545.304504 -67.508934
v 136.232376 -545.583618 -67.508934
v 136.232376 -545.862732 -67.508934
v 136.232376 -546.141846 -67.508934
v 136.232376 -546.420959 -67.508934
v 136.232376 -546.700134 -67.508934
v 116.224243 -549.909973 -68.771179
v 136.232376 -546.979248 -67.508934
v 136.232376 -547.258362 -67.508934
v 136.232376 -547.537476 -67.508934
v 136.232376 -547.816589 -67.508934
v 136.232376 -548.095703 -67.508934
v 136.232376 -548.374817 -67.508934
v 136.232376 -548.653931 -67.508934
v 136.232376 -548.933105 -67.508934
v 136.232376 -549.212219 -67.508934
v 136.232376 -549.491333 -67.508934
v 99.532860 -545.862732 -69.789970
v 62.538780 -543.559998 -71.918167
v 99.532860 -546.141846 -69.789970
v 99.532860 -546.420959 -69.789970
v 99.532860 -546.700134 -69.789970
v 62.538780 -549.909973 -71.918167
v 99.532860 -546.979248 -69.789970
v 99.532860 -547.258362 -69.789970
v 99.532860 -547.537476 -69.789970
v 99.532860 -547.816589 -69.789970
v 99.532860 -548.095703 -69.789970
v 99.532860 -548.374817 -69.789970
v 99.532860 -548.653931 -69.789970
v 99.532860 -548.933105 -69.789970
v 99.532860 -549.212219 -69.789970
v 99.532860 -549.491333 -69.789970
v 60.108158 -546.141846 -72.051140
v 60.108158 -545.862732 -72.051140
v 60.108158 -546.420959 -72.051140
v 60.108158 -546.700134 -72.051140
v 60.108158 -546.979248 -72.051140
v 60.108158 -547.258362 -72.051140
v 60.108158 -547.537476 -72.051140
v 60.108158 -547.816589 -72.051140
v 60.108158 -548.095703 -72.051140
v 60.108158 -548.374817 -72.051140
v 60.108158 -548.653931 -72.051140
v 60.108158 -548.933105 -72.051140
v 60.108158 -549.212219 -72.051140
v 60.108158 -549.491333 -72.051140
v 17.983316 -543.629761 -74.200493
v 16.209541 -543.559998 -74.284180
v 17.983316 -543.908875 -74.200493
v 17.983316 -544.188049 -74.200493
v 17.983316 -544.467163 -74.200493
v 17.983316 -544.746277 -74.200493
v 17.983316 -545.025391 -74.200493
v 17.983316 -545.304504 -74.200493
v 17.983316 -545.583618 -74.200493
v 17.983316 -545.862732 -74.200493
v 17.983316 -546.141846 -74.200493
v 17.983316 -546.420959 -74.200493
v 17.983316 -546.700134 -74.200493
v 16.209541 -549.909973 -74.284180
v 17.983316 -546.979248 -74.200493
v 17.983316 -547.258362 -74.200493
v 17.983316 -547.537476 -74.200493
v 17.983316 -547.816589 -74.200493
v 17.983316 -548.095703 -74.200493
v 17.983316 -548.374817 -74.200493
v 17.983316 -548.653931 -74.200493
v 17.983316 -548.933105 -74.200493
v 17.983316 -549.212219 -74.200493
v 17.983316 -549.491333 -74.200493
v 17.983316 -549.840210 -74.200493
v -24.027628 -543.908875 -76.016281
v -25.600624 -543.559998 -76.077141
v -24.027628 -544.188049 -76.016281
v -24.027628 -544.467163 -76.016281
v -24.027628 -544.746277 -76.016281
v -24.027628 -545.025391 -76.016281
v -24.027628 -545.304504 -76.016281
v -24.027628 -545.583618 -76.016281
v -24.027628 -545.862732 -76.016281
v -24.027628 -546.141846 -76.016281
v -24.027628 -546.420959 -76.016281
v -24.027628 -546.700134 -76.016281
v -25.600624 -549.909973 -76.077141
v -24.027628 -546.979248 -76.016281
v -24.027628 -547.258362 -76.016281
v -24.027628 -547.537476 -76.016281
v -24.027628 -547.816589 -76.016281
v -24.027628 -548.095703 -76.016281
v -24.027628 -548.374817 -76.016281
v -24.027628 -548.653931 -76.016281
v -24.027628 -548.933105 -76.016281
v -24.027628 -549.212219 -76.016281
v -24.027628 -549.491333 -76.016281
v -54.753281 -544.467163 -77.104095
v -54.753281 -544.746277 -77.104095
v -54.753281 -545.025391 -77.104095
v -54.753281 -545.304504 -77.104095
v -54.753281 -545.583618 -77.104095
v -54.753281 -545.862732 -77.104095
v -54.753281 -546.141846 -77.104095
v -54.753281 -546.420959 -77.104095
v -54.753281 -546.700134 -77.104095
v -54.753281 -546.979248 -77.104095
v -54.753281 -547.258362 -77.104095
v -54.753281 -547.537476 -77.104095
v -54.753281 -547.816589 -77.104095
v -54.753281 -548.095703 -77.104095
v -54.753281 -548.374817 -77.104095
v -54.753281 -548.653931 -77.104095
v -54.753281 -548.933105 -77.104095
v -54.753281 -549.212219 -77.104095
v -54.753281 -549.491333 -77.104095
v -107.640022 -546.141846 -78.421936
v -133.598114 -543.559998 -78.777466
v -107.640022 -546.420959 -78.421936
v -107.640022 -546.700134 -78.421936
v -133.598114 -549.909973 -78.777466
v -107.640022 -546.979248 -78.421936
v -107.640022 -547.258362 -78.421936
v -107.640022 -547.537476 -78.421936
v -107.640022 -547.816589 -78.421936
v -107.640022 -548.095703 -78.421936
v -107.640022 -548.374817 -78.421936
v -107.640022 -548.653931 -78.421936
v -107.640022 -548.933105 -78.421936
v -107.640022 -549.212219 -78.421936
v -107.640022 -549.491333 -78.421936
v -149.214249 -545.304504 -78.889374
v -165.539001 -543.559998 -78.917969
v -149.214249 -545.583618 -78.889374
v -149.214249 -545.862732 -78.889374
v -149.214249 -546.141846 -78.889374
v -149.214249 -546.420959 -78.889374
v -149.214249 -546.700134 -78.889374
v -165.539001 -549.909973 -78.917969
v -149.214249 -546.979248 -78.889374
v -149.214249 -547.258362 -78.889374
v -149.214249 -547.537476 -78.889374
v -149.214249 -547.816589 -78.889374
v -149.214249 -548.095703 -78.889374
v -149.214249 -548.374817 -78.889374
v -149.214249 -548.653931 -78.889374
v -149.214249 -548.933105 -78.889374
v -149.214249 -549.212219 -78.889374
v -149.214249 -549.491333 -78.889374
v -194.692322 -544.467163 -78.725533
v -194.692322 -544.746277 -78.725533
v -194.692322 -545.025391 -78.725533
v -194.692322 -545.304504 -78.725533
v -194.692322 -545.583618 -78.725533
v -194.692322 -545.862732 -78.725533
v -194.692322 -546.141846 -78.725533
v -194.692322 -546.420959 -78.725533
v -194.692322 -546.700134 -78.725533
v -194.692322 -546.979248 -78.725533
v -194.692322 -547.258362 -78.725533
v -194.692322 -547.537476 -78.725533
v -194.692322 -547.816589 -78.725533
v -194.692322 -548.095703 -78.725533
v -194.692322 -548.374817 -78.725533
v -194.692322 -548.653931 -78.725533
v -194.692322 -548.933105 -78.725533
v -194.692322 -549.212219 -78.725533
v -194.692322 -549.491333 -78.725533
v -233.012878 -545.862732 -77.945915
v -250.670547 -543.559998 -77.362350
v -233.012878 -546.141846 -77.945915
v -233.012878 -546.420959 -77.945915
v -233.012878 -546.700134 -77.945915
v -250.670547 -549.909973 -77.362350
v -233.012878 -546.979248 -77.945915
v -233.012878 -547.258362 -77.945915
v -233.012878 -547.537476 -77.945915
v -233.012878 -547.816589 -77.945915
v -233.012878 -548.095703 -77.945915
v -233.012878 -548.374817 -77.945915
v -233.012878 -548.653931 -77.945915
v -233.012878 -548.933105 -77.945915
v -233.012878 -549.212219 -77.945915
v -233.012878 -549.491333 -77.945915
v -264.234528 -545.304504 -76.806351
v -275.787994 -543.559998 -76.251968
v -264.234528 -545.583618 -76.806351
v -264.234528 -545.862732 -76.806351
v -264.234528 -546.141846 -76.806351
v -264.234528 -546.420959 -76.806351
v -264.234528 -546.700134 -76.806351
v -275.787994 -549.909973 -76.251968
v -264.234528 -546.979248 -76.806351
v -264.234528 -547.258362 -76.806351
v -264.234528 -547.537476 -76.806351
v -264.234528 -547.816589 -76.806351
v -264.234528 -548.095703 -76.806351
v -264.234528 -548.374817 -76.806351
v -264.234528 -548.653931 -76.806351
v -264.234528 -548.933105 -76.806351
v -264.234528 -549.212219 -76.806351
v -264.234528 -549.491333 -76.806351
v -284.297638 -544.746277 -75.791893
v -298.542999 -543.559998 -74.911606
v -284.297638 -545.025391 -75.791893
v -284.297638 -545.304504 -75.791893
v -284.297638 -545.583618 -75.791893
v -284.297638 -545.862732 -75.791893
v -284.297638 -546.141846 -75.791893
v -284.297638 -546.420959 -75.791893
v -284.297638 -546.700134 -75.791893
v -298.542999 -549.909973 -74.911606
v -284.297638 -546.979248 -75.791893
v -284.297638 -547.258362 -75.791893
v -284.297638 -547.537476 -75.791893
v -284.297638 -547.816589 -75.791893
v -284.297638 -548.095703 -75.791893
v -284.297638 -548.374817 -75.791893
v -284.297638 -548.653931 -75.791893
v -284.297638 -548.933105 -75.791893
v -284.297638 -549.212219 -75.791893
v -284.297638 -549.491333 -75.791893
v -308.967957 -545.304504 -74.167000
v -318.642365 -543.559998 -73.388336
v -308.967957 -545.583618 -74.167000
v -308.967957 -545.862732 -74.167000
v -308.967957 -546.141846 -74.167000
v -308.967957 -546.420959 -74.167000
v -308.967957 -546.700134 -74.167000
v -318.642365 -549.909973 -73.388336
v -308.967957 -546.979248 -74.167000
v -308.967957 -547.258362 -74.167000
v -308.967957 -547.537476 -74.167000
v -308.967957 -547.816589 -74.167000
v -308.967957 -548.095703 -74.167000
v -308.967957 -548.374817 -74.167000
v -308.967957 -548.653931 -74.167000
v -308.967957 -548.933105 -74.167000
v -308.967957 -549.212219 -74.167000
v -308.967957 -549.491333 -74.167000
v -328.640747 -545.583618 -72.482140
v -335.877197 -543.559998 -71.752045
v -328.640747 -545.862732 -72.482140
v -328.640747 -546.141846 -72.482140
v -328.640747 -546.420959 -72.482140
v -328.640747 -546.700134 -72.482140
v -335.877197 -549.909973 -71.752045
v -328.640747 -546.979248 -72.482140
v -328.640747 -547.258362 -72.482140
v -328.640747 -547.537476 -72.482140
v -328.640747 -547.816589 -72.482140
v -328.640747 -548.095703 -72.482140
v -328.640747 -548.374817 -72.482140
v -328.640747 -548.653931 -72.482140
v -328.640747 -548.933105 -72.482140
v -328.640747 -549.212219 -72.482140
v -328.640747 -549.491333 -72.482140
v -350.512268 -543.559998 -70.040352
v -351.118195 -544.467163 -69.961395
v -362.044983 -543.559998 -68.390526
v -351.118195 -544.746277 -69.961395
v -351.118195 -545.025391 -69.961395
v -351.118195 -545.304504 -69.961395
v -351.118195 -545.583618 -69.961395
v -351.118195 -545.862732 -69.961395
v -351.118195 -546.141846 -69.961395
v -351.118195 -546.420959 -69.961395
v -351.118195 -546.700134 -69.961395
v -362.044983 -549.909973 -68.390526
v -351.118195 -546.979248 -69.961395
v -351.118195 -547.258362 -69.961395
v -351.118195 -547.537476 -69.961395
v -350.512268 -549.909973 -70.040352
v -351.118195 -547.816589 -69.961395
v -351.118195 -548.095703 -69.961395
v -351.118195 -548.374817 -69.961395
v -351.118195 -548.653931 -69.961395
v -351.118195 -548.933105 -69.961395
v -351.118195 -549.212219 -69.961395
v -351.118195 -549.491333 -69.961395
v -365.133759 -544.467163 -67.885384
v -372.135773 -543.559998 -66.613213
v -365.133759 -544.746277 -67.885384
v -365.133759 -545.025391 -67.885384
v -365.133759 -545.304504 -67.885384
v -365.133759 -545.583618 -67.885384
v -365.133759 -545.862732 -67.885384
v -365.133759 -546.141846 -67.885384
v -365.133759 -546.420959 -67.885384
v -365.133759 -546.700134 -67.885384
v -372.135773 -549.909973 -66.613213
v -365.133759 -546.979248 -67.885384
v -365.133759 -547.258362 -67.885384
v -365.133759 -547.537476 -67.885384
v -365.133759 -547.816589 -67.885384
v -365.133759 -548.095703 -67.885384
v -365.133759 -548.374817 -67.885384
v -365.133759 -548.653931 -67.885384
v -365.133759 -548.933105 -67.885384
v -365.133759 -549.212219 -67.885384
v -365.133759 -549.491333 -67.885384
v -372.866089 -544.188049 -66.468887
v -372.866089 -543.908875 -66.468887
v -372.866089 -544.467163 -66.468887
v -372.866089 -544.746277 -66.468887
v -372.866089 -545.025391 -66.468887
v -372.866089 -545.304504 -66.468887
v -372.866089 -545.583618 -66.468887
v -372.866089 -545.862732 -66.468887
v -372.866089 -546.141846 -66.468887
v -372.866089 -546.420959 -66.468887
v -372.866089 -546.700134 -66.468887
v -372.866089 -546.979248 -66.468887
v -372.866089 -547.258362 -66.468887
v -372.866089 -547.537476 -66.468887
v -372.866089 -547.816589 -66.468887
v -372.866089 -548.095703 -66.468887
v -372.866089 -548.374817 -66.468887
v -372.866089 -548.653931 -66.468887
v -372.866089 -548.933105 -66.468887
v -372.866089 -549.212219 -66.468887
v -372.866089 -549.491333 -66.468887
v -379.146942 -543.629761 -65.113579
v -380.450989 -543.559998 -64.802628
v -379.146942 -543.908875 -65.113579
v -379.146942 -544.188049 -65.113579
v -379.146942 -544.467163 -65.113579
v -379.146942 -544.746277 -65.113579
v -379.146942 -545.025391 -65.113579
v -379.146942 -545.304504 -65.113579
v -379.146942 -545.583618 -65.113579
v -379.146942 -545.862732 -65.113579
v -379.146942 -546.141846 -65.113579
v -379.146942 -546.420959 -65.113579
v -379.146942 -546.700134 -65.113579
v -380.450989 -549.909973 -64.802628
v -379.146942 -546.979248 -65.113579
v -379.146942 -547.258362 -65.113579
v -379.146942 -547.537476 -65.113579
v -379.146942 -547.816589 -65.113579
v -379.146942 -548.095703 -65.113579
v -379.146942 -548.374817 -65.113579
v -379.146942 -548.653931 -65.113579
v -379.146942 -548.933105 -65.113579
v -379.146942 -549.212219 -65.113579
v -379.146942 -549.491333 -65.113579
v -385.711304 -544.467163 -63.420849
v -385.711304 -544.746277 -63.420849
v -385.711304 -545.025391 -63.420849
v -385.711304 -545.304504 -63.420849
v -385.711304 -545.583618 -63.420849
v -385.711304 -545.862732 -63.420849
v -385.711304 -546.141846 -63.420849
v -385.711304 -546.420959 -63.420849
v -385.711304 -546.700134 -63.420849
v -385.711304 -546.979248 -63.420849
v -385.711304 -547.258362 -63.420849
v -385.711304 -547.537476 -63.420849
v -385.711304 -547.816589 -63.420849
v -385.711304 -548.095703 -63.420849
v -385.711304 -548.374817 -63.420849
v -385.711304 -548.653931 -63.420849
v -385.711304 -548.933105 -63.420849
v -385.711304 -549.212219 -63.420849
v -385.711304 -549.491333 -63.420849
v -392.288818 -544.467163 -61.305317
v -395.731873 -543.559998 -59.859596
v -392.288818 -544.746277 -61.305317
v -392.288818 -545.025391 -61.305317
v -392.288818 -545.304504 -61.305317
v -392.288818 -545.583618 -61.305317
v -392.288818 -545.862732 -61.305317
v -392.288818 -546.141846 -61.305317
v -392.288818 -546.420959 -61.305317
v -392.288818 -546.700134 -61.305317
v -395.731873 -549.909973 -59.859596
v -392.288818 -546.979248 -61.305317
v -392.288818 -547.258362 -61.305317
v -392.288818 -547.537476 -61.305317
v -392.288818 -547.816589 -61.305317
v -392.288818 -548.095703 -61.305317
v -392.288818 -548.374817 -61.305317
v -392.288818 -548.653931 -61.305317
v -392.288818 -548.933105 -61.305317
v -392.288818 -549.212219 -61.305317
v -392.288818 -549.491333 -61.305317
v -396.616882 -544.467163 -59.421021
v -398.538116 -543.559998 -58.330921
v -396.616882 -544.746277 -59.421021
v -396.616882 -545.025391 -59.421021
v -396.616882 -545.304504 -59.421021
v -396.616882 -545.583618 -59.421021
v -396.616882 -545.862732 -59.421021
v -396.616882 -546.141846 -59.421021
v -396.616882 -546.420959 -59.421021
v -396.616882 -546.700134 -59.421021
v -398.538116 -549.909973 -58.330921
v -396.616882 -546.979248 -59.421021
v -396.616882 -547.258362 -59.421021
v -396.616882 -547.537476 -59.421021
v -396.616882 -547.816589 -59.421021
v -396.616882 -548.095703 -59.421021
v -396.616882 -548.374817 -59.421021
v -396.616882 -548.653931 -59.421021
v -396.616882 -548.933105 -59.421021
v -396.616882 -549.212219 -59.421021
v -396.616882 -549.491333 -59.421021
v -399.861847 -544.467163 -57.400669
v -400.021393 -543.559998 -57.270351
v -399.861847 -544.746277 -57.400669
v -399.861847 -545.025391 -57.400669
v -399.861847 -545.304504 -57.400669
v -399.861847 -545.583618 -57.400669
v -399.861847 -545.862732 -57.400669
v -399.861847 -546.141846 -57.400669
v -399.861847 -546.420959 -57.400669
v -399.861847 -546.700134 -57.400669
v -399.861847 -546.979248 -57.400669
v -399.861847 -547.258362 -57.400669
v -399.861847 -547.537476 -57.400669
v -399.861847 -547.816589 -57.400669
v -399.861847 -548.095703 -57.400669
v -400.021393 -549.909973 -57.270351
v -399.861847 -548.374817 -57.400669
v -399.861847 -548.653931 -57.400669
v -399.861847 -548.933105 -57.400669
v -399.861847 -549.212219 -57.400669
v -399.861847 -549.491333 -57.400669
v -343.465240 -546.734985 -70.908066
v 777.379578 -543.559998 -45.201126
v 792.198303 -543.559998 -47.355022
v 762.012085 -543.559998 -43.341827
v 745.601135 -543.559998 -41.760086
v 727.470642 -543.559998 -40.408081
v 708.103516 -543.559998 -39.357605
v 687.443604 -543.559998 -38.623669
v 664.410278 -543.559998 -38.186371
v 638.032166 -543.559998 -38.067585
v 609.328186 -543.559998 -38.322166
v 578.196655 -543.559998 -38.984081
v 543.936218 -543.559998 -40.097301
v 506.072449 -543.559998 -41.710453
v 463.746582 -543.559998 -43.895958
v 415.409332 -543.559998 -46.769199
v 358.140930 -543.559998 -50.536072
v 256.213409 -543.559998 -57.703045
v 173.932114 -543.559998 -63.432262
v 125.250099 -543.559998 -66.594597
v 90.869621 -543.559998 -68.733986
v 48.820698 -543.559998 -71.043518
v 4.997684 -543.559998 -73.220657
v -32.421711 -543.559998 -74.754097
v -72.532654 -543.559998 -76.019966
v -91.827652 -543.559998 -76.502174
v -111.067169 -543.559998 -76.891449
v -144.140259 -543.559998 -77.292511
v -173.617310 -543.559998 -77.311325
v -189.761627 -543.559998 -77.180504
v -205.853394 -543.559998 -76.952461
v -235.015442 -543.559998 -76.285286
v -262.034302 -543.559998 -75.328300
v -285.570343 -543.559998 -74.149551
v -306.420044 -543.559998 -72.766525
v -325.149658 -543.559998 -71.195213
v -341.641113 -543.559998 -69.492043
v -355.476318 -543.559998 -67.751648
v -366.445526 -543.559998 -66.067230
v -374.849823 -543.559998 -64.478127
v -382.080200 -543.559998 -62.769321
v -388.347931 -543.559998 -60.926414
v -391.141876 -543.559998 -59.976707
v -393.773315 -543.559998 -58.979794
v -396.378967 -543.559998 -57.811417
v -398.303741 -543.559998 -56.669830
v -399.294373 -543.559998 -55.827934
v -400.000580 -543.559998 -54.931999
v -400.000580 -549.909973 -54.931999
v -399.275391 -549.909973 -55.847397
v -398.252197 -549.909973 -56.706619
v -396.286316 -549.909973 -57.858139
v -393.624908 -549.909973 -59.039658
v -390.979736 -549.909973 -60.034428
v -388.173828 -549.909973 -60.982731
v -381.896820 -549.909973 -62.817783
v -374.619843 -549.909973 -64.526459
v -366.145081 -549.909973 -66.118332
v -355.088226 -549.909973 -67.805473
v -341.164764 -549.909973 -69.546272
v -324.597412 -549.909973 -71.246628
v -305.802734 -549.909973 -72.812675
v -284.881805 -549.909973 -74.189423
v -261.245819 -549.909973 -75.361710
v -234.123077 -549.909973 -76.310883
v -204.939896 -549.909973 -76.968010
v -188.851761 -549.909973 -77.190498
v -172.713867 -549.909973 -77.315712
v -143.185013 -549.909973 -77.286354
v -109.926437 -549.909973 -76.871231
v -90.663361 -549.909973 -76.475525
v -71.341415 -549.909973 -75.987473
v -31.328531 -549.909973 -74.714371
v 6.402126 -549.909973 -73.156273
v 50.533871 -549.909973 -70.953346
v 92.146568 -549.909973 -68.659309
v 125.144630 -549.909973 -66.601448
v 173.819534 -549.909973 -63.439854
v 256.302948 -549.909973 -57.696690
v 358.193390 -549.909973 -50.532490
v 415.452362 -549.909973 -46.766499
v 463.783173 -549.909973 -43.893917
v 506.104034 -549.909973 -41.708961
v 543.963318 -549.909973 -40.096283
v 578.220825 -549.909973 -38.983429
v 609.350586 -549.909973 -38.321827
v 638.052856 -549.909973 -38.067539
v 664.428772 -549.909973 -38.186588
v 687.459778 -549.909973 -38.624104
v 708.118408 -549.909973 -39.358273
v 727.484741 -549.909973 -40.408989
v 745.614380 -549.909973 -41.761215
v 762.023987 -549.909973 -43.343117
v 777.385315 -549.909973 -45.201889
v 792.198303 -549.909973 -47.355022
v 727.291565 -549.909973 -41.989857
v 707.934448 -549.909973 -40.941647
v 727.291565 -543.559998 -41.989857
v 707.934448 -543.559998 -40.941647
v 415.013611 -549.909973 -48.387192
v 357.638275 -549.909973 -52.164089
v 415.013611 -543.559998 -48.387192
v 357.638275 -543.559998 -52.164089
v -64.107834 -549.909973 -77.390923
v -99.923225 -543.559998 -78.277565
v -64.107834 -543.559998 -77.390923
v -99.923225 -549.909973 -78.277565
v -195.475067 -549.909973 -78.715813
v -223.820129 -543.559998 -78.191467
v -195.475067 -543.559998 -78.715813
v -223.820129 -549.909973 -78.191467
v -387.035248 -549.909973 -63.036083
v -392.085938 -549.909973 -61.380569
v -387.035248 -543.559998 -63.036083
v -392.085938 -543.559998 -61.380569
v -400.740662 -549.909973 -56.579136
v -401.343048 -549.909973 -55.783955
v -400.740662 -543.559998 -56.579136
v -401.343048 -543.559998 -55.783955
v 791.950684 -543.559998 -48.925617
v 791.817688 -543.629761 -48.904663
v 777.153748 -543.559998 -46.775078
v 791.817688 -543.908875 -48.904663
v 791.817688 -544.188049 -48.904663
v 791.817688 -544.467163 -48.904663
v 791.817688 -544.746277 -48.904663
v 791.817688 -545.025391 -48.904663
v 791.817688 -545.304504 -48.904663
v 791.817688 -545.583618 -48.904663
v 791.817688 -545.862732 -48.904663
v 791.817688 -546.141846 -48.904663
v 791.817688 -546.420959 -48.904663
v 791.817688 -546.700134 -48.904663
v 791.950684 -549.909973 -48.925617
v 777.153748 -549.909973 -46.775078
v 791.817688 -546.979248 -48.904663
v 791.817688 -547.258362 -48.904663
v 791.817688 -547.537476 -48.904663
v 791.817688 -547.816589 -48.904663
v 791.817688 -548.095703 -48.904663
v 791.817688 -548.374817 -48.904663
v 791.817688 -548.653931 -48.904663
v 791.817688 -548.933105 -48.904663
v 791.817688 -549.212219 -48.904663
v 791.817688 -549.491333 -48.904663
v 770.283630 -545.025391 -45.895123
v 761.809570 -543.559998 -44.919193
v 770.283630 -545.304504 -45.895123
v 770.283630 -545.583618 -45.895123
v 770.283630 -545.862732 -45.895123
v 770.283630 -546.141846 -45.895123
v 770.283630 -546.420959 -45.895123
v 770.283630 -546.700134 -45.895123
v 761.809570 -549.909973 -44.919193
v 770.283630 -546.979248 -45.895123
v 770.283630 -547.258362 -45.895123
v 770.283630 -547.537476 -45.895123
v 770.283630 -547.816589 -45.895123
v 770.283630 -548.095703 -45.895123
v 770.283630 -548.374817 -45.895123
v 770.283630 -548.653931 -45.895123
v 770.283630 -548.933105 -45.895123
v 770.283630 -549.212219 -45.895123
v 770.283630 -549.491333 -45.895123
v 747.467346 -545.862732 -43.517719
v 745.410400 -543.559998 -43.339588
v 747.467346 -546.141846 -43.517719
v 747.467346 -546.420959 -43.517719
v 747.467346 -546.700134 -43.517719
v 745.410400 -549.909973 -43.339588
v 747.467346 -546.979248 -43.517719
v 747.467346 -547.258362 -43.517719
v 747.467346 -547.537476 -43.517719
v 747.467346 -547.816589 -43.517719
v 747.467346 -548.095703 -43.517719
v 747.467346 -548.374817 -43.517719
v 747.467346 -548.653931 -43.517719
v 747.467346 -548.933105 -43.517719
v 747.467346 -549.212219 -43.517719
v 747.467346 -549.491333 -43.517719
v 728.439331 -544.746277 -42.064262
v 728.439331 -545.025391 -42.064262
v 728.439331 -545.304504 -42.064262
v 728.439331 -545.583618 -42.064262
v 728.439331 -545.862732 -42.064262
v 728.439331 -546.141846 -42.064262
v 728.439331 -546.420959 -42.064262
v 728.439331 -546.700134 -42.064262
v 728.439331 -546.979248 -42.064262
v 728.439331 -547.258362 -42.064262
v 728.439331 -547.537476 -42.064262
v 728.439331 -547.816589 -42.064262
v 728.439331 -548.095703 -42.064262
v 728.439331 -548.374817 -42.064262
v 728.439331 -548.653931 -42.064262
v 728.439331 -548.933105 -42.064262
v 728.439331 -549.212219 -42.064262
v 728.439331 -549.491333 -42.064262
v 706.402588 -543.908875 -40.874504
v 687.278748 -543.559998 -40.209801
v 706.402588 -544.188049 -40.874504
v 706.402588 -544.467163 -40.874504
v 706.402588 -544.746277 -40.874504
v 706.402588 -545.025391 -40.874504
v 706.402588 -545.304504 -40.874504
v 706.402588 -545.583618 -40.874504
v 706.402588 -545.862732 -40.874504
v 706.402588 -546.141846 -40.874504
v 706.402588 -546.420959 -40.874504
v 706.402588 -546.700134 -40.874504
v 687.278748 -549.909973 -40.209801
v 706.402588 -546.979248 -40.874504
v 706.402588 -547.258362 -40.874504
v 706.402588 -547.537476 -40.874504
v 706.402588 -547.816589 -40.874504
v 706.402588 -548.095703 -40.874504
v 706.402588 -548.374817 -40.874504
v 706.402588 -548.653931 -40.874504
v 706.402588 -548.933105 -40.874504
v 706.402588 -549.212219 -40.874504
v 706.402588 -549.491333 -40.874504
v 684.067932 -544.188049 -40.127239
v 664.237732 -543.559998 -39.774471
v 684.067932 -544.467163 -40.127239
v 684.067932 -544.746277 -40.127239
v 684.067932 -545.025391 -40.127239
v 684.067932 -545.304504 -40.127239
v 684.067932 -545.583618 -40.127239
v 684.067932 -545.862732 -40.127239
v 684.067932 -546.141846 -40.127239
v 684.067932 -546.420959 -40.127239
v 684.067932 -546.700134 -40.127239
v 664.237732 -549.909973 -39.774471
v 684.067932 -546.979248 -40.127239
v 684.067932 -547.258362 -40.127239
v 684.067932 -547.537476 -40.127239
v 684.067932 -547.816589 -40.127239
v 684.067932 -548.095703 -40.127239
v 684.067932 -548.374817 -40.127239
v 684.067932 -548.653931 -40.127239
v 684.067932 -548.933105 -40.127239
v 684.067932 -549.212219 -40.127239
v 684.067932 -549.491333 -40.127239
v 659.958191 -544.188049 -39.730114
v 637.860107 -543.559998 -39.657986
v 659.958191 -544.467163 -39.730114
v 659.958191 -544.746277 -39.730114
v 659.958191 -545.025391 -39.730114
v 659.958191 -545.304504 -39.730114
v 659.958191 -545.583618 -39.730114
v 659.958191 -545.862732 -39.730114
v 659.958191 -546.141846 -39.730114
v 659.958191 -546.420959 -39.730114
v 659.958191 -546.700134 -39.730114
v 637.860107 -549.909973 -39.657986
v 659.958191 -546.979248 -39.730114
v 659.958191 -547.258362 -39.730114
v 659.958191 -547.537476 -39.730114
v 659.958191 -547.816589 -39.730114
v 659.958191 -548.095703 -39.730114
v 659.958191 -548.374817 -39.730114
v 659.958191 -548.653931 -39.730114
v 659.958191 -548.933105 -39.730114
v 659.958191 -549.212219 -39.730114
v 659.958191 -549.491333 -39.730114
v 628.649536 -544.746277 -39.699810
v 609.151428 -543.559998 -39.915031
v 628.649536 -545.025391 -39.699810
v 628.649536 -545.304504 -39.699810
v 628.649536 -545.583618 -39.699810
v 628.649536 -545.862732 -39.699810
v 628.649536 -546.141846 -39.699810
v 628.649536 -546.420959 -39.699810
v 628.649536 -546.700134 -39.699810
v 609.151428 -549.909973 -39.915031
v 628.649536 -546.979248 -39.699810
v 628.649536 -547.258362 -39.699810
v 628.649536 -547.537476 -39.699810
v 628.649536 -547.816589 -39.699810
v 628.649536 -548.095703 -39.699810
v 628.649536 -548.374817 -39.699810
v 628.649536 -548.653931 -39.699810
v 628.649536 -548.933105 -39.699810
v 628.649536 -549.212219 -39.699810
v 628.649536 -549.491333 -39.699810
v 592.990540 -545.304504 -40.213856
v 578.012512 -543.559998 -40.579643
v 592.990540 -545.583618 -40.213856
v 592.990540 -545.862732 -40.213856
v 592.990540 -546.141846 -40.213856
v 592.990540 -546.420959 -40.213856
v 592.990540 -546.700134 -40.213856
v 578.012512 -549.909973 -40.579643
v 592.990540 -546.979248 -40.213856
v 592.990540 -547.258362 -40.213856
v 592.990540 -547.537476 -40.213856
v 592.990540 -547.816589 -40.213856
v 592.990540 -548.095703 -40.213856
v 592.990540 -548.374817 -40.213856
v 592.990540 -548.653931 -40.213856
v 592.990540 -548.933105 -40.213856
v 592.990540 -549.212219 -40.213856
v 592.990540 -549.491333 -40.213856
v 544.585022 -544.467163 -41.664055
v 543.731995 -543.559998 -41.696125
v 544.585022 -544.746277 -41.664055
v 544.585022 -545.025391 -41.664055
v 544.585022 -545.304504 -41.664055
v 544.585022 -545.583618 -41.664055
v 544.585022 -545.862732 -41.664055
v 544.585022 -546.141846 -41.664055
v 544.585022 -546.420959 -41.664055
v 544.585022 -546.700134 -41.664055
v 543.731995 -549.909973 -41.696125
v 544.585022 -546.979248 -41.664055
v 544.585022 -547.258362 -41.664055
v 544.585022 -547.537476 -41.664055
v 544.585022 -547.816589 -41.664055
v 544.585022 -548.095703 -41.664055
v 544.585022 -548.374817 -41.664055
v 544.585022 -548.653931 -41.664055
v 544.585022 -548.933105 -41.664055
v 544.585022 -549.212219 -41.664055
v 544.585022 -549.491333 -41.664055
v 505.825317 -543.559998 -43.313911
v 505.568085 -543.908875 -43.326088
v 505.568085 -543.629761 -43.326088
v 505.568085 -544.188049 -43.326088
v 505.568085 -544.467163 -43.326088
v 505.568085 -544.746277 -43.326088
v 505.568085 -545.025391 -43.326088
v 505.568085 -545.304504 -43.326088
v 505.568085 -545.583618 -43.326088
v 505.568085 -545.862732 -43.326088
v 505.568085 -546.141846 -43.326088
v 505.568085 -546.420959 -43.326088
v 505.568085 -546.700134 -43.326088
v 505.825317 -549.909973 -43.313911
v 505.568085 -546.979248 -43.326088
v 505.568085 -547.258362 -43.326088
v 505.568085 -547.537476 -43.326088
v 505.568085 -547.816589 -43.326088
v 505.568085 -548.095703 -43.326088
v 505.568085 -548.374817 -43.326088
v 505.568085 -548.653931 -43.326088
v 505.568085 -548.933105 -43.326088
v 505.568085 -549.212219 -43.326088
v 505.568085 -549.491333 -43.326088
v 473.384583 -543.629761 -44.959747
v 463.445465 -543.559998 -45.505203
v 473.384583 -543.908875 -44.959747
v 473.384583 -544.188049 -44.959747
v 473.384583 -544.467163 -44.959747
v 473.384583 -544.746277 -44.959747
v 473.384583 -545.025391 -44.959747
v 473.384583 -545.304504 -44.959747
v 473.384583 -545.583618 -44.959747
v 473.384583 -545.862732 -44.959747
v 473.384583 -546.141846 -44.959747
v 473.384583 -546.420959 -44.959747
v 473.384583 -546.700134 -44.959747
v 463.445465 -549.909973 -45.505203
v 473.384583 -546.979248 -44.959747
v 473.384583 -547.258362 -44.959747
v 473.384583 -547.537476 -44.959747
v 473.384583 -547.816589 -44.959747
v 473.384583 -548.095703 -44.959747
v 473.384583 -548.374817 -44.959747
v 473.384583 -548.653931 -44.959747
v 473.384583 -548.933105 -44.959747
v 473.384583 -549.212219 -44.959747
v 473.384583 -549.491333 -44.959747
v 422.784760 -546.420959 -47.902531
v 422.784760 -546.700134 -47.902531
v 422.784760 -546.979248 -47.902531
v 422.784760 -547.258362 -47.902531
v 422.784760 -547.537476 -47.902531
v 422.784760 -547.816589 -47.902531
v 422.784760 -548.095703 -47.902531
v 422.784760 -548.374817 -47.902531
v 422.784760 -548.653931 -47.902531
v 422.784760 -548.933105 -47.902531
v 422.784760 -549.212219 -47.902531
v 422.784760 -549.491333 -47.902531
v 350.686340 -544.188049 -52.640469
v 350.686340 -543.908875 -52.640469
v 350.686340 -544.467163 -52.640469
v 350.686340 -544.746277 -52.640469
v 350.686340 -545.025391 -52.640469
v 350.686340 -545.304504 -52.640469
v 350.686340 -545.583618 -52.640469
v 350.686340 -545.862732 -52.640469
v 350.686340 -546.141846 -52.640469
v 350.686340 -546.420959 -52.640469
v 350.686340 -546.700134 -52.640469
v 350.686340 -546.979248 -52.640469
v 350.686340 -547.258362 -52.640469
v 350.686340 -547.537476 -52.640469
v 350.686340 -547.816589 -52.640469
v 350.686340 -548.095703 -52.640469
v 350.686340 -548.374817 -52.640469
v 350.686340 -548.653931 -52.640469
v 350.686340 -548.933105 -52.640469
v 350.686340 -549.212219 -52.640469
v 350.686340 -549.491333 -52.640469
v 299.529358 -543.908875 -56.219707
v 299.529358 -544.188049 -56.219707
v 299.529358 -544.467163 -56.219707
v 299.529358 -544.746277 -56.219707
v 299.529358 -545.025391 -56.219707
v 299.529358 -545.304504 -56.219707
v 299.529358 -545.583618 -56.219707
v 299.529358 -545.862732 -56.219707
v 299.529358 -546.141846 -56.219707
v 299.529358 -546.420959 -56.219707
v 299.529358 -546.700134 -56.219707
v 299.529358 -546.979248 -56.219707
v 299.529358 -547.258362 -56.219707
v 299.529358 -547.537476 -56.219707
v 299.529358 -547.816589 -56.219707
v 299.529358 -548.095703 -56.219707
v 299.529358 -548.374817 -56.219707
v 299.529358 -548.653931 -56.219707
v 299.529358 -548.933105 -56.219707
v 299.529358 -549.212219 -56.219707
v 299.529358 -549.491333 -56.219707
v 263.936859 -543.629761 -58.748314
v 255.251221 -543.559998 -59.365356
v 263.936859 -543.908875 -58.748314
v 263.936859 -544.188049 -58.748314
v 263.936859 -544.467163 -58.748314
v 263.936859 -544.746277 -58.748314
v 263.936859 -545.025391 -58.748314
v 263.936859 -545.304504 -58.748314
v 263.936859 -545.583618 -58.748314
v 263.936859 -545.862732 -58.748314
v 263.936859 -546.141846 -58.748314
v 263.936859 -546.420959 -58.748314
v 263.936859 -546.700134 -58.748314
v 255.251221 -549.909973 -59.365356
v 263.936859 -546.979248 -58.748314
v 263.936859 -547.258362 -58.748314
v 263.936859 -547.537476 -58.748314
v 263.936859 -547.816589 -58.748314
v 263.936859 -548.095703 -58.748314
v 263.936859 -548.374817 -58.748314
v 263.936859 -548.653931 -58.748314
v 263.936859 -548.933105 -58.748314
v 263.936859 -549.212219 -58.748314
v 263.936859 -549.491333 -58.748314
v 263.936859 -549.840210 -58.748314
v 212.731491 -545.583618 -62.361183
v 212.731491 -545.304504 -62.361183
v 212.731491 -545.862732 -62.361183
v 212.731491 -546.141846 -62.361183
v 212.731491 -546.420959 -62.361183
v 212.731491 -546.700134 -62.361183
v 212.731491 -546.979248 -62.361183
v 212.731491 -547.258362 -62.361183
v 212.731491 -547.537476 -62.361183
v 212.731491 -547.816589 -62.361183
v 212.731491 -548.095703 -62.361183
v 212.731491 -548.374817 -62.361183
v 212.731491 -548.653931 -62.361183
v 212.731491 -548.933105 -62.361183
v 212.731491 -549.212219 -62.361183
v 212.731491 -549.491333 -62.361183
v 181.515640 -543.908875 -64.512611
v 175.485184 -543.559998 -64.921104
v 181.515640 -544.188049 -64.512611
v 181.515640 -544.467163 -64.512611
v 181.515640 -544.746277 -64.512611
v 181.515640 -545.025391 -64.512611
v 181.515640 -545.304504 -64.512611
v 181.515640 -545.583618 -64.512611
v 181.515640 -545.862732 -64.512611
v 181.515640 -546.141846 -64.512611
v 181.515640 -546.420959 -64.512611
v 181.515640 -546.700134 -64.512611
v 175.485184 -549.909973 -64.921104
v 181.515640 -546.979248 -64.512611
v 181.515640 -547.258362 -64.512611
v 181.515640 -547.537476 -64.512611
v 181.515640 -547.816589 -64.512611
v 181.515640 -548.095703 -64.512611
v 181.515640 -548.374817 -64.512611
v 181.515640 -548.653931 -64.512611
v 181.515640 -548.933105 -64.512611
v 181.515640 -549.212219 -64.512611
v 181.515640 -549.491333 -64.512611
v 181.515640 -549.840210 -64.512611
v 136.232376 -544.746277 -67.508934
v 116.224243 -543.559998 -68.771179
v 136.232376 -545.025391 -67.508934
v 136.232376 -545.304504 -67.508934
v 136.232376 -545.583618 -67.508934
v 136.232376 -545.862732 -67.508934
v 136.232376 -546.141846 -67.508934
v 136.232376 -546.420959 -67.508934
v 136.232376 -546.700134 -67.508934
v 116.224243 -549.909973 -68.771179
v 136.232376 -546.979248 -67.508934
v 136.232376 -547.258362 -67.508934
v 136.232376 -547.537476 -67.508934
v 136.232376 -547.816589 -67.508934
v 136.232376 -548.095703 -67.508934
v 136.232376 -548.374817 -67.508934
v 136.232376 -548.653931 -67.508934
v 136.232376 -548.933105 -67.508934
v 136.232376 -549.212219 -67.508934
v 136.232376 -549.491333 -67.508934
v 99.532860 -545.862732 -69.789970
v 62.538780 -543.559998 -71.918167
v 99.532860 -546.141846 -69.789970
v 99.532860 -546.420959 -69.789970
v 99.532860 -546.700134 -69.789970
v 62.538780 -549.909973 -71.918167
v 99.532860 -546.979248 -69.789970
v 99.532860 -547.258362 -69.789970
v 99.532860 -547.537476 -69.789970
v 99.532860 -547.816589 -69.789970
v 99.532860 -548.095703 -69.789970
v 99.532860 -548.374817 -69.789970
v 99.532860 -548.653931 -69.789970
v 99.532860 -548.933105 -69.789970
v 99.532860 -549.212219 -69.789970
v 99.532860 -549.491333 -69.789970
v 60.108158 -546.141846 -72.051140
v 60.108158 -545.862732 -72.051140
v 60.108158 -546.420959 -72.051140
v 60.108158 -546.700134 -72.051140
v 60.108158 -546.979248 -72.051140
v 60.108158 -547.258362 -72.051140
v 60.108158 -547.537476 -72.051140
v 60.108158 -547.816589 -72.051140
v 60.108158 -548.095703 -72.051140
v 60.108158 -548.374817 -72.051140
v 60.108158 -548.653931 -72.051140
v 60.108158 -548.933105 -72.051140
v 60.108158 -549.212219 -72.051140
v 60.108158 -549.491333 -72.051140
v 17.983316 -543.629761 -74.200493
v 16.209541 -543.559998 -74.284180
v 17.983316 -543.908875 -74.200493
v 17.983316 -544.188049 -74.200493
v 17.983316 -544.467163 -74.200493
v 17.983316 -544.746277 -74.200493
v 17.983316 -545.025391 -74.200493
v 17.983316 -545.304504 -74.200493
v 17.983316 -545.583618 -74.200493
v 17.983316 -545.862732 -74.200493
v 17.983316 -546.141846 -74.200493
v 17.983316 -546.420959 -74.200493
v 17.983316 -546.700134 -74.200493
v 16.209541 -549.909973 -74.284180
v 17.983316 -546.979248 -74.200493
v 17.983316 -547.258362 -74.200493
v 17.983316 -547.537476 -74.200493
v 17.983316 -547.816589 -74.200493
v 17.983316 -548.095703 -74.200493
v 17.983316 -548.374817 -74.200493
v 17.983316 -548.653931 -74.200493
v 17.983316 -548.933105 -74.200493
v 17.983316 -549.212219 -74.200493
v 17.983316 -549.491333 -74.200493
v 17.983316 -549.840210 -74.200493
v -24.027628 -543.908875 -76.016281
v -25.600624 -543.559998 -76.077141
v -24.027628 -544.188049 -76.016281
v -24.027628 -544.467163 -76.016281
v -24.027628 -544.746277 -76.016281
v -24.027628 -545.025391 -76.016281
v -24.027628 -545.304504 -76.016281
v -24.027628 -545.583618 -76.016281
v -24.027628 -545.862732 -76.016281
v -24.027628 -546.141846 -76.016281
v -24.027628 -546.420959 -76.016281
v -24.027628 -546.700134 -76.016281
v -25.600624 -549.909973 -76.077141
v -24.027628 -546.979248 -76.016281
v -24.027628 -547.258362 -76.016281
v -24.027628 -547.537476 -76.016281
v -24.027628 -547.816589 -76.016281
v -24.027628 -548.095703 -76.016281
v -24.027628 -548.374817 -76.016281
v -24.027628 -548.653931 -76.016281
v -24.027628 -548.933105 -76.016281
v -24.027628 -549.212219 -76.016281
v -24.027628 -549.491333 -76.016281
v -54.753281 -544.467163 -77.104095
v -54.753281 -544.746277 -77.104095
v -54.753281 -545.025391 -77.104095
v -54.753281 -545.304504 -77.104095
v -54.753281 -545.583618 -77.104095
v -54.753281 -545.862732 -77.104095
v -54.753281 -546.141846 -77.104095
v -54.753281 -546.420959 -77.104095
v -54.753281 -546.700134 -77.104095
v -54.753281 -546.979248 -77.104095
v -54.753281 -547.258362 -77.104095
v -54.753281 -547.537476 -77.104095
v -54.753281 -547.816589 -77.104095
v -54.753281 -548.095703 -77.104095
v -54.753281 -548.374817 -77.104095
v -54.753281 -548.653931 -77.104095
v -54.753281 -548.933105 -77.104095
v -54.753281 -549.212219 -77.104095
v -54.753281 -549.491333 -77.104095
v -107.640022 -546.141846 -78.421936
v -133.598114 -543.559998 -78.777466
v -107.640022 -546.420959 -78.421936
v -107.640022 -546.700134 -78.421936
v -133.598114 -549.909973 -78.777466
v -107.640022 -546.979248 -78.421936
v -107.640022 -547.258362 -78.421936
v -107.640022 -547.537476 -78.421936
v -107.640022 -547.816589 -78.421936
v -107.640022 -548.095703 -78.421936
v -107.640022 -548.374817 -78.421936
v -107.640022 -548.653931 -78.421936
v -107.640022 -548.933105 -78.421936
v -107.640022 -549.212219 -78.421936
v -107.640022 -549.491333 -78.421936
v -149.214249 -545.304504 -78.889374
v -165.539001 -543.559998 -78.917969
v -149.214249 -545.583618 -78.889374
v -149.214249 -545.862732 -78.889374
v -149.214249 -546.141846 -78.889374
v -149.214249 -546.420959 -78.889374
v -149.214249 -546.700134 -78.889374
v -165.539001 -549.909973 -78.917969
v -149.214249 -546.979248 -78.889374
v -149.214249 -547.258362 -78.889374
v -149.214249 -547.537476 -78.889374
v -149.214249 -547.816589 -78.889374
v -149.214249 -548.095703 -78.889374
v -149.214249 -548.374817 -78.889374
v -149.214249 -548.653931 -78.889374
v -149.214249 -548.933105 -78.889374
v -149.214249 -549.212219 -78.889374
v -149.214249 -549.491333 -78.889374
v -194.692322 -544.467163 -78.725533
v -194.692322 -544.746277 -78.725533
v -194.692322 -545.025391 -78.725533
v -194.692322 -545.304504 -78.725533
v -194.692322 -545.583618 -78.725533
v -194.692322 -545.862732 -78.725533
v -194.692322 -546.141846 -78.725533
v -194.692322 -546.420959 -78.725533
v -194.692322 -546.700134 -78.725533
v -194.692322 -546.979248 -78.725533
v -194.692322 -547.258362 -78.725533
v -194.692322 -547.537476 -78.725533
v -194.692322 -547.816589 -78.725533
v -194.692322 -548.095703 -78.725533
v -194.692322 -548.374817 -78.725533
v -194.692322 -548.653931 -78.725533
v -194.692322 -548.933105 -78.725533
v -194.692322 -549.212219 -78.725533
v -194.692322 -549.491333 -78.725533
v -233.012878 -545.862732 -77.945915
v -250.670547 -543.559998 -77.362350
v -233.012878 -546.141846 -77.945915
v -233.012878 -546.420959 -77.945915
v -233.012878 -546.700134 -77.945915
v -250.670547 -549.909973 -77.362350
v -233.012878 -546.979248 -77.945915
v -233.012878 -547.258362 -77.945915
v -233.012878 -547.537476 -77.945915
v -233.012878 -547.816589 -77.945915
v -233.012878 -548.095703 -77.945915
v -233.012878 -548.374817 -77.945915
v -233.012878 -548.653931 -77.945915
v -233.012878 -548.933105 -77.945915
v -233.012878 -549.212219 -77.945915
v -233.012878 -549.491333 -77.945915
v -264.234528 -545.304504 -76.806351
v -275.787994 -543.559998 -76.251968
v -264.234528 -545.583618 -76.806351
v -264.234528 -545.862732 -76.806351
v -264.234528 -546.141846 -76.806351
v -264.234528 -546.420959 -76.806351
v -264.234528 -546.700134 -76.806351
v -275.787994 -549.909973 -76.251968
v -264.234528 -546.979248 -76.806351
v -264.234528 -547.258362 -76.806351
v -264.234528 -547.537476 -76.806351
v -264.234528 -547.816589 -76.806351
v -264.234528 -548.095703 -76.806351
v -264.234528 -548.374817 -76.806351
v -264.234528 -548.653931 -76.806351
v -264.234528 -548.933105 -76.806351
v -264.234528 -549.212219 -76.806351
v -264.234528 -549.491333 -76.806351
v -284.297638 -544.746277 -75.791893
v -298.542999 -543.559998 -74.911606
v -284.297638 -545.025391 -75.791893
v -284.297638 -545.304504 -75.791893
v -284.297638 -545.583618 -75.791893
v -284.297638 -545.862732 -75.791893
v -284.297638 -546.141846 -75.791893
v -284.297638 -546.420959 -75.791893
v -284.297638 -546.700134 -75.791893
v -298.542999 -549.909973 -74.911606
v -284.297638 -546.979248 -75.791893
v -284.297638 -547.258362 -75.791893
v -284.297638 -547.537476 -75.791893
v -284.297638 -547.816589 -75.791893
v -284.297638 -548.095703 -75.791893
v -284.297638 -548.374817 -75.791893
v -284.297638 -548.653931 -75.791893
v -284.297638 -548.933105 -75.791893
v -284.297638 -549.212219 -75.791893
v -284.297638 -549.491333 -75.791893
v -308.967957 -545.304504 -74.167000
v -318.642365 -543.559998 -73.388336
v -308.967957 -545.583618 -74.167000
v -308.967957 -545.862732 -74.167000
v -308.967957 -546.141846 -74.167000
v -308.967957 -546.420959 -74.167000
v -308.967957 -546.700134 -74.167000
v -318.642365 -549.909973 -73.388336
v -308.967957 -546.979248 -74.167000
v -308.967957 -547.258362 -74.167000
v -308.967957 -547.537476 -74.167000
v -308.967957 -547.816589 -74.167000
v -308.967957 -548.095703 -74.167000
v -308.967957 -548.374817 -74.167000
v -308.967957 -548.653931 -74.167000
v -308.967957 -548.933105 -74.167000
v -308.967957 -549.212219 -74.167000
v -308.967957 -549.491333 -74.167000
v -328.640747 -545.583618 -72.482140
v -335.877197 -543.559998 -71.752045
v -328.640747 -545.862732 -72.482140
v -328.640747 -546.141846 -72.482140
v -328.640747 -546.420959 -72.482140
v -328.640747 -546.700134 -72.482140
v -335.877197 -549.909973 -71.752045
v -328.640747 -546.979248 -72.482140
v -328.640747 -547.258362 -72.482140
v -328.640747 -547.537476 -72.482140
v -328.640747 -547.816589 -72.482140
v -328.640747 -548.095703 -72.482140
v -328.640747 -548.374817 -72.482140
v -328.640747 -548.653931 -72.482140
v -328.640747 -548.933105 -72.482140
v -328.640747 -549.212219 -72.482140
v -328.640747 -549.491333 -72.482140
v -350.512268 -543.559998 -70.040352
v -351.118195 -544.467163 -69.961395
v -362.044983 -543.559998 -68.390526
v -351.118195 -544.746277 -69.961395
v -351.118195 -545.025391 -69.961395
v -351.118195 -545.304504 -69.961395
v -351.118195 -545.583618 -69.961395
v -351.118195 -545.862732 -69.961395
v -351.118195 -546.141846 -69.961395
v -351.118195 -546.420959 -69.961395
v -351.118195 -546.700134 -69.961395
v -362.044983 -549.909973 -68.390526
v -351.118195 -546.979248 -69.961395
v -351.118195 -547.258362 -69.961395
v -351.118195 -547.537476 -69.961395
v -350.512268 -549.909973 -70.040352
v -351.118195 -547.816589 -69.961395
v -351.118195 -548.095703 -69.961395
v -351.118195 -548.374817 -69.961395
v -351.118195 -548.653931 -69.961395
v -351.118195 -548.933105 -69.961395
v -351.118195 -549.212219 -69.961395
v -351.118195 -549.491333 -69.961395
v -365.133759 -544.467163 -67.885384
v -372.135773 -543.559998 -66.613213
v -365.133759 -544.746277 -67.885384
v -365.133759 -545.025391 -67.885384
v -365.133759 -545.304504 -67.885384
v -365.133759 -545.583618 -67.885384
v -365.133759 -545.862732 -67.885384
v -365.133759 -546.141846 -67.885384
v -365.133759 -546.420959 -67.885384
v -365.133759 -546.700134 -67.885384
v -372.135773 -549.909973 -66.613213
v -365.133759 -546.979248 -67.885384
v -365.133759 -547.258362 -67.885384
v -365.133759 -547.537476 -67.885384
v -365.133759 -547.816589 -67.885384
v -365.133759 -548.095703 -67.885384
v -365.133759 -548.374817 -67.885384
v -365.133759 -548.653931 -67.885384
v -365.133759 -548.933105 -67.885384
v -365.133759 -549.212219 -67.885384
v -365.133759 -549.491333 -67.885384
v -372.866089 -544.188049 -66.468887
v -372.866089 -543.908875 -66.468887
v -372.866089 -544.467163 -66.468887
v -372.866089 -544.746277 -66.468887
v -372.866089 -545.025391 -66.468887
v -372.866089 -545.304504 -66.468887
v -372.866089 -545.583618 -66.468887
v -372.866089 -545.862732 -66.468887
v -372.866089 -546.141846 -66.468887
v -372.866089 -546.420959 -66.468887
v -372.866089 -546.700134 -66.468887
v -372.866089 -546.979248 -66.468887
v -372.866089 -547.258362 -66.468887
v -372.866089 -547.537476 -66.468887
v -372.866089 -547.816589 -66.468887
v -372.866089 -548.095703 -66.468887
v -372.866089 -548.374817 -66.468887
v -372.866089 -548.653931 -66.468887
v -372.866089 -548.933105 -66.468887
v -372.866089 -549.212219 -66.468887
v -372.866089 -549.491333 -66.468887
v -379.146942 -543.629761 -65.113579
v -380.450989 -543.559998 -64.802628
v -379.146942 -543.908875 -65.113579
v -379.146942 -544.188049 -65.113579
v -379.146942 -544.467163 -65.113579
v -379.146942 -544.746277 -65.113579
v -379.146942 -545.025391 -65.113579
v -379.146942 -545.304504 -65.113579
v -379.146942 -545.583618 -65.113579
v -379.146942 -545.862732 -65.113579
v -379.146942 -546.141846 -65.113579
v -379.146942 -546.420959 -65.113579
v -379.146942 -546.700134 -65.113579
v -380.450989 -549.909973 -64.802628
v -379.146942 -546.979248 -65.113579
v -379.146942 -547.258362 -65.113579
v -379.146942 -547.537476 -65.113579
v -379.146942 -547.816589 -65.113579
v -379.146942 -548.095703 -65.113579
v -379.146942 -548.374817 -65.113579
v -379.146942 -548.653931 -65.113579
v -379.146942 -548.933105 -65.113579
v -379.146942 -549.212219 -65.113579
v -379.146942 -549.491333 -65.113579
v -385.711304 -544.467163 -63.420849
v -385.711304 -544.746277 -63.420849
v -385.711304 -545.025391 -63.420849
v -385.711304 -545.304504 -63.420849
v -385.711304 -545.583618 -63.420849
v -385.711304 -545.862732 -63.420849
v -385.711304 -546.141846 -63.420849
v -385.711304 -546.420959 -63.420849
v -385.711304 -546.700134 -63.420849
v -385.711304 -546.979248 -63.420849
v -385.711304 -547.258362 -63.420849
v -385.711304 -547.537476 -63.420849
v -385.711304 -547.816589 -63.420849
v -385.711304 -548.095703 -63.420849
v -385.711304 -548.374817 -63.420849
v -385.711304 -548.653931 -63.420849
v -385.711304 -548.933105 -63.420849
v -385.711304 -549.212219 -63.420849
v -385.711304 -549.491333 -63.420849
v -392.288818 -544.467163 -61.305317
v -395.731873 -543.559998 -59.859596
v -392.288818 -544.746277 -61.305317
v -392.288818 -545.025391 -61.305317
v -392.288818 -545.304504 -61.305317
v -392.288818 -545.583618 -61.305317
v -392.288818 -545.862732 -61.305317
v -392.288818 -546.141846 -61.305317
v -392.288818 -546.420959 -61.305317
v -392.288818 -546.700134 -61.305317
v -395.731873 -549.909973 -59.859596
v -392.288818 -546.979248 -61.305317
v -392.288818 -547.258362 -61.305317
v -392.288818 -547.537476 -61.305317
v -392.288818 -547.816589 -61.305317
v -392.288818 -548.095703 -61.305317
v -392.288818 -548.374817 -61.305317
v -392.288818 -548.653931 -61.305317
v -392.288818 -548.933105 -61.305317
v -392.288818 -549.212219 -61.305317
v -392.288818 -549.491333 -61.305317
v -396.616882 -544.467163 -59.421021
v -398.538116 -543.559998 -58.330921
v -396.616882 -544.746277 -59.421021
v -396.616882 -545.025391 -59.421021
v -396.616882 -545.304504 -59.421021
v -396.616882 -545.583618 -59.421021
v -396.616882 -545.862732 -59.421021
v -396.616882 -546.141846 -59.421021
v -396.616882 -546.420959 -59.421021
v -396.616882 -546.700134 -59.421021
v -398.538116 -549.909973 -58.330921
v -396.616882 -546.979248 -59.421021
v -396.616882 -547.258362 -59.421021
v -396.616882 -547.537476 -59.421021
v -396.616882 -547.816589 -59.421021
v -396.616882 -548.095703 -59.421021
v -396.616882 -548.374817 -59.421021
v -396.616882 -548.653931 -59.421021
v -396.616882 -548.933105 -59.421021
v -396.616882 -549.212219 -59.421021
v -396.616882 -549.491333 -59.421021
v -399.861847 -544.467163 -57.400669
v -400.021393 -543.559998 -57.270351
v -399.861847 -544.746277 -57.400669
v -399.861847 -545.025391 -57.400669
v -399.861847 -545.304504 -57.400669
v -399.861847 -545.583618 -57.400669
v -399.861847 -545.862732 -57.400669
v -399.861847 -546.141846 -57.400669
v -399.861847 -546.420959 -57.400669
v -399.861847 -546.700134 -57.400669
v -399.861847 -546.979248 -57.400669
v -399.861847 -547.258362 -57.400669
v -399.861847 -547.537476 -57.400669
v -399.861847 -547.816589 -57.400669
v -399.861847 -548.095703 -57.400669
v -400.021393 -549.909973 -57.270351
v -399.861847 -548.374817 -57.400669
v -399.861847 -548.653931 -57.400669
v -399.861847 -548.933105 -57.400669
v -399.861847 -549.212219 -57.400669
v -399.861847 -549.491333 -57.400669
v -343.465240 -546.734985 -70.908066
v 777.379578 -543.559998 -45.201126
v 792.198303 -543.559998 -47.355022
v 762.012085 -543.559998 -43.341827
v 745.601135 -543.559998 -41.760086
v 727.470642 -543.559998 -40.408081
v 708.103516 -543.559998 -39.357605
v 687.443604 -543.559998 -38.623669
v 664.410278 -543.559998 -38.186371
v 638.032166 -543.559998 -38.067585
v 609.328186 -543.559998 -38.322166
v 578.196655 -543.559998 -38.984081
v 543.936218 -543.559998 -40.097301
v 506.072449 -543.559998 -41.710453
v 463.746582 -543.559998 -43.895958
v 415.409332 -543.559998 -46.769199
v 358.140930 -543.559998 -50.536072
v 256.213409 -543.559998 -57.703045
v 173.932114 -543.559998 -63.432262
v 125.250099 -543.559998 -66.594597
v 90.869621 -543.559998 -68.733986
v 48.820698 -543.559998 -71.043518
v 4.997684 -543.559998 -73.220657
v -32.421711 -543.559998 -74.754097
v -72.532654 -543.559998 -76.019966
v -91.827652 -543.559998 -76.502174
v -111.067169 -543.559998 -76.891449
v -144.140259 -543.559998 -77.292511
v -173.617310 -543.559998 -77.311325
v -189.761627 -543.559998 -77.180504
v -205.853394 -543.559998 -76.952461
v -235.015442 -543.559998 -76.285286
v -262.034302 -543.559998 -75.328300
v -285.570343 -543.559998 -74.149551
v -306.420044 -543.559998 -72.766525
v -325.149658 -543.559998 -71.195213
v -341.641113 -543.559998 -69.492043
v -355.476318 -543.559998 -67.751648
v -366.445526 -543.559998 -66.067230
v -374.849823 -543.559998 -64.478127
v -382.080200 -543.559998 -62.769321
v -388.347931 -543.559998 -60.926414
v -391.141876 -543.559998 -59.976707
v -393.773315 -543.559998 -58.979794
v -396.378967 -543.559998 -57.811417
v -398.303741 -543.559998 -56.669830
v -399.294373 -543.559998 -55.827934
v -400.000580 -543.559998 -54.931999
v -400.000580 -549.909973 -54.931999
v -399.275391 -549.909973 -55.847397
v -398.252197 -549.909973 -56.706619
v -396.286316 -549.909973 -57.858139
v -393.624908 -549.909973 -59.039658
v -390.979736 -549.909973 -60.034428
v -388.173828 -549.909973 -60.982731
v -381.896820 -549.909973 -62.817783
v -374.619843 -549.909973 -64.526459
v -366.145081 -549.909973 -66.118332
v -355.088226 -549.909973 -67.805473
v -341.164764 -549.909973 -69.546272
v -324.597412 -549.909973 -71.246628
v -305.802734 -549.909973 -72.812675
v -284.881805 -549.909973 -74.189423
v -261.245819 -549.909973 -75.361710
v -234.123077 -549.909973 -76.310883
v -204.939896 -549.909973 -76.968010
v -188.851761 -549.909973 -77.190498
v -172.713867 -549.909973 -77.315712
v -143.185013 -549.909973 -77.286354
v -109.926437 -549.909973 -76.871231
v -90.663361 -549.909973 -76.475525
v -71.341415 -549.909973 -75.987473
v -31.328531 -549.909973 -74.714371
v 6.402126 -549.909973 -73.156273
v 50.533871 -549.909973 -70.953346
v 92.146568 -549.909973 -68.659309
v 125.144630 -549.909973 -66.601448
v 173.819534 -549.909973 -63.439854
v 256.302948 -549.909973 -57.696690
v 358.193390 -549.909973 -50.532490
v 415.452362 -549.909973 -46.766499
v 463.783173 -549.909973 -43.893917
v 506.104034 -549.909973 -41.708961
v 543.963318 -549.909973 -40.096283
v 578.220825 -549.909973 -38.983429
v 609.350586 -549.909973 -38.321827
v 638.052856 -549.909973 -38.067539
v 664.428772 -549.909973 -38.186588
v 687.459778 -549.909973 -38.624104
v 708.118408 -549.909973 -39.358273
v 727.484741 -549.909973 -40.408989
v 745.614380 -549.909973 -41.761215
v 762.023987 -549.909973 -43.343117
v 777.385315 -549.909973 -45.201889
v 792.198303 -549.909973 -47.355022
vn -0.054072 0.000000 -0.998537
vn -0.054072 0.000000 -0.998537
vn 0.065686 0.000000 -0.997840
vn 0.065686 0.000000 -0.997840
vn 0.024748 0.000000 -0.999694
vn 0.024748 0.000000 -0.999694
vn -0.018495 0.000000 -0.999829
vn -0.018495 0.000000 -0.999829
vn -0.311474 0.000000 -0.950255
vn -0.311474 0.000000 -0.950255
vn -0.797104 0.000000 -0.603843
vn -0.797104 0.000000 -0.603843
vn -0.143788 -0.023044 -0.989340
vn -0.155635 0.000000 -0.987815
vn -0.143718 -0.000000 -0.989619
vn -0.155635 0.000000 -0.987815
vn -0.143718 -0.000000 -0.989619
vn -0.155635 0.000000 -0.987815
vn -0.143718 -0.000000 -0.989619
vn -0.155635 0.000000 -0.987815
vn -0.143718 -0.000000 -0.989619
vn -0.155635 0.000000 -0.987815
vn -0.143718 -0.000000 -0.989619
vn -0.155635 0.000000 -0.987815
vn -0.143718 -0.000000 -0.989619
vn -0.155635 0.000000 -0.987815
vn -0.143718 -0.000000 -0.989619
vn -0.155635 0.000000 -0.987815
vn -0.143718 -0.000000 -0.989619
vn -0.155635 0.000000 -0.987815
vn -0.143718 -0.000000 -0.989619
vn -0.155635 0.000000 -0.987815
vn -0.143718 -0.000000 -0.989619
vn -0.155635 0.000000 -0.987815
vn -0.143718 -0.000000 -0.989619
vn -0.155635 0.000000 -0.987815
vn -0.143718 -0.000000 -0.989619
vn -0.143718 -0.000000 -0.989619
vn -0.155635 0.000000 -0.987815
vn -0.143718 -0.000000 -0.989619
vn -0.155635 0.000000 -0.987815
vn -0.143718 -0.000000 -0.989619
vn -0.155635 0.000000 -0.987815
vn -0.143718 -0.000000 -0.989619
vn -0.155635 0.000000 -0.987815
vn -0.155635 0.000000 -0.987815
vn -0.143718 -0.000000 -0.989619
vn -0.143718 -0.000000 -0.989619
vn -0.155635 0.000000 -0.987815
vn -0.143718 -0.000000 -0.989619
vn -0.155635 0.000000 -0.987815
vn -0.143718 -0.000000 -0.989619
vn -0.155635 0.000000 -0.987815
vn -0.143718 -0.000000 -0.989619
vn -0.155635 0.000000 -0.987815
vn -0.143825 0.003841 -0.989596
vn -0.143718 -0.000000 -0.989619
vn -0.155635 0.000000 -0.987815
vn -0.120009 -0.033186 -0.992218
vn -0.114410 -0.000000 -0.993434
vn -0.127047 0.000000 -0.991897
vn -0.127047 0.000000 -0.991897
vn -0.114410 -0.000000 -0.993434
vn -0.114410 -0.000000 -0.993434
vn -0.127047 0.000000 -0.991897
vn -0.127047 0.000000 -0.991897
vn -0.114410 -0.000000 -0.993434
vn -0.114410 -0.000000 -0.993434
vn -0.127046 0.000000 -0.991897
vn -0.114410 -0.000000 -0.993434
vn -0.127047 0.000000 -0.991897
vn -0.127047 0.000000 -0.991897
vn -0.114410 -0.000000 -0.993434
vn -0.127046 0.000000 -0.991897
vn -0.114410 -0.000000 -0.993434
vn -0.114410 -0.000000 -0.993434
vn -0.127047 0.000000 -0.991897
vn -0.127046 0.000000 -0.991897
vn -0.114410 -0.000000 -0.993434
vn -0.114410 -0.000000 -0.993434
vn -0.127047 0.000000 -0.991897
vn -0.114410 -0.000000 -0.993434
vn -0.127047 0.000000 -0.991897
vn -0.114410 -0.000000 -0.993434
vn -0.127047 0.000000 -0.991897
vn -0.114410 -0.000000 -0.993434
vn -0.127047 0.000000 -0.991897
vn -0.114410 -0.000000 -0.993434
vn -0.127047 0.000000 -0.991897
vn -0.114410 -0.000000 -0.993434
vn -0.127047 0.000000 -0.991897
vn -0.119272 0.115450 -0.986127
vn -0.114410 -0.000000 -0.993434
vn -0.127047 0.000000 -0.991897
vn -0.095875 -0.008644 -0.995356
vn -0.097253 0.000000 -0.995260
vn -0.086277 -0.000000 -0.996271
vn -0.086277 -0.000000 -0.996271
vn -0.097253 0.000000 -0.995260
vn -0.097253 0.000000 -0.995260
vn -0.086277 -0.000000 -0.996271
vn -0.097253 0.000000 -0.995260
vn -0.086277 -0.000000 -0.996271
vn -0.097253 0.000000 -0.995260
vn -0.086277 -0.000000 -0.996271
vn -0.086277 -0.000000 -0.996271
vn -0.097253 0.000000 -0.995260
vn -0.086277 -0.000000 -0.996271
vn -0.097254 0.000000 -0.995260
vn -0.086277 -0.000000 -0.996271
vn -0.097253 0.000000 -0.995260
vn -0.086277 -0.000000 -0.996271
vn -0.097253 0.000000 -0.995260
vn -0.086277 -0.000000 -0.996271
vn -0.097253 0.000000 -0.995260
vn -0.086277 -0.000000 -0.996271
vn -0.097253 0.000000 -0.995260
vn -0.086277 -0.000000 -0.996271
vn -0.097253 0.000000 -0.995260
vn -0.086277 -0.000000 -0.996271
vn -0.097253 0.000000 -0.995260
vn -0.095770 0.047497 -0.994270
vn -0.086277 -0.000000 -0.996271
vn -0.097253 0.000000 -0.995260
vn -0.074284 -0.009327 -0.997193
vn -0.074936 0.000000 -0.997188
vn -0.064691 -0.000000 -0.997905
vn -0.074936 0.000000 -0.997188
vn -0.064691 -0.000000 -0.997905
vn -0.074936 0.000000 -0.997188
vn -0.064691 -0.000000 -0.997905
vn -0.074936 0.000000 -0.997188
vn -0.064691 -0.000000 -0.997905
vn -0.074936 0.000000 -0.997188
vn -0.064691 -0.000000 -0.997905
vn -0.074936 0.000000 -0.997188
vn -0.064691 -0.000000 -0.997905
vn -0.074936 0.000000 -0.997188
vn -0.064691 -0.000000 -0.997905
vn -0.074936 0.000000 -0.997188
vn -0.064691 -0.000000 -0.997905
vn -0.064691 -0.000000 -0.997905
vn -0.074936 0.000000 -0.997188
vn -0.064691 -0.000000 -0.997905
vn -0.074936 0.000000 -0.997188
vn -0.064691 -0.000000 -0.997905
vn -0.074936 0.000000 -0.997188
vn -0.064691 -0.000000 -0.997905
vn -0.074936 0.000000 -0.997188
vn -0.064691 -0.000000 -0.997905
vn -0.074936 0.000000 -0.997188
vn -0.064691 -0.000000 -0.997905
vn -0.074936 0.000000 -0.997188
vn -0.064691 -0.000000 -0.997905
vn -0.074936 0.000000 -0.997188
vn -0.064691 -0.000000 -0.997905
vn -0.074936 0.000000 -0.997188
vn -0.064691 -0.000000 -0.997905
vn -0.074936 0.000000 -0.997188
vn -0.074262 0.026420 -0.996889
vn -0.064691 -0.000000 -0.997905
vn -0.074936 0.000000 -0.997188
vn -0.035384 -0.036835 -0.998695
vn -0.043789 0.000000 -0.999041
vn -0.034737 -0.000000 -0.999397
vn -0.043789 0.000000 -0.999041
vn -0.034737 -0.000000 -0.999396
vn -0.043789 0.000000 -0.999041
vn -0.034737 -0.000000 -0.999396
vn -0.043789 0.000000 -0.999041
vn -0.034737 -0.000000 -0.999396
vn -0.043789 0.000000 -0.999041
vn -0.034737 -0.000000 -0.999396
vn -0.043789 0.000000 -0.999041
vn -0.034737 -0.000000 -0.999396
vn -0.043789 0.000000 -0.999041
vn -0.034737 -0.000000 -0.999396
vn -0.034737 -0.000000 -0.999396
vn -0.043789 0.000000 -0.999041
vn -0.034737 -0.000000 -0.999396
vn -0.043789 0.000000 -0.999041
vn -0.034737 -0.000000 -0.999397
vn -0.043789 0.000000 -0.999041
vn -0.043789 0.000000 -0.999041
vn -0.034737 -0.000000 -0.999397
vn -0.034737 -0.000000 -0.999396
vn -0.043789 0.000000 -0.999041
vn -0.034737 -0.000000 -0.999396
vn -0.043789 0.000000 -0.999041
vn -0.034737 -0.000000 -0.999396
vn -0.043789 0.000000 -0.999041
vn -0.034737 -0.000000 -0.999396
vn -0.043789 0.000000 -0.999041
vn -0.034737 -0.000000 -0.999396
vn -0.043789 0.000000 -0.999041
vn -0.034737 -0.000000 -0.999396
vn -0.043789 0.000000 -0.999041
vn -0.034737 -0.000000 -0.999396
vn -0.043789 0.000000 -0.999041
vn -0.034737 -0.000000 -0.999397
vn -0.043789 0.000000 -0.999041
vn -0.034737 -0.000000 -0.999396
vn -0.043789 0.000000 -0.999041
vn -0.035392 0.030703 -0.998902
vn -0.034737 -0.000000 -0.999396
vn -0.043789 0.000000 -0.999041
vn -0.018879 -0.034838 -0.999215
vn -0.025705 0.000000 -0.999670
vn -0.017787 -0.000000 -0.999842
vn -0.025705 0.000000 -0.999670
vn -0.017787 -0.000000 -0.999842
vn -0.025705 0.000000 -0.999670
vn -0.017787 -0.000000 -0.999842
vn -0.025705 0.000000 -0.999670
vn -0.017787 -0.000000 -0.999842
vn -0.025705 0.000000 -0.999670
vn -0.017787 -0.000000 -0.999842
vn -0.025705 0.000000 -0.999670
vn -0.017787 -0.000000 -0.999842
vn -0.025705 0.000000 -0.999670
vn -0.017787 -0.000000 -0.999842
vn -0.025705 0.000000 -0.999670
vn -0.017787 -0.000000 -0.999842
vn -0.025705 0.000000 -0.999670
vn -0.017787 -0.000000 -0.999842
vn -0.025705 0.000000 -0.999670
vn -0.017787 -0.000000 -0.999842
vn -0.017787 -0.000000 -0.999842
vn -0.025705 0.000000 -0.999670
vn -0.017787 -0.000000 -0.999842
vn -0.025705 0.000000 -0.999670
vn -0.017787 -0.000000 -0.999842
vn -0.025705 0.000000 -0.999670
vn -0.017787 -0.000000 -0.999842
vn -0.025705 0.000000 -0.999670
vn -0.017787 -0.000000 -0.999842
vn -0.025705 0.000000 -0.999670
vn -0.017787 -0.000000 -0.999842
vn -0.025705 0.000000 -0.999670
vn -0.017787 -0.000000 -0.999842
vn -0.025705 0.000000 -0.999670
vn -0.017787 -0.000000 -0.999842
vn -0.025705 0.000000 -0.999670
vn -0.017787 -0.000000 -0.999842
vn -0.025705 0.000000 -0.999670
vn -0.025705 0.000000 -0.999670
vn -0.018865 0.052225 -0.998457
vn -0.017787 -0.000000 -0.999842
vn -0.004412 -0.040502 -0.999170
vn -0.010364 0.000000 -0.999946
vn -0.003264 -0.000000 -0.999995
vn -0.003264 -0.000000 -0.999995
vn -0.010364 0.000000 -0.999946
vn -0.003264 -0.000000 -0.999995
vn -0.010364 0.000000 -0.999946
vn -0.003264 -0.000000 -0.999995
vn -0.010364 0.000000 -0.999946
vn -0.003264 -0.000000 -0.999995
vn -0.010364 0.000000 -0.999946
vn -0.003264 -0.000000 -0.999995
vn -0.010364 0.000000 -0.999946
vn -0.003264 -0.000000 -0.999995
vn -0.010364 0.000000 -0.999946
vn -0.010364 0.000000 -0.999946
vn -0.003264 -0.000000 -0.999995
vn -0.010364 0.000000 -0.999946
vn -0.003264 -0.000000 -0.999995
vn -0.010364 0.000000 -0.999946
vn -0.003264 -0.000000 -0.999995
vn -0.003264 -0.000000 -0.999995
vn -0.010364 0.000000 -0.999946
vn -0.003264 -0.000000 -0.999995
vn -0.010364 0.000000 -0.999946
vn -0.003264 -0.000000 -0.999995
vn -0.010364 0.000000 -0.999946
vn -0.003264 -0.000000 -0.999995
vn -0.010364 0.000000 -0.999946
vn -0.003264 -0.000000 -0.999995
vn -0.010364 0.000000 -0.999946
vn -0.003264 -0.000000 -0.999995
vn -0.010364 0.000000 -0.999946
vn -0.003264 -0.000000 -0.999995
vn -0.010364 0.000000 -0.999946
vn -0.003264 -0.000000 -0.999995
vn -0.010364 0.000000 -0.999946
vn -0.003264 -0.000000 -0.999995
vn -0.010364 0.000000 -0.999946
vn -0.004408 0.060700 -0.998146
vn -0.003264 -0.000000 -0.999995
vn -0.010364 0.000000 -0.999946
vn 0.008948 -0.034240 -0.999374
vn 0.004541 0.000000 -0.999990
vn 0.011037 0.000000 -0.999939
vn 0.004541 0.000000 -0.999990
vn 0.011037 0.000000 -0.999939
vn 0.004541 0.000000 -0.999990
vn 0.011037 0.000000 -0.999939
vn 0.004541 0.000000 -0.999990
vn 0.011037 0.000000 -0.999939
vn 0.004541 0.000000 -0.999990
vn 0.011037 0.000000 -0.999939
vn 0.004541 0.000000 -0.999990
vn 0.011037 0.000000 -0.999939
vn 0.004541 0.000000 -0.999990
vn 0.011037 0.000000 -0.999939
vn 0.004541 0.000000 -0.999990
vn 0.011037 0.000000 -0.999939
vn 0.011037 0.000000 -0.999939
vn 0.004541 0.000000 -0.999990
vn 0.011037 0.000000 -0.999939
vn 0.004541 0.000000 -0.999990
vn 0.011037 0.000000 -0.999939
vn 0.004541 0.000000 -0.999990
vn 0.011037 0.000000 -0.999939
vn 0.004541 0.000000 -0.999990
vn 0.011037 0.000000 -0.999939
vn 0.004541 0.000000 -0.999990
vn 0.011037 0.000000 -0.999939
vn 0.004541 0.000000 -0.999990
vn 0.011037 0.000000 -0.999939
vn 0.004541 0.000000 -0.999990
vn 0.011037 0.000000 -0.999939
vn 0.004541 0.000000 -0.999990
vn 0.011037 0.000000 -0.999939
vn 0.004541 0.000000 -0.999990
vn 0.008911 0.096626 -0.995281
vn 0.011037 0.000000 -0.999939
vn 0.004541 0.000000 -0.999990
vn 0.021331 -0.026413 -0.999424
vn 0.018487 0.000000 -0.999829
vn 0.024414 0.000000 -0.999702
vn 0.018487 0.000000 -0.999829
vn 0.024414 0.000000 -0.999702
vn 0.018487 0.000000 -0.999829
vn 0.024414 0.000000 -0.999702
vn 0.018487 0.000000 -0.999829
vn 0.024414 0.000000 -0.999702
vn 0.018487 0.000000 -0.999829
vn 0.018487 0.000000 -0.999829
vn 0.024414 0.000000 -0.999702
vn 0.024414 0.000000 -0.999702
vn 0.018487 0.000000 -0.999829
vn 0.024414 0.000000 -0.999702
vn 0.024414 0.000000 -0.999702
vn 0.018487 0.000000 -0.999829
vn 0.024414 0.000000 -0.999702
vn 0.018487 0.000000 -0.999829
vn 0.024414 0.000000 -0.999702
vn 0.018487 0.000000 -0.999829
vn 0.024414 0.000000 -0.999702
vn 0.018487 0.000000 -0.999829
vn 0.024414 0.000000 -0.999702
vn 0.018487 0.000000 -0.999829
vn 0.024414 0.000000 -0.999702
vn 0.018487 0.000000 -0.999829
vn 0.024414 0.000000 -0.999702
vn 0.018487 0.000000 -0.999829
vn 0.024414 0.000000 -0.999702
vn 0.018487 0.000000 -0.999829
vn 0.021210 0.109443 -0.993767
vn 0.024414 0.000000 -0.999702
vn 0.018487 0.000000 -0.999829
vn 0.032551 -0.004724 -0.999459
vn 0.032424 0.000000 -0.999474
vn 0.037569 0.000000 -0.999294
vn 0.032424 0.000000 -0.999474
vn 0.037569 0.000000 -0.999294
vn 0.032424 0.000000 -0.999474
vn 0.037569 0.000000 -0.999294
vn 0.032424 0.000000 -0.999474
vn 0.037569 0.000000 -0.999294
vn 0.032424 0.000000 -0.999474
vn 0.037569 0.000000 -0.999294
vn 0.032424 0.000000 -0.999474
vn 0.037569 0.000000 -0.999294
vn 0.032424 0.000000 -0.999474
vn 0.037569 0.000000 -0.999294
vn 0.032424 0.000000 -0.999474
vn 0.037569 0.000000 -0.999294
vn 0.032424 0.000000 -0.999474
vn 0.037569 0.000000 -0.999294
vn 0.037569 0.000000 -0.999294
vn 0.032424 0.000000 -0.999474
vn 0.037569 0.000000 -0.999294
vn 0.032424 0.000000 -0.999474
vn 0.037569 0.000000 -0.999294
vn 0.032424 0.000000 -0.999474
vn 0.037569 0.000000 -0.999294
vn 0.032424 0.000000 -0.999474
vn 0.037569 0.000000 -0.999294
vn 0.032424 0.000000 -0.999474
vn 0.037569 0.000000 -0.999294
vn 0.032424 0.000000 -0.999474
vn 0.037569 0.000000 -0.999294
vn 0.032424 0.000000 -0.999474
vn 0.037569 0.000000 -0.999294
vn 0.032424 0.000000 -0.999474
vn 0.037569 0.000000 -0.999294
vn 0.032424 0.000000 -0.999474
vn 0.032550 0.010237 -0.999418
vn 0.037569 0.000000 -0.999294
vn 0.032424 0.000000 -0.999474
vn 0.047284 0.000000 -0.998882
vn 0.047284 0.000000 -0.998881
vn 0.047284 0.000000 -0.998882
vn 0.047284 0.000000 -0.998881
vn 0.047284 0.000000 -0.998881
vn 0.047284 0.000000 -0.998881
vn 0.047284 0.000000 -0.998881
vn 0.047284 0.000000 -0.998881
vn 0.047284 0.000000 -0.998881
vn 0.047284 0.000000 -0.998881
vn 0.042639 0.000418 -0.999090
vn 0.042671 0.000000 -0.999089
vn 0.042671 0.000000 -0.999089
vn 0.042639 -0.000409 -0.999090
vn 0.042671 0.000000 -0.999089
vn 0.047284 0.000000 -0.998881
vn 0.047284 0.000000 -0.998881
vn 0.047284 0.000000 -0.998882
vn 0.047284 0.000000 -0.998881
vn 0.047284 0.000000 -0.998881
vn 0.047284 0.000000 -0.998881
vn 0.047284 0.000000 -0.998881
vn 0.047284 0.000000 -0.998882
vn 0.047284 0.000000 -0.998882
vn 0.050691 -0.012609 -0.998635
vn 0.047061 -0.411545 -0.910174
vn 0.054797 0.000000 -0.998497
vn 0.050696 0.000000 -0.998714
vn 0.050695 0.000000 -0.998714
vn 0.050696 0.000000 -0.998714
vn 0.050695 0.000000 -0.998714
vn 0.054797 0.000000 -0.998497
vn 0.050696 0.000000 -0.998714
vn 0.054797 0.000000 -0.998497
vn 0.050696 0.000000 -0.998714
vn 0.054797 0.000000 -0.998497
vn 0.050696 0.000000 -0.998714
vn 0.050696 0.000000 -0.998714
vn 0.050696 0.000000 -0.998714
vn 0.050696 0.000000 -0.998714
vn 0.054797 0.000000 -0.998497
vn 0.050696 0.000000 -0.998714
vn 0.054797 0.000000 -0.998497
vn 0.050696 0.000000 -0.998714
vn 0.050696 0.000000 -0.998714
vn 0.050696 0.000000 -0.998714
vn 0.054797 0.000000 -0.998497
vn 0.050696 0.000000 -0.998714
vn 0.050696 0.000000 -0.998714
vn 0.054797 0.000000 -0.998497
vn 0.050696 0.000000 -0.998714
vn 0.054797 0.000000 -0.998497
vn 0.050696 0.000000 -0.998714
vn 0.050696 0.000000 -0.998714
vn 0.054797 0.000000 -0.998497
vn 0.050696 0.000000 -0.998714
vn 0.054797 0.000000 -0.998497
vn 0.054797 0.000000 -0.998497
vn 0.050695 0.000000 -0.998714
vn 0.050696 0.000000 -0.998714
vn 0.050695 0.000000 -0.998714
vn 0.054797 0.000000 -0.998497
vn 0.050696 0.000000 -0.998714
vn 0.054797 0.000000 -0.998497
vn 0.050696 0.000000 -0.998714
vn 0.050696 0.000000 -0.998714
vn 0.054797 0.000000 -0.998497
vn 0.050696 0.000000 -0.998714
vn 0.050696 0.000000 -0.998714
vn 0.050696 0.000000 -0.998714
vn 0.054797 0.000000 -0.998497
vn 0.050696 0.000000 -0.998714
vn 0.050696 0.000000 -0.998714
vn 0.054797 0.000000 -0.998497
vn 0.050696 0.000000 -0.998714
vn 0.054797 0.000000 -0.998497
vn 0.050696 0.000000 -0.998714
vn 0.050696 0.000000 -0.998714
vn 0.054797 0.000000 -0.998497
vn 0.050696 0.000000 -0.998714
vn 0.050696 0.000000 -0.998714
vn 0.054797 0.000000 -0.998497
vn 0.050695 0.000000 -0.998714
vn 0.050695 0.000000 -0.998714
vn 0.054797 0.000000 -0.998497
vn 0.050696 0.000000 -0.998714
vn 0.050696 0.000000 -0.998714
vn 0.051491 0.075036 -0.995851
vn 0.054797 0.000000 -0.998497
vn 0.050696 0.000000 -0.998714
vn 0.050695 0.002101 -0.998712
vn 0.050696 0.000000 -0.998714
vn 0.059399 -0.007756 -0.998204
vn 0.058857 0.000000 -0.998266
vn 0.062246 0.000000 -0.998061
vn 0.058857 0.000000 -0.998266
vn 0.062246 0.000000 -0.998061
vn 0.062246 0.000000 -0.998061
vn 0.058857 0.000000 -0.998266
vn 0.062246 0.000000 -0.998061
vn 0.058857 0.000000 -0.998266
vn 0.062246 0.000000 -0.998061
vn 0.058857 0.000000 -0.998266
vn 0.062246 0.000000 -0.998061
vn 0.058857 0.000000 -0.998266
vn 0.062246 0.000000 -0.998061
vn 0.058857 0.000000 -0.998266
vn 0.062246 0.000000 -0.998061
vn 0.058857 0.000000 -0.998267
vn 0.062246 0.000000 -0.998061
vn 0.058857 0.000000 -0.998266
vn 0.062246 0.000000 -0.998061
vn 0.058857 0.000000 -0.998266
vn 0.062246 0.000000 -0.998061
vn 0.058857 0.000000 -0.998266
vn 0.059318 0.052934 -0.996835
vn 0.062246 0.000000 -0.998061
vn 0.058857 0.000000 -0.998266
vn 0.068364 0.000000 -0.997660
vn 0.068364 0.000000 -0.997660
vn 0.068364 0.000000 -0.997660
vn 0.068364 0.000000 -0.997660
vn 0.068364 0.000000 -0.997660
vn 0.068364 0.000000 -0.997660
vn 0.068364 0.000000 -0.997660
vn 0.068364 0.000000 -0.997660
vn 0.068364 0.000000 -0.997660
vn 0.068364 0.000000 -0.997660
vn 0.068364 0.000000 -0.997660
vn 0.068364 0.000000 -0.997660
vn 0.068364 0.000000 -0.997660
vn 0.068364 0.000000 -0.997660
vn 0.068364 0.000000 -0.997660
vn 0.068364 0.000000 -0.997660
vn 0.068364 0.000000 -0.997660
vn 0.068364 0.000000 -0.997660
vn 0.068364 0.000000 -0.997660
vn 0.068364 0.000000 -0.997660
vn 0.068364 0.000000 -0.997660
vn 0.069767 -0.028634 -0.997152
vn 0.069795 0.000000 -0.997561
vn 0.069795 0.000000 -0.997561
vn 0.069795 0.000000 -0.997561
vn 0.069795 0.000000 -0.997561
vn 0.069795 0.000000 -0.997561
vn 0.069795 0.000000 -0.997561
vn 0.069795 0.000000 -0.997561
vn 0.069795 0.000000 -0.997561
vn 0.069795 0.000000 -0.997561
vn 0.069795 0.000000 -0.997561
vn 0.069795 0.000000 -0.997561
vn 0.069795 0.000000 -0.997561
vn 0.069795 0.000000 -0.997561
vn 0.069795 0.000000 -0.997561
vn 0.069795 0.000000 -0.997561
vn 0.069795 0.000000 -0.997561
vn 0.069795 0.000000 -0.997561
vn 0.069795 0.000000 -0.997561
vn 0.069795 0.000000 -0.997561
vn 0.069795 0.000000 -0.997561
vn 0.069795 0.000000 -0.997561
vn 0.069795 0.000000 -0.997561
vn 0.069795 0.000000 -0.997561
vn 0.069795 0.000000 -0.997561
vn 0.069795 0.000000 -0.997561
vn 0.069795 0.000000 -0.997561
vn 0.069795 0.000000 -0.997561
vn 0.069795 0.000000 -0.997561
vn 0.069795 0.000000 -0.997561
vn 0.069795 0.000000 -0.997561
vn 0.069795 0.000000 -0.997561
vn 0.069795 0.000000 -0.997561
vn 0.069795 0.000000 -0.997561
vn 0.069795 0.000000 -0.997561
vn 0.069795 0.000000 -0.997561
vn 0.069795 0.000000 -0.997561
vn 0.069795 0.000000 -0.997561
vn 0.069795 0.000000 -0.997561
vn 0.069795 0.000000 -0.997561
vn 0.069795 0.000000 -0.997561
vn 0.069775 0.023865 -0.997277
vn 0.069891 -0.087586 -0.993702
vn 0.069879 -0.089684 -0.993516
vn 0.070865 0.000000 -0.997486
vn 0.070863 0.000000 -0.997486
vn 0.070865 0.000000 -0.997486
vn 0.070865 0.000000 -0.997486
vn 0.070863 0.000000 -0.997486
vn 0.070865 0.000000 -0.997486
vn 0.070863 0.000000 -0.997486
vn 0.070865 0.000000 -0.997486
vn 0.070863 0.000000 -0.997486
vn 0.070865 0.000000 -0.997486
vn 0.070865 0.000000 -0.997486
vn 0.070865 0.000000 -0.997486
vn 0.070865 0.000000 -0.997486
vn 0.070863 0.000000 -0.997486
vn 0.070863 0.000000 -0.997486
vn 0.070865 0.000000 -0.997486
vn 0.070865 0.000000 -0.997486
vn 0.070863 0.000000 -0.997486
vn 0.070865 0.000000 -0.997486
vn 0.070865 0.000000 -0.997486
vn 0.070865 0.000000 -0.997486
vn 0.070865 0.000000 -0.997486
vn 0.070863 0.000000 -0.997486
vn 0.070863 0.000000 -0.997486
vn 0.070865 0.000000 -0.997486
vn 0.070865 0.000000 -0.997486
vn 0.070865 0.000000 -0.997486
vn 0.070863 0.000000 -0.997486
vn 0.070865 0.000000 -0.997486
vn 0.070863 0.000000 -0.997486
vn 0.070865 0.000000 -0.997486
vn 0.070863 0.000000 -0.997486
vn 0.070865 0.000000 -0.997486
vn 0.070865 0.000000 -0.997486
vn 0.070865 0.000000 -0.997486
vn 0.070863 0.000000 -0.997486
vn 0.070865 0.000000 -0.997486
vn 0.070863 0.000000 -0.997486
vn 0.070865 0.000000 -0.997486
vn 0.070863 0.000000 -0.997486
vn 0.070865 0.000000 -0.997486
vn 0.070865 0.000000 -0.997486
vn 0.070865 0.000000 -0.997486
vn 0.070863 0.000000 -0.997486
vn 0.070865 0.000000 -0.997486
vn 0.070865 0.000000 -0.997486
vn 0.070863 0.000000 -0.997486
vn 0.070865 0.000000 -0.997486
vn 0.070865 0.000000 -0.997486
vn 0.070865 0.000000 -0.997486
vn 0.070865 0.000000 -0.997486
vn 0.070863 0.000000 -0.997486
vn 0.070863 0.000000 -0.997486
vn 0.070865 0.000000 -0.997486
vn 0.070865 0.000000 -0.997486
vn 0.070865 0.000000 -0.997486
vn 0.070863 0.000000 -0.997486
vn 0.070865 0.000000 -0.997486
vn 0.070865 0.000000 -0.997486
vn 0.070863 0.000000 -0.997486
vn 0.070865 0.000000 -0.997486
vn 0.070865 0.000000 -0.997486
vn 0.070863 0.000000 -0.997486
vn 0.069962 0.073116 -0.994867
vn 0.069891 0.087584 -0.993702
vn 0.070865 0.000000 -0.997486
vn 0.070863 0.000000 -0.997486
vn 0.070283 0.000000 -0.997527
vn 0.070283 0.000000 -0.997527
vn 0.070283 0.000000 -0.997527
vn 0.070283 0.000000 -0.997527
vn 0.070283 0.000000 -0.997527
vn 0.070283 0.000000 -0.997527
vn 0.070283 0.000000 -0.997527
vn 0.070283 0.000000 -0.997527
vn 0.070283 0.000000 -0.997527
vn 0.070283 0.000000 -0.997527
vn 0.070283 0.000000 -0.997527
vn 0.070283 0.000000 -0.997527
vn 0.070283 0.000000 -0.997527
vn 0.070283 0.000000 -0.997527
vn 0.070283 0.000000 -0.997527
vn 0.070283 0.000000 -0.997527
vn 0.069444 0.032956 -0.997041
vn 0.069542 0.017873 -0.997419
vn 0.067583 0.000000 -0.997714
vn 0.068758 0.000000 -0.997633
vn 0.068758 0.000000 -0.997633
vn 0.067583 0.000000 -0.997714
vn 0.067583 0.000000 -0.997714
vn 0.068758 0.000000 -0.997633
vn 0.068758 0.000000 -0.997633
vn 0.067583 0.000000 -0.997714
vn 0.067583 0.000000 -0.997714
vn 0.068758 0.000000 -0.997633
vn 0.068758 0.000000 -0.997633
vn 0.067583 0.000000 -0.997714
vn 0.068758 0.000000 -0.997633
vn 0.068758 0.000000 -0.997633
vn 0.067583 0.000000 -0.997714
vn 0.068758 0.000000 -0.997633
vn 0.067583 0.000000 -0.997714
vn 0.068758 0.000000 -0.997633
vn 0.068758 0.000000 -0.997633
vn 0.068758 0.000000 -0.997633
vn 0.067583 0.000000 -0.997714
vn 0.068758 0.000000 -0.997633
vn 0.067583 0.000000 -0.997714
vn 0.068758 0.000000 -0.997633
vn 0.067583 0.000000 -0.997714
vn 0.068758 0.000000 -0.997633
vn 0.068758 0.000000 -0.997633
vn 0.068758 0.000000 -0.997633
vn 0.067583 0.000000 -0.997714
vn 0.068758 0.000000 -0.997633
vn 0.068758 0.000000 -0.997633
vn 0.067583 0.000000 -0.997714
vn 0.068758 0.000000 -0.997633
vn 0.068758 0.000000 -0.997633
vn 0.068758 0.000000 -0.997633
vn 0.067583 0.000000 -0.997714
vn 0.068758 0.000000 -0.997633
vn 0.067583 0.000000 -0.997714
vn 0.068758 0.000000 -0.997633
vn 0.068758 0.000000 -0.997633
vn 0.068758 0.000000 -0.997633
vn 0.067583 0.000000 -0.997714
vn 0.068758 0.000000 -0.997633
vn 0.067583 0.000000 -0.997714
vn 0.068758 0.000000 -0.997633
vn 0.068758 0.000000 -0.997633
vn 0.068758 0.000000 -0.997633
vn 0.067583 0.000000 -0.997714
vn 0.067583 0.000000 -0.997714
vn 0.068758 0.000000 -0.997633
vn 0.068758 0.000000 -0.997633
vn 0.068758 0.000000 -0.997633
vn 0.068758 0.000000 -0.997633
vn 0.067583 0.000000 -0.997714
vn 0.067583 0.000000 -0.997714
vn 0.068758 0.000000 -0.997633
vn 0.068556 -0.162699 -0.984291
vn 0.069385 -0.072711 -0.994937
vn 0.067583 0.000000 -0.997714
vn 0.068758 0.000000 -0.997633
vn 0.064799 0.031652 -0.997396
vn 0.065784 0.000000 -0.997834
vn 0.062961 0.000000 -0.998016
vn 0.065784 0.000000 -0.997834
vn 0.062961 0.000000 -0.998016
vn 0.065784 0.000000 -0.997834
vn 0.062961 0.000000 -0.998016
vn 0.062961 0.000000 -0.998016
vn 0.065784 0.000000 -0.997834
vn 0.062961 0.000000 -0.998016
vn 0.065784 0.000000 -0.997834
vn 0.062961 0.000000 -0.998016
vn 0.065784 0.000000 -0.997834
vn 0.062961 0.000000 -0.998016
vn 0.065784 0.000000 -0.997834
vn 0.065784 0.000000 -0.997834
vn 0.062961 0.000000 -0.998016
vn 0.062961 0.000000 -0.998016
vn 0.065784 0.000000 -0.997834
vn 0.062961 0.000000 -0.998016
vn 0.065784 0.000000 -0.997834
vn 0.062961 0.000000 -0.998016
vn 0.065784 0.000000 -0.997834
vn 0.062961 0.000000 -0.998016
vn 0.065784 0.000000 -0.997834
vn 0.062961 0.000000 -0.998016
vn 0.065784 0.000000 -0.997834
vn 0.062961 0.000000 -0.998016
vn 0.065784 0.000000 -0.997834
vn 0.062961 0.000000 -0.998016
vn 0.065784 0.000000 -0.997834
vn 0.062961 0.000000 -0.998016
vn 0.065784 0.000000 -0.997834
vn 0.062961 0.000000 -0.998016
vn 0.065784 0.000000 -0.997834
vn 0.064572 -0.089378 -0.993902
vn 0.062961 0.000000 -0.998016
vn 0.065784 0.000000 -0.997834
vn 0.058510 0.017494 -0.998134
vn 0.060924 0.000000 -0.998142
vn 0.057433 0.000000 -0.998349
vn 0.060924 0.000000 -0.998142
vn 0.057433 0.000000 -0.998349
vn 0.060924 0.000000 -0.998142
vn 0.057433 0.000000 -0.998349
vn 0.060924 0.000000 -0.998142
vn 0.057433 0.000000 -0.998349
vn 0.060924 0.000000 -0.998142
vn 0.057433 0.000000 -0.998349
vn 0.057433 0.000000 -0.998349
vn 0.060924 0.000000 -0.998142
vn 0.057433 0.000000 -0.998349
vn 0.060924 0.000000 -0.998142
vn 0.057433 0.000000 -0.998349
vn 0.060924 0.000000 -0.998142
vn 0.057433 0.000000 -0.998349
vn 0.060924 0.000000 -0.998142
vn 0.057433 0.000000 -0.998349
vn 0.060924 0.000000 -0.998142
vn 0.057433 0.000000 -0.998349
vn 0.060924 0.000000 -0.998142
vn 0.057433 0.000000 -0.998349
vn 0.060924 0.000000 -0.998142
vn 0.057433 0.000000 -0.998349
vn 0.060924 0.000000 -0.998142
vn 0.058249 -0.095797 -0.993695
vn 0.057433 0.000000 -0.998349
vn 0.060924 0.000000 -0.998142
vn 0.054626 0.000000 -0.998507
vn 0.054626 0.000000 -0.998507
vn 0.054626 0.000000 -0.998507
vn 0.054626 0.000000 -0.998507
vn 0.054626 0.000000 -0.998507
vn 0.054626 0.000000 -0.998507
vn 0.054626 0.000000 -0.998507
vn 0.054626 0.000000 -0.998507
vn 0.054626 0.000000 -0.998507
vn 0.054626 0.000000 -0.998507
vn 0.054626 0.000000 -0.998507
vn 0.054626 0.000000 -0.998507
vn 0.054626 0.000000 -0.998507
vn 0.054626 0.000000 -0.998507
vn 0.050756 0.098283 -0.993863
vn 0.051151 0.003678 -0.998684
vn 0.047128 0.000000 -0.998889
vn 0.050957 0.000000 -0.998701
vn 0.047128 0.000000 -0.998889
vn 0.050957 0.000000 -0.998701
vn 0.047128 0.000000 -0.998889
vn 0.050957 0.000000 -0.998701
vn 0.047128 0.000000 -0.998889
vn 0.050957 0.000000 -0.998701
vn 0.047128 0.000000 -0.998889
vn 0.050957 0.000000 -0.998701
vn 0.047128 0.000000 -0.998889
vn 0.050957 0.000000 -0.998701
vn 0.047128 0.000000 -0.998889
vn 0.050957 0.000000 -0.998701
vn 0.047128 0.000000 -0.998889
vn 0.050957 0.000000 -0.998701
vn 0.047128 0.000000 -0.998889
vn 0.050957 0.000000 -0.998701
vn 0.050957 0.000000 -0.998701
vn 0.050957 0.000000 -0.998701
vn 0.050957 0.000000 -0.998701
vn 0.047128 0.000000 -0.998889
vn 0.050957 0.000000 -0.998701
vn 0.050957 0.000000 -0.998701
vn 0.047128 0.000000 -0.998889
vn 0.047128 0.000000 -0.998889
vn 0.050957 0.000000 -0.998701
vn 0.050957 0.000000 -0.998701
vn 0.047128 0.000000 -0.998889
vn 0.050957 0.000000 -0.998701
vn 0.050957 0.000000 -0.998701
vn 0.047128 0.000000 -0.998889
vn 0.050957 0.000000 -0.998701
vn 0.050957 0.000000 -0.998701
vn 0.047128 0.000000 -0.998889
vn 0.050957 0.000000 -0.998701
vn 0.050957 0.000000 -0.998701
vn 0.050957 0.000000 -0.998701
vn 0.047128 0.000000 -0.998889
vn 0.050957 0.000000 -0.998701
vn 0.047128 0.000000 -0.998889
vn 0.050957 0.000000 -0.998701
vn 0.050957 0.000000 -0.998701
vn 0.047128 0.000000 -0.998889
vn 0.050957 0.000000 -0.998701
vn 0.050957 0.000000 -0.998701
vn 0.047128 0.000000 -0.998889
vn 0.050957 0.000000 -0.998701
vn 0.050957 0.000000 -0.998701
vn 0.047128 0.000000 -0.998889
vn 0.050957 0.000000 -0.998701
vn 0.050957 0.000000 -0.998701
vn 0.047128 0.000000 -0.998889
vn 0.050957 0.000000 -0.998701
vn 0.050957 0.000000 -0.998701
vn 0.047128 0.000000 -0.998889
vn 0.050756 -0.098285 -0.993863
vn 0.051115 -0.020376 -0.998485
vn 0.047128 0.000000 -0.998889
vn 0.050957 0.000000 -0.998701
vn 0.042836 0.018885 -0.998904
vn 0.043007 0.000000 -0.999075
vn 0.038661 0.000000 -0.999252
vn 0.038661 0.000000 -0.999252
vn 0.043007 0.000000 -0.999075
vn 0.038661 0.000000 -0.999252
vn 0.043007 0.000000 -0.999075
vn 0.038661 0.000000 -0.999252
vn 0.043007 0.000000 -0.999075
vn 0.038661 0.000000 -0.999252
vn 0.043007 0.000000 -0.999075
vn 0.038661 0.000000 -0.999252
vn 0.043008 0.000000 -0.999075
vn 0.038661 0.000000 -0.999252
vn 0.043007 0.000000 -0.999075
vn 0.038661 0.000000 -0.999252
vn 0.043008 0.000000 -0.999075
vn 0.038661 0.000000 -0.999252
vn 0.043007 0.000000 -0.999075
vn 0.038661 0.000000 -0.999252
vn 0.043007 0.000000 -0.999075
vn 0.043007 0.000000 -0.999075
vn 0.038661 0.000000 -0.999252
vn 0.038661 0.000000 -0.999252
vn 0.043007 0.000000 -0.999075
vn 0.038661 0.000000 -0.999252
vn 0.043007 0.000000 -0.999075
vn 0.038661 0.000000 -0.999252
vn 0.043007 0.000000 -0.999075
vn 0.038661 0.000000 -0.999252
vn 0.043008 0.000000 -0.999075
vn 0.038661 0.000000 -0.999252
vn 0.043007 0.000000 -0.999075
vn 0.038661 0.000000 -0.999252
vn 0.043007 0.000000 -0.999075
vn 0.038661 0.000000 -0.999252
vn 0.043007 0.000000 -0.999075
vn 0.038661 0.000000 -0.999252
vn 0.043007 0.000000 -0.999075
vn 0.038661 0.000000 -0.999252
vn 0.043007 0.000000 -0.999075
vn 0.042839 -0.015739 -0.998958
vn 0.038661 0.000000 -0.999252
vn 0.043007 0.000000 -0.999075
vn 0.034076 0.035595 -0.998785
vn 0.035205 0.000000 -0.999380
vn 0.030647 0.000000 -0.999530
vn 0.035205 0.000000 -0.999380
vn 0.030647 0.000000 -0.999530
vn 0.035205 0.000000 -0.999380
vn 0.030647 0.000000 -0.999530
vn 0.035205 0.000000 -0.999380
vn 0.030647 0.000000 -0.999530
vn 0.035205 0.000000 -0.999380
vn 0.030647 0.000000 -0.999530
vn 0.035205 0.000000 -0.999380
vn 0.030647 0.000000 -0.999530
vn 0.035205 0.000000 -0.999380
vn 0.030647 0.000000 -0.999530
vn 0.035205 0.000000 -0.999380
vn 0.030647 0.000000 -0.999530
vn 0.035205 0.000000 -0.999380
vn 0.030647 0.000000 -0.999530
vn 0.035205 0.000000 -0.999380
vn 0.030647 0.000000 -0.999530
vn 0.030647 0.000000 -0.999530
vn 0.035205 0.000000 -0.999380
vn 0.030647 0.000000 -0.999530
vn 0.035205 0.000000 -0.999380
vn 0.030647 0.000000 -0.999530
vn 0.035205 0.000000 -0.999380
vn 0.030647 0.000000 -0.999530
vn 0.035205 0.000000 -0.999380
vn 0.030647 0.000000 -0.999530
vn 0.035205 0.000000 -0.999380
vn 0.030647 0.000000 -0.999530
vn 0.035205 0.000000 -0.999380
vn 0.030647 0.000000 -0.999530
vn 0.035205 0.000000 -0.999380
vn 0.030647 0.000000 -0.999530
vn 0.035205 0.000000 -0.999380
vn 0.030647 0.000000 -0.999530
vn 0.035205 0.000000 -0.999380
vn 0.033997 -0.076952 -0.996455
vn 0.014842 0.011546 -0.999823
vn 0.018705 0.000000 -0.999825
vn 0.013695 0.000000 -0.999906
vn 0.013695 0.000000 -0.999906
vn 0.018705 0.000000 -0.999825
vn 0.018705 0.000000 -0.999825
vn 0.013695 0.000000 -0.999906
vn 0.013695 0.000000 -0.999906
vn 0.018705 0.000000 -0.999825
vn 0.013695 0.000000 -0.999906
vn 0.018705 0.000000 -0.999825
vn 0.013695 0.000000 -0.999906
vn 0.018705 0.000000 -0.999825
vn 0.013695 0.000000 -0.999906
vn 0.018705 0.000000 -0.999825
vn 0.013695 0.000000 -0.999906
vn 0.018705 0.000000 -0.999825
vn 0.013695 0.000000 -0.999906
vn 0.018705 0.000000 -0.999825
vn 0.013695 0.000000 -0.999906
vn 0.018705 0.000000 -0.999825
vn 0.013695 0.000000 -0.999906
vn 0.018705 0.000000 -0.999825
vn 0.013695 0.000000 -0.999906
vn 0.018705 0.000000 -0.999825
vn 0.014806 -0.071033 -0.997364
vn 0.013695 0.000000 -0.999906
vn 0.018705 0.000000 -0.999825
vn 0.004397 0.024764 -0.999684
vn 0.007166 0.000000 -0.999974
vn 0.001752 0.000000 -0.999999
vn 0.007166 0.000000 -0.999974
vn 0.001752 0.000000 -0.999999
vn 0.007166 0.000000 -0.999974
vn 0.001752 0.000000 -0.999999
vn 0.007166 0.000000 -0.999974
vn 0.001752 0.000000 -0.999999
vn 0.007166 0.000000 -0.999974
vn 0.001752 0.000000 -0.999998
vn 0.007166 0.000000 -0.999974
vn 0.001752 0.000000 -0.999998
vn 0.007166 0.000000 -0.999974
vn 0.001752 0.000000 -0.999999
vn 0.001752 0.000000 -0.999999
vn 0.007166 0.000000 -0.999974
vn 0.001752 0.000000 -0.999999
vn 0.007166 0.000000 -0.999974
vn 0.001752 0.000000 -0.999999
vn 0.007166 0.000000 -0.999974
vn 0.001752 0.000000 -0.999999
vn 0.007166 0.000000 -0.999974
vn 0.001752 0.000000 -0.999999
vn 0.007166 0.000000 -0.999974
vn 0.001752 0.000000 -0.999999
vn 0.007166 0.000000 -0.999974
vn 0.001752 0.000000 -0.999998
vn 0.007166 0.000000 -0.999974
vn 0.001752 0.000000 -0.999999
vn 0.007166 0.000000 -0.999974
vn 0.004376 -0.102681 -0.994705
vn 0.001752 0.000000 -0.999999
vn 0.007166 0.000000 -0.999974
vn -0.006753 0.004888 -0.999965
vn -0.006601 0.000000 -0.999978
vn -0.012417 -0.000000 -0.999923
vn -0.012417 -0.000000 -0.999923
vn -0.006601 0.000000 -0.999978
vn -0.012417 -0.000000 -0.999923
vn -0.006601 0.000000 -0.999978
vn -0.012417 -0.000000 -0.999923
vn -0.006601 0.000000 -0.999978
vn -0.012417 -0.000000 -0.999923
vn -0.006601 0.000000 -0.999978
vn -0.012417 -0.000000 -0.999923
vn -0.006601 0.000000 -0.999978
vn -0.012417 -0.000000 -0.999923
vn -0.006601 0.000000 -0.999978
vn -0.012417 -0.000000 -0.999923
vn -0.006601 0.000000 -0.999978
vn -0.006601 0.000000 -0.999978
vn -0.012417 -0.000000 -0.999923
vn -0.012417 -0.000000 -0.999923
vn -0.006601 0.000000 -0.999978
vn -0.012417 -0.000000 -0.999923
vn -0.006601 0.000000 -0.999978
vn -0.012417 -0.000000 -0.999923
vn -0.006601 0.000000 -0.999978
vn -0.012417 -0.000000 -0.999923
vn -0.006601 0.000000 -0.999978
vn -0.012417 -0.000000 -0.999923
vn -0.006601 0.000000 -0.999978
vn -0.012417 -0.000000 -0.999923
vn -0.006601 0.000000 -0.999978
vn -0.012417 -0.000000 -0.999923
vn -0.006601 0.000000 -0.999978
vn -0.012417 -0.000000 -0.999923
vn -0.006601 0.000000 -0.999978
vn -0.012417 -0.000000 -0.999923
vn -0.006601 0.000000 -0.999978
vn -0.006752 -0.010591 -0.999921
vn -0.012417 -0.000000 -0.999923
vn -0.006601 0.000000 -0.999978
vn -0.030860 0.016627 -0.999385
vn -0.033031 -0.000000 -0.999454
vn -0.026702 0.000000 -0.999643
vn -0.033031 -0.000000 -0.999454
vn -0.026702 0.000000 -0.999643
vn -0.033031 -0.000000 -0.999454
vn -0.033031 -0.000000 -0.999454
vn -0.026702 0.000000 -0.999644
vn -0.026702 0.000000 -0.999643
vn -0.033031 -0.000000 -0.999454
vn -0.026702 0.000000 -0.999643
vn -0.033031 -0.000000 -0.999454
vn -0.026702 0.000000 -0.999643
vn -0.033031 -0.000000 -0.999454
vn -0.026702 0.000000 -0.999643
vn -0.033031 -0.000000 -0.999454
vn -0.026702 0.000000 -0.999643
vn -0.033031 -0.000000 -0.999454
vn -0.026702 0.000000 -0.999643
vn -0.033031 -0.000000 -0.999454
vn -0.026702 0.000000 -0.999643
vn -0.033031 -0.000000 -0.999454
vn -0.026702 0.000000 -0.999644
vn -0.033031 -0.000000 -0.999454
vn -0.026702 0.000000 -0.999644
vn -0.033031 -0.000000 -0.999454
vn -0.026702 0.000000 -0.999643
vn -0.030736 -0.091091 -0.995368
vn -0.033031 -0.000000 -0.999454
vn -0.026702 0.000000 -0.999643
vn -0.044151 0.024978 -0.998713
vn -0.040957 0.000000 -0.999161
vn -0.047929 -0.000000 -0.998851
vn -0.040956 0.000000 -0.999161
vn -0.047929 -0.000000 -0.998851
vn -0.040957 0.000000 -0.999161
vn -0.047929 -0.000000 -0.998851
vn -0.040957 0.000000 -0.999161
vn -0.047929 -0.000000 -0.998851
vn -0.040957 0.000000 -0.999161
vn -0.047929 -0.000000 -0.998851
vn -0.040957 0.000000 -0.999161
vn -0.047929 -0.000000 -0.998851
vn -0.040957 0.000000 -0.999161
vn -0.047929 -0.000000 -0.998851
vn -0.040957 0.000000 -0.999161
vn -0.047929 -0.000000 -0.998851
vn -0.040957 0.000000 -0.999161
vn -0.047929 -0.000000 -0.998851
vn -0.040956 0.000000 -0.999161
vn -0.047929 -0.000000 -0.998851
vn -0.040957 0.000000 -0.999161
vn -0.047929 -0.000000 -0.998851
vn -0.040956 0.000000 -0.999161
vn -0.047929 -0.000000 -0.998851
vn -0.047929 -0.000000 -0.998851
vn -0.040957 0.000000 -0.999161
vn -0.047929 -0.000000 -0.998851
vn -0.040956 0.000000 -0.999161
vn -0.047929 -0.000000 -0.998851
vn -0.040957 0.000000 -0.999161
vn -0.043927 -0.103560 -0.993653
vn -0.047929 -0.000000 -0.998851
vn -0.040957 0.000000 -0.999161
vn -0.058767 0.034630 -0.997671
vn -0.053986 0.000000 -0.998542
vn -0.061677 -0.000000 -0.998096
vn -0.053986 0.000000 -0.998542
vn -0.061677 -0.000000 -0.998096
vn -0.053986 0.000000 -0.998542
vn -0.061677 -0.000000 -0.998096
vn -0.053986 0.000000 -0.998542
vn -0.061677 -0.000000 -0.998096
vn -0.053986 0.000000 -0.998542
vn -0.061677 -0.000000 -0.998096
vn -0.053986 0.000000 -0.998542
vn -0.061677 -0.000000 -0.998096
vn -0.053986 0.000000 -0.998542
vn -0.061677 -0.000000 -0.998096
vn -0.053986 0.000000 -0.998542
vn -0.061677 -0.000000 -0.998096
vn -0.053986 0.000000 -0.998542
vn -0.061677 -0.000000 -0.998096
vn -0.061677 -0.000000 -0.998096
vn -0.053986 0.000000 -0.998542
vn -0.061677 -0.000000 -0.998096
vn -0.053986 0.000000 -0.998542
vn -0.061677 -0.000000 -0.998096
vn -0.053986 0.000000 -0.998542
vn -0.061677 -0.000000 -0.998096
vn -0.053986 0.000000 -0.998542
vn -0.061677 -0.000000 -0.998096
vn -0.053986 0.000000 -0.998542
vn -0.061677 -0.000000 -0.998096
vn -0.053986 0.000000 -0.998542
vn -0.061677 -0.000000 -0.998096
vn -0.053986 0.000000 -0.998542
vn -0.061677 -0.000000 -0.998096
vn -0.053986 0.000000 -0.998542
vn -0.058521 -0.097720 -0.993492
vn -0.061677 -0.000000 -0.998096
vn -0.053986 0.000000 -0.998542
vn -0.075545 0.025981 -0.996804
vn -0.071244 0.000000 -0.997459
vn -0.080228 -0.000000 -0.996777
vn -0.071244 0.000000 -0.997459
vn -0.080228 -0.000000 -0.996777
vn -0.071244 0.000000 -0.997459
vn -0.080228 -0.000000 -0.996777
vn -0.071244 0.000000 -0.997459
vn -0.080228 -0.000000 -0.996777
vn -0.071244 0.000000 -0.997459
vn -0.071244 0.000000 -0.997459
vn -0.080228 -0.000000 -0.996777
vn -0.080228 -0.000000 -0.996777
vn -0.071244 0.000000 -0.997459
vn -0.080228 -0.000000 -0.996777
vn -0.071244 0.000000 -0.997459
vn -0.080228 -0.000000 -0.996777
vn -0.071244 0.000000 -0.997459
vn -0.080228 -0.000000 -0.996777
vn -0.071244 0.000000 -0.997459
vn -0.080228 -0.000000 -0.996777
vn -0.071244 0.000000 -0.997459
vn -0.080228 -0.000000 -0.996777
vn -0.071244 0.000000 -0.997459
vn -0.080228 -0.000000 -0.996777
vn -0.080228 -0.000000 -0.996777
vn -0.071244 0.000000 -0.997459
vn -0.080228 -0.000000 -0.996777
vn -0.071244 0.000000 -0.997459
vn -0.080228 -0.000000 -0.996777
vn -0.071244 0.000000 -0.997459
vn -0.075131 -0.107673 -0.991344
vn -0.080228 -0.000000 -0.996777
vn -0.071244 0.000000 -0.997459
vn -0.094495 0.021178 -0.995300
vn -0.090264 0.000000 -0.995918
vn -0.100382 -0.000000 -0.994949
vn -0.090264 0.000000 -0.995918
vn -0.100382 -0.000000 -0.994949
vn -0.090264 0.000000 -0.995918
vn -0.100382 -0.000000 -0.994949
vn -0.090264 0.000000 -0.995918
vn -0.100382 -0.000000 -0.994949
vn -0.090264 0.000000 -0.995918
vn -0.100382 -0.000000 -0.994949
vn -0.090264 0.000000 -0.995918
vn -0.100382 -0.000000 -0.994949
vn -0.100382 -0.000000 -0.994949
vn -0.090264 0.000000 -0.995918
vn -0.100382 -0.000000 -0.994949
vn -0.090264 0.000000 -0.995918
vn -0.100382 -0.000000 -0.994949
vn -0.090264 0.000000 -0.995918
vn -0.100382 -0.000000 -0.994949
vn -0.090264 0.000000 -0.995918
vn -0.100382 -0.000000 -0.994949
vn -0.090264 0.000000 -0.995918
vn -0.100382 -0.000000 -0.994949
vn -0.090264 0.000000 -0.995918
vn -0.100382 -0.000000 -0.994949
vn -0.090264 0.000000 -0.995918
vn -0.100382 -0.000000 -0.994949
vn -0.090264 0.000000 -0.995918
vn -0.094024 -0.101862 -0.990345
vn -0.100382 -0.000000 -0.994949
vn -0.090264 0.000000 -0.995918
vn -0.141609 0.008429 -0.989887
vn -0.129215 0.000000 -0.991617
vn -0.142300 -0.000000 -0.989824
vn -0.129215 0.000000 -0.991617
vn -0.142300 -0.000000 -0.989824
vn -0.142300 -0.000000 -0.989824
vn -0.129215 0.000000 -0.991617
vn -0.129215 0.000000 -0.991617
vn -0.142300 -0.000000 -0.989824
vn -0.129215 0.000000 -0.991617
vn -0.142300 -0.000000 -0.989824
vn -0.142300 -0.000000 -0.989824
vn -0.142300 -0.000000 -0.989824
vn -0.142300 -0.000000 -0.989824
vn -0.142300 -0.000000 -0.989823
vn -0.142300 -0.000000 -0.989824
vn -0.142300 -0.000000 -0.989824
vn -0.142300 -0.000000 -0.989824
vn -0.129215 0.000000 -0.991617
vn -0.142300 -0.000000 -0.989824
vn -0.129215 0.000000 -0.991617
vn -0.142300 -0.000000 -0.989824
vn -0.129215 0.000000 -0.991617
vn -0.142300 -0.000000 -0.989824
vn -0.129215 0.000000 -0.991617
vn -0.142300 -0.000000 -0.989824
vn -0.142300 -0.000000 -0.989824
vn -0.129215 0.000000 -0.991617
vn -0.142300 -0.000000 -0.989824
vn -0.129215 0.000000 -0.991617
vn -0.141591 -0.018264 -0.989757
vn -0.142300 -0.000000 -0.989824
vn -0.129215 0.000000 -0.991617
vn -0.173308 0.042183 -0.983964
vn -0.161397 0.000000 -0.986890
vn -0.178760 -0.000000 -0.983893
vn -0.161397 0.000000 -0.986890
vn -0.178760 -0.000000 -0.983893
vn -0.161397 0.000000 -0.986890
vn -0.178760 -0.000000 -0.983893
vn -0.161397 0.000000 -0.986890
vn -0.178760 -0.000000 -0.983893
vn -0.161397 0.000000 -0.986890
vn -0.178760 -0.000000 -0.983893
vn -0.161397 0.000000 -0.986890
vn -0.178760 -0.000000 -0.983893
vn -0.161397 0.000000 -0.986890
vn -0.178760 -0.000000 -0.983893
vn -0.161397 0.000000 -0.986889
vn -0.178760 -0.000000 -0.983893
vn -0.161397 0.000000 -0.986890
vn -0.178760 -0.000000 -0.983893
vn -0.161397 0.000000 -0.986890
vn -0.178760 -0.000000 -0.983893
vn -0.178760 -0.000000 -0.983893
vn -0.161397 0.000000 -0.986890
vn -0.178760 -0.000000 -0.983893
vn -0.161397 0.000000 -0.986890
vn -0.178760 -0.000000 -0.983893
vn -0.161397 0.000000 -0.986890
vn -0.178760 -0.000000 -0.983893
vn -0.161397 0.000000 -0.986890
vn -0.178760 -0.000000 -0.983893
vn -0.161397 0.000000 -0.986890
vn -0.178760 -0.000000 -0.983893
vn -0.161397 0.000000 -0.986890
vn -0.178760 -0.000000 -0.983893
vn -0.161397 0.000000 -0.986890
vn -0.161397 0.000000 -0.986890
vn -0.178760 -0.000000 -0.983893
vn -0.161397 0.000000 -0.986889
vn -0.178760 -0.000000 -0.983893
vn -0.172741 -0.091109 -0.980745
vn -0.193871 0.000000 -0.981027
vn -0.193871 0.000000 -0.981027
vn -0.193871 0.000000 -0.981027
vn -0.193871 0.000000 -0.981027
vn -0.193871 0.000000 -0.981027
vn -0.193871 0.000000 -0.981027
vn -0.193871 0.000000 -0.981027
vn -0.193871 0.000000 -0.981027
vn -0.193871 0.000000 -0.981027
vn -0.193871 0.000000 -0.981027
vn -0.193871 0.000000 -0.981027
vn -0.193871 0.000000 -0.981027
vn -0.193871 0.000000 -0.981027
vn -0.193871 0.000000 -0.981027
vn -0.193871 0.000000 -0.981027
vn -0.193871 0.000000 -0.981027
vn -0.193871 0.000000 -0.981027
vn -0.193871 0.000000 -0.981027
vn -0.193871 0.000000 -0.981027
vn -0.193871 0.000000 -0.981027
vn -0.193871 0.000000 -0.981027
vn -0.209364 0.033996 -0.977247
vn -0.199001 0.353755 -0.913923
vn -0.210929 0.000000 -0.977501
vn -0.231948 -0.000000 -0.972728
vn -0.210929 0.000000 -0.977501
vn -0.231948 -0.000000 -0.972728
vn -0.210929 0.000000 -0.977501
vn -0.210929 0.000000 -0.977501
vn -0.231948 -0.000000 -0.972728
vn -0.210929 0.000000 -0.977501
vn -0.210929 0.000000 -0.977501
vn -0.231948 -0.000000 -0.972728
vn -0.210929 0.000000 -0.977501
vn -0.210929 0.000000 -0.977501
vn -0.231948 -0.000000 -0.972728
vn -0.210929 0.000000 -0.977501
vn -0.210929 0.000000 -0.977501
vn -0.231948 -0.000000 -0.972728
vn -0.210929 0.000000 -0.977501
vn -0.231948 -0.000000 -0.972728
vn -0.210929 0.000000 -0.977501
vn -0.210929 0.000000 -0.977501
vn -0.210929 0.000000 -0.977501
vn -0.210929 0.000000 -0.977501
vn -0.231948 -0.000000 -0.972728
vn -0.210929 0.000000 -0.977501
vn -0.231948 -0.000000 -0.972728
vn -0.210929 0.000000 -0.977501
vn -0.210929 0.000000 -0.977501
vn -0.231948 -0.000000 -0.972728
vn -0.210929 0.000000 -0.977501
vn -0.231948 -0.000000 -0.972728
vn -0.210929 0.000000 -0.977501
vn -0.231948 -0.000000 -0.972728
vn -0.210929 0.000000 -0.977501
vn -0.210929 0.000000 -0.977501
vn -0.231948 -0.000000 -0.972728
vn -0.210929 0.000000 -0.977501
vn -0.210929 0.000000 -0.977501
vn -0.210929 0.000000 -0.977501
vn -0.231948 -0.000000 -0.972728
vn -0.210929 0.000000 -0.977501
vn -0.231948 -0.000000 -0.972728
vn -0.210929 0.000000 -0.977501
vn -0.231948 -0.000000 -0.972728
vn -0.210929 0.000000 -0.977501
vn -0.210929 0.000000 -0.977501
vn -0.210929 0.000000 -0.977501
vn -0.231948 -0.000000 -0.972728
vn -0.210929 0.000000 -0.977501
vn -0.231948 -0.000000 -0.972728
vn -0.210929 0.000000 -0.977501
vn -0.210929 0.000000 -0.977501
vn -0.231948 -0.000000 -0.972728
vn -0.210929 0.000000 -0.977501
vn -0.210929 0.000000 -0.977501
vn -0.231948 -0.000000 -0.972728
vn -0.210929 0.000000 -0.977501
vn -0.210929 0.000000 -0.977501
vn -0.231948 -0.000000 -0.972728
vn -0.210929 0.000000 -0.977501
vn -0.210929 0.000000 -0.977501
vn -0.231948 -0.000000 -0.972728
vn -0.210929 0.000000 -0.977501
vn -0.212337 -0.062901 -0.975170
vn -0.210828 -0.030959 -0.977033
vn -0.210929 0.000000 -0.977501
vn -0.259005 0.031450 -0.965364
vn -0.254061 0.000000 -0.967188
vn -0.279074 -0.000000 -0.960270
vn -0.254061 0.000000 -0.967188
vn -0.279074 -0.000000 -0.960270
vn -0.254061 0.000000 -0.967188
vn -0.279074 -0.000000 -0.960270
vn -0.254061 0.000000 -0.967188
vn -0.279074 -0.000000 -0.960270
vn -0.254061 0.000000 -0.967188
vn -0.279074 -0.000000 -0.960270
vn -0.254061 0.000000 -0.967188
vn -0.279074 -0.000000 -0.960270
vn -0.254061 0.000000 -0.967188
vn -0.279074 -0.000000 -0.960270
vn -0.254061 0.000000 -0.967188
vn -0.279074 -0.000000 -0.960270
vn -0.254061 0.000000 -0.967188
vn -0.279074 -0.000000 -0.960270
vn -0.254061 0.000000 -0.967188
vn -0.279074 -0.000000 -0.960270
vn -0.279074 -0.000000 -0.960270
vn -0.254061 0.000000 -0.967188
vn -0.279074 -0.000000 -0.960270
vn -0.254061 0.000000 -0.967188
vn -0.279074 -0.000000 -0.960270
vn -0.254061 0.000000 -0.967188
vn -0.279074 -0.000000 -0.960270
vn -0.254061 0.000000 -0.967188
vn -0.279074 -0.000000 -0.960270
vn -0.254061 0.000000 -0.967188
vn -0.279074 -0.000000 -0.960270
vn -0.254061 0.000000 -0.967188
vn -0.279074 -0.000000 -0.960270
vn -0.254061 0.000000 -0.967188
vn -0.279074 -0.000000 -0.960270
vn -0.254061 0.000000 -0.967188
vn -0.258533 -0.068026 -0.963604
vn -0.279074 -0.000000 -0.960270
vn -0.254061 0.000000 -0.967188
vn -0.384993 0.009546 -0.922870
vn -0.347767 0.000000 -0.937581
vn -0.387150 -0.000000 -0.922017
vn -0.347767 0.000000 -0.937581
vn -0.387150 -0.000000 -0.922017
vn -0.347767 0.000000 -0.937581
vn -0.387150 -0.000000 -0.922017
vn -0.347767 0.000000 -0.937581
vn -0.387150 -0.000000 -0.922017
vn -0.387150 -0.000000 -0.922017
vn -0.347767 0.000000 -0.937581
vn -0.387150 -0.000000 -0.922017
vn -0.347767 0.000000 -0.937581
vn -0.387150 -0.000000 -0.922017
vn -0.347767 0.000000 -0.937581
vn -0.387150 -0.000000 -0.922017
vn -0.347768 0.000000 -0.937581
vn -0.347767 0.000000 -0.937581
vn -0.387150 -0.000000 -0.922017
vn -0.387150 -0.000000 -0.922017
vn -0.347768 0.000000 -0.937581
vn -0.387150 -0.000000 -0.922017
vn -0.347767 0.000000 -0.937581
vn -0.387150 -0.000000 -0.922017
vn -0.347767 0.000000 -0.937581
vn -0.387150 -0.000000 -0.922017
vn -0.347767 0.000000 -0.937581
vn -0.387150 -0.000000 -0.922017
vn -0.347767 0.000000 -0.937581
vn -0.387150 -0.000000 -0.922017
vn -0.347767 0.000000 -0.937581
vn -0.387150 -0.000000 -0.922017
vn -0.347767 0.000000 -0.937581
vn -0.387150 -0.000000 -0.922017
vn -0.347767 0.000000 -0.937581
vn -0.387150 -0.000000 -0.922017
vn -0.347767 0.000000 -0.937581
vn -0.384928 -0.020681 -0.922715
vn -0.387150 -0.000000 -0.922017
vn -0.347767 0.000000 -0.937581
vn -0.477945 0.042096 -0.877381
vn -0.444028 0.000000 -0.896013
vn -0.493492 -0.000000 -0.869750
vn -0.444028 0.000000 -0.896013
vn -0.493492 -0.000000 -0.869750
vn -0.444028 0.000000 -0.896013
vn -0.493492 -0.000000 -0.869750
vn -0.444028 0.000000 -0.896013
vn -0.493492 -0.000000 -0.869750
vn -0.444028 0.000000 -0.896013
vn -0.493492 -0.000000 -0.869750
vn -0.444029 0.000000 -0.896013
vn -0.493492 -0.000000 -0.869750
vn -0.444028 0.000000 -0.896013
vn -0.493492 -0.000000 -0.869750
vn -0.444028 0.000000 -0.896013
vn -0.493492 -0.000000 -0.869750
vn -0.444029 0.000000 -0.896013
vn -0.493492 -0.000000 -0.869750
vn -0.444029 0.000000 -0.896013
vn -0.493492 -0.000000 -0.869750
vn -0.493492 -0.000000 -0.869750
vn -0.444028 0.000000 -0.896013
vn -0.493492 -0.000000 -0.869750
vn -0.444029 0.000000 -0.896013
vn -0.493492 -0.000000 -0.869750
vn -0.444028 0.000000 -0.896013
vn -0.493492 -0.000000 -0.869750
vn -0.444028 0.000000 -0.896013
vn -0.493492 -0.000000 -0.869750
vn -0.444028 0.000000 -0.896013
vn -0.493492 -0.000000 -0.869750
vn -0.444028 0.000000 -0.896013
vn -0.493492 -0.000000 -0.869750
vn -0.444028 0.000000 -0.896013
vn -0.493492 -0.000000 -0.869750
vn -0.444028 0.000000 -0.896013
vn -0.444028 0.000000 -0.896013
vn -0.476388 -0.090922 -0.874522
vn -0.493492 -0.000000 -0.869750
vn -0.581571 0.014560 -0.813365
vn -0.574972 0.000000 -0.818173
vn -0.632598 -0.000000 -0.774480
vn -0.574972 0.000000 -0.818173
vn -0.632598 -0.000000 -0.774480
vn -0.574972 0.000000 -0.818173
vn -0.632598 -0.000000 -0.774480
vn -0.574971 0.000000 -0.818173
vn -0.632598 -0.000000 -0.774480
vn -0.692883 -0.008197 -0.721004
vn -0.574972 0.000000 -0.818173
vn -0.682898 -0.000000 -0.730513
vn -0.574972 0.000000 -0.818173
vn -0.682898 -0.000000 -0.730513
vn -0.574971 0.000000 -0.818173
vn -0.682898 -0.000000 -0.730513
vn -0.574972 0.000000 -0.818173
vn -0.682898 -0.000000 -0.730513
vn -0.574972 0.000000 -0.818173
vn -0.682898 -0.000000 -0.730513
vn -0.574972 0.000000 -0.818173
vn -0.682898 -0.000000 -0.730513
vn -0.574972 0.000000 -0.818173
vn -0.682898 -0.000000 -0.730513
vn -0.574971 0.000000 -0.818173
vn -0.682898 -0.000000 -0.730513
vn -0.574972 0.000000 -0.818173
vn -0.682898 -0.000000 -0.730513
vn -0.574971 0.000000 -0.818173
vn -0.692877 0.009142 -0.720998
vn -0.682898 -0.000000 -0.730513
vn -0.574972 0.000000 -0.818173
vn -0.632598 -0.000000 -0.774480
vn -0.632598 -0.000000 -0.774480
vn -0.574971 0.000000 -0.818173
vn -0.632598 -0.000000 -0.774480
vn -0.574972 0.000000 -0.818173
vn -0.632598 -0.000000 -0.774480
vn -0.574972 0.000000 -0.818173
vn -0.581343 -0.031539 -0.813047
vn -0.632598 -0.000000 -0.774480
vn -0.574972 0.000000 -0.818173
vn -0.122952 -0.001675 -0.992411
vn -0.122764 -0.000000 -0.992436
vn -0.122764 -0.000000 -0.992436
vn -0.122764 -0.000000 -0.992436
vn -0.110543 0.000000 -0.993871
vn -0.122764 -0.000000 -0.992436
vn -0.122764 -0.000000 -0.992436
vn -0.122933 0.001631 -0.992414
vn -0.122764 -0.000000 -0.992436
vn -0.116156 -0.013609 -0.993138
vn -0.116156 0.013609 -0.993138
vn 0.000000 1.000000 0.000000
vn 0.000000 1.000000 0.000000
vn 0.000000 1.000000 0.000000
vn 0.000000 1.000000 0.000000
vn 0.000000 1.000000 0.000000
vn 0.000000 1.000000 0.000000
vn 0.000000 1.000000 0.000000
vn 0.000000 1.000000 0.000000
vn 0.000000 1.000000 0.000000
vn 0.000000 1.000000 0.000000
vn 0.000000 1.000000 0.000000
vn 0.000000 1.000000 0.000000
vn 0.000000 1.000000 0.000000
vn 0.000000 1.000000 0.000000
vn 0.000000 1.000000 0.000000
vn 0.000000 1.000000 0.000000
vn 0.000000 1.000000 0.000000
vn -0.000000 1.000000 0.000000
vn 0.000000 1.000000 0.000000
vn -0.000000 1.000000 0.000000
vn 0.000000 1.000000 0.000000
vn -0.000000 1.000000 0.000000
vn -0.000000 1.000000 0.000000
vn 0.000000 1.000000 0.000000
vn -0.000000 1.000000 0.000000
vn 0.000000 1.000000 0.000000
vn -0.000000 1.000000 0.000000
vn 0.000000 1.000000 0.000000
vn -0.000000 1.000000 0.000000
vn 0.000000 1.000000 0.000000
vn -0.000000 1.000000 0.000000
vn 0.000000 1.000000 0.000000
vn 0.000000 1.000000 0.000000
vn -0.000000 1.000000 0.000000
vn 0.000000 1.000000 0.000000
vn 0.000000 1.000000 0.000000
vn -0.000000 1.000000 0.000000
vn 0.000000 1.000000 0.000000
vn -0.000000 1.000000 0.000000
vn 0.000000 1.000000 0.000000
vn -0.000000 1.000000 0.000000
vn 0.000000 1.000000 0.000000
vn -0.000000 1.000000 0.000000
vn 0.000000 1.000000 0.000000
vn -0.000000 1.000000 0.000000
vn 0.000000 1.000000 0.000000
vn 0.000000 1.000000 0.000000
vn -0.000000 1.000000 0.000000
vn 0.000000 1.000000 0.000000
vn -0.000000 1.000000 0.000000
vn 0.000000 1.000000 0.000000
vn -0.000000 1.000000 0.000000
vn -0.000000 1.000000 0.000000
vn 0.000000 1.000000 0.000000
vn 0.000000 1.000000 0.000000
vn -0.000000 1.000000 0.000000
vn 0.000000 1.000000 0.000000
vn -0.000000 1.000000 0.000000
vn 0.000000 1.000000 0.000000
vn -0.000000 1.000000 0.000000
vn 0.000000 1.000000 0.000000
vn -0.000000 1.000000 0.000000
vn 0.000000 1.000000 0.000000
vn -0.000000 1.000000 0.000000
vn 0.000000 1.000000 0.000000
vn -0.000000 1.000000 0.000000
vn 0.000000 1.000000 0.000000
vn -0.000000 1.000000 0.000000
vn 0.000000 1.000000 0.000000
vn -0.000000 1.000000 0.000000
vn 0.000000 1.000000 0.000000
vn -0.000000 1.000000 0.000000
vn 0.000000 1.000000 0.000000
vn -0.000000 1.000000 0.000000
vn 0.000000 1.000000 0.000000
vn -0.000000 1.000000 0.000000
vn 0.000000 1.000000 0.000000
vn -0.000000 1.000000 0.000000
vn 0.000000 1.000000 0.000000
vn 0.000000 1.000000 0.000000
vn -0.000000 1.000000 0.000000
vn 0.000000 1.000000 0.000000
vn -0.000000 1.000000 0.000000
vn 0.000000 1.000000 0.000000
vn -0.000000 1.000000 0.000000
vn 0.000000 1.000000 0.000000
vn -0.000000 1.000000 0.000000
vn 0.000000 1.000000 0.000000
vn 0.000000 1.000000 0.000000
vn -0.535826 0.000000 0.844328
vn -0.535826 0.000000 0.844328
vn 0.000000 -1.000000 0.000000
vn 0.000000 -1.000000 0.000000
vn -0.000000 -1.000000 0.000000
vn -0.000000 -1.000000 0.000000
vn 0.000000 -1.000000 0.000000
vn -0.000000 -1.000000 0.000000
vn 0.000000 -1.000000 0.000000
vn -0.000000 -1.000000 0.000000
vn 0.000000 -1.000000 0.000000
vn -0.000000 -1.000000 0.000000
vn -0.000000 -1.000000 0.000000
vn 0.000000 -1.000000 0.000000
vn -0.000000 -1.000000 0.000000
vn 0.000000 -1.000000 0.000000
vn -0.000000 -1.000000 0.000000
vn 0.000000 -1.000000 0.000000
vn -0.000000 -1.000000 0.000000
vn 0.000000 -1.000000 0.000000
vn -0.000000 -1.000000 0.000000
vn 0.000000 -1.000000 0.000000
vn -0.000000 -1.000000 0.000000
vn 0.000000 -1.000000 0.000000
vn -0.000000 -1.000000 0.000000
vn 0.000000 -1.000000 0.000000
vn -0.000000 -1.000000 0.000000
vn 0.000000 -1.000000 0.000000
vn -0.000000 -1.000000 0.000000
vn 0.000000 -1.000000 0.000000
vn -0.000000 -1.000000 0.000000
vn 0.000000 -1.000000 0.000000
vn -0.000000 -1.000000 0.000000
vn 0.000000 -1.000000 0.000000
vn -0.000000 -1.000000 0.000000
vn 0.000000 -1.000000 0.000000
vn -0.000000 -1.000000 0.000000
vn -0.000000 -1.000000 0.000000
vn 0.000000 -1.000000 0.000000
vn 0.000000 -1.000000 0.000000
vn -0.000000 -1.000000 0.000000
vn 0.000000 -1.000000 0.000000
vn -0.000000 -1.000000 0.000000
vn 0.000000 -1.000000 0.000000
vn 0.000000 -1.000000 0.000000
vn -0.000000 -1.000000 0.000000
vn 0.000000 -1.000000 0.000000
vn -0.000000 -1.000000 0.000000
vn 0.000000 -1.000000 0.000000
vn -0.000000 -1.000000 0.000000
vn 0.000000 -1.000000 0.000000
vn -0.000000 -1.000000 0.000000
vn 0.000000 -1.000000 0.000000
vn -0.000000 -1.000000 0.000000
vn 0.000000 -1.000000 0.000000
vn 0.000000 -1.000000 0.000000
vn 0.000000 -1.000000 -0.000000
vn 0.000000 -1.000000 0.000000
vn 0.000000 -1.000000 0.000000
vn 0.000000 -1.000000 0.000000
vn 0.000000 -1.000000 0.000000
vn 0.000000 -1.000000 0.000000
vn 0.000000 -1.000000 0.000000
vn 0.000000 -1.000000 0.000000
vn 0.000000 -1.000000 0.000000
vn 0.000000 -1.000000 0.000000
vn 0.000000 -1.000000 0.000000
vn 0.000000 -1.000000 0.000000
vn 0.000000 -1.000000 0.000000
vn -0.000000 -1.000000 0.000000
vn 0.000000 -1.000000 0.000000
vn -0.000000 -1.000000 0.000000
vn 0.000000 -1.000000 0.000000
vn -0.000000 -1.000000 0.000000
vn 0.000000 -1.000000 0.000000
vn 0.000000 -1.000000 0.000000
vn -0.000000 -1.000000 0.000000
vn 0.000000 -1.000000 0.000000
vn -0.000000 -1.000000 0.000000
vn 0.000000 -1.000000 0.000000
vn -0.000000 -1.000000 0.000000
vn 0.000000 -1.000000 0.000000
vn -0.000000 -1.000000 0.000000
vn 0.000000 -1.000000 0.000000
vn -0.000000 -1.000000 0.000000
vn 0.000000 -1.000000 0.000000
vn -0.000000 -1.000000 0.000000
vn 0.000000 -1.000000 0.000000
vn -0.000000 -1.000000 0.000000
vn 0.000000 -1.000000 0.000000
vn -0.000000 -1.000000 0.000000
vn 0.987799 0.000000 -0.155736
vn 0.987799 0.000000 -0.155736
vn 0.143843 0.000000 0.989601
vn 0.143838 0.000011 0.989601
vn 0.120127 -0.000011 0.992759
vn 0.120113 0.000024 0.992760
vn 0.095956 -0.000022 0.995386
vn 0.095939 0.000023 0.995387
vn 0.074380 -0.000022 0.997230
vn 0.074364 0.000023 0.997231
vn 0.054175 -0.000022 0.998531
vn 0.054161 0.000022 0.998532
vn 0.035516 -0.000022 0.999369
vn 0.035502 0.000022 0.999370
vn 0.018993 -0.000020 0.999820
vn 0.018982 0.000021 0.999820
vn 0.004514 -0.000021 0.999990
vn 0.004503 0.000022 0.999990
vn -0.008859 -0.000022 0.999961
vn -0.008869 0.000022 0.999961
vn -0.021248 -0.000022 0.999774
vn -0.021257 0.000022 0.999774
vn -0.032468 -0.000021 0.999473
vn -0.032476 0.000022 0.999473
vn -0.042558 -0.000021 0.999094
vn -0.042565 0.000023 0.999094
vn -0.051560 -0.000022 0.998670
vn -0.051567 0.000024 0.998670
vn -0.059331 -0.000021 0.998238
vn -0.059337 0.000022 0.998238
vn -0.065629 -0.000020 0.997844
vn -0.065634 0.000021 0.997844
vn -0.070140 -0.000017 0.997537
vn -0.070141 0.000009 0.997537
vn -0.069461 0.000019 0.997585
vn -0.069460 0.000039 0.997585
vn -0.064822 -0.000044 0.997897
vn -0.064817 -0.000000 0.997897
vn -0.062107 -0.000752 0.998069
vn -0.062242 -0.000043 0.998061
vn -0.054842 -0.000617 0.998495
vn -0.055045 0.000673 0.998484
vn -0.049619 -0.000848 0.998768
vn -0.049855 0.000732 0.998756
vn -0.040945 -0.000798 0.999161
vn -0.041260 0.001005 0.999148
vn -0.031543 -0.000803 0.999502
vn -0.031801 0.000778 0.999494
vn -0.024984 -0.000385 0.999688
vn -0.025251 0.000378 0.999681
vn -0.020229 -0.000451 0.999795
vn -0.020538 0.000430 0.999789
vn -0.012126 -0.000855 0.999926
vn -0.012481 0.000942 0.999922
vn -0.000994 0.000820 0.999999
vn -0.000638 -0.000782 1.000000
vn 0.007759 0.000413 0.999970
vn 0.008103 -0.000413 0.999967
vn 0.013828 0.000408 0.999904
vn 0.014170 -0.000410 0.999900
vn 0.022512 0.000790 0.999746
vn 0.022872 -0.000816 0.999738
vn 0.034974 0.000886 0.999388
vn 0.035397 -0.000863 0.999373
vn 0.049537 0.000896 0.998772
vn 0.050020 -0.000847 0.998748
vn 0.065665 0.000855 0.997841
vn 0.066188 -0.000817 0.997807
vn 0.083036 0.000830 0.996546
vn 0.083601 -0.000798 0.996499
vn 0.102097 0.000825 0.994774
vn 0.102730 -0.000789 0.994709
vn 0.124060 0.000832 0.992274
vn 0.124811 -0.000782 0.992180
vn 0.150842 0.000840 0.988558
vn 0.151780 -0.000773 0.988414
vn 0.184608 0.000825 0.982812
vn 0.185790 -0.000750 0.982589
vn 0.228589 0.000869 0.973523
vn 0.230001 -0.000785 0.973190
vn 0.280600 0.000778 0.959825
vn 0.282090 -0.000774 0.959388
vn 0.320175 0.000377 0.947358
vn 0.321832 -0.000389 0.946797
vn 0.352001 0.000480 0.935999
vn 0.354276 -0.000536 0.935141
vn 0.405757 0.000867 0.913981
vn 0.409151 -0.000744 0.912467
vn 0.505427 0.001026 0.862869
vn 0.510126 -0.000842 0.860099
vn 0.643078 0.000783 0.765800
vn 0.647586 -0.000400 0.761992
vn 0.783838 0.000440 0.620966
vn 0.785356 -0.000000 0.619045
vn -0.054072 0.000000 -0.998537
vn -0.054072 0.000000 -0.998537
vn 0.065686 0.000000 -0.997840
vn 0.065686 0.000000 -0.997840
vn 0.024748 0.000000 -0.999694
vn 0.024748 0.000000 -0.999694
vn -0.018495 0.000000 -0.999829
vn -0.018495 0.000000 -0.999829
vn -0.311474 0.000000 -0.950255
vn -0.311474 0.000000 -0.950255
vn -0.797104 0.000000 -0.603843
vn -0.797104 0.000000 -0.603843
vn -0.143788 -0.023044 -0.989340
vn -0.155635 0.000000 -0.987815
vn -0.143718 -0.000000 -0.989619
vn -0.155635 0.000000 -0.987815
vn -0.143718 -0.000000 -0.989619
vn -0.155635 0.000000 -0.987815
vn -0.143718 -0.000000 -0.989619
vn -0.155635 0.000000 -0.987815
vn -0.143718 -0.000000 -0.989619
vn -0.155635 0.000000 -0.987815
vn -0.143718 -0.000000 -0.989619
vn -0.155635 0.000000 -0.987815
vn -0.143718 -0.000000 -0.989619
vn -0.155635 0.000000 -0.987815
vn -0.143718 -0.000000 -0.989619
vn -0.155635 0.000000 -0.987815
vn -0.143718 -0.000000 -0.989619
vn -0.155635 0.000000 -0.987815
vn -0.143718 -0.000000 -0.989619
vn -0.155635 0.000000 -0.987815
vn -0.143718 -0.000000 -0.989619
vn -0.155635 0.000000 -0.987815
vn -0.143718 -0.000000 -0.989619
vn -0.155635 0.000000 -0.987815
vn -0.143718 -0.000000 -0.989619
vn -0.143718 -0.000000 -0.989619
vn -0.155635 0.000000 -0.987815
vn -0.143718 -0.000000 -0.989619
vn -0.155635 0.000000 -0.987815
vn -0.143718 -0.000000 -0.989619
vn -0.155635 0.000000 -0.987815
vn -0.143718 -0.000000 -0.989619
vn -0.155635 0.000000 -0.987815
vn -0.155635 0.000000 -0.987815
vn -0.143718 -0.000000 -0.989619
vn -0.143718 -0.000000 -0.989619
vn -0.155635 0.000000 -0.987815
vn -0.143718 -0.000000 -0.989619
vn -0.155635 0.000000 -0.987815
vn -0.143718 -0.000000 -0.989619
vn -0.155635 0.000000 -0.987815
vn -0.143718 -0.000000 -0.989619
vn -0.155635 0.000000 -0.987815
vn -0.143825 0.003841 -0.989596
vn -0.143718 -0.000000 -0.989619
vn -0.155635 0.000000 -0.987815
vn -0.120009 -0.033186 -0.992218
vn -0.114410 -0.000000 -0.993434
vn -0.127047 0.000000 -0.991897
vn -0.127047 0.000000 -0.991897
vn -0.114410 -0.000000 -0.993434
vn -0.114410 -0.000000 -0.993434
vn -0.127047 0.000000 -0.991897
vn -0.127047 0.000000 -0.991897
vn -0.114410 -0.000000 -0.993434
vn -0.114410 -0.000000 -0.993434
vn -0.127046 0.000000 -0.991897
vn -0.114410 -0.000000 -0.993434
vn -0.127047 0.000000 -0.991897
vn -0.127047 0.000000 -0.991897
vn -0.114410 -0.000000 -0.993434
vn -0.127046 0.000000 -0.991897
vn -0.114410 -0.000000 -0.993434
vn -0.114410 -0.000000 -0.993434
vn -0.127047 0.000000 -0.991897
vn -0.127046 0.000000 -0.991897
vn -0.114410 -0.000000 -0.993434
vn -0.114410 -0.000000 -0.993434
vn -0.127047 0.000000 -0.991897
vn -0.114410 -0.000000 -0.993434
vn -0.127047 0.000000 -0.991897
vn -0.114410 -0.000000 -0.993434
vn -0.127047 0.000000 -0.991897
vn -0.114410 -0.000000 -0.993434
vn -0.127047 0.000000 -0.991897
vn -0.114410 -0.000000 -0.993434
vn -0.127047 0.000000 -0.991897
vn -0.114410 -0.000000 -0.993434
vn -0.127047 0.000000 -0.991897
vn -0.119272 0.115450 -0.986127
vn -0.114410 -0.000000 -0.993434
vn -0.127047 0.000000 -0.991897
vn -0.095875 -0.008644 -0.995356
vn -0.097253 0.000000 -0.995260
vn -0.086277 -0.000000 -0.996271
vn -0.086277 -0.000000 -0.996271
vn -0.097253 0.000000 -0.995260
vn -0.097253 0.000000 -0.995260
vn -0.086277 -0.000000 -0.996271
vn -0.097253 0.000000 -0.995260
vn -0.086277 -0.000000 -0.996271
vn -0.097253 0.000000 -0.995260
vn -0.086277 -0.000000 -0.996271
vn -0.086277 -0.000000 -0.996271
vn -0.097253 0.000000 -0.995260
vn -0.086277 -0.000000 -0.996271
vn -0.097254 0.000000 -0.995260
vn -0.086277 -0.000000 -0.996271
vn -0.097253 0.000000 -0.995260
vn -0.086277 -0.000000 -0.996271
vn -0.097253 0.000000 -0.995260
vn -0.086277 -0.000000 -0.996271
vn -0.097253 0.000000 -0.995260
vn -0.086277 -0.000000 -0.996271
vn -0.097253 0.000000 -0.995260
vn -0.086277 -0.000000 -0.996271
vn -0.097253 0.000000 -0.995260
vn -0.086277 -0.000000 -0.996271
vn -0.097253 0.000000 -0.995260
vn -0.095770 0.047497 -0.994270
vn -0.086277 -0.000000 -0.996271
vn -0.097253 0.000000 -0.995260
vn -0.074284 -0.009327 -0.997193
vn -0.074936 0.000000 -0.997188
vn -0.064691 -0.000000 -0.997905
vn -0.074936 0.000000 -0.997188
vn -0.064691 -0.000000 -0.997905
vn -0.074936 0.000000 -0.997188
vn -0.064691 -0.000000 -0.997905
vn -0.074936 0.000000 -0.997188
vn -0.064691 -0.000000 -0.997905
vn -0.074936 0.000000 -0.997188
vn -0.064691 -0.000000 -0.997905
vn -0.074936 0.000000 -0.997188
vn -0.064691 -0.000000 -0.997905
vn -0.074936 0.000000 -0.997188
vn -0.064691 -0.000000 -0.997905
vn -0.074936 0.000000 -0.997188
vn -0.064691 -0.000000 -0.997905
vn -0.064691 -0.000000 -0.997905
vn -0.074936 0.000000 -0.997188
vn -0.064691 -0.000000 -0.997905
vn -0.074936 0.000000 -0.997188
vn -0.064691 -0.000000 -0.997905
vn -0.074936 0.000000 -0.997188
vn -0.064691 -0.000000 -0.997905
vn -0.074936 0.000000 -0.997188
vn -0.064691 -0.000000 -0.997905
vn -0.074936 0.000000 -0.997188
vn -0.064691 -0.000000 -0.997905
vn -0.074936 0.000000 -0.997188
vn -0.064691 -0.000000 -0.997905
vn -0.074936 0.000000 -0.997188
vn -0.064691 -0.000000 -0.997905
vn -0.074936 0.000000 -0.997188
vn -0.064691 -0.000000 -0.997905
vn -0.074936 0.000000 -0.997188
vn -0.074262 0.026420 -0.996889
vn -0.064691 -0.000000 -0.997905
vn -0.074936 0.000000 -0.997188
vn -0.035384 -0.036835 -0.998695
vn -0.043789 0.000000 -0.999041
vn -0.034737 -0.000000 -0.999397
vn -0.043789 0.000000 -0.999041
vn -0.034737 -0.000000 -0.999396
vn -0.043789 0.000000 -0.999041
vn -0.034737 -0.000000 -0.999396
vn -0.043789 0.000000 -0.999041
vn -0.034737 -0.000000 -0.999396
vn -0.043789 0.000000 -0.999041
vn -0.034737 -0.000000 -0.999396
vn -0.043789 0.000000 -0.999041
vn -0.034737 -0.000000 -0.999396
vn -0.043789 0.000000 -0.999041
vn -0.034737 -0.000000 -0.999396
vn -0.034737 -0.000000 -0.999396
vn -0.043789 0.000000 -0.999041
vn -0.034737 -0.000000 -0.999396
vn -0.043789 0.000000 -0.999041
vn -0.034737 -0.000000 -0.999397
vn -0.043789 0.000000 -0.999041
vn -0.043789 0.000000 -0.999041
vn -0.034737 -0.000000 -0.999397
vn -0.034737 -0.000000 -0.999396
vn -0.043789 0.000000 -0.999041
vn -0.034737 -0.000000 -0.999396
vn -0.043789 0.000000 -0.999041
vn -0.034737 -0.000000 -0.999396
vn -0.043789 0.000000 -0.999041
vn -0.034737 -0.000000 -0.999396
vn -0.043789 0.000000 -0.999041
vn -0.034737 -0.000000 -0.999396
vn -0.043789 0.000000 -0.999041
vn -0.034737 -0.000000 -0.999396
vn -0.043789 0.000000 -0.999041
vn -0.034737 -0.000000 -0.999396
vn -0.043789 0.000000 -0.999041
vn -0.034737 -0.000000 -0.999397
vn -0.043789 0.000000 -0.999041
vn -0.034737 -0.000000 -0.999396
vn -0.043789 0.000000 -0.999041
vn -0.035392 0.030703 -0.998902
vn -0.034737 -0.000000 -0.999396
vn -0.043789 0.000000 -0.999041
vn -0.018879 -0.034838 -0.999215
vn -0.025705 0.000000 -0.999670
vn -0.017787 -0.000000 -0.999842
vn -0.025705 0.000000 -0.999670
vn -0.017787 -0.000000 -0.999842
vn -0.025705 0.000000 -0.999670
vn -0.017787 -0.000000 -0.999842
vn -0.025705 0.000000 -0.999670
vn -0.017787 -0.000000 -0.999842
vn -0.025705 0.000000 -0.999670
vn -0.017787 -0.000000 -0.999842
vn -0.025705 0.000000 -0.999670
vn -0.017787 -0.000000 -0.999842
vn -0.025705 0.000000 -0.999670
vn -0.017787 -0.000000 -0.999842
vn -0.025705 0.000000 -0.999670
vn -0.017787 -0.000000 -0.999842
vn -0.025705 0.000000 -0.999670
vn -0.017787 -0.000000 -0.999842
vn -0.025705 0.000000 -0.999670
vn -0.017787 -0.000000 -0.999842
vn -0.017787 -0.000000 -0.999842
vn -0.025705 0.000000 -0.999670
vn -0.017787 -0.000000 -0.999842
vn -0.025705 0.000000 -0.999670
vn -0.017787 -0.000000 -0.999842
vn -0.025705 0.000000 -0.999670
vn -0.017787 -0.000000 -0.999842
vn -0.025705 0.000000 -0.999670
vn -0.017787 -0.000000 -0.999842
vn -0.025705 0.000000 -0.999670
vn -0.017787 -0.000000 -0.999842
vn -0.025705 0.000000 -0.999670
vn -0.017787 -0.000000 -0.999842
vn -0.025705 0.000000 -0.999670
vn -0.017787 -0.000000 -0.999842
vn -0.025705 0.000000 -0.999670
vn -0.017787 -0.000000 -0.999842
vn -0.025705 0.000000 -0.999670
vn -0.025705 0.000000 -0.999670
vn -0.018865 0.052225 -0.998457
vn -0.017787 -0.000000 -0.999842
vn -0.004412 -0.040502 -0.999170
vn -0.010364 0.000000 -0.999946
vn -0.003264 -0.000000 -0.999995
vn -0.003264 -0.000000 -0.999995
vn -0.010364 0.000000 -0.999946
vn -0.003264 -0.000000 -0.999995
vn -0.010364 0.000000 -0.999946
vn -0.003264 -0.000000 -0.999995
vn -0.010364 0.000000 -0.999946
vn -0.003264 -0.000000 -0.999995
vn -0.010364 0.000000 -0.999946
vn -0.003264 -0.000000 -0.999995
vn -0.010364 0.000000 -0.999946
vn -0.003264 -0.000000 -0.999995
vn -0.010364 0.000000 -0.999946
vn -0.010364 0.000000 -0.999946
vn -0.003264 -0.000000 -0.999995
vn -0.010364 0.000000 -0.999946
vn -0.003264 -0.000000 -0.999995
vn -0.010364 0.000000 -0.999946
vn -0.003264 -0.000000 -0.999995
vn -0.003264 -0.000000 -0.999995
vn -0.010364 0.000000 -0.999946
vn -0.003264 -0.000000 -0.999995
vn -0.010364 0.000000 -0.999946
vn -0.003264 -0.000000 -0.999995
vn -0.010364 0.000000 -0.999946
vn -0.003264 -0.000000 -0.999995
vn -0.010364 0.000000 -0.999946
vn -0.003264 -0.000000 -0.999995
vn -0.010364 0.000000 -0.999946
vn -0.003264 -0.000000 -0.999995
vn -0.010364 0.000000 -0.999946
vn -0.003264 -0.000000 -0.999995
vn -0.010364 0.000000 -0.999946
vn -0.003264 -0.000000 -0.999995
vn -0.010364 0.000000 -0.999946
vn -0.003264 -0.000000 -0.999995
vn -0.010364 0.000000 -0.999946
vn -0.004408 0.060700 -0.998146
vn -0.003264 -0.000000 -0.999995
vn -0.010364 0.000000 -0.999946
vn 0.008948 -0.034240 -0.999374
vn 0.004541 0.000000 -0.999990
vn 0.011037 0.000000 -0.999939
vn 0.004541 0.000000 -0.999990
vn 0.011037 0.000000 -0.999939
vn 0.004541 0.000000 -0.999990
vn 0.011037 0.000000 -0.999939
vn 0.004541 0.000000 -0.999990
vn 0.011037 0.000000 -0.999939
vn 0.004541 0.000000 -0.999990
vn 0.011037 0.000000 -0.999939
vn 0.004541 0.000000 -0.999990
vn 0.011037 0.000000 -0.999939
vn 0.004541 0.000000 -0.999990
vn 0.011037 0.000000 -0.999939
vn 0.004541 0.000000 -0.999990
vn 0.011037 0.000000 -0.999939
vn 0.011037 0.000000 -0.999939
vn 0.004541 0.000000 -0.999990
vn 0.011037 0.000000 -0.999939
vn 0.004541 0.000000 -0.999990
vn 0.011037 0.000000 -0.999939
vn 0.004541 0.000000 -0.999990
vn 0.011037 0.000000 -0.999939
vn 0.004541 0.000000 -0.999990
vn 0.011037 0.000000 -0.999939
vn 0.004541 0.000000 -0.999990
vn 0.011037 0.000000 -0.999939
vn 0.004541 0.000000 -0.999990
vn 0.011037 0.000000 -0.999939
vn 0.004541 0.000000 -0.999990
vn 0.011037 0.000000 -0.999939
vn 0.004541 0.000000 -0.999990
vn 0.011037 0.000000 -0.999939
vn 0.004541 0.000000 -0.999990
vn 0.008911 0.096626 -0.995281
vn 0.011037 0.000000 -0.999939
vn 0.004541 0.000000 -0.999990
vn 0.021331 -0.026413 -0.999424
vn 0.018487 0.000000 -0.999829
vn 0.024414 0.000000 -0.999702
vn 0.018487 0.000000 -0.999829
vn 0.024414 0.000000 -0.999702
vn 0.018487 0.000000 -0.999829
vn 0.024414 0.000000 -0.999702
vn 0.018487 0.000000 -0.999829
vn 0.024414 0.000000 -0.999702
vn 0.018487 0.000000 -0.999829
vn 0.018487 0.000000 -0.999829
vn 0.024414 0.000000 -0.999702
vn 0.024414 0.000000 -0.999702
vn 0.018487 0.000000 -0.999829
vn 0.024414 0.000000 -0.999702
vn 0.024414 0.000000 -0.999702
vn 0.018487 0.000000 -0.999829
vn 0.024414 0.000000 -0.999702
vn 0.018487 0.000000 -0.999829
vn 0.024414 0.000000 -0.999702
vn 0.018487 0.000000 -0.999829
vn 0.024414 0.000000 -0.999702
vn 0.018487 0.000000 -0.999829
vn 0.024414 0.000000 -0.999702
vn 0.018487 0.000000 -0.999829
vn 0.024414 0.000000 -0.999702
vn 0.018487 0.000000 -0.999829
vn 0.024414 0.000000 -0.999702
vn 0.018487 0.000000 -0.999829
vn 0.024414 0.000000 -0.999702
vn 0.018487 0.000000 -0.999829
vn 0.021210 0.109443 -0.993767
vn 0.024414 0.000000 -0.999702
vn 0.018487 0.000000 -0.999829
vn 0.032551 -0.004724 -0.999459
vn 0.032424 0.000000 -0.999474
vn 0.037569 0.000000 -0.999294
vn 0.032424 0.000000 -0.999474
vn 0.037569 0.000000 -0.999294
vn 0.032424 0.000000 -0.999474
vn 0.037569 0.000000 -0.999294
vn 0.032424 0.000000 -0.999474
vn 0.037569 0.000000 -0.999294
vn 0.032424 0.000000 -0.999474
vn 0.037569 0.000000 -0.999294
vn 0.032424 0.000000 -0.999474
vn 0.037569 0.000000 -0.999294
vn 0.032424 0.000000 -0.999474
vn 0.037569 0.000000 -0.999294
vn 0.032424 0.000000 -0.999474
vn 0.037569 0.000000 -0.999294
vn 0.032424 0.000000 -0.999474
vn 0.037569 0.000000 -0.999294
vn 0.037569 0.000000 -0.999294
vn 0.032424 0.000000 -0.999474
vn 0.037569 0.000000 -0.999294
vn 0.032424 0.000000 -0.999474
vn 0.037569 0.000000 -0.999294
vn 0.032424 0.000000 -0.999474
vn 0.037569 0.000000 -0.999294
vn 0.032424 0.000000 -0.999474
vn 0.037569 0.000000 -0.999294
vn 0.032424 0.000000 -0.999474
vn 0.037569 0.000000 -0.999294
vn 0.032424 0.000000 -0.999474
vn 0.037569 0.000000 -0.999294
vn 0.032424 0.000000 -0.999474
vn 0.037569 0.000000 -0.999294
vn 0.032424 0.000000 -0.999474
vn 0.037569 0.000000 -0.999294
vn 0.032424 0.000000 -0.999474
vn 0.032550 0.010237 -0.999418
vn 0.037569 0.000000 -0.999294
vn 0.032424 0.000000 -0.999474
vn 0.047284 0.000000 -0.998882
vn 0.047284 0.000000 -0.998881
vn 0.047284 0.000000 -0.998882
vn 0.047284 0.000000 -0.998881
vn 0.047284 0.000000 -0.998881
vn 0.047284 0.000000 -0.998881
vn 0.047284 0.000000 -0.998881
vn 0.047284 0.000000 -0.998881
vn 0.047284 0.000000 -0.998881
vn 0.047284 0.000000 -0.998881
vn 0.042639 0.000418 -0.999090
vn 0.042671 0.000000 -0.999089
vn 0.042671 0.000000 -0.999089
vn 0.042639 -0.000409 -0.999090
vn 0.042671 0.000000 -0.999089
vn 0.047284 0.000000 -0.998881
vn 0.047284 0.000000 -0.998881
vn 0.047284 0.000000 -0.998882
vn 0.047284 0.000000 -0.998881
vn 0.047284 0.000000 -0.998881
vn 0.047284 0.000000 -0.998881
vn 0.047284 0.000000 -0.998881
vn 0.047284 0.000000 -0.998882
vn 0.047284 0.000000 -0.998882
vn 0.050691 -0.012609 -0.998635
vn 0.047061 -0.411545 -0.910174
vn 0.054797 0.000000 -0.998497
vn 0.050696 0.000000 -0.998714
vn 0.050695 0.000000 -0.998714
vn 0.050696 0.000000 -0.998714
vn 0.050695 0.000000 -0.998714
vn 0.054797 0.000000 -0.998497
vn 0.050696 0.000000 -0.998714
vn 0.054797 0.000000 -0.998497
vn 0.050696 0.000000 -0.998714
vn 0.054797 0.000000 -0.998497
vn 0.050696 0.000000 -0.998714
vn 0.050696 0.000000 -0.998714
vn 0.050696 0.000000 -0.998714
vn 0.050696 0.000000 -0.998714
vn 0.054797 0.000000 -0.998497
vn 0.050696 0.000000 -0.998714
vn 0.054797 0.000000 -0.998497
vn 0.050696 0.000000 -0.998714
vn 0.050696 0.000000 -0.998714
vn 0.050696 0.000000 -0.998714
vn 0.054797 0.000000 -0.998497
vn 0.050696 0.000000 -0.998714
vn 0.050696 0.000000 -0.998714
vn 0.054797 0.000000 -0.998497
vn 0.050696 0.000000 -0.998714
vn 0.054797 0.000000 -0.998497
vn 0.050696 0.000000 -0.998714
vn 0.050696 0.000000 -0.998714
vn 0.054797 0.000000 -0.998497
vn 0.050696 0.000000 -0.998714
vn 0.054797 0.000000 -0.998497
vn 0.054797 0.000000 -0.998497
vn 0.050695 0.000000 -0.998714
vn 0.050696 0.000000 -0.998714
vn 0.050695 0.000000 -0.998714
vn 0.054797 0.000000 -0.998497
vn 0.050696 0.000000 -0.998714
vn 0.054797 0.000000 -0.998497
vn 0.050696 0.000000 -0.998714
vn 0.050696 0.000000 -0.998714
vn 0.054797 0.000000 -0.998497
vn 0.050696 0.000000 -0.998714
vn 0.050696 0.000000 -0.998714
vn 0.050696 0.000000 -0.998714
vn 0.054797 0.000000 -0.998497
vn 0.050696 0.000000 -0.998714
vn 0.050696 0.000000 -0.998714
vn 0.054797 0.000000 -0.998497
vn 0.050696 0.000000 -0.998714
vn 0.054797 0.000000 -0.998497
vn 0.050696 0.000000 -0.998714
vn 0.050696 0.000000 -0.998714
vn 0.054797 0.000000 -0.998497
vn 0.050696 0.000000 -0.998714
vn 0.050696 0.000000 -0.998714
vn 0.054797 0.000000 -0.998497
vn 0.050695 0.000000 -0.998714
vn 0.050695 0.000000 -0.998714
vn 0.054797 0.000000 -0.998497
vn 0.050696 0.000000 -0.998714
vn 0.050696 0.000000 -0.998714
vn 0.051491 0.075036 -0.995851
vn 0.054797 0.000000 -0.998497
vn 0.050696 0.000000 -0.998714
vn 0.050695 0.002101 -0.998712
vn 0.050696 0.000000 -0.998714
vn 0.059399 -0.007756 -0.998204
vn 0.058857 0.000000 -0.998266
vn 0.062246 0.000000 -0.998061
vn 0.058857 0.000000 -0.998266
vn 0.062246 0.000000 -0.998061
vn 0.062246 0.000000 -0.998061
vn 0.058857 0.000000 -0.998266
vn 0.062246 0.000000 -0.998061
vn 0.058857 0.000000 -0.998266
vn 0.062246 0.000000 -0.998061
vn 0.058857 0.000000 -0.998266
vn 0.062246 0.000000 -0.998061
vn 0.058857 0.000000 -0.998266
vn 0.062246 0.000000 -0.998061
vn 0.058857 0.000000 -0.998266
vn 0.062246 0.000000 -0.998061
vn 0.058857 0.000000 -0.998267
vn 0.062246 0.000000 -0.998061
vn 0.058857 0.000000 -0.998266
vn 0.062246 0.000000 -0.998061
vn 0.058857 0.000000 -0.998266
vn 0.062246 0.000000 -0.998061
vn 0.058857 0.000000 -0.998266
vn 0.059318 0.052934 -0.996835
vn 0.062246 0.000000 -0.998061
vn 0.058857 0.000000 -0.998266
vn 0.068364 0.000000 -0.997660
vn 0.068364 0.000000 -0.997660
vn 0.068364 0.000000 -0.997660
vn 0.068364 0.000000 -0.997660
vn 0.068364 0.000000 -0.997660
vn 0.068364 0.000000 -0.997660
vn 0.068364 0.000000 -0.997660
vn 0.068364 0.000000 -0.997660
vn 0.068364 0.000000 -0.997660
vn 0.068364 0.000000 -0.997660
vn 0.068364 0.000000 -0.997660
vn 0.068364 0.000000 -0.997660
vn 0.068364 0.000000 -0.997660
vn 0.068364 0.000000 -0.997660
vn 0.068364 0.000000 -0.997660
vn 0.068364 0.000000 -0.997660
vn 0.068364 0.000000 -0.997660
vn 0.068364 0.000000 -0.997660
vn 0.068364 0.000000 -0.997660
vn 0.068364 0.000000 -0.997660
vn 0.068364 0.000000 -0.997660
vn 0.069767 -0.028634 -0.997152
vn 0.069795 0.000000 -0.997561
vn 0.069795 0.000000 -0.997561
vn 0.069795 0.000000 -0.997561
vn 0.069795 0.000000 -0.997561
vn 0.069795 0.000000 -0.997561
vn 0.069795 0.000000 -0.997561
vn 0.069795 0.000000 -0.997561
vn 0.069795 0.000000 -0.997561
vn 0.069795 0.000000 -0.997561
vn 0.069795 0.000000 -0.997561
vn 0.069795 0.000000 -0.997561
vn 0.069795 0.000000 -0.997561
vn 0.069795 0.000000 -0.997561
vn 0.069795 0.000000 -0.997561
vn 0.069795 0.000000 -0.997561
vn 0.069795 0.000000 -0.997561
vn 0.069795 0.000000 -0.997561
vn 0.069795 0.000000 -0.997561
vn 0.069795 0.000000 -0.997561
vn 0.069795 0.000000 -0.997561
vn 0.069795 0.000000 -0.997561
vn 0.069795 0.000000 -0.997561
vn 0.069795 0.000000 -0.997561
vn 0.069795 0.000000 -0.997561
vn 0.069795 0.000000 -0.997561
vn 0.069795 0.000000 -0.997561
vn 0.069795 0.000000 -0.997561
vn 0.069795 0.000000 -0.997561
vn 0.069795 0.000000 -0.997561
vn 0.069795 0.000000 -0.997561
vn 0.069795 0.000000 -0.997561
vn 0.069795 0.000000 -0.997561
vn 0.069795 0.000000 -0.997561
vn 0.069795 0.000000 -0.997561
vn 0.069795 0.000000 -0.997561
vn 0.069795 0.000000 -0.997561
vn 0.069795 0.000000 -0.997561
vn 0.069795 0.000000 -0.997561
vn 0.069795 0.000000 -0.997561
vn 0.069795 0.000000 -0.997561
vn 0.069775 0.023865 -0.997277
vn 0.069891 -0.087586 -0.993702
vn 0.069879 -0.089684 -0.993516
vn 0.070865 0.000000 -0.997486
vn 0.070863 0.000000 -0.997486
vn 0.070865 0.000000 -0.997486
vn 0.070865 0.000000 -0.997486
vn 0.070863 0.000000 -0.997486
vn 0.070865 0.000000 -0.997486
vn 0.070863 0.000000 -0.997486
vn 0.070865 0.000000 -0.997486
vn 0.070863 0.000000 -0.997486
vn 0.070865 0.000000 -0.997486
vn 0.070865 0.000000 -0.997486
vn 0.070865 0.000000 -0.997486
vn 0.070865 0.000000 -0.997486
vn 0.070863 0.000000 -0.997486
vn 0.070863 0.000000 -0.997486
vn 0.070865 0.000000 -0.997486
vn 0.070865 0.000000 -0.997486
vn 0.070863 0.000000 -0.997486
vn 0.070865 0.000000 -0.997486
vn 0.070865 0.000000 -0.997486
vn 0.070865 0.000000 -0.997486
vn 0.070865 0.000000 -0.997486
vn 0.070863 0.000000 -0.997486
vn 0.070863 0.000000 -0.997486
vn 0.070865 0.000000 -0.997486
vn 0.070865 0.000000 -0.997486
vn 0.070865 0.000000 -0.997486
vn 0.070863 0.000000 -0.997486
vn 0.070865 0.000000 -0.997486
vn 0.070863 0.000000 -0.997486
vn 0.070865 0.000000 -0.997486
vn 0.070863 0.000000 -0.997486
vn 0.070865 0.000000 -0.997486
vn 0.070865 0.000000 -0.997486
vn 0.070865 0.000000 -0.997486
vn 0.070863 0.000000 -0.997486
vn 0.070865 0.000000 -0.997486
vn 0.070863 0.000000 -0.997486
vn 0.070865 0.000000 -0.997486
vn 0.070863 0.000000 -0.997486
vn 0.070865 0.000000 -0.997486
vn 0.070865 0.000000 -0.997486
vn 0.070865 0.000000 -0.997486
vn 0.070863 0.000000 -0.997486
vn 0.070865 0.000000 -0.997486
vn 0.070865 0.000000 -0.997486
vn 0.070863 0.000000 -0.997486
vn 0.070865 0.000000 -0.997486
vn 0.070865 0.000000 -0.997486
vn 0.070865 0.000000 -0.997486
vn 0.070865 0.000000 -0.997486
vn 0.070863 0.000000 -0.997486
vn 0.070863 0.000000 -0.997486
vn 0.070865 0.000000 -0.997486
vn 0.070865 0.000000 -0.997486
vn 0.070865 0.000000 -0.997486
vn 0.070863 0.000000 -0.997486
vn 0.070865 0.000000 -0.997486
vn 0.070865 0.000000 -0.997486
vn 0.070863 0.000000 -0.997486
vn 0.070865 0.000000 -0.997486
vn 0.070865 0.000000 -0.997486
vn 0.070863 0.000000 -0.997486
vn 0.069962 0.073116 -0.994867
vn 0.069891 0.087584 -0.993702
vn 0.070865 0.000000 -0.997486
vn 0.070863 0.000000 -0.997486
vn 0.070283 0.000000 -0.997527
vn 0.070283 0.000000 -0.997527
vn 0.070283 0.000000 -0.997527
vn 0.070283 0.000000 -0.997527
vn 0.070283 0.000000 -0.997527
vn 0.070283 0.000000 -0.997527
vn 0.070283 0.000000 -0.997527
vn 0.070283 0.000000 -0.997527
vn 0.070283 0.000000 -0.997527
vn 0.070283 0.000000 -0.997527
vn 0.070283 0.000000 -0.997527
vn 0.070283 0.000000 -0.997527
vn 0.070283 0.000000 -0.997527
vn 0.070283 0.000000 -0.997527
vn 0.070283 0.000000 -0.997527
vn 0.070283 0.000000 -0.997527
vn 0.069444 0.032956 -0.997041
vn 0.069542 0.017873 -0.997419
vn 0.067583 0.000000 -0.997714
vn 0.068758 0.000000 -0.997633
vn 0.068758 0.000000 -0.997633
vn 0.067583 0.000000 -0.997714
vn 0.067583 0.000000 -0.997714
vn 0.068758 0.000000 -0.997633
vn 0.068758 0.000000 -0.997633
vn 0.067583 0.000000 -0.997714
vn 0.067583 0.000000 -0.997714
vn 0.068758 0.000000 -0.997633
vn 0.068758 0.000000 -0.997633
vn 0.067583 0.000000 -0.997714
vn 0.068758 0.000000 -0.997633
vn 0.068758 0.000000 -0.997633
vn 0.067583 0.000000 -0.997714
vn 0.068758 0.000000 -0.997633
vn 0.067583 0.000000 -0.997714
vn 0.068758 0.000000 -0.997633
vn 0.068758 0.000000 -0.997633
vn 0.068758 0.000000 -0.997633
vn 0.067583 0.000000 -0.997714
vn 0.068758 0.000000 -0.997633
vn 0.067583 0.000000 -0.997714
vn 0.068758 0.000000 -0.997633
vn 0.067583 0.000000 -0.997714
vn 0.068758 0.000000 -0.997633
vn 0.068758 0.000000 -0.997633
vn 0.068758 0.000000 -0.997633
vn 0.067583 0.000000 -0.997714
vn 0.068758 0.000000 -0.997633
vn 0.068758 0.000000 -0.997633
vn 0.067583 0.000000 -0.997714
vn 0.068758 0.000000 -0.997633
vn 0.068758 0.000000 -0.997633
vn 0.068758 0.000000 -0.997633
vn 0.067583 0.000000 -0.997714
vn 0.068758 0.000000 -0.997633
vn 0.067583 0.000000 -0.997714
vn 0.068758 0.000000 -0.997633
vn 0.068758 0.000000 -0.997633
vn 0.068758 0.000000 -0.997633
vn 0.067583 0.000000 -0.997714
vn 0.068758 0.000000 -0.997633
vn 0.067583 0.000000 -0.997714
vn 0.068758 0.000000 -0.997633
vn 0.068758 0.000000 -0.997633
vn 0.068758 0.000000 -0.997633
vn 0.067583 0.000000 -0.997714
vn 0.067583 0.000000 -0.997714
vn 0.068758 0.000000 -0.997633
vn 0.068758 0.000000 -0.997633
vn 0.068758 0.000000 -0.997633
vn 0.068758 0.000000 -0.997633
vn 0.067583 0.000000 -0.997714
vn 0.067583 0.000000 -0.997714
vn 0.068758 0.000000 -0.997633
vn 0.068556 -0.162699 -0.984291
vn 0.069385 -0.072711 -0.994937
vn 0.067583 0.000000 -0.997714
vn 0.068758 0.000000 -0.997633
vn 0.064799 0.031652 -0.997396
vn 0.065784 0.000000 -0.997834
vn 0.062961 0.000000 -0.998016
vn 0.065784 0.000000 -0.997834
vn 0.062961 0.000000 -0.998016
vn 0.065784 0.000000 -0.997834
vn 0.062961 0.000000 -0.998016
vn 0.062961 0.000000 -0.998016
vn 0.065784 0.000000 -0.997834
vn 0.062961 0.000000 -0.998016
vn 0.065784 0.000000 -0.997834
vn 0.062961 0.000000 -0.998016
vn 0.065784 0.000000 -0.997834
vn 0.062961 0.000000 -0.998016
vn 0.065784 0.000000 -0.997834
vn 0.065784 0.000000 -0.997834
vn 0.062961 0.000000 -0.998016
vn 0.062961 0.000000 -0.998016
vn 0.065784 0.000000 -0.997834
vn 0.062961 0.000000 -0.998016
vn 0.065784 0.000000 -0.997834
vn 0.062961 0.000000 -0.998016
vn 0.065784 0.000000 -0.997834
vn 0.062961 0.000000 -0.998016
vn 0.065784 0.000000 -0.997834
vn 0.062961 0.000000 -0.998016
vn 0.065784 0.000000 -0.997834
vn 0.062961 0.000000 -0.998016
vn 0.065784 0.000000 -0.997834
vn 0.062961 0.000000 -0.998016
vn 0.065784 0.000000 -0.997834
vn 0.062961 0.000000 -0.998016
vn 0.065784 0.000000 -0.997834
vn 0.062961 0.000000 -0.998016
vn 0.065784 0.000000 -0.997834
vn 0.064572 -0.089378 -0.993902
vn 0.062961 0.000000 -0.998016
vn 0.065784 0.000000 -0.997834
vn 0.058510 0.017494 -0.998134
vn 0.060924 0.000000 -0.998142
vn 0.057433 0.000000 -0.998349
vn 0.060924 0.000000 -0.998142
vn 0.057433 0.000000 -0.998349
vn 0.060924 0.000000 -0.998142
vn 0.057433 0.000000 -0.998349
vn 0.060924 0.000000 -0.998142
vn 0.057433 0.000000 -0.998349
vn 0.060924 0.000000 -0.998142
vn 0.057433 0.000000 -0.998349
vn 0.057433 0.000000 -0.998349
vn 0.060924 0.000000 -0.998142
vn 0.057433 0.000000 -0.998349
vn 0.060924 0.000000 -0.998142
vn 0.057433 0.000000 -0.998349
vn 0.060924 0.000000 -0.998142
vn 0.057433 0.000000 -0.998349
vn 0.060924 0.000000 -0.998142
vn 0.057433 0.000000 -0.998349
vn 0.060924 0.000000 -0.998142
vn 0.057433 0.000000 -0.998349
vn 0.060924 0.000000 -0.998142
vn 0.057433 0.000000 -0.998349
vn 0.060924 0.000000 -0.998142
vn 0.057433 0.000000 -0.998349
vn 0.060924 0.000000 -0.998142
vn 0.058249 -0.095797 -0.993695
vn 0.057433 0.000000 -0.998349
vn 0.060924 0.000000 -0.998142
vn 0.054626 0.000000 -0.998507
vn 0.054626 0.000000 -0.998507
vn 0.054626 0.000000 -0.998507
vn 0.054626 0.000000 -0.998507
vn 0.054626 0.000000 -0.998507
vn 0.054626 0.000000 -0.998507
vn 0.054626 0.000000 -0.998507
vn 0.054626 0.000000 -0.998507
vn 0.054626 0.000000 -0.998507
vn 0.054626 0.000000 -0.998507
vn 0.054626 0.000000 -0.998507
vn 0.054626 0.000000 -0.998507
vn 0.054626 0.000000 -0.998507
vn 0.054626 0.000000 -0.998507
vn 0.050756 0.098283 -0.993863
vn 0.051151 0.003678 -0.998684
vn 0.047128 0.000000 -0.998889
vn 0.050957 0.000000 -0.998701
vn 0.047128 0.000000 -0.998889
vn 0.050957 0.000000 -0.998701
vn 0.047128 0.000000 -0.998889
vn 0.050957 0.000000 -0.998701
vn 0.047128 0.000000 -0.998889
vn 0.050957 0.000000 -0.998701
vn 0.047128 0.000000 -0.998889
vn 0.050957 0.000000 -0.998701
vn 0.047128 0.000000 -0.998889
vn 0.050957 0.000000 -0.998701
vn 0.047128 0.000000 -0.998889
vn 0.050957 0.000000 -0.998701
vn 0.047128 0.000000 -0.998889
vn 0.050957 0.000000 -0.998701
vn 0.047128 0.000000 -0.998889
vn 0.050957 0.000000 -0.998701
vn 0.050957 0.000000 -0.998701
vn 0.050957 0.000000 -0.998701
vn 0.050957 0.000000 -0.998701
vn 0.047128 0.000000 -0.998889
vn 0.050957 0.000000 -0.998701
vn 0.050957 0.000000 -0.998701
vn 0.047128 0.000000 -0.998889
vn 0.047128 0.000000 -0.998889
vn 0.050957 0.000000 -0.998701
vn 0.050957 0.000000 -0.998701
vn 0.047128 0.000000 -0.998889
vn 0.050957 0.000000 -0.998701
vn 0.050957 0.000000 -0.998701
vn 0.047128 0.000000 -0.998889
vn 0.050957 0.000000 -0.998701
vn 0.050957 0.000000 -0.998701
vn 0.047128 0.000000 -0.998889
vn 0.050957 0.000000 -0.998701
vn 0.050957 0.000000 -0.998701
vn 0.050957 0.000000 -0.998701
vn 0.047128 0.000000 -0.998889
vn 0.050957 0.000000 -0.998701
vn 0.047128 0.000000 -0.998889
vn 0.050957 0.000000 -0.998701
vn 0.050957 0.000000 -0.998701
vn 0.047128 0.000000 -0.998889
vn 0.050957 0.000000 -0.998701
vn 0.050957 0.000000 -0.998701
vn 0.047128 0.000000 -0.998889
vn 0.050957 0.000000 -0.998701
vn 0.050957 0.000000 -0.998701
vn 0.047128 0.000000 -0.998889
vn 0.050957 0.000000 -0.998701
vn 0.050957 0.000000 -0.998701
vn 0.047128 0.000000 -0.998889
vn 0.050957 0.000000 -0.998701
vn 0.050957 0.000000 -0.998701
vn 0.047128 0.000000 -0.998889
vn 0.050756 -0.098285 -0.993863
vn 0.051115 -0.020376 -0.998485
vn 0.047128 0.000000 -0.998889
vn 0.050957 0.000000 -0.998701
vn 0.042836 0.018885 -0.998904
vn 0.043007 0.000000 -0.999075
vn 0.038661 0.000000 -0.999252
vn 0.038661 0.000000 -0.999252
vn 0.043007 0.000000 -0.999075
vn 0.038661 0.000000 -0.999252
vn 0.043007 0.000000 -0.999075
vn 0.038661 0.000000 -0.999252
vn 0.043007 0.000000 -0.999075
vn 0.038661 0.000000 -0.999252
vn 0.043007 0.000000 -0.999075
vn 0.038661 0.000000 -0.999252
vn 0.043008 0.000000 -0.999075
vn 0.038661 0.000000 -0.999252
vn 0.043007 0.000000 -0.999075
vn 0.038661 0.000000 -0.999252
vn 0.043008 0.000000 -0.999075
vn 0.038661 0.000000 -0.999252
vn 0.043007 0.000000 -0.999075
vn 0.038661 0.000000 -0.999252
vn 0.043007 0.000000 -0.999075
vn 0.043007 0.000000 -0.999075
vn 0.038661 0.000000 -0.999252
vn 0.038661 0.000000 -0.999252
vn 0.043007 0.000000 -0.999075
vn 0.038661 0.000000 -0.999252
vn 0.043007 0.000000 -0.999075
vn 0.038661 0.000000 -0.999252
vn 0.043007 0.000000 -0.999075
vn 0.038661 0.000000 -0.999252
vn 0.043008 0.000000 -0.999075
vn 0.038661 0.000000 -0.999252
vn 0.043007 0.000000 -0.999075
vn 0.038661 0.000000 -0.999252
vn 0.043007 0.000000 -0.999075
vn 0.038661 0.000000 -0.999252
vn 0.043007 0.000000 -0.999075
vn 0.038661 0.000000 -0.999252
vn 0.043007 0.000000 -0.999075
vn 0.038661 0.000000 -0.999252
vn 0.043007 0.000000 -0.999075
vn 0.042839 -0.015739 -0.998958
vn 0.038661 0.000000 -0.999252
vn 0.043007 0.000000 -0.999075
vn 0.034076 0.035595 -0.998785
vn 0.035205 0.000000 -0.999380
vn 0.030647 0.000000 -0.999530
vn 0.035205 0.000000 -0.999380
vn 0.030647 0.000000 -0.999530
vn 0.035205 0.000000 -0.999380
vn 0.030647 0.000000 -0.999530
vn 0.035205 0.000000 -0.999380
vn 0.030647 0.000000 -0.999530
vn 0.035205 0.000000 -0.999380
vn 0.030647 0.000000 -0.999530
vn 0.035205 0.000000 -0.999380
vn 0.030647 0.000000 -0.999530
vn 0.035205 0.000000 -0.999380
vn 0.030647 0.000000 -0.999530
vn 0.035205 0.000000 -0.999380
vn 0.030647 0.000000 -0.999530
vn 0.035205 0.000000 -0.999380
vn 0.030647 0.000000 -0.999530
vn 0.035205 0.000000 -0.999380
vn 0.030647 0.000000 -0.999530
vn 0.030647 0.000000 -0.999530
vn 0.035205 0.000000 -0.999380
vn 0.030647 0.000000 -0.999530
vn 0.035205 0.000000 -0.999380
vn 0.030647 0.000000 -0.999530
vn 0.035205 0.000000 -0.999380
vn 0.030647 0.000000 -0.999530
vn 0.035205 0.000000 -0.999380
vn 0.030647 0.000000 -0.999530
vn 0.035205 0.000000 -0.999380
vn 0.030647 0.000000 -0.999530
vn 0.035205 0.000000 -0.999380
vn 0.030647 0.000000 -0.999530
vn 0.035205 0.000000 -0.999380
vn 0.030647 0.000000 -0.999530
vn 0.035205 0.000000 -0.999380
vn 0.030647 0.000000 -0.999530
vn 0.035205 0.000000 -0.999380
vn 0.033997 -0.076952 -0.996455
vn 0.014842 0.011546 -0.999823
vn 0.018705 0.000000 -0.999825
vn 0.013695 0.000000 -0.999906
vn 0.013695 0.000000 -0.999906
vn 0.018705 0.000000 -0.999825
vn 0.018705 0.000000 -0.999825
vn 0.013695 0.000000 -0.999906
vn 0.013695 0.000000 -0.999906
vn 0.018705 0.000000 -0.999825
vn 0.013695 0.000000 -0.999906
vn 0.018705 0.000000 -0.999825
vn 0.013695 0.000000 -0.999906
vn 0.018705 0.000000 -0.999825
vn 0.013695 0.000000 -0.999906
vn 0.018705 0.000000 -0.999825
vn 0.013695 0.000000 -0.999906
vn 0.018705 0.000000 -0.999825
vn 0.013695 0.000000 -0.999906
vn 0.018705 0.000000 -0.999825
vn 0.013695 0.000000 -0.999906
vn 0.018705 0.000000 -0.999825
vn 0.013695 0.000000 -0.999906
vn 0.018705 0.000000 -0.999825
vn 0.013695 0.000000 -0.999906
vn 0.018705 0.000000 -0.999825
vn 0.014806 -0.071033 -0.997364
vn 0.013695 0.000000 -0.999906
vn 0.018705 0.000000 -0.999825
vn 0.004397 0.024764 -0.999684
vn 0.007166 0.000000 -0.999974
vn 0.001752 0.000000 -0.999999
vn 0.007166 0.000000 -0.999974
vn 0.001752 0.000000 -0.999999
vn 0.007166 0.000000 -0.999974
vn 0.001752 0.000000 -0.999999
vn 0.007166 0.000000 -0.999974
vn 0.001752 0.000000 -0.999999
vn 0.007166 0.000000 -0.999974
vn 0.001752 0.000000 -0.999998
vn 0.007166 0.000000 -0.999974
vn 0.001752 0.000000 -0.999998
vn 0.007166 0.000000 -0.999974
vn 0.001752 0.000000 -0.999999
vn 0.001752 0.000000 -0.999999
vn 0.007166 0.000000 -0.999974
vn 0.001752 0.000000 -0.999999
vn 0.007166 0.000000 -0.999974
vn 0.001752 0.000000 -0.999999
vn 0.007166 0.000000 -0.999974
vn 0.001752 0.000000 -0.999999
vn 0.007166 0.000000 -0.999974
vn 0.001752 0.000000 -0.999999
vn 0.007166 0.000000 -0.999974
vn 0.001752 0.000000 -0.999999
vn 0.007166 0.000000 -0.999974
vn 0.001752 0.000000 -0.999998
vn 0.007166 0.000000 -0.999974
vn 0.001752 0.000000 -0.999999
vn 0.007166 0.000000 -0.999974
vn 0.004376 -0.102681 -0.994705
vn 0.001752 0.000000 -0.999999
vn 0.007166 0.000000 -0.999974
vn -0.006753 0.004888 -0.999965
vn -0.006601 0.000000 -0.999978
vn -0.012417 -0.000000 -0.999923
vn -0.012417 -0.000000 -0.999923
vn -0.006601 0.000000 -0.999978
vn -0.012417 -0.000000 -0.999923
vn -0.006601 0.000000 -0.999978
vn -0.012417 -0.000000 -0.999923
vn -0.006601 0.000000 -0.999978
vn -0.012417 -0.000000 -0.999923
vn -0.006601 0.000000 -0.999978
vn -0.012417 -0.000000 -0.999923
vn -0.006601 0.000000 -0.999978
vn -0.012417 -0.000000 -0.999923
vn -0.006601 0.000000 -0.999978
vn -0.012417 -0.000000 -0.999923
vn -0.006601 0.000000 -0.999978
vn -0.006601 0.000000 -0.999978
vn -0.012417 -0.000000 -0.999923
vn -0.012417 -0.000000 -0.999923
vn -0.006601 0.000000 -0.999978
vn -0.012417 -0.000000 -0.999923
vn -0.006601 0.000000 -0.999978
vn -0.012417 -0.000000 -0.999923
vn -0.006601 0.000000 -0.999978
vn -0.012417 -0.000000 -0.999923
vn -0.006601 0.000000 -0.999978
vn -0.012417 -0.000000 -0.999923
vn -0.006601 0.000000 -0.999978
vn -0.012417 -0.000000 -0.999923
vn -0.006601 0.000000 -0.999978
vn -0.012417 -0.000000 -0.999923
vn -0.006601 0.000000 -0.999978
vn -0.012417 -0.000000 -0.999923
vn -0.006601 0.000000 -0.999978
vn -0.012417 -0.000000 -0.999923
vn -0.006601 0.000000 -0.999978
vn -0.006752 -0.010591 -0.999921
vn -0.012417 -0.000000 -0.999923
vn -0.006601 0.000000 -0.999978
vn -0.030860 0.016627 -0.999385
vn -0.033031 -0.000000 -0.999454
vn -0.026702 0.000000 -0.999643
vn -0.033031 -0.000000 -0.999454
vn -0.026702 0.000000 -0.999643
vn -0.033031 -0.000000 -0.999454
vn -0.033031 -0.000000 -0.999454
vn -0.026702 0.000000 -0.999644
vn -0.026702 0.000000 -0.999643
vn -0.033031 -0.000000 -0.999454
vn -0.026702 0.000000 -0.999643
vn -0.033031 -0.000000 -0.999454
vn -0.026702 0.000000 -0.999643
vn -0.033031 -0.000000 -0.999454
vn -0.026702 0.000000 -0.999643
vn -0.033031 -0.000000 -0.999454
vn -0.026702 0.000000 -0.999643
vn -0.033031 -0.000000 -0.999454
vn -0.026702 0.000000 -0.999643
vn -0.033031 -0.000000 -0.999454
vn -0.026702 0.000000 -0.999643
vn -0.033031 -0.000000 -0.999454
vn -0.026702 0.000000 -0.999644
vn -0.033031 -0.000000 -0.999454
vn -0.026702 0.000000 -0.999644
vn -0.033031 -0.000000 -0.999454
vn -0.026702 0.000000 -0.999643
vn -0.030736 -0.091091 -0.995368
vn -0.033031 -0.000000 -0.999454
vn -0.026702 0.000000 -0.999643
vn -0.044151 0.024978 -0.998713
vn -0.040957 0.000000 -0.999161
vn -0.047929 -0.000000 -0.998851
vn -0.040956 0.000000 -0.999161
vn -0.047929 -0.000000 -0.998851
vn -0.040957 0.000000 -0.999161
vn -0.047929 -0.000000 -0.998851
vn -0.040957 0.000000 -0.999161
vn -0.047929 -0.000000 -0.998851
vn -0.040957 0.000000 -0.999161
vn -0.047929 -0.000000 -0.998851
vn -0.040957 0.000000 -0.999161
vn -0.047929 -0.000000 -0.998851
vn -0.040957 0.000000 -0.999161
vn -0.047929 -0.000000 -0.998851
vn -0.040957 0.000000 -0.999161
vn -0.047929 -0.000000 -0.998851
vn -0.040957 0.000000 -0.999161
vn -0.047929 -0.000000 -0.998851
vn -0.040956 0.000000 -0.999161
vn -0.047929 -0.000000 -0.998851
vn -0.040957 0.000000 -0.999161
vn -0.047929 -0.000000 -0.998851
vn -0.040956 0.000000 -0.999161
vn -0.047929 -0.000000 -0.998851
vn -0.047929 -0.000000 -0.998851
vn -0.040957 0.000000 -0.999161
vn -0.047929 -0.000000 -0.998851
vn -0.040956 0.000000 -0.999161
vn -0.047929 -0.000000 -0.998851
vn -0.040957 0.000000 -0.999161
vn -0.043927 -0.103560 -0.993653
vn -0.047929 -0.000000 -0.998851
vn -0.040957 0.000000 -0.999161
vn -0.058767 0.034630 -0.997671
vn -0.053986 0.000000 -0.998542
vn -0.061677 -0.000000 -0.998096
vn -0.053986 0.000000 -0.998542
vn -0.061677 -0.000000 -0.998096
vn -0.053986 0.000000 -0.998542
vn -0.061677 -0.000000 -0.998096
vn -0.053986 0.000000 -0.998542
vn -0.061677 -0.000000 -0.998096
vn -0.053986 0.000000 -0.998542
vn -0.061677 -0.000000 -0.998096
vn -0.053986 0.000000 -0.998542
vn -0.061677 -0.000000 -0.998096
vn -0.053986 0.000000 -0.998542
vn -0.061677 -0.000000 -0.998096
vn -0.053986 0.000000 -0.998542
vn -0.061677 -0.000000 -0.998096
vn -0.053986 0.000000 -0.998542
vn -0.061677 -0.000000 -0.998096
vn -0.061677 -0.000000 -0.998096
vn -0.053986 0.000000 -0.998542
vn -0.061677 -0.000000 -0.998096
vn -0.053986 0.000000 -0.998542
vn -0.061677 -0.000000 -0.998096
vn -0.053986 0.000000 -0.998542
vn -0.061677 -0.000000 -0.998096
vn -0.053986 0.000000 -0.998542
vn -0.061677 -0.000000 -0.998096
vn -0.053986 0.000000 -0.998542
vn -0.061677 -0.000000 -0.998096
vn -0.053986 0.000000 -0.998542
vn -0.061677 -0.000000 -0.998096
vn -0.053986 0.000000 -0.998542
vn -0.061677 -0.000000 -0.998096
vn -0.053986 0.000000 -0.998542
vn -0.058521 -0.097720 -0.993492
vn -0.061677 -0.000000 -0.998096
vn -0.053986 0.000000 -0.998542
vn -0.075545 0.025981 -0.996804
vn -0.071244 0.000000 -0.997459
vn -0.080228 -0.000000 -0.996777
vn -0.071244 0.000000 -0.997459
vn -0.080228 -0.000000 -0.996777
vn -0.071244 0.000000 -0.997459
vn -0.080228 -0.000000 -0.996777
vn -0.071244 0.000000 -0.997459
vn -0.080228 -0.000000 -0.996777
vn -0.071244 0.000000 -0.997459
vn -0.071244 0.000000 -0.997459
vn -0.080228 -0.000000 -0.996777
vn -0.080228 -0.000000 -0.996777
vn -0.071244 0.000000 -0.997459
vn -0.080228 -0.000000 -0.996777
vn -0.071244 0.000000 -0.997459
vn -0.080228 -0.000000 -0.996777
vn -0.071244 0.000000 -0.997459
vn -0.080228 -0.000000 -0.996777
vn -0.071244 0.000000 -0.997459
vn -0.080228 -0.000000 -0.996777
vn -0.071244 0.000000 -0.997459
vn -0.080228 -0.000000 -0.996777
vn -0.071244 0.000000 -0.997459
vn -0.080228 -0.000000 -0.996777
vn -0.080228 -0.000000 -0.996777
vn -0.071244 0.000000 -0.997459
vn -0.080228 -0.000000 -0.996777
vn -0.071244 0.000000 -0.997459
vn -0.080228 -0.000000 -0.996777
vn -0.071244 0.000000 -0.997459
vn -0.075131 -0.107673 -0.991344
vn -0.080228 -0.000000 -0.996777
vn -0.071244 0.000000 -0.997459
vn -0.094495 0.021178 -0.995300
vn -0.090264 0.000000 -0.995918
vn -0.100382 -0.000000 -0.994949
vn -0.090264 0.000000 -0.995918
vn -0.100382 -0.000000 -0.994949
vn -0.090264 0.000000 -0.995918
vn -0.100382 -0.000000 -0.994949
vn -0.090264 0.000000 -0.995918
vn -0.100382 -0.000000 -0.994949
vn -0.090264 0.000000 -0.995918
vn -0.100382 -0.000000 -0.994949
vn -0.090264 0.000000 -0.995918
vn -0.100382 -0.000000 -0.994949
vn -0.100382 -0.000000 -0.994949
vn -0.090264 0.000000 -0.995918
vn -0.100382 -0.000000 -0.994949
vn -0.090264 0.000000 -0.995918
vn -0.100382 -0.000000 -0.994949
vn -0.090264 0.000000 -0.995918
vn -0.100382 -0.000000 -0.994949
vn -0.090264 0.000000 -0.995918
vn -0.100382 -0.000000 -0.994949
vn -0.090264 0.000000 -0.995918
vn -0.100382 -0.000000 -0.994949
vn -0.090264 0.000000 -0.995918
vn -0.100382 -0.000000 -0.994949
vn -0.090264 0.000000 -0.995918
vn -0.100382 -0.000000 -0.994949
vn -0.090264 0.000000 -0.995918
vn -0.094024 -0.101862 -0.990345
vn -0.100382 -0.000000 -0.994949
vn -0.090264 0.000000 -0.995918
vn -0.141609 0.008429 -0.989887
vn -0.129215 0.000000 -0.991617
vn -0.142300 -0.000000 -0.989824
vn -0.129215 0.000000 -0.991617
vn -0.142300 -0.000000 -0.989824
vn -0.142300 -0.000000 -0.989824
vn -0.129215 0.000000 -0.991617
vn -0.129215 0.000000 -0.991617
vn -0.142300 -0.000000 -0.989824
vn -0.129215 0.000000 -0.991617
vn -0.142300 -0.000000 -0.989824
vn -0.142300 -0.000000 -0.989824
vn -0.142300 -0.000000 -0.989824
vn -0.142300 -0.000000 -0.989824
vn -0.142300 -0.000000 -0.989823
vn -0.142300 -0.000000 -0.989824
vn -0.142300 -0.000000 -0.989824
vn -0.142300 -0.000000 -0.989824
vn -0.129215 0.000000 -0.991617
vn -0.142300 -0.000000 -0.989824
vn -0.129215 0.000000 -0.991617
vn -0.142300 -0.000000 -0.989824
vn -0.129215 0.000000 -0.991617
vn -0.142300 -0.000000 -0.989824
vn -0.129215 0.000000 -0.991617
vn -0.142300 -0.000000 -0.989824
vn -0.142300 -0.000000 -0.989824
vn -0.129215 0.000000 -0.991617
vn -0.142300 -0.000000 -0.989824
vn -0.129215 0.000000 -0.991617
vn -0.141591 -0.018264 -0.989757
vn -0.142300 -0.000000 -0.989824
vn -0.129215 0.000000 -0.991617
vn -0.173308 0.042183 -0.983964
vn -0.161397 0.000000 -0.986890
vn -0.178760 -0.000000 -0.983893
vn -0.161397 0.000000 -0.986890
vn -0.178760 -0.000000 -0.983893
vn -0.161397 0.000000 -0.986890
vn -0.178760 -0.000000 -0.983893
vn -0.161397 0.000000 -0.986890
vn -0.178760 -0.000000 -0.983893
vn -0.161397 0.000000 -0.986890
vn -0.178760 -0.000000 -0.983893
vn -0.161397 0.000000 -0.986890
vn -0.178760 -0.000000 -0.983893
vn -0.161397 0.000000 -0.986890
vn -0.178760 -0.000000 -0.983893
vn -0.161397 0.000000 -0.986889
vn -0.178760 -0.000000 -0.983893
vn -0.161397 0.000000 -0.986890
vn -0.178760 -0.000000 -0.983893
vn -0.161397 0.000000 -0.986890
vn -0.178760 -0.000000 -0.983893
vn -0.178760 -0.000000 -0.983893
vn -0.161397 0.000000 -0.986890
vn -0.178760 -0.000000 -0.983893
vn -0.161397 0.000000 -0.986890
vn -0.178760 -0.000000 -0.983893
vn -0.161397 0.000000 -0.986890
vn -0.178760 -0.000000 -0.983893
vn -0.161397 0.000000 -0.986890
vn -0.178760 -0.000000 -0.983893
vn -0.161397 0.000000 -0.986890
vn -0.178760 -0.000000 -0.983893
vn -0.161397 0.000000 -0.986890
vn -0.178760 -0.000000 -0.983893
vn -0.161397 0.000000 -0.986890
vn -0.161397 0.000000 -0.986890
vn -0.178760 -0.000000 -0.983893
vn -0.161397 0.000000 -0.986889
vn -0.178760 -0.000000 -0.983893
vn -0.172741 -0.091109 -0.980745
vn -0.193871 0.000000 -0.981027
vn -0.193871 0.000000 -0.981027
vn -0.193871 0.000000 -0.981027
vn -0.193871 0.000000 -0.981027
vn -0.193871 0.000000 -0.981027
vn -0.193871 0.000000 -0.981027
vn -0.193871 0.000000 -0.981027
vn -0.193871 0.000000 -0.981027
vn -0.193871 0.000000 -0.981027
vn -0.193871 0.000000 -0.981027
vn -0.193871 0.000000 -0.981027
vn -0.193871 0.000000 -0.981027
vn -0.193871 0.000000 -0.981027
vn -0.193871 0.000000 -0.981027
vn -0.193871 0.000000 -0.981027
vn -0.193871 0.000000 -0.981027
vn -0.193871 0.000000 -0.981027
vn -0.193871 0.000000 -0.981027
vn -0.193871 0.000000 -0.981027
vn -0.193871 0.000000 -0.981027
vn -0.193871 0.000000 -0.981027
vn -0.209364 0.033996 -0.977247
vn -0.199001 0.353755 -0.913923
vn -0.210929 0.000000 -0.977501
vn -0.231948 -0.000000 -0.972728
vn -0.210929 0.000000 -0.977501
vn -0.231948 -0.000000 -0.972728
vn -0.210929 0.000000 -0.977501
vn -0.210929 0.000000 -0.977501
vn -0.231948 -0.000000 -0.972728
vn -0.210929 0.000000 -0.977501
vn -0.210929 0.000000 -0.977501
vn -0.231948 -0.000000 -0.972728
vn -0.210929 0.000000 -0.977501
vn -0.210929 0.000000 -0.977501
vn -0.231948 -0.000000 -0.972728
vn -0.210929 0.000000 -0.977501
vn -0.210929 0.000000 -0.977501
vn -0.231948 -0.000000 -0.972728
vn -0.210929 0.000000 -0.977501
vn -0.231948 -0.000000 -0.972728
vn -0.210929 0.000000 -0.977501
vn -0.210929 0.000000 -0.977501
vn -0.210929 0.000000 -0.977501
vn -0.210929 0.000000 -0.977501
vn -0.231948 -0.000000 -0.972728
vn -0.210929 0.000000 -0.977501
vn -0.231948 -0.000000 -0.972728
vn -0.210929 0.000000 -0.977501
vn -0.210929 0.000000 -0.977501
vn -0.231948 -0.000000 -0.972728
vn -0.210929 0.000000 -0.977501
vn -0.231948 -0.000000 -0.972728
vn -0.210929 0.000000 -0.977501
vn -0.231948 -0.000000 -0.972728
vn -0.210929 0.000000 -0.977501
vn -0.210929 0.000000 -0.977501
vn -0.231948 -0.000000 -0.972728
vn -0.210929 0.000000 -0.977501
vn -0.210929 0.000000 -0.977501
vn -0.210929 0.000000 -0.977501
vn -0.231948 -0.000000 -0.972728
vn -0.210929 0.000000 -0.977501
vn -0.231948 -0.000000 -0.972728
vn -0.210929 0.000000 -0.977501
vn -0.231948 -0.000000 -0.972728
vn -0.210929 0.000000 -0.977501
vn -0.210929 0.000000 -0.977501
vn -0.210929 0.000000 -0.977501
vn -0.231948 -0.000000 -0.972728
vn -0.210929 0.000000 -0.977501
vn -0.231948 -0.000000 -0.972728
vn -0.210929 0.000000 -0.977501
vn -0.210929 0.000000 -0.977501
vn -0.231948 -0.000000 -0.972728
vn -0.210929 0.000000 -0.977501
vn -0.210929 0.000000 -0.977501
vn -0.231948 -0.000000 -0.972728
vn -0.210929 0.000000 -0.977501
vn -0.210929 0.000000 -0.977501
vn -0.231948 -0.000000 -0.972728
vn -0.210929 0.000000 -0.977501
vn -0.210929 0.000000 -0.977501
vn -0.231948 -0.000000 -0.972728
vn -0.210929 0.000000 -0.977501
vn -0.212337 -0.062901 -0.975170
vn -0.210828 -0.030959 -0.977033
vn -0.210929 0.000000 -0.977501
vn -0.259005 0.031450 -0.965364
vn -0.254061 0.000000 -0.967188
vn -0.279074 -0.000000 -0.960270
vn -0.254061 0.000000 -0.967188
vn -0.279074 -0.000000 -0.960270
vn -0.254061 0.000000 -0.967188
vn -0.279074 -0.000000 -0.960270
vn -0.254061 0.000000 -0.967188
vn -0.279074 -0.000000 -0.960270
vn -0.254061 0.000000 -0.967188
vn -0.279074 -0.000000 -0.960270
vn -0.254061 0.000000 -0.967188
vn -0.279074 -0.000000 -0.960270
vn -0.254061 0.000000 -0.967188
vn -0.279074 -0.000000 -0.960270
vn -0.254061 0.000000 -0.967188
vn -0.279074 -0.000000 -0.960270
vn -0.254061 0.000000 -0.967188
vn -0.279074 -0.000000 -0.960270
vn -0.254061 0.000000 -0.967188
vn -0.279074 -0.000000 -0.960270
vn -0.279074 -0.000000 -0.960270
vn -0.254061 0.000000 -0.967188
vn -0.279074 -0.000000 -0.960270
vn -0.254061 0.000000 -0.967188
vn -0.279074 -0.000000 -0.960270
vn -0.254061 0.000000 -0.967188
vn -0.279074 -0.000000 -0.960270
vn -0.254061 0.000000 -0.967188
vn -0.279074 -0.000000 -0.960270
vn -0.254061 0.000000 -0.967188
vn -0.279074 -0.000000 -0.960270
vn -0.254061 0.000000 -0.967188
vn -0.279074 -0.000000 -0.960270
vn -0.254061 0.000000 -0.967188
vn -0.279074 -0.000000 -0.960270
vn -0.254061 0.000000 -0.967188
vn -0.258533 -0.068026 -0.963604
vn -0.279074 -0.000000 -0.960270
vn -0.254061 0.000000 -0.967188
vn -0.384993 0.009546 -0.922870
vn -0.347767 0.000000 -0.937581
vn -0.387150 -0.000000 -0.922017
vn -0.347767 0.000000 -0.937581
vn -0.387150 -0.000000 -0.922017
vn -0.347767 0.000000 -0.937581
vn -0.387150 -0.000000 -0.922017
vn -0.347767 0.000000 -0.937581
vn -0.387150 -0.000000 -0.922017
vn -0.387150 -0.000000 -0.922017
vn -0.347767 0.000000 -0.937581
vn -0.387150 -0.000000 -0.922017
vn -0.347767 0.000000 -0.937581
vn -0.387150 -0.000000 -0.922017
vn -0.347767 0.000000 -0.937581
vn -0.387150 -0.000000 -0.922017
vn -0.347768 0.000000 -0.937581
vn -0.347767 0.000000 -0.937581
vn -0.387150 -0.000000 -0.922017
vn -0.387150 -0.000000 -0.922017
vn -0.347768 0.000000 -0.937581
vn -0.387150 -0.000000 -0.922017
vn -0.347767 0.000000 -0.937581
vn -0.387150 -0.000000 -0.922017
vn -0.347767 0.000000 -0.937581
vn -0.387150 -0.000000 -0.922017
vn -0.347767 0.000000 -0.937581
vn -0.387150 -0.000000 -0.922017
vn -0.347767 0.000000 -0.937581
vn -0.387150 -0.000000 -0.922017
vn -0.347767 0.000000 -0.937581
vn -0.387150 -0.000000 -0.922017
vn -0.347767 0.000000 -0.937581
vn -0.387150 -0.000000 -0.922017
vn -0.347767 0.000000 -0.937581
vn -0.387150 -0.000000 -0.922017
vn -0.347767 0.000000 -0.937581
vn -0.384928 -0.020681 -0.922715
vn -0.387150 -0.000000 -0.922017
vn -0.347767 0.000000 -0.937581
vn -0.477945 0.042096 -0.877381
vn -0.444028 0.000000 -0.896013
vn -0.493492 -0.000000 -0.869750
vn -0.444028 0.000000 -0.896013
vn -0.493492 -0.000000 -0.869750
vn -0.444028 0.000000 -0.896013
vn -0.493492 -0.000000 -0.869750
vn -0.444028 0.000000 -0.896013
vn -0.493492 -0.000000 -0.869750
vn -0.444028 0.000000 -0.896013
vn -0.493492 -0.000000 -0.869750
vn -0.444029 0.000000 -0.896013
vn -0.493492 -0.000000 -0.869750
vn -0.444028 0.000000 -0.896013
vn -0.493492 -0.000000 -0.869750
vn -0.444028 0.000000 -0.896013
vn -0.493492 -0.000000 -0.869750
vn -0.444029 0.000000 -0.896013
vn -0.493492 -0.000000 -0.869750
vn -0.444029 0.000000 -0.896013
vn -0.493492 -0.000000 -0.869750
vn -0.493492 -0.000000 -0.869750
vn -0.444028 0.000000 -0.896013
vn -0.493492 -0.000000 -0.869750
vn -0.444029 0.000000 -0.896013
vn -0.493492 -0.000000 -0.869750
vn -0.444028 0.000000 -0.896013
vn -0.493492 -0.000000 -0.869750
vn -0.444028 0.000000 -0.896013
vn -0.493492 -0.000000 -0.869750
vn -0.444028 0.000000 -0.896013
vn -0.493492 -0.000000 -0.869750
vn -0.444028 0.000000 -0.896013
vn -0.493492 -0.000000 -0.869750
vn -0.444028 0.000000 -0.896013
vn -0.493492 -0.000000 -0.869750
vn -0.444028 0.000000 -0.896013
vn -0.444028 0.000000 -0.896013
vn -0.476388 -0.090922 -0.874522
vn -0.493492 -0.000000 -0.869750
vn -0.581571 0.014560 -0.813365
vn -0.574972 0.000000 -0.818173
vn -0.632598 -0.000000 -0.774480
vn -0.574972 0.000000 -0.818173
vn -0.632598 -0.000000 -0.774480
vn -0.574972 0.000000 -0.818173
vn -0.632598 -0.000000 -0.774480
vn -0.574971 0.000000 -0.818173
vn -0.632598 -0.000000 -0.774480
vn -0.692883 -0.008197 -0.721004
vn -0.574972 0.000000 -0.818173
vn -0.682898 -0.000000 -0.730513
vn -0.574972 0.000000 -0.818173
vn -0.682898 -0.000000 -0.730513
vn -0.574971 0.000000 -0.818173
vn -0.682898 -0.000000 -0.730513
vn -0.574972 0.000000 -0.818173
vn -0.682898 -0.000000 -0.730513
vn -0.574972 0.000000 -0.818173
vn -0.682898 -0.000000 -0.730513
vn -0.574972 0.000000 -0.818173
vn -0.682898 -0.000000 -0.730513
vn -0.574972 0.000000 -0.818173
vn -0.682898 -0.000000 -0.730513
vn -0.574971 0.000000 -0.818173
vn -0.682898 -0.000000 -0.730513
vn -0.574972 0.000000 -0.818173
vn -0.682898 -0.000000 -0.730513
vn -0.574971 0.000000 -0.818173
vn -0.692877 0.009142 -0.720998
vn -0.682898 -0.000000 -0.730513
vn -0.574972 0.000000 -0.818173
vn -0.632598 -0.000000 -0.774480
vn -0.632598 -0.000000 -0.774480
vn -0.574971 0.000000 -0.818173
vn -0.632598 -0.000000 -0.774480
vn -0.574972 0.000000 -0.818173
vn -0.632598 -0.000000 -0.774480
vn -0.574972 0.000000 -0.818173
vn -0.581343 -0.031539 -0.813047
vn -0.632598 -0.000000 -0.774480
vn -0.574972 0.000000 -0.818173
vn -0.122952 -0.001675 -0.992411
vn -0.122764 -0.000000 -0.992436
vn -0.122764 -0.000000 -0.992436
vn -0.122764 -0.000000 -0.992436
vn -0.110543 0.000000 -0.993871
vn -0.122764 -0.000000 -0.992436
vn -0.122764 -0.000000 -0.992436
vn -0.122933 0.001631 -0.992414
vn -0.122764 -0.000000 -0.992436
vn -0.116156 -0.013609 -0.993138
vn -0.116156 0.013609 -0.993138
vn 0.000000 1.000000 0.000000
vn 0.000000 1.000000 0.000000
vn 0.000000 1.000000 0.000000
vn 0.000000 1.000000 0.000000
vn 0.000000 1.000000 0.000000
vn 0.000000 1.000000 0.000000
vn 0.000000 1.000000 0.000000
vn 0.000000 1.000000 0.000000
vn 0.000000 1.000000 0.000000
vn 0.000000 1.000000 0.000000
vn 0.000000 1.000000 0.000000
vn 0.000000 1.000000 0.000000
vn 0.000000 1.000000 0.000000
vn 0.000000 1.000000 0.000000
vn 0.000000 1.000000 0.000000
vn 0.000000 1.000000 0.000000
vn 0.000000 1.000000 0.000000
vn -0.000000 1.000000 0.000000
vn 0.000000 1.000000 0.000000
vn -0.000000 1.000000 0.000000
vn 0.000000 1.000000 0.000000
vn -0.000000 1.000000 0.000000
vn -0.000000 1.000000 0.000000
vn 0.000000 1.000000 0.000000
vn -0.000000 1.000000 0.000000
vn 0.000000 1.000000 0.000000
vn -0.000000 1.000000 0.000000
vn 0.000000 1.000000 0.000000
vn -0.000000 1.000000 0.000000
vn 0.000000 1.000000 0.000000
vn -0.000000 1.000000 0.000000
vn 0.000000 1.000000 0.000000
vn 0.000000 1.000000 0.000000
vn -0.000000 1.000000 0.000000
vn 0.000000 1.000000 0.000000
vn 0.000000 1.000000 0.000000
vn -0.000000 1.000000 0.000000
vn 0.000000 1.000000 0.000000
vn -0.000000 1.000000 0.000000
vn 0.000000 1.000000 0.000000
vn -0.000000 1.000000 0.000000
vn 0.000000 1.000000 0.000000
vn -0.000000 1.000000 0.000000
vn 0.000000 1.000000 0.000000
vn -0.000000 1.000000 0.000000
vn 0.000000 1.000000 0.000000
vn 0.000000 1.000000 0.000000
vn -0.000000 1.000000 0.000000
vn 0.000000 1.000000 0.000000
vn -0.000000 1.000000 0.000000
vn 0.000000 1.000000 0.000000
vn -0.000000 1.000000 0.000000
vn -0.000000 1.000000 0.000000
vn 0.000000 1.000000 0.000000
vn 0.000000 1.000000 0.000000
vn -0.000000 1.000000 0.000000
vn 0.000000 1.000000 0.000000
vn -0.000000 1.000000 0.000000
vn 0.000000 1.000000 0.000000
vn -0.000000 1.000000 0.000000
vn 0.000000 1.000000 0.000000
vn -0.000000 1.000000 0.000000
vn 0.000000 1.000000 0.000000
vn -0.000000 1.000000 0.000000
vn 0.000000 1.000000 0.000000
vn -0.000000 1.000000 0.000000
vn 0.000000 1.000000 0.000000
vn -0.000000 1.000000 0.000000
vn 0.000000 1.000000 0.000000
vn -0.000000 1.000000 0.000000
vn 0.000000 1.000000 0.000000
vn -0.000000 1.000000 0.000000
vn 0.000000 1.000000 0.000000
vn -0.000000 1.000000 0.000000
vn 0.000000 1.000000 0.000000
vn -0.000000 1.000000 0.000000
vn 0.000000 1.000000 0.000000
vn -0.000000 1.000000 0.000000
vn 0.000000 1.000000 0.000000
vn 0.000000 1.000000 0.000000
vn -0.000000 1.000000 0.000000
vn 0.000000 1.000000 0.000000
vn -0.000000 1.000000 0.000000
vn 0.000000 1.000000 0.000000
vn -0.000000 1.000000 0.000000
vn 0.000000 1.000000 0.000000
vn -0.000000 1.000000 0.000000
vn 0.000000 1.000000 0.000000
vn 0.000000 1.000000 0.000000
vn -0.535826 0.000000 0.844328
vn -0.535826 0.000000 0.844328
vn 0.000000 -1.000000 0.000000
vn 0.000000 -1.000000 0.000000
vn -0.000000 -1.000000 0.000000
vn -0.000000 -1.000000 0.000000
vn 0.000000 -1.000000 0.000000
vn -0.000000 -1.000000 0.000000
vn 0.000000 -1.000000 0.000000
vn -0.000000 -1.000000 0.000000
vn 0.000000 -1.000000 0.000000
vn -0.000000 -1.000000 0.000000
vn -0.000000 -1.000000 0.000000
vn 0.000000 -1.000000 0.000000
vn -0.000000 -1.000000 0.000000
vn 0.000000 -1.000000 0.000000
vn -0.000000 -1.000000 0.000000
vn 0.000000 -1.000000 0.000000
vn -0.000000 -1.000000 0.000000
vn 0.000000 -1.000000 0.000000
vn -0.000000 -1.000000 0.000000
vn 0.000000 -1.000000 0.000000
vn -0.000000 -1.000000 0.000000
vn 0.000000 -1.000000 0.000000
vn -0.000000 -1.000000 0.000000
vn 0.000000 -1.000000 0.000000
vn -0.000000 -1.000000 0.000000
vn 0.000000 -1.000000 0.000000
vn -0.000000 -1.000000 0.000000
vn 0.000000 -1.000000 0.000000
vn -0.000000 -1.000000 0.000000
vn 0.000000 -1.000000 0.000000
vn -0.000000 -1.000000 0.000000
vn 0.000000 -1.000000 0.000000
vn -0.000000 -1.000000 0.000000
vn 0.000000 -1.000000 0.000000
vn -0.000000 -1.000000 0.000000
vn -0.000000 -1.000000 0.000000
vn 0.000000 -1.000000 0.000000
vn 0.000000 -1.000000 0.000000
vn -0.000000 -1.000000 0.000000
vn 0.000000 -1.000000 0.000000
vn -0.000000 -1.000000 0.000000
vn 0.000000 -1.000000 0.000000
vn 0.000000 -1.000000 0.000000
vn -0.000000 -1.000000 0.000000
vn 0.000000 -1.000000 0.000000
vn -0.000000 -1.000000 0.000000
vn 0.000000 -1.000000 0.000000
vn -0.000000 -1.000000 0.000000
vn 0.000000 -1.000000 0.000000
vn -0.000000 -1.000000 0.000000
vn 0.000000 -1.000000 0.000000
vn -0.000000 -1.000000 0.000000
vn 0.000000 -1.000000 0.000000
vn 0.000000 -1.000000 0.000000
vn 0.000000 -1.000000 -0.000000
vn 0.000000 -1.000000 0.000000
vn 0.000000 -1.000000 0.000000
vn 0.000000 -1.000000 0.000000
vn 0.000000 -1.000000 0.000000
vn 0.000000 -1.000000 0.000000
vn 0.000000 -1.000000 0.000000
vn 0.000000 -1.000000 0.000000
vn 0.000000 -1.000000 0.000000
vn 0.000000 -1.000000 0.000000
vn 0.000000 -1.000000 0.000000
vn 0.000000 -1.000000 0.000000
vn 0.000000 -1.000000 0.000000
vn -0.000000 -1.000000 0.000000
vn 0.000000 -1.000000 0.000000
vn -0.000000 -1.000000 0.000000
vn 0.000000 -1.000000 0.000000
vn -0.000000 -1.000000 0.000000
vn 0.000000 -1.000000 0.000000
vn 0.000000 -1.000000 0.000000
vn -0.000000 -1.000000 0.000000
vn 0.000000 -1.000000 0.000000
vn -0.000000 -1.000000 0.000000
vn 0.000000 -1.000000 0.000000
vn -0.000000 -1.000000 0.000000
vn 0.000000 -1.000000 0.000000
vn -0.000000 -1.000000 0.000000
vn 0.000000 -1.000000 0.000000
vn -0.000000 -1.000000 0.000000
vn 0.000000 -1.000000 0.000000
vn -0.000000 -1.000000 0.000000
vn 0.000000 -1.000000 0.000000
vn -0.000000 -1.000000 0.000000
vn 0.000000 -1.000000 0.000000
vn -0.000000 -1.000000 0.000000
vn 0.987799 0.000000 -0.155736
vn 0.987799 0.000000 -0.155736
vn 0.143843 0.000000 0.989601
vn 0.143838 0.000011 0.989601
vn 0.120127 -0.000011 0.992759
vn 0.120113 0.000024 0.992760
vn 0.095956 -0.000022 0.995386
vn 0.095939 0.000023 0.995387
vn 0.074380 -0.000022 0.997230
vn 0.074364 0.000023 0.997231
vn 0.054175 -0.000022 0.998531
vn 0.054161 0.000022 0.998532
vn 0.035516 -0.000022 0.999369
vn 0.035502 0.000022 0.999370
vn 0.018993 -0.000020 0.999820
vn 0.018982 0.000021 0.999820
vn 0.004514 -0.000021 0.999990
vn 0.004503 0.000022 0.999990
vn -0.008859 -0.000022 0.999961
vn -0.008869 0.000022 0.999961
vn -0.021248 -0.000022 0.999774
vn -0.021257 0.000022 0.999774
vn -0.032468 -0.000021 0.999473
vn -0.032476 0.000022 0.999473
vn -0.042558 -0.000021 0.999094
vn -0.042565 0.000023 0.999094
vn -0.051560 -0.000022 0.998670
vn -0.051567 0.000024 0.998670
vn -0.059331 -0.000021 0.998238
vn -0.059337 0.000022 0.998238
vn -0.065629 -0.000020 0.997844
vn -0.065634 0.000021 0.997844
vn -0.070140 -0.000017 0.997537
vn -0.070141 0.000009 0.997537
vn -0.069461 0.000019 0.997585
vn -0.069460 0.000039 0.997585
vn -0.064822 -0.000044 0.997897
vn -0.064817 -0.000000 0.997897
vn -0.062107 -0.000752 0.998069
vn -0.062242 -0.000043 0.998061
vn -0.054842 -0.000617 0.998495
vn -0.055045 0.000673 0.998484
vn -0.049619 -0.000848 0.998768
vn -0.049855 0.000732 0.998756
vn -0.040945 -0.000798 0.999161
vn -0.041260 0.001005 0.999148
vn -0.031543 -0.000803 0.999502
vn -0.031801 0.000778 0.999494
vn -0.024984 -0.000385 0.999688
vn -0.025251 0.000378 0.999681
vn -0.020229 -0.000451 0.999795
vn -0.020538 0.000430 0.999789
vn -0.012126 -0.000855 0.999926
vn -0.012481 0.000942 0.999922
vn -0.000994 0.000820 0.999999
vn -0.000638 -0.000782 1.000000
vn 0.007759 0.000413 0.999970
vn 0.008103 -0.000413 0.999967
vn 0.013828 0.000408 0.999904
vn 0.014170 -0.000410 0.999900
vn 0.022512 0.000790 0.999746
vn 0.022872 -0.000816 0.999738
vn 0.034974 0.000886 0.999388
vn 0.035397 -0.000863 0.999373
vn 0.049537 0.000896 0.998772
vn 0.050020 -0.000847 0.998748
vn 0.065665 0.000855 0.997841
vn 0.066188 -0.000817 0.997807
vn 0.083036 0.000830 0.996546
vn 0.083601 -0.000798 0.996499
vn 0.102097 0.000825 0.994774
vn 0.102730 -0.000789 0.994709
vn 0.124060 0.000832 0.992274
vn 0.124811 -0.000782 0.992180
vn 0.150842 0.000840 0.988558
vn 0.151780 -0.000773 0.988414
vn 0.184608 0.000825 0.982812
vn 0.185790 -0.000750 0.982589
vn 0.228589 0.000869 0.973523
vn 0.230001 -0.000785 0.973190
vn 0.280600 0.000778 0.959825
vn 0.282090 -0.000774 0.959388
vn 0.320175 0.000377 0.947358
vn 0.321832 -0.000389 0.946797
vn 0.352001 0.000480 0.935999
vn 0.354276 -0.000536 0.935141
vn 0.405757 0.000867 0.913981
vn 0.409151 -0.000744 0.912467
vn 0.505427 0.001026 0.862869
vn 0.510126 -0.000842 0.860099
vn 0.643078 0.000783 0.765800
vn 0.647586 -0.000400 0.761992
vn 0.783838 0.000440 0.620966
vn 0.785356 -0.000000 0.619045
g MeshExport
f 1//1 2//1 3//1
f 3//2 2//2 4//2
f 5//3 6//3 7//3
f 7//4 6//4 8//4
f 9//5 10//5 11//5
f 9//6 12//6 10//6
f 13//7 14//7 15//7
f 13//8 16//8 14//8
f 17//9 18//9 19//9
f 19//10 18//10 20//10
f 21//11 22//11 23//11
f 23//12 22//12 24//12
f 25//13 26//13 27//13
f 25//14 28//14 26//14
f 26//15 28//15 27//15
f 25//16 29//16 28//16
f 28//17 29//17 27//17
f 25//18 30//18 29//18
f 29//19 30//19 27//19
f 25//20 31//20 30//20
f 30//21 31//21 27//21
f 25//22 32//22 31//22
f 31//23 32//23 27//23
f 25//24 33//24 32//24
f 32//25 33//25 27//25
f 25//26 34//26 33//26
f 33//27 34//27 27//27
f 25//28 35//28 34//28
f 34//29 35//29 27//29
f 25//30 36//30 35//30
f 35//31 36//31 27//31
f 25//32 37//32 36//32
f 36//33 37//33 27//33
f 25//34 38//34 37//34
f 37//35 38//35 27//35
f 39//36 38//36 25//36
f 27//37 38//37 40//37
f 38//38 41//38 40//38
f 39//39 41//39 38//39
f 41//40 42//40 40//40
f 39//41 42//41 41//41
f 42//42 43//42 40//42
f 39//43 43//43 42//43
f 43//44 44//44 40//44
f 39//45 44//45 43//45
f 39//46 45//46 44//46
f 44//47 45//47 40//47
f 45//48 46//48 40//48
f 39//49 46//49 45//49
f 46//50 47//50 40//50
f 39//51 47//51 46//51
f 47//52 48//52 40//52
f 39//53 48//53 47//53
f 48//54 49//54 40//54
f 39//55 49//55 48//55
f 40//56 50//56 39//56
f 49//57 50//57 40//57
f 39//58 50//58 49//58
f 27//59 51//59 52//59
f 51//60 53//60 52//60
f 27//61 53//61 51//61
f 27//62 54//62 53//62
f 53//63 54//63 52//63
f 54//64 55//64 52//64
f 27//65 55//65 54//65
f 27//66 56//66 55//66
f 55//67 56//67 52//67
f 56//68 57//68 52//68
f 27//69 57//69 56//69
f 52//70 58//70 59//70
f 27//71 58//71 57//71
f 40//72 58//72 27//72
f 57//73 58//73 52//73
f 40//74 60//74 58//74
f 58//75 60//75 59//75
f 60//76 61//76 59//76
f 40//77 61//77 60//77
f 40//78 62//78 61//78
f 61//79 62//79 59//79
f 62//80 63//80 59//80
f 40//81 63//81 62//81
f 63//82 64//82 59//82
f 40//83 64//83 63//83
f 64//84 65//84 59//84
f 40//85 65//85 64//85
f 65//86 66//86 59//86
f 40//87 66//87 65//87
f 66//88 67//88 59//88
f 40//89 67//89 66//89
f 67//90 68//90 59//90
f 40//91 68//91 67//91
f 59//92 69//92 40//92
f 68//93 69//93 59//93
f 40//94 69//94 68//94
f 52//95 70//95 71//95
f 52//96 72//96 70//96
f 70//97 72//97 71//97
f 72//98 73//98 71//98
f 52//99 73//99 72//99
f 59//100 74//100 52//100
f 71//101 74//101 75//101
f 52//102 74//102 73//102
f 73//103 74//103 71//103
f 59//104 76//104 74//104
f 74//105 76//105 75//105
f 76//106 77//106 75//106
f 59//107 77//107 76//107
f 77//108 78//108 75//108
f 59//109 78//109 77//109
f 78//110 79//110 75//110
f 59//111 79//111 78//111
f 79//112 80//112 75//112
f 59//113 80//113 79//113
f 80//114 81//114 75//114
f 59//115 81//115 80//115
f 81//116 82//116 75//116
f 59//117 82//117 81//117
f 82//118 83//118 75//118
f 59//119 83//119 82//119
f 83//120 84//120 75//120
f 59//121 84//121 83//121
f 75//122 85//122 59//122
f 84//123 85//123 75//123
f 59//124 85//124 84//124
f 71//125 86//125 3//125
f 71//126 87//126 86//126
f 86//127 87//127 3//127
f 71//128 88//128 87//128
f 87//129 88//129 3//129
f 71//130 89//130 88//130
f 88//131 89//131 3//131
f 71//132 90//132 89//132
f 89//133 90//133 3//133
f 71//134 91//134 90//134
f 90//135 91//135 3//135
f 71//136 92//136 91//136
f 91//137 92//137 3//137
f 75//138 93//138 71//138
f 3//139 93//139 1//139
f 71//140 93//140 92//140
f 92//141 93//141 3//141
f 93//142 94//142 1//142
f 75//143 94//143 93//143
f 94//144 95//144 1//144
f 75//145 95//145 94//145
f 95//146 96//146 1//146
f 75//147 96//147 95//147
f 96//148 97//148 1//148
f 75//149 97//149 96//149
f 97//150 98//150 1//150
f 75//151 98//151 97//151
f 98//152 99//152 1//152
f 75//153 99//153 98//153
f 99//154 100//154 1//154
f 75//155 100//155 99//155
f 100//156 101//156 1//156
f 75//157 101//157 100//157
f 101//158 102//158 1//158
f 75//159 102//159 101//159
f 1//160 103//160 75//160
f 102//161 103//161 1//161
f 75//162 103//162 102//162
f 4//163 104//163 105//163
f 4//164 106//164 104//164
f 104//165 106//165 105//165
f 4//166 107//166 106//166
f 106//167 107//167 105//167
f 4//168 108//168 107//168
f 107//169 108//169 105//169
f 4//170 109//170 108//170
f 108//171 109//171 105//171
f 4//172 110//172 109//172
f 109//173 110//173 105//173
f 4//174 111//174 110//174
f 110//175 111//175 105//175
f 4//176 112//176 111//176
f 111//177 112//177 105//177
f 112//178 113//178 105//178
f 4//179 113//179 112//179
f 113//180 114//180 105//180
f 4//181 114//181 113//181
f 114//182 115//182 105//182
f 4//183 115//183 114//183
f 2//184 115//184 4//184
f 105//185 115//185 116//185
f 115//186 117//186 116//186
f 2//187 117//187 115//187
f 117//188 118//188 116//188
f 2//189 118//189 117//189
f 118//190 119//190 116//190
f 2//191 119//191 118//191
f 119//192 120//192 116//192
f 2//193 120//193 119//193
f 120//194 121//194 116//194
f 2//195 121//195 120//195
f 121//196 122//196 116//196
f 2//197 122//197 121//197
f 122//198 123//198 116//198
f 2//199 123//199 122//199
f 123//200 124//200 116//200
f 2//201 124//201 123//201
f 124//202 125//202 116//202
f 2//203 125//203 124//203
f 116//204 126//204 2//204
f 125//205 126//205 116//205
f 2//206 126//206 125//206
f 105//207 127//207 128//207
f 105//208 129//208 127//208
f 127//209 129//209 128//209
f 105//210 130//210 129//210
f 129//211 130//211 128//211
f 105//212 131//212 130//212
f 130//213 131//213 128//213
f 105//214 132//214 131//214
f 131//215 132//215 128//215
f 105//216 133//216 132//216
f 132//217 133//217 128//217
f 105//218 134//218 133//218
f 133//219 134//219 128//219
f 105//220 135//220 134//220
f 134//221 135//221 128//221
f 105//222 136//222 135//222
f 135//223 136//223 128//223
f 116//224 137//224 105//224
f 128//225 137//225 138//225
f 105//226 137//226 136//226
f 136//227 137//227 128//227
f 137//228 139//228 138//228
f 116//229 139//229 137//229
f 139//230 140//230 138//230
f 116//231 140//231 139//231
f 140//232 141//232 138//232
f 116//233 141//233 140//233
f 141//234 142//234 138//234
f 116//235 142//235 141//235
f 142//236 143//236 138//236
f 116//237 143//237 142//237
f 143//238 144//238 138//238
f 116//239 144//239 143//239
f 144//240 145//240 138//240
f 116//241 145//241 144//241
f 145//242 146//242 138//242
f 116//243 146//243 145//243
f 146//244 147//244 138//244
f 116//245 147//245 146//245
f 116//246 148//246 147//246
f 138//247 148//247 116//247
f 147//248 148//248 138//248
f 128//249 149//249 150//249
f 128//250 151//250 149//250
f 149//251 151//251 150//251
f 151//252 152//252 150//252
f 128//253 152//253 151//253
f 152//254 153//254 150//254
f 128//255 153//255 152//255
f 153//256 154//256 150//256
f 128//257 154//257 153//257
f 154//258 155//258 150//258
f 128//259 155//259 154//259
f 155//260 156//260 150//260
f 128//261 156//261 155//261
f 156//262 157//262 150//262
f 128//263 157//263 156//263
f 128//264 158//264 157//264
f 157//265 158//265 150//265
f 138//266 159//266 128//266
f 150//267 159//267 160//267
f 128//268 159//268 158//268
f 158//269 159//269 150//269
f 159//270 161//270 160//270
f 138//271 161//271 159//271
f 161//272 162//272 160//272
f 138//273 162//273 161//273
f 162//274 163//274 160//274
f 138//275 163//275 162//275
f 163//276 164//276 160//276
f 138//277 164//277 163//277
f 164//278 165//278 160//278
f 138//279 165//279 164//279
f 165//280 166//280 160//280
f 138//281 166//281 165//281
f 166//282 167//282 160//282
f 138//283 167//283 166//283
f 167//284 168//284 160//284
f 138//285 168//285 167//285
f 168//286 169//286 160//286
f 138//287 169//287 168//287
f 160//288 170//288 138//288
f 169//289 170//289 160//289
f 138//290 170//290 169//290
f 150//291 171//291 172//291
f 150//292 173//292 171//292
f 171//293 173//293 172//293
f 150//294 174//294 173//294
f 173//295 174//295 172//295
f 150//296 175//296 174//296
f 174//297 175//297 172//297
f 150//298 176//298 175//298
f 175//299 176//299 172//299
f 150//300 177//300 176//300
f 176//301 177//301 172//301
f 150//302 178//302 177//302
f 177//303 178//303 172//303
f 160//304 179//304 150//304
f 172//305 179//305 180//305
f 150//306 179//306 178//306
f 178//307 179//307 172//307
f 179//308 181//308 180//308
f 160//309 181//309 179//309
f 181//310 182//310 180//310
f 160//311 182//311 181//311
f 182//312 183//312 180//312
f 160//313 183//313 182//313
f 183//314 184//314 180//314
f 160//315 184//315 183//315
f 184//316 185//316 180//316
f 160//317 185//317 184//317
f 185//318 186//318 180//318
f 160//319 186//319 185//319
f 186//320 187//320 180//320
f 160//321 187//321 186//321
f 187//322 188//322 180//322
f 160//323 188//323 187//323
f 188//324 189//324 180//324
f 160//325 189//325 188//325
f 180//326 190//326 160//326
f 189//327 190//327 180//327
f 160//328 190//328 189//328
f 172//329 191//329 192//329
f 172//330 193//330 191//330
f 191//331 193//331 192//331
f 172//332 194//332 193//332
f 193//333 194//333 192//333
f 172//334 195//334 194//334
f 194//335 195//335 192//335
f 172//336 196//336 195//336
f 195//337 196//337 192//337
f 172//338 197//338 196//338
f 180//339 197//339 172//339
f 196//340 197//340 192//340
f 192//341 197//341 198//341
f 180//342 199//342 197//342
f 197//343 199//343 198//343
f 199//344 200//344 198//344
f 180//345 200//345 199//345
f 200//346 201//346 198//346
f 180//347 201//347 200//347
f 201//348 202//348 198//348
f 180//349 202//349 201//349
f 202//350 203//350 198//350
f 180//351 203//351 202//351
f 203//352 204//352 198//352
f 180//353 204//353 203//353
f 204//354 205//354 198//354
f 180//355 205//355 204//355
f 205//356 206//356 198//356
f 180//357 206//357 205//357
f 206//358 207//358 198//358
f 180//359 207//359 206//359
f 198//360 208//360 180//360
f 207//361 208//361 198//361
f 180//362 208//362 207//362
f 192//363 209//363 210//363
f 192//364 211//364 209//364
f 209//365 211//365 210//365
f 192//366 212//366 211//366
f 211//367 212//367 210//367
f 192//368 213//368 212//368
f 212//369 213//369 210//369
f 192//370 214//370 213//370
f 213//371 214//371 210//371
f 192//372 215//372 214//372
f 214//373 215//373 210//373
f 192//374 216//374 215//374
f 215//375 216//375 210//375
f 192//376 217//376 216//376
f 216//377 217//377 210//377
f 198//378 218//378 192//378
f 210//379 218//379 219//379
f 192//380 218//380 217//380
f 217//381 218//381 210//381
f 218//382 220//382 219//382
f 198//383 220//383 218//383
f 220//384 221//384 219//384
f 198//385 221//385 220//385
f 221//386 222//386 219//386
f 198//387 222//387 221//387
f 222//388 223//388 219//388
f 198//389 223//389 222//389
f 223//390 224//390 219//390
f 198//391 224//391 223//391
f 224//392 225//392 219//392
f 198//393 225//393 224//393
f 225//394 226//394 219//394
f 198//395 226//395 225//395
f 226//396 227//396 219//396
f 198//397 227//397 226//397
f 227//398 228//398 219//398
f 198//399 228//399 227//399
f 219//400 229//400 198//400
f 228//401 229//401 219//401
f 198//402 229//402 228//402
f 230//403 231//403 232//403
f 230//404 233//404 231//404
f 230//405 234//405 233//405
f 230//406 235//406 234//406
f 230//407 236//407 235//407
f 230//408 237//408 236//408
f 230//409 238//409 237//409
f 230//410 239//410 238//410
f 230//411 240//411 239//411
f 230//412 241//412 240//412
f 210//413 241//413 230//413
f 210//414 242//414 241//414
f 219//415 242//415 210//415
f 243//416 244//416 219//416
f 219//417 244//417 242//417
f 243//418 245//418 244//418
f 243//419 246//419 245//419
f 243//420 247//420 246//420
f 243//421 248//421 247//421
f 243//422 249//422 248//422
f 243//423 250//423 249//423
f 243//424 251//424 250//424
f 243//425 252//425 251//425
f 243//426 253//426 252//426
f 232//427 254//427 230//427
f 230//428 254//428 255//428
f 254//429 256//429 255//429
f 231//430 256//430 232//430
f 233//431 256//431 231//431
f 232//432 256//432 254//432
f 233//433 257//433 256//433
f 256//434 257//434 255//434
f 234//435 258//435 233//435
f 257//436 258//436 255//436
f 233//437 258//437 257//437
f 258//438 259//438 255//438
f 235//439 259//439 234//439
f 236//440 259//440 235//440
f 234//441 259//441 258//441
f 236//442 260//442 259//442
f 259//443 260//443 255//443
f 237//444 261//444 236//444
f 260//445 261//445 255//445
f 236//446 261//446 260//446
f 237//447 262//447 261//447
f 238//448 262//448 237//448
f 261//449 262//449 255//449
f 238//450 263//450 262//450
f 239//451 263//451 238//451
f 262//452 263//452 255//452
f 239//453 264//453 263//453
f 263//454 264//454 255//454
f 240//455 264//455 239//455
f 241//456 264//456 240//456
f 264//457 265//457 255//457
f 241//458 265//458 264//458
f 265//459 266//459 255//459
f 255//460 266//460 267//460
f 242//461 266//461 241//461
f 244//462 266//462 242//462
f 241//463 266//463 265//463
f 266//464 268//464 267//464
f 244//465 268//465 266//465
f 268//466 269//466 267//466
f 244//467 269//467 268//467
f 245//468 269//468 244//468
f 269//469 270//469 267//469
f 245//470 270//470 269//470
f 246//471 270//471 245//471
f 246//472 271//472 270//472
f 270//473 271//473 267//473
f 247//474 271//474 246//474
f 248//475 271//475 247//475
f 271//476 272//476 267//476
f 248//477 272//477 271//477
f 272//478 273//478 267//478
f 248//479 273//479 272//479
f 249//480 273//480 248//480
f 273//481 274//481 267//481
f 250//482 274//482 249//482
f 249//483 274//483 273//483
f 274//484 275//484 267//484
f 250//485 275//485 274//485
f 251//486 275//486 250//486
f 275//487 276//487 267//487
f 251//488 276//488 275//488
f 252//489 276//489 251//489
f 267//490 277//490 243//490
f 276//491 277//491 267//491
f 252//492 277//492 276//492
f 243//493 277//493 253//493
f 253//494 277//494 252//494
f 255//495 278//495 7//495
f 267//496 279//496 255//496
f 7//497 279//497 5//497
f 255//498 279//498 278//498
f 278//499 279//499 7//499
f 279//500 280//500 5//500
f 267//501 280//501 279//501
f 280//502 281//502 5//502
f 267//503 281//503 280//503
f 281//504 282//504 5//504
f 267//505 282//505 281//505
f 282//506 283//506 5//506
f 267//507 283//507 282//507
f 283//508 284//508 5//508
f 267//509 284//509 283//509
f 284//510 285//510 5//510
f 267//511 285//511 284//511
f 285//512 286//512 5//512
f 267//513 286//513 285//513
f 286//514 287//514 5//514
f 267//515 287//515 286//515
f 287//516 288//516 5//516
f 267//517 288//517 287//517
f 5//518 289//518 267//518
f 288//519 289//519 5//519
f 267//520 289//520 288//520
f 8//521 290//521 291//521
f 8//522 292//522 290//522
f 8//523 293//523 292//523
f 8//524 294//524 293//524
f 8//525 295//525 294//525
f 8//526 296//526 295//526
f 8//527 297//527 296//527
f 8//528 298//528 297//528
f 8//529 299//529 298//529
f 8//530 300//530 299//530
f 6//531 300//531 8//531
f 6//532 301//532 300//532
f 6//533 302//533 301//533
f 6//534 303//534 302//534
f 6//535 304//535 303//535
f 6//536 305//536 304//536
f 6//537 306//537 305//537
f 6//538 307//538 306//538
f 6//539 308//539 307//539
f 6//540 309//540 308//540
f 6//541 310//541 309//541
f 291//542 311//542 8//542
f 291//543 312//543 311//543
f 290//544 312//544 291//544
f 290//545 313//545 312//545
f 292//546 313//546 290//546
f 292//547 314//547 313//547
f 293//548 314//548 292//548
f 294//549 315//549 293//549
f 293//550 315//550 314//550
f 295//551 316//551 294//551
f 294//552 316//552 315//552
f 296//553 317//553 295//553
f 295//554 317//554 316//554
f 296//555 318//555 317//555
f 297//556 318//556 296//556
f 298//557 319//557 297//557
f 297//558 319//558 318//558
f 299//559 320//559 298//559
f 298//560 320//560 319//560
f 300//561 321//561 299//561
f 299//562 321//562 320//562
f 300//563 322//563 321//563
f 301//564 322//564 300//564
f 302//565 323//565 301//565
f 301//566 323//566 322//566
f 303//567 324//567 302//567
f 302//568 324//568 323//568
f 304//569 325//569 303//569
f 305//570 325//570 304//570
f 303//571 325//571 324//571
f 305//572 326//572 325//572
f 306//573 327//573 305//573
f 307//574 327//574 306//574
f 305//575 327//575 326//575
f 307//576 328//576 327//576
f 308//577 329//577 307//577
f 307//578 329//578 328//578
f 308//579 330//579 329//579
f 309//580 330//580 308//580
f 310//581 330//581 309//581
f 310//582 331//582 330//582
f 6//583 331//583 310//583
f 8//584 332//584 333//584
f 311//585 332//585 8//585
f 311//586 334//586 332//586
f 332//587 334//587 333//587
f 312//588 335//588 311//588
f 311//589 335//589 334//589
f 334//590 335//590 333//590
f 312//591 336//591 335//591
f 335//592 336//592 333//592
f 313//593 336//593 312//593
f 336//594 337//594 333//594
f 313//595 337//595 336//595
f 315//596 337//596 314//596
f 314//597 337//597 313//597
f 315//598 338//598 337//598
f 337//599 338//599 333//599
f 338//600 339//600 333//600
f 315//601 339//601 338//601
f 316//602 339//602 315//602
f 339//603 340//603 333//603
f 318//604 340//604 317//604
f 317//605 340//605 316//605
f 316//606 340//606 339//606
f 318//607 341//607 340//607
f 340//608 341//608 333//608
f 341//609 342//609 333//609
f 319//610 342//610 318//610
f 318//611 342//611 341//611
f 319//612 343//612 342//612
f 342//613 343//613 333//613
f 320//614 343//614 319//614
f 343//615 344//615 333//615
f 320//616 344//616 343//616
f 333//617 344//617 345//617
f 321//618 344//618 320//618
f 322//619 346//619 321//619
f 321//620 346//620 344//620
f 344//621 346//621 345//621
f 323//622 346//622 322//622
f 346//623 347//623 345//623
f 323//624 347//624 346//624
f 347//625 348//625 345//625
f 323//626 348//626 347//626
f 324//627 348//627 323//627
f 325//628 348//628 324//628
f 348//629 349//629 345//629
f 325//630 349//630 348//630
f 326//631 349//631 325//631
f 349//632 350//632 345//632
f 326//633 350//633 349//633
f 327//634 351//634 326//634
f 328//635 351//635 327//635
f 326//636 351//636 350//636
f 350//637 351//637 345//637
f 351//638 352//638 345//638
f 328//639 352//639 351//639
f 329//640 353//640 328//640
f 328//641 353//641 352//641
f 352//642 353//642 345//642
f 330//643 354//643 329//643
f 329//644 354//644 353//644
f 353//645 354//645 345//645
f 331//646 355//646 330//646
f 330//647 355//647 354//647
f 354//648 355//648 345//648
f 6//649 356//649 331//649
f 345//650 356//650 6//650
f 331//651 356//651 355//651
f 355//652 356//652 345//652
f 333//653 357//653 358//653
f 333//654 359//654 357//654
f 333//655 360//655 359//655
f 333//656 361//656 360//656
f 345//657 362//657 333//657
f 333//658 362//658 361//658
f 345//659 363//659 362//659
f 345//660 364//660 363//660
f 345//661 365//661 364//661
f 345//662 366//662 365//662
f 345//663 367//663 366//663
f 345//664 368//664 367//664
f 345//665 369//665 368//665
f 345//666 370//666 369//666
f 345//667 371//667 370//667
f 345//668 372//668 371//668
f 333//669 373//669 374//669
f 358//670 373//670 333//670
f 373//671 375//671 374//671
f 358//672 375//672 373//672
f 358//673 376//673 375//673
f 375//674 376//674 374//674
f 376//675 377//675 374//675
f 358//676 377//676 376//676
f 358//677 378//677 377//677
f 377//678 378//678 374//678
f 378//679 379//679 374//679
f 358//680 379//680 378//680
f 358//681 380//681 379//681
f 379//682 380//682 374//682
f 357//683 380//683 358//683
f 359//684 380//684 357//684
f 380//685 381//685 374//685
f 359//686 381//686 380//686
f 381//687 382//687 374//687
f 359//688 382//688 381//688
f 360//689 382//689 359//689
f 361//690 382//690 360//690
f 382//691 383//691 374//691
f 361//692 383//692 382//692
f 383//693 384//693 374//693
f 361//694 384//694 383//694
f 374//695 384//695 385//695
f 362//696 384//696 361//696
f 363//697 386//697 362//697
f 364//698 386//698 363//698
f 384//699 386//699 385//699
f 362//700 386//700 384//700
f 364//701 387//701 386//701
f 386//702 387//702 385//702
f 365//703 388//703 364//703
f 366//704 388//704 365//704
f 364//705 388//705 387//705
f 387//706 388//706 385//706
f 366//707 389//707 388//707
f 388//708 389//708 385//708
f 367//709 390//709 366//709
f 368//710 390//710 367//710
f 366//711 390//711 389//711
f 389//712 390//712 385//712
f 368//713 391//713 390//713
f 390//714 391//714 385//714
f 369//715 392//715 368//715
f 370//716 392//716 369//716
f 368//717 392//717 391//717
f 391//718 392//718 385//718
f 392//719 393//719 385//719
f 370//720 393//720 392//720
f 371//721 394//721 370//721
f 372//722 394//722 371//722
f 370//723 394//723 393//723
f 393//724 394//724 385//724
f 394//725 395//725 385//725
f 372//726 395//726 394//726
f 385//727 396//727 345//727
f 345//728 396//728 372//728
f 395//729 396//729 385//729
f 372//730 396//730 395//730
f 374//731 397//731 398//731
f 374//732 399//732 397//732
f 397//733 399//733 398//733
f 374//734 400//734 399//734
f 399//735 400//735 398//735
f 374//736 401//736 400//736
f 400//737 401//737 398//737
f 401//738 402//738 398//738
f 374//739 402//739 401//739
f 402//740 403//740 398//740
f 374//741 403//741 402//741
f 403//742 404//742 398//742
f 374//743 404//743 403//743
f 404//744 405//744 398//744
f 374//745 405//745 404//745
f 385//746 405//746 374//746
f 398//747 405//747 406//747
f 405//748 407//748 406//748
f 385//749 407//749 405//749
f 407//750 408//750 406//750
f 385//751 408//751 407//751
f 408//752 409//752 406//752
f 385//753 409//753 408//753
f 409//754 410//754 406//754
f 385//755 410//755 409//755
f 410//756 411//756 406//756
f 385//757 411//757 410//757
f 411//758 412//758 406//758
f 385//759 412//759 411//759
f 412//760 413//760 406//760
f 385//761 413//761 412//761
f 413//762 414//762 406//762
f 385//763 414//763 413//763
f 414//764 415//764 406//764
f 385//765 415//765 414//765
f 406//766 416//766 385//766
f 415//767 416//767 406//767
f 385//768 416//768 415//768
f 398//769 417//769 418//769
f 398//770 419//770 417//770
f 417//771 419//771 418//771
f 398//772 420//772 419//772
f 419//773 420//773 418//773
f 398//774 421//774 420//774
f 420//775 421//775 418//775
f 406//776 421//776 398//776
f 418//777 421//777 422//777
f 406//778 423//778 421//778
f 421//779 423//779 422//779
f 423//780 424//780 422//780
f 406//781 424//781 423//781
f 424//782 425//782 422//782
f 406//783 425//783 424//783
f 425//784 426//784 422//784
f 406//785 426//785 425//785
f 426//786 427//786 422//786
f 406//787 427//787 426//787
f 427//788 428//788 422//788
f 406//789 428//789 427//789
f 428//790 429//790 422//790
f 406//791 429//791 428//791
f 429//792 430//792 422//792
f 406//793 430//793 429//793
f 430//794 431//794 422//794
f 406//795 431//795 430//795
f 422//796 432//796 406//796
f 431//797 432//797 422//797
f 406//798 432//798 431//798
f 418//799 433//799 434//799
f 418//800 435//800 433//800
f 422//801 436//801 418//801
f 418//802 436//802 435//802
f 422//803 437//803 436//803
f 422//804 438//804 437//804
f 422//805 439//805 438//805
f 422//806 440//806 439//806
f 422//807 441//807 440//807
f 422//808 442//808 441//808
f 422//809 443//809 442//809
f 422//810 444//810 443//810
f 422//811 445//811 444//811
f 422//812 446//812 445//812
f 418//813 447//813 448//813
f 434//814 447//814 418//814
f 447//815 449//815 448//815
f 434//816 449//816 447//816
f 449//817 450//817 448//817
f 434//818 450//818 449//818
f 450//819 451//819 448//819
f 434//820 451//820 450//820
f 451//821 452//821 448//821
f 434//822 452//822 451//822
f 452//823 453//823 448//823
f 434//824 453//824 452//824
f 453//825 454//825 448//825
f 434//826 454//826 453//826
f 454//827 455//827 448//827
f 434//828 455//828 454//828
f 455//829 456//829 448//829
f 434//830 456//830 455//830
f 456//831 457//831 448//831
f 434//832 457//832 456//832
f 433//833 457//833 434//833
f 435//834 457//834 433//834
f 435//835 458//835 457//835
f 457//836 458//836 448//836
f 436//837 459//837 435//837
f 437//838 459//838 436//838
f 458//839 459//839 448//839
f 448//840 459//840 460//840
f 435//841 459//841 458//841
f 437//842 461//842 459//842
f 459//843 461//843 460//843
f 438//844 462//844 437//844
f 439//845 462//845 438//845
f 461//846 462//846 460//846
f 437//847 462//847 461//847
f 439//848 463//848 462//848
f 462//849 463//849 460//849
f 440//850 464//850 439//850
f 441//851 464//851 440//851
f 439//852 464//852 463//852
f 463//853 464//853 460//853
f 441//854 465//854 464//854
f 464//855 465//855 460//855
f 442//856 466//856 441//856
f 441//857 466//857 465//857
f 465//858 466//858 460//858
f 443//859 467//859 442//859
f 442//860 467//860 466//860
f 466//861 467//861 460//861
f 444//862 468//862 443//862
f 443//863 468//863 467//863
f 467//864 468//864 460//864
f 445//865 469//865 444//865
f 444//866 469//866 468//866
f 468//867 469//867 460//867
f 446//868 470//868 445//868
f 445//869 470//869 469//869
f 469//870 470//870 460//870
f 460//871 471//871 422//871
f 422//872 471//872 446//872
f 470//873 471//873 460//873
f 446//874 471//874 470//874
f 448//875 472//875 473//875
f 448//876 474//876 472//876
f 472//877 474//877 473//877
f 474//878 475//878 473//878
f 448//879 475//879 474//879
f 475//880 476//880 473//880
f 448//881 476//881 475//881
f 476//882 477//882 473//882
f 448//883 477//883 476//883
f 477//884 478//884 473//884
f 448//885 478//885 477//885
f 478//886 479//886 473//886
f 448//887 479//887 478//887
f 479//888 480//888 473//888
f 448//889 480//889 479//889
f 480//890 481//890 473//890
f 448//891 481//891 480//891
f 481//892 482//892 473//892
f 448//893 482//893 481//893
f 482//894 483//894 473//894
f 448//895 483//895 482//895
f 460//896 483//896 448//896
f 473//897 483//897 484//897
f 483//898 485//898 484//898
f 460//899 485//899 483//899
f 485//900 486//900 484//900
f 460//901 486//901 485//901
f 486//902 487//902 484//902
f 460//903 487//903 486//903
f 487//904 488//904 484//904
f 460//905 488//905 487//905
f 488//906 489//906 484//906
f 460//907 489//907 488//907
f 489//908 490//908 484//908
f 460//909 490//909 489//909
f 490//910 491//910 484//910
f 460//911 491//911 490//911
f 491//912 492//912 484//912
f 460//913 492//913 491//913
f 492//914 493//914 484//914
f 460//915 493//915 492//915
f 484//916 494//916 460//916
f 493//917 494//917 484//917
f 460//918 494//918 493//918
f 473//919 495//919 11//919
f 473//920 496//920 495//920
f 495//921 496//921 11//921
f 473//922 497//922 496//922
f 496//923 497//923 11//923
f 473//924 498//924 497//924
f 497//925 498//925 11//925
f 473//926 499//926 498//926
f 498//927 499//927 11//927
f 473//928 500//928 499//928
f 499//929 500//929 11//929
f 473//930 501//930 500//930
f 500//931 501//931 11//931
f 473//932 502//932 501//932
f 501//933 502//933 11//933
f 484//934 503//934 473//934
f 11//935 503//935 9//935
f 473//936 503//936 502//936
f 502//937 503//937 11//937
f 484//938 504//938 503//938
f 503//939 504//939 9//939
f 504//940 505//940 9//940
f 484//941 505//941 504//941
f 505//942 506//942 9//942
f 484//943 506//943 505//943
f 506//944 507//944 9//944
f 484//945 507//945 506//945
f 507//946 508//946 9//946
f 484//947 508//947 507//947
f 508//948 509//948 9//948
f 484//949 509//949 508//949
f 509//950 510//950 9//950
f 484//951 510//951 509//951
f 510//952 511//952 9//952
f 484//953 511//953 510//953
f 511//954 512//954 9//954
f 484//955 512//955 511//955
f 512//956 513//956 9//956
f 484//957 513//957 512//957
f 9//958 513//958 484//958
f 10//959 514//959 515//959
f 10//960 516//960 514//960
f 514//961 516//961 515//961
f 516//962 517//962 515//962
f 12//963 517//963 10//963
f 10//964 517//964 516//964
f 515//965 517//965 518//965
f 517//966 519//966 518//966
f 12//967 519//967 517//967
f 519//968 520//968 518//968
f 12//969 520//969 519//969
f 520//970 521//970 518//970
f 12//971 521//971 520//971
f 521//972 522//972 518//972
f 12//973 522//973 521//973
f 522//974 523//974 518//974
f 12//975 523//975 522//975
f 523//976 524//976 518//976
f 12//977 524//977 523//977
f 524//978 525//978 518//978
f 12//979 525//979 524//979
f 525//980 526//980 518//980
f 12//981 526//981 525//981
f 526//982 527//982 518//982
f 12//983 527//983 526//983
f 518//984 528//984 12//984
f 527//985 528//985 518//985
f 12//986 528//986 527//986
f 515//987 529//987 530//987
f 515//988 531//988 529//988
f 529//989 531//989 530//989
f 515//990 532//990 531//990
f 531//991 532//991 530//991
f 515//992 533//992 532//992
f 532//993 533//993 530//993
f 515//994 534//994 533//994
f 533//995 534//995 530//995
f 515//996 535//996 534//996
f 534//997 535//997 530//997
f 518//998 535//998 515//998
f 530//999 535//999 536//999
f 518//1000 537//1000 535//1000
f 535//1001 537//1001 536//1001
f 537//1002 538//1002 536//1002
f 518//1003 538//1003 537//1003
f 538//1004 539//1004 536//1004
f 518//1005 539//1005 538//1005
f 539//1006 540//1006 536//1006
f 518//1007 540//1007 539//1007
f 540//1008 541//1008 536//1008
f 518//1009 541//1009 540//1009
f 541//1010 542//1010 536//1010
f 518//1011 542//1011 541//1011
f 542//1012 543//1012 536//1012
f 518//1013 543//1013 542//1013
f 543//1014 544//1014 536//1014
f 518//1015 544//1015 543//1015
f 544//1016 545//1016 536//1016
f 518//1017 545//1017 544//1017
f 536//1018 546//1018 518//1018
f 545//1019 546//1019 536//1019
f 518//1020 546//1020 545//1020
f 530//1021 547//1021 15//1021
f 530//1022 548//1022 547//1022
f 547//1023 548//1023 15//1023
f 548//1024 549//1024 15//1024
f 530//1025 549//1025 548//1025
f 549//1026 550//1026 15//1026
f 530//1027 550//1027 549//1027
f 550//1028 551//1028 15//1028
f 530//1029 551//1029 550//1029
f 551//1030 552//1030 15//1030
f 530//1031 552//1031 551//1031
f 552//1032 553//1032 15//1032
f 530//1033 553//1033 552//1033
f 553//1034 554//1034 15//1034
f 530//1035 554//1035 553//1035
f 554//1036 555//1036 15//1036
f 530//1037 555//1037 554//1037
f 536//1038 555//1038 530//1038
f 15//1039 555//1039 13//1039
f 555//1040 556//1040 13//1040
f 536//1041 556//1041 555//1041
f 556//1042 557//1042 13//1042
f 536//1043 557//1043 556//1043
f 557//1044 558//1044 13//1044
f 536//1045 558//1045 557//1045
f 558//1046 559//1046 13//1046
f 536//1047 559//1047 558//1047
f 559//1048 560//1048 13//1048
f 536//1049 560//1049 559//1049
f 560//1050 561//1050 13//1050
f 536//1051 561//1051 560//1051
f 561//1052 562//1052 13//1052
f 536//1053 562//1053 561//1053
f 562//1054 563//1054 13//1054
f 536//1055 563//1055 562//1055
f 563//1056 564//1056 13//1056
f 536//1057 564//1057 563//1057
f 13//1058 565//1058 536//1058
f 564//1059 565//1059 13//1059
f 536//1060 565//1060 564//1060
f 14//1061 566//1061 567//1061
f 566//1062 568//1062 567//1062
f 14//1063 568//1063 566//1063
f 568//1064 569//1064 567//1064
f 14//1065 569//1065 568//1065
f 567//1066 570//1066 571//1066
f 569//1067 570//1067 567//1067
f 14//1068 570//1068 569//1068
f 16//1069 570//1069 14//1069
f 570//1070 572//1070 571//1070
f 16//1071 572//1071 570//1071
f 572//1072 573//1072 571//1072
f 16//1073 573//1073 572//1073
f 573//1074 574//1074 571//1074
f 16//1075 574//1075 573//1075
f 574//1076 575//1076 571//1076
f 16//1077 575//1077 574//1077
f 575//1078 576//1078 571//1078
f 16//1079 576//1079 575//1079
f 576//1080 577//1080 571//1080
f 16//1081 577//1081 576//1081
f 577//1082 578//1082 571//1082
f 16//1083 578//1083 577//1083
f 578//1084 579//1084 571//1084
f 16//1085 579//1085 578//1085
f 579//1086 580//1086 571//1086
f 16//1087 580//1087 579//1087
f 571//1088 581//1088 16//1088
f 580//1089 581//1089 571//1089
f 16//1090 581//1090 580//1090
f 567//1091 582//1091 583//1091
f 567//1092 584//1092 582//1092
f 582//1093 584//1093 583//1093
f 567//1094 585//1094 584//1094
f 584//1095 585//1095 583//1095
f 567//1096 586//1096 585//1096
f 585//1097 586//1097 583//1097
f 567//1098 587//1098 586//1098
f 586//1099 587//1099 583//1099
f 571//1100 588//1100 567//1100
f 583//1101 588//1101 589//1101
f 567//1102 588//1102 587//1102
f 587//1103 588//1103 583//1103
f 571//1104 590//1104 588//1104
f 588//1105 590//1105 589//1105
f 571//1106 591//1106 590//1106
f 590//1107 591//1107 589//1107
f 571//1108 592//1108 591//1108
f 591//1109 592//1109 589//1109
f 571//1110 593//1110 592//1110
f 592//1111 593//1111 589//1111
f 571//1112 594//1112 593//1112
f 593//1113 594//1113 589//1113
f 571//1114 595//1114 594//1114
f 594//1115 595//1115 589//1115
f 595//1116 596//1116 589//1116
f 571//1117 596//1117 595//1117
f 596//1118 597//1118 589//1118
f 571//1119 597//1119 596//1119
f 597//1120 598//1120 589//1120
f 571//1121 598//1121 597//1121
f 589//1122 599//1122 571//1122
f 598//1123 599//1123 589//1123
f 571//1124 599//1124 598//1124
f 583//1125 600//1125 601//1125
f 583//1126 602//1126 600//1126
f 600//1127 602//1127 601//1127
f 583//1128 603//1128 602//1128
f 602//1129 603//1129 601//1129
f 583//1130 604//1130 603//1130
f 603//1131 604//1131 601//1131
f 583//1132 605//1132 604//1132
f 604//1133 605//1133 601//1133
f 583//1134 606//1134 605//1134
f 605//1135 606//1135 601//1135
f 583//1136 607//1136 606//1136
f 606//1137 607//1137 601//1137
f 589//1138 608//1138 583//1138
f 601//1139 608//1139 609//1139
f 583//1140 608//1140 607//1140
f 607//1141 608//1141 601//1141
f 589//1142 610//1142 608//1142
f 608//1143 610//1143 609//1143
f 610//1144 611//1144 609//1144
f 589//1145 611//1145 610//1145
f 611//1146 612//1146 609//1146
f 589//1147 612//1147 611//1147
f 612//1148 613//1148 609//1148
f 589//1149 613//1149 612//1149
f 613//1150 614//1150 609//1150
f 589//1151 614//1151 613//1151
f 614//1152 615//1152 609//1152
f 589//1153 615//1153 614//1153
f 615//1154 616//1154 609//1154
f 589//1155 616//1155 615//1155
f 616//1156 617//1156 609//1156
f 589//1157 617//1157 616//1157
f 617//1158 618//1158 609//1158
f 589//1159 618//1159 617//1159
f 609//1160 619//1160 589//1160
f 618//1161 619//1161 609//1161
f 589//1162 619//1162 618//1162
f 601//1163 620//1163 621//1163
f 601//1164 622//1164 620//1164
f 620//1165 622//1165 621//1165
f 601//1166 623//1166 622//1166
f 622//1167 623//1167 621//1167
f 601//1168 624//1168 623//1168
f 623//1169 624//1169 621//1169
f 601//1170 625//1170 624//1170
f 624//1171 625//1171 621//1171
f 609//1172 626//1172 601//1172
f 601//1173 626//1173 625//1173
f 625//1174 626//1174 621//1174
f 621//1175 626//1175 627//1175
f 609//1176 628//1176 626//1176
f 626//1177 628//1177 627//1177
f 609//1178 629//1178 628//1178
f 628//1179 629//1179 627//1179
f 609//1180 630//1180 629//1180
f 629//1181 630//1181 627//1181
f 609//1182 631//1182 630//1182
f 630//1183 631//1183 627//1183
f 609//1184 632//1184 631//1184
f 631//1185 632//1185 627//1185
f 609//1186 633//1186 632//1186
f 632//1187 633//1187 627//1187
f 633//1188 634//1188 627//1188
f 609//1189 634//1189 633//1189
f 634//1190 635//1190 627//1190
f 609//1191 635//1191 634//1191
f 635//1192 636//1192 627//1192
f 609//1193 636//1193 635//1193
f 627//1194 637//1194 609//1194
f 636//1195 637//1195 627//1195
f 609//1196 637//1196 636//1196
f 621//1197 638//1197 639//1197
f 621//1198 640//1198 638//1198
f 638//1199 640//1199 639//1199
f 621//1200 641//1200 640//1200
f 640//1201 641//1201 639//1201
f 621//1202 642//1202 641//1202
f 641//1203 642//1203 639//1203
f 627//1204 643//1204 621//1204
f 639//1205 643//1205 644//1205
f 621//1206 643//1206 642//1206
f 642//1207 643//1207 639//1207
f 627//1208 645//1208 643//1208
f 643//1209 645//1209 644//1209
f 645//1210 646//1210 644//1210
f 627//1211 646//1211 645//1211
f 646//1212 647//1212 644//1212
f 627//1213 647//1213 646//1213
f 647//1214 648//1214 644//1214
f 627//1215 648//1215 647//1215
f 648//1216 649//1216 644//1216
f 627//1217 649//1217 648//1217
f 649//1218 650//1218 644//1218
f 627//1219 650//1219 649//1219
f 650//1220 651//1220 644//1220
f 627//1221 651//1221 650//1221
f 651//1222 652//1222 644//1222
f 627//1223 652//1223 651//1223
f 652//1224 653//1224 644//1224
f 627//1225 653//1225 652//1225
f 644//1226 654//1226 627//1226
f 653//1227 654//1227 644//1227
f 627//1228 654//1228 653//1228
f 655//1229 656//1229 657//1229
f 655//1230 658//1230 656//1230
f 656//1231 658//1231 657//1231
f 655//1232 659//1232 658//1232
f 658//1233 659//1233 657//1233
f 659//1234 660//1234 657//1234
f 655//1235 660//1235 659//1235
f 655//1236 661//1236 660//1236
f 660//1237 661//1237 657//1237
f 655//1238 662//1238 661//1238
f 661//1239 662//1239 657//1239
f 662//1240 663//1240 657//1240
f 663//1241 664//1241 657//1241
f 664//1242 665//1242 657//1242
f 657//1243 665//1243 666//1243
f 665//1244 667//1244 666//1244
f 667//1245 668//1245 666//1245
f 668//1246 669//1246 666//1246
f 670//1247 671//1247 669//1247
f 669//1248 671//1248 666//1248
f 670//1249 672//1249 671//1249
f 671//1250 672//1250 666//1250
f 670//1251 673//1251 672//1251
f 672//1252 673//1252 666//1252
f 670//1253 674//1253 673//1253
f 673//1254 674//1254 666//1254
f 674//1255 675//1255 666//1255
f 670//1256 675//1256 674//1256
f 675//1257 676//1257 666//1257
f 670//1258 676//1258 675//1258
f 666//1259 677//1259 670//1259
f 676//1260 677//1260 666//1260
f 670//1261 677//1261 676//1261
f 657//1262 678//1262 679//1262
f 657//1263 680//1263 678//1263
f 678//1264 680//1264 679//1264
f 657//1265 681//1265 680//1265
f 680//1266 681//1266 679//1266
f 657//1267 682//1267 681//1267
f 681//1268 682//1268 679//1268
f 657//1269 683//1269 682//1269
f 682//1270 683//1270 679//1270
f 657//1271 684//1271 683//1271
f 683//1272 684//1272 679//1272
f 657//1273 685//1273 684//1273
f 684//1274 685//1274 679//1274
f 657//1275 686//1275 685//1275
f 685//1276 686//1276 679//1276
f 666//1277 687//1277 657//1277
f 679//1278 687//1278 688//1278
f 657//1279 687//1279 686//1279
f 686//1280 687//1280 679//1280
f 666//1281 689//1281 687//1281
f 687//1282 689//1282 688//1282
f 689//1283 690//1283 688//1283
f 666//1284 690//1284 689//1284
f 690//1285 691//1285 688//1285
f 666//1286 691//1286 690//1286
f 691//1287 692//1287 688//1287
f 666//1288 692//1288 691//1288
f 692//1289 693//1289 688//1289
f 666//1290 693//1290 692//1290
f 693//1291 694//1291 688//1291
f 666//1292 694//1292 693//1292
f 694//1293 695//1293 688//1293
f 666//1294 695//1294 694//1294
f 695//1295 696//1295 688//1295
f 666//1296 696//1296 695//1296
f 666//1297 697//1297 696//1297
f 696//1298 697//1298 688//1298
f 666//1299 698//1299 697//1299
f 697//1300 698//1300 688//1300
f 688//1301 698//1301 666//1301
f 679//1302 699//1302 700//1302
f 679//1303 701//1303 699//1303
f 679//1304 702//1304 701//1304
f 679//1305 703//1305 702//1305
f 679//1306 704//1306 703//1306
f 679//1307 705//1307 704//1307
f 679//1308 706//1308 705//1308
f 679//1309 707//1309 706//1309
f 679//1310 708//1310 707//1310
f 688//1311 709//1311 679//1311
f 679//1312 709//1312 708//1312
f 688//1313 710//1313 709//1313
f 688//1314 711//1314 710//1314
f 688//1315 712//1315 711//1315
f 688//1316 713//1316 712//1316
f 688//1317 714//1317 713//1317
f 688//1318 715//1318 714//1318
f 688//1319 716//1319 715//1319
f 688//1320 717//1320 716//1320
f 688//1321 718//1321 717//1321
f 688//1322 719//1322 718//1322
f 700//1323 720//1323 679//1323
f 679//1324 720//1324 721//1324
f 700//1325 722//1325 720//1325
f 720//1326 722//1326 721//1326
f 699//1327 723//1327 700//1327
f 722//1328 723//1328 721//1328
f 700//1329 723//1329 722//1329
f 701//1330 724//1330 699//1330
f 723//1331 724//1331 721//1331
f 699//1332 724//1332 723//1332
f 702//1333 725//1333 701//1333
f 724//1334 725//1334 721//1334
f 701//1335 725//1335 724//1335
f 703//1336 726//1336 702//1336
f 725//1337 726//1337 721//1337
f 702//1338 726//1338 725//1338
f 704//1339 727//1339 703//1339
f 726//1340 727//1340 721//1340
f 703//1341 727//1341 726//1341
f 727//1342 728//1342 721//1342
f 705//1343 728//1343 704//1343
f 704//1344 728//1344 727//1344
f 706//1345 729//1345 705//1345
f 705//1346 729//1346 728//1346
f 728//1347 729//1347 721//1347
f 707//1348 730//1348 706//1348
f 729//1349 730//1349 721//1349
f 706//1350 730//1350 729//1350
f 708//1351 731//1351 707//1351
f 730//1352 731//1352 721//1352
f 707//1353 731//1353 730//1353
f 721//1354 732//1354 733//1354
f 709//1355 732//1355 708//1355
f 731//1356 732//1356 721//1356
f 708//1357 732//1357 731//1357
f 709//1358 734//1358 732//1358
f 732//1359 734//1359 733//1359
f 710//1360 734//1360 709//1360
f 711//1361 735//1361 710//1361
f 710//1362 735//1362 734//1362
f 734//1363 735//1363 733//1363
f 711//1364 736//1364 735//1364
f 735//1365 736//1365 733//1365
f 712//1366 736//1366 711//1366
f 736//1367 737//1367 733//1367
f 712//1368 737//1368 736//1368
f 713//1369 737//1369 712//1369
f 713//1370 738//1370 737//1370
f 737//1371 738//1371 733//1371
f 714//1372 738//1372 713//1372
f 738//1373 739//1373 733//1373
f 714//1374 739//1374 738//1374
f 715//1375 739//1375 714//1375
f 739//1376 740//1376 733//1376
f 715//1377 740//1377 739//1377
f 716//1378 740//1378 715//1378
f 740//1379 741//1379 733//1379
f 716//1380 741//1380 740//1380
f 717//1381 741//1381 716//1381
f 741//1382 742//1382 733//1382
f 717//1383 742//1383 741//1383
f 718//1384 742//1384 717//1384
f 742//1385 743//1385 733//1385
f 718//1386 743//1386 742//1386
f 733//1387 743//1387 688//1387
f 688//1388 743//1388 719//1388
f 719//1389 743//1389 718//1389
f 721//1390 744//1390 19//1390
f 721//1391 745//1391 744//1391
f 744//1392 745//1392 19//1392
f 721//1393 746//1393 745//1393
f 745//1394 746//1394 19//1394
f 721//1395 747//1395 746//1395
f 746//1396 747//1396 19//1396
f 721//1397 748//1397 747//1397
f 747//1398 748//1398 19//1398
f 721//1399 749//1399 748//1399
f 748//1400 749//1400 19//1400
f 721//1401 750//1401 749//1401
f 749//1402 750//1402 19//1402
f 721//1403 751//1403 750//1403
f 750//1404 751//1404 19//1404
f 733//1405 752//1405 721//1405
f 19//1406 752//1406 17//1406
f 721//1407 752//1407 751//1407
f 751//1408 752//1408 19//1408
f 733//1409 753//1409 752//1409
f 752//1410 753//1410 17//1410
f 753//1411 754//1411 17//1411
f 733//1412 754//1412 753//1412
f 754//1413 755//1413 17//1413
f 733//1414 755//1414 754//1414
f 755//1415 756//1415 17//1415
f 733//1416 756//1416 755//1416
f 756//1417 757//1417 17//1417
f 733//1418 757//1418 756//1418
f 757//1419 758//1419 17//1419
f 733//1420 758//1420 757//1420
f 758//1421 759//1421 17//1421
f 733//1422 759//1422 758//1422
f 759//1423 760//1423 17//1423
f 733//1424 760//1424 759//1424
f 760//1425 761//1425 17//1425
f 733//1426 761//1426 760//1426
f 17//1427 762//1427 733//1427
f 761//1428 762//1428 17//1428
f 733//1429 762//1429 761//1429
f 20//1430 763//1430 764//1430
f 20//1431 765//1431 763//1431
f 763//1432 765//1432 764//1432
f 20//1433 766//1433 765//1433
f 765//1434 766//1434 764//1434
f 20//1435 767//1435 766//1435
f 766//1436 767//1436 764//1436
f 20//1437 768//1437 767//1437
f 767//1438 768//1438 764//1438
f 768//1439 769//1439 764//1439
f 20//1440 769//1440 768//1440
f 769//1441 770//1441 764//1441
f 20//1442 770//1442 769//1442
f 770//1443 771//1443 764//1443
f 20//1444 771//1444 770//1444
f 771//1445 772//1445 764//1445
f 20//1446 772//1446 771//1446
f 18//1447 772//1447 20//1447
f 764//1448 772//1448 773//1448
f 772//1449 774//1449 773//1449
f 18//1450 774//1450 772//1450
f 774//1451 775//1451 773//1451
f 18//1452 775//1452 774//1452
f 775//1453 776//1453 773//1453
f 18//1454 776//1454 775//1454
f 776//1455 777//1455 773//1455
f 18//1456 777//1456 776//1456
f 777//1457 778//1457 773//1457
f 18//1458 778//1458 777//1458
f 778//1459 779//1459 773//1459
f 18//1460 779//1460 778//1460
f 779//1461 780//1461 773//1461
f 18//1462 780//1462 779//1462
f 780//1463 781//1463 773//1463
f 18//1464 781//1464 780//1464
f 781//1465 782//1465 773//1465
f 18//1466 782//1466 781//1466
f 773//1467 783//1467 18//1467
f 782//1468 783//1468 773//1468
f 18//1469 783//1469 782//1469
f 764//1470 784//1470 785//1470
f 764//1471 786//1471 784//1471
f 784//1472 786//1472 785//1472
f 764//1473 787//1473 786//1473
f 786//1474 787//1474 785//1474
f 764//1475 788//1475 787//1475
f 787//1476 788//1476 785//1476
f 764//1477 789//1477 788//1477
f 788//1478 789//1478 785//1478
f 764//1479 790//1479 789//1479
f 789//1480 790//1480 785//1480
f 764//1481 791//1481 790//1481
f 790//1482 791//1482 785//1482
f 764//1483 792//1483 791//1483
f 791//1484 792//1484 785//1484
f 773//1485 793//1485 764//1485
f 785//1486 793//1486 794//1486
f 764//1487 793//1487 792//1487
f 792//1488 793//1488 785//1488
f 773//1489 795//1489 793//1489
f 793//1490 795//1490 794//1490
f 795//1491 796//1491 794//1491
f 773//1492 796//1492 795//1492
f 796//1493 797//1493 794//1493
f 773//1494 797//1494 796//1494
f 797//1495 798//1495 794//1495
f 773//1496 798//1496 797//1496
f 798//1497 799//1497 794//1497
f 773//1498 799//1498 798//1498
f 799//1499 800//1499 794//1499
f 773//1500 800//1500 799//1500
f 800//1501 801//1501 794//1501
f 773//1502 801//1502 800//1502
f 801//1503 802//1503 794//1503
f 773//1504 802//1504 801//1504
f 802//1505 803//1505 794//1505
f 773//1506 803//1506 802//1506
f 773//1507 804//1507 803//1507
f 794//1508 804//1508 773//1508
f 803//1509 804//1509 794//1509
f 785//1510 805//1510 806//1510
f 785//1511 807//1511 805//1511
f 805//1512 807//1512 806//1512
f 785//1513 808//1513 807//1513
f 807//1514 808//1514 806//1514
f 785//1515 809//1515 808//1515
f 808//1516 809//1516 806//1516
f 785//1517 810//1517 809//1517
f 809//1518 810//1518 806//1518
f 806//1519 810//1519 23//1519
f 785//1520 811//1520 810//1520
f 810//1521 811//1521 23//1521
f 785//1522 812//1522 811//1522
f 811//1523 812//1523 23//1523
f 785//1524 813//1524 812//1524
f 812//1525 813//1525 23//1525
f 785//1526 814//1526 813//1526
f 813//1527 814//1527 23//1527
f 794//1528 814//1528 785//1528
f 23//1529 814//1529 21//1529
f 794//1530 815//1530 814//1530
f 814//1531 815//1531 21//1531
f 794//1532 816//1532 815//1532
f 815//1533 816//1533 21//1533
f 794//1534 817//1534 816//1534
f 816//1535 817//1535 21//1535
f 794//1536 818//1536 817//1536
f 817//1537 818//1537 21//1537
f 794//1538 819//1538 818//1538
f 21//1539 819//1539 820//1539
f 818//1540 819//1540 21//1540
f 794//1541 821//1541 819//1541
f 819//1542 821//1542 820//1542
f 821//1543 822//1543 820//1543
f 794//1544 822//1544 821//1544
f 822//1545 823//1545 820//1545
f 794//1546 823//1546 822//1546
f 823//1547 824//1547 820//1547
f 794//1548 824//1548 823//1548
f 820//1549 825//1549 794//1549
f 824//1550 825//1550 820//1550
f 794//1551 825//1551 824//1551
f 655//1552 826//1552 662//1552
f 662//1553 826//1553 663//1553
f 663//1554 826//1554 664//1554
f 664//1555 826//1555 665//1555
f 644//1556 826//1556 639//1556
f 665//1557 826//1557 667//1557
f 667//1558 826//1558 668//1558
f 669//1559 826//1559 670//1559
f 668//1560 826//1560 669//1560
f 670//1561 826//1561 644//1561
f 639//1562 826//1562 655//1562
f 827//1563 25//1563 27//1563
f 827//1564 828//1564 25//1564
f 829//1565 27//1565 52//1565
f 829//1566 827//1566 27//1566
f 830//1567 829//1567 52//1567
f 830//1568 52//1568 71//1568
f 831//1569 71//1569 3//1569
f 831//1570 830//1570 71//1570
f 832//1571 3//1571 4//1571
f 832//1572 831//1572 3//1572
f 833//1573 4//1573 105//1573
f 833//1574 832//1574 4//1574
f 834//1575 105//1575 128//1575
f 834//1576 833//1576 105//1576
f 835//1577 128//1577 150//1577
f 835//1578 834//1578 128//1578
f 836//1579 150//1579 172//1579
f 836//1580 835//1580 150//1580
f 837//1581 172//1581 192//1581
f 837//1582 836//1582 172//1582
f 838//1583 192//1583 210//1583
f 838//1584 837//1584 192//1584
f 839//1585 210//1585 230//1585
f 839//1586 838//1586 210//1586
f 840//1587 230//1587 255//1587
f 840//1588 839//1588 230//1588
f 841//1589 255//1589 7//1589
f 841//1590 840//1590 255//1590
f 842//1591 7//1591 8//1591
f 842//1592 841//1592 7//1592
f 843//1593 8//1593 333//1593
f 843//1594 842//1594 8//1594
f 374//1595 843//1595 333//1595
f 844//1596 843//1596 374//1596
f 845//1597 844//1597 374//1597
f 398//1598 845//1598 374//1598
f 846//1599 845//1599 398//1599
f 418//1600 846//1600 398//1600
f 847//1601 846//1601 418//1601
f 448//1602 847//1602 418//1602
f 848//1603 847//1603 448//1603
f 473//1604 848//1604 448//1604
f 849//1605 848//1605 473//1605
f 11//1606 849//1606 473//1606
f 850//1607 849//1607 11//1607
f 10//1608 851//1608 850//1608
f 10//1609 850//1609 11//1609
f 852//1610 851//1610 10//1610
f 515//1611 852//1611 10//1611
f 853//1612 852//1612 515//1612
f 530//1613 853//1613 515//1613
f 854//1614 853//1614 530//1614
f 15//1615 854//1615 530//1615
f 15//1616 855//1616 854//1616
f 856//1617 855//1617 15//1617
f 14//1618 856//1618 15//1618
f 857//1619 856//1619 14//1619
f 567//1620 857//1620 14//1620
f 858//1621 857//1621 567//1621
f 583//1622 858//1622 567//1622
f 859//1623 858//1623 583//1623
f 601//1624 859//1624 583//1624
f 860//1625 859//1625 601//1625
f 621//1626 860//1626 601//1626
f 861//1627 860//1627 621//1627
f 639//1628 861//1628 621//1628
f 862//1629 861//1629 639//1629
f 655//1630 862//1630 639//1630
f 863//1631 862//1631 655//1631
f 657//1632 863//1632 655//1632
f 864//1633 863//1633 657//1633
f 679//1634 864//1634 657//1634
f 865//1635 864//1635 679//1635
f 721//1636 865//1636 679//1636
f 866//1637 865//1637 721//1637
f 19//1638 866//1638 721//1638
f 867//1639 866//1639 19//1639
f 20//1640 867//1640 19//1640
f 868//1641 867//1641 20//1641
f 869//1642 868//1642 20//1642
f 764//1643 869//1643 20//1643
f 870//1644 869//1644 764//1644
f 785//1645 870//1645 764//1645
f 871//1646 870//1646 785//1646
f 806//1647 871//1647 785//1647
f 872//1648 871//1648 806//1648
f 23//1649 872//1649 806//1649
f 873//1650 23//1650 24//1650
f 873//1651 872//1651 23//1651
f 874//1652 24//1652 22//1652
f 874//1653 873//1653 24//1653
f 21//1654 874//1654 22//1654
f 875//1655 21//1655 820//1655
f 875//1656 874//1656 21//1656
f 876//1657 875//1657 820//1657
f 794//1658 876//1658 820//1658
f 877//1659 876//1659 794//1659
f 773//1660 877//1660 794//1660
f 878//1661 877//1661 773//1661
f 18//1662 878//1662 773//1662
f 879//1663 878//1663 18//1663
f 880//1664 879//1664 18//1664
f 17//1665 880//1665 18//1665
f 881//1666 880//1666 17//1666
f 733//1667 881//1667 17//1667
f 882//1668 881//1668 733//1668
f 688//1669 882//1669 733//1669
f 883//1670 882//1670 688//1670
f 666//1671 883//1671 688//1671
f 884//1672 883//1672 666//1672
f 670//1673 884//1673 666//1673
f 885//1674 884//1674 670//1674
f 644//1675 885//1675 670//1675
f 886//1676 885//1676 644//1676
f 627//1677 886//1677 644//1677
f 887//1678 886//1678 627//1678
f 609//1679 887//1679 627//1679
f 888//1680 887//1680 609//1680
f 589//1681 888//1681 609//1681
f 889//1682 888//1682 589//1682
f 571//1683 889//1683 589//1683
f 890//1684 889//1684 571//1684
f 16//1685 890//1685 571//1685
f 891//1686 890//1686 16//1686
f 13//1687 891//1687 16//1687
f 892//1688 891//1688 13//1688
f 893//1689 892//1689 13//1689
f 536//1690 893//1690 13//1690
f 894//1691 893//1691 536//1691
f 518//1692 894//1692 536//1692
f 895//1693 894//1693 518//1693
f 12//1694 895//1694 518//1694
f 896//1695 895//1695 12//1695
f 9//1696 897//1696 896//1696
f 9//1697 896//1697 12//1697
f 898//1698 897//1698 9//1698
f 484//1699 898//1699 9//1699
f 899//1700 898//1700 484//1700
f 460//1701 899//1701 484//1701
f 900//1702 899//1702 460//1702
f 422//1703 900//1703 460//1703
f 901//1704 900//1704 422//1704
f 406//1705 901//1705 422//1705
f 902//1706 901//1706 406//1706
f 385//1707 902//1707 406//1707
f 903//1708 902//1708 385//1708
f 904//1709 903//1709 385//1709
f 904//1710 385//1710 345//1710
f 6//1711 904//1711 345//1711
f 905//1712 904//1712 6//1712
f 5//1713 905//1713 6//1713
f 906//1714 905//1714 5//1714
f 267//1715 906//1715 5//1715
f 907//1716 906//1716 267//1716
f 243//1717 907//1717 267//1717
f 908//1718 907//1718 243//1718
f 219//1719 908//1719 243//1719
f 909//1720 908//1720 219//1720
f 198//1721 909//1721 219//1721
f 910//1722 909//1722 198//1722
f 180//1723 910//1723 198//1723
f 911//1724 910//1724 180//1724
f 160//1725 911//1725 180//1725
f 912//1726 911//1726 160//1726
f 138//1727 912//1727 160//1727
f 913//1728 912//1728 138//1728
f 116//1729 913//1729 138//1729
f 914//1730 913//1730 116//1730
f 2//1731 914//1731 116//1731
f 915//1732 914//1732 2//1732
f 1//1733 915//1733 2//1733
f 916//1734 915//1734 1//1734
f 75//1735 916//1735 1//1735
f 917//1736 916//1736 75//1736
f 59//1737 917//1737 75//1737
f 918//1738 917//1738 59//1738
f 40//1739 918//1739 59//1739
f 919//1740 918//1740 40//1740
f 39//1741 919//1741 40//1741
f 920//1742 919//1742 39//1742
f 828//1743 39//1743 25//1743
f 828//1744 920//1744 39//1744
f 919//1745 920//1745 828//1745
f 919//1746 828//1746 827//1746
f 918//1747 919//1747 827//1747
f 918//1748 827//1748 829//1748
f 917//1749 918//1749 829//1749
f 917//1750 829//1750 830//1750
f 916//1751 917//1751 830//1751
f 916//1752 830//1752 831//1752
f 915//1753 916//1753 831//1753
f 915//1754 831//1754 832//1754
f 914//1755 915//1755 832//1755
f 914//1756 832//1756 833//1756
f 913//1757 914//1757 833//1757
f 913//1758 833//1758 834//1758
f 912//1759 913//1759 834//1759
f 912//1760 834//1760 835//1760
f 911//1761 912//1761 835//1761
f 911//1762 835//1762 836//1762
f 910//1763 911//1763 836//1763
f 910//1764 836//1764 837//1764
f 909//1765 910//1765 837//1765
f 909//1766 837//1766 838//1766
f 908//1767 909//1767 838//1767
f 908//1768 838//1768 839//1768
f 907//1769 908//1769 839//1769
f 907//1770 839//1770 840//1770
f 906//1771 907//1771 840//1771
f 906//1772 840//1772 841//1772
f 905//1773 906//1773 841//1773
f 905//1774 841//1774 842//1774
f 904//1775 905//1775 842//1775
f 904//1776 842//1776 843//1776
f 844//1777 904//1777 843//1777
f 903//1778 904//1778 844//1778
f 845//1779 903//1779 844//1779
f 902//1780 903//1780 845//1780
f 901//1781 845//1781 846//1781
f 901//1782 902//1782 845//1782
f 900//1783 846//1783 847//1783
f 900//1784 901//1784 846//1784
f 899//1785 847//1785 848//1785
f 899//1786 900//1786 847//1786
f 898//1787 848//1787 849//1787
f 898//1788 899//1788 848//1788
f 897//1789 849//1789 850//1789
f 897//1790 898//1790 849//1790
f 896//1791 850//1791 851//1791
f 896//1792 897//1792 850//1792
f 895//1793 851//1793 852//1793
f 895//1794 896//1794 851//1794
f 894//1795 852//1795 853//1795
f 894//1796 895//1796 852//1796
f 893//1797 894//1797 853//1797
f 893//1798 853//1798 854//1798
f 892//1799 893//1799 854//1799
f 892//1800 854//1800 855//1800
f 891//1801 892//1801 855//1801
f 891//1802 855//1802 856//1802
f 890//1803 891//1803 856//1803
f 890//1804 856//1804 857//1804
f 889//1805 890//1805 857//1805
f 889//1806 857//1806 858//1806
f 888//1807 889//1807 858//1807
f 888//1808 858//1808 859//1808
f 887//1809 888//1809 859//1809
f 887//1810 859//1810 860//1810
f 886//1811 887//1811 860//1811
f 886//1812 860//1812 861//1812
f 885//1813 886//1813 861//1813
f 885//1814 861//1814 862//1814
f 884//1815 885//1815 862//1815
f 884//1816 862//1816 863//1816
f 883//1817 884//1817 863//1817
f 883//1818 863//1818 864//1818
f 882//1819 883//1819 864//1819
f 882//1820 864//1820 865//1820
f 881//1821 882//1821 865//1821
f 881//1822 865//1822 866//1822
f 880//1823 881//1823 866//1823
f 880//1824 866//1824 867//1824
f 879//1825 880//1825 867//1825
f 879//1826 867//1826 868//1826
f 878//1827 879//1827 868//1827
f 878//1828 868//1828 869//1828
f 877//1829 878//1829 869//1829
f 877//1830 869//1830 870//1830
f 876//1831 877//1831 870//1831
f 876//1832 870//1832 871//1832
f 875//1833 876//1833 871//1833
f 875//1834 871//1834 872//1834
f 874//1835 875//1835 872//1835
f 874//1836 872//1836 873//1836
g MeshExport001
g MeshExport002
g MeshExport003
g MeshExport004
g MeshExport005
g MeshExport006
g MeshExport007
g MeshExport008
f 921//1837 922//1837 923//1837
f 923//1838 922//1838 924//1838
f 925//1839 926//1839 927//1839
f 927//1840 926//1840 928//1840
f 929//1841 930//1841 931//1841
f 929//1842 932//1842 930//1842
f 933//1843 934//1843 935//1843
f 933//1844 936//1844 934//1844
f 937//1845 938//1845 939//1845
f 939//1846 938//1846 940//1846
f 941//1847 942//1847 943//1847
f 943//1848 942//1848 944//1848
f 945//1849 946//1849 947//1849
f 945//1850 948//1850 946//1850
f 946//1851 948//1851 947//1851
f 945//1852 949//1852 948//1852
f 948//1853 949//1853 947//1853
f 945//1854 950//1854 949//1854
f 949//1855 950//1855 947//1855
f 945//1856 951//1856 950//1856
f 950//1857 951//1857 947//1857
f 945//1858 952//1858 951//1858
f 951//1859 952//1859 947//1859
f 945//1860 953//1860 952//1860
f 952//1861 953//1861 947//1861
f 945//1862 954//1862 953//1862
f 953//1863 954//1863 947//1863
f 945//1864 955//1864 954//1864
f 954//1865 955//1865 947//1865
f 945//1866 956//1866 955//1866
f 955//1867 956//1867 947//1867
f 945//1868 957//1868 956//1868
f 956//1869 957//1869 947//1869
f 945//1870 958//1870 957//1870
f 957//1871 958//1871 947//1871
f 959//1872 958//1872 945//1872
f 947//1873 958//1873 960//1873
f 958//1874 961//1874 960//1874
f 959//1875 961//1875 958//1875
f 961//1876 962//1876 960//1876
f 959//1877 962//1877 961//1877
f 962//1878 963//1878 960//1878
f 959//1879 963//1879 962//1879
f 963//1880 964//1880 960//1880
f 959//1881 964//1881 963//1881
f 959//1882 965//1882 964//1882
f 964//1883 965//1883 960//1883
f 965//1884 966//1884 960//1884
f 959//1885 966//1885 965//1885
f 966//1886 967//1886 960//1886
f 959//1887 967//1887 966//1887
f 967//1888 968//1888 960//1888
f 959//1889 968//1889 967//1889
f 968//1890 969//1890 960//1890
f 959//1891 969//1891 968//1891
f 960//1892 970//1892 959//1892
f 969//1893 970//1893 960//1893
f 959//1894 970//1894 969//1894
f 947//1895 971//1895 972//1895
f 971//1896 973//1896 972//1896
f 947//1897 973//1897 971//1897
f 947//1898 974//1898 973//1898
f 973//1899 974//1899 972//1899
f 974//1900 975//1900 972//1900
f 947//1901 975//1901 974//1901
f 947//1902 976//1902 975//1902
f 975//1903 976//1903 972//1903
f 976//1904 977//1904 972//1904
f 947//1905 977//1905 976//1905
f 972//1906 978//1906 979//1906
f 947//1907 978//1907 977//1907
f 960//1908 978//1908 947//1908
f 977//1909 978//1909 972//1909
f 960//1910 980//1910 978//1910
f 978//1911 980//1911 979//1911
f 980//1912 981//1912 979//1912
f 960//1913 981//1913 980//1913
f 960//1914 982//1914 981//1914
f 981//1915 982//1915 979//1915
f 982//1916 983//1916 979//1916
f 960//1917 983//1917 982//1917
f 983//1918 984//1918 979//1918
f 960//1919 984//1919 983//1919
f 984//1920 985//1920 979//1920
f 960//1921 985//1921 984//1921
f 985//1922 986//1922 979//1922
f 960//1923 986//1923 985//1923
f 986//1924 987//1924 979//1924
f 960//1925 987//1925 986//1925
f 987//1926 988//1926 979//1926
f 960//1927 988//1927 987//1927
f 979//1928 989//1928 960//1928
f 988//1929 989//1929 979//1929
f 960//1930 989//1930 988//1930
f 972//1931 990//1931 991//1931
f 972//1932 992//1932 990//1932
f 990//1933 992//1933 991//1933
f 992//1934 993//1934 991//1934
f 972//1935 993//1935 992//1935
f 979//1936 994//1936 972//1936
f 991//1937 994//1937 995//1937
f 972//1938 994//1938 993//1938
f 993//1939 994//1939 991//1939
f 979//1940 996//1940 994//1940
f 994//1941 996//1941 995//1941
f 996//1942 997//1942 995//1942
f 979//1943 997//1943 996//1943
f 997//1944 998//1944 995//1944
f 979//1945 998//1945 997//1945
f 998//1946 999//1946 995//1946
f 979//1947 999//1947 998//1947
f 999//1948 1000//1948 995//1948
f 979//1949 1000//1949 999//1949
f 1000//1950 1001//1950 995//1950
f 979//1951 1001//1951 1000//1951
f 1001//1952 1002//1952 995//1952
f 979//1953 1002//1953 1001//1953
f 1002//1954 1003//1954 995//1954
f 979//1955 1003//1955 1002//1955
f 1003//1956 1004//1956 995//1956
f 979//1957 1004//1957 1003//1957
f 995//1958 1005//1958 979//1958
f 1004//1959 1005//1959 995//1959
f 979//1960 1005//1960 1004//1960
f 991//1961 1006//1961 923//1961
f 991//1962 1007//1962 1006//1962
f 1006//1963 1007//1963 923//1963
f 991//1964 1008//1964 1007//1964
f 1007//1965 1008//1965 923//1965
f 991//1966 1009//1966 1008//1966
f 1008//1967 1009//1967 923//1967
f 991//1968 1010//1968 1009//1968
f 1009//1969 1010//1969 923//1969
f 991//1970 1011//1970 1010//1970
f 1010//1971 1011//1971 923//1971
f 991//1972 1012//1972 1011//1972
f 1011//1973 1012//1973 923//1973
f 995//1974 1013//1974 991//1974
f 923//1975 1013//1975 921//1975
f 991//1976 1013//1976 1012//1976
f 1012//1977 1013//1977 923//1977
f 1013//1978 1014//1978 921//1978
f 995//1979 1014//1979 1013//1979
f 1014//1980 1015//1980 921//1980
f 995//1981 1015//1981 1014//1981
f 1015//1982 1016//1982 921//1982
f 995//1983 1016//1983 1015//1983
f 1016//1984 1017//1984 921//1984
f 995//1985 1017//1985 1016//1985
f 1017//1986 1018//1986 921//1986
f 995//1987 1018//1987 1017//1987
f 1018//1988 1019//1988 921//1988
f 995//1989 1019//1989 1018//1989
f 1019//1990 1020//1990 921//1990
f 995//1991 1020//1991 1019//1991
f 1020//1992 1021//1992 921//1992
f 995//1993 1021//1993 1020//1993
f 1021//1994 1022//1994 921//1994
f 995//1995 1022//1995 1021//1995
f 921//1996 1023//1996 995//1996
f 1022//1997 1023//1997 921//1997
f 995//1998 1023//1998 1022//1998
f 924//1999 1024//1999 1025//1999
f 924//2000 1026//2000 1024//2000
f 1024//2001 1026//2001 1025//2001
f 924//2002 1027//2002 1026//2002
f 1026//2003 1027//2003 1025//2003
f 924//2004 1028//2004 1027//2004
f 1027//2005 1028//2005 1025//2005
f 924//2006 1029//2006 1028//2006
f 1028//2007 1029//2007 1025//2007
f 924//2008 1030//2008 1029//2008
f 1029//2009 1030//2009 1025//2009
f 924//2010 1031//2010 1030//2010
f 1030//2011 1031//2011 1025//2011
f 924//2012 1032//2012 1031//2012
f 1031//2013 1032//2013 1025//2013
f 1032//2014 1033//2014 1025//2014
f 924//2015 1033//2015 1032//2015
f 1033//2016 1034//2016 1025//2016
f 924//2017 1034//2017 1033//2017
f 1034//2018 1035//2018 1025//2018
f 924//2019 1035//2019 1034//2019
f 922//2020 1035//2020 924//2020
f 1025//2021 1035//2021 1036//2021
f 1035//2022 1037//2022 1036//2022
f 922//2023 1037//2023 1035//2023
f 1037//2024 1038//2024 1036//2024
f 922//2025 1038//2025 1037//2025
f 1038//2026 1039//2026 1036//2026
f 922//2027 1039//2027 1038//2027
f 1039//2028 1040//2028 1036//2028
f 922//2029 1040//2029 1039//2029
f 1040//2030 1041//2030 1036//2030
f 922//2031 1041//2031 1040//2031
f 1041//2032 1042//2032 1036//2032
f 922//2033 1042//2033 1041//2033
f 1042//2034 1043//2034 1036//2034
f 922//2035 1043//2035 1042//2035
f 1043//2036 1044//2036 1036//2036
f 922//2037 1044//2037 1043//2037
f 1044//2038 1045//2038 1036//2038
f 922//2039 1045//2039 1044//2039
f 1036//2040 1046//2040 922//2040
f 1045//2041 1046//2041 1036//2041
f 922//2042 1046//2042 1045//2042
f 1025//2043 1047//2043 1048//2043
f 1025//2044 1049//2044 1047//2044
f 1047//2045 1049//2045 1048//2045
f 1025//2046 1050//2046 1049//2046
f 1049//2047 1050//2047 1048//2047
f 1025//2048 1051//2048 1050//2048
f 1050//2049 1051//2049 1048//2049
f 1025//2050 1052//2050 1051//2050
f 1051//2051 1052//2051 1048//2051
f 1025//2052 1053//2052 1052//2052
f 1052//2053 1053//2053 1048//2053
f 1025//2054 1054//2054 1053//2054
f 1053//2055 1054//2055 1048//2055
f 1025//2056 1055//2056 1054//2056
f 1054//2057 1055//2057 1048//2057
f 1025//2058 1056//2058 1055//2058
f 1055//2059 1056//2059 1048//2059
f 1036//2060 1057//2060 1025//2060
f 1048//2061 1057//2061 1058//2061
f 1025//2062 1057//2062 1056//2062
f 1056//2063 1057//2063 1048//2063
f 1057//2064 1059//2064 1058//2064
f 1036//2065 1059//2065 1057//2065
f 1059//2066 1060//2066 1058//2066
f 1036//2067 1060//2067 1059//2067
f 1060//2068 1061//2068 1058//2068
f 1036//2069 1061//2069 1060//2069
f 1061//2070 1062//2070 1058//2070
f 1036//2071 1062//2071 1061//2071
f 1062//2072 1063//2072 1058//2072
f 1036//2073 1063//2073 1062//2073
f 1063//2074 1064//2074 1058//2074
f 1036//2075 1064//2075 1063//2075
f 1064//2076 1065//2076 1058//2076
f 1036//2077 1065//2077 1064//2077
f 1065//2078 1066//2078 1058//2078
f 1036//2079 1066//2079 1065//2079
f 1066//2080 1067//2080 1058//2080
f 1036//2081 1067//2081 1066//2081
f 1036//2082 1068//2082 1067//2082
f 1058//2083 1068//2083 1036//2083
f 1067//2084 1068//2084 1058//2084
f 1048//2085 1069//2085 1070//2085
f 1048//2086 1071//2086 1069//2086
f 1069//2087 1071//2087 1070//2087
f 1071//2088 1072//2088 1070//2088
f 1048//2089 1072//2089 1071//2089
f 1072//2090 1073//2090 1070//2090
f 1048//2091 1073//2091 1072//2091
f 1073//2092 1074//2092 1070//2092
f 1048//2093 1074//2093 1073//2093
f 1074//2094 1075//2094 1070//2094
f 1048//2095 1075//2095 1074//2095
f 1075//2096 1076//2096 1070//2096
f 1048//2097 1076//2097 1075//2097
f 1076//2098 1077//2098 1070//2098
f 1048//2099 1077//2099 1076//2099
f 1048//2100 1078//2100 1077//2100
f 1077//2101 1078//2101 1070//2101
f 1058//2102 1079//2102 1048//2102
f 1070//2103 1079//2103 1080//2103
f 1048//2104 1079//2104 1078//2104
f 1078//2105 1079//2105 1070//2105
f 1079//2106 1081//2106 1080//2106
f 1058//2107 1081//2107 1079//2107
f 1081//2108 1082//2108 1080//2108
f 1058//2109 1082//2109 1081//2109
f 1082//2110 1083//2110 1080//2110
f 1058//2111 1083//2111 1082//2111
f 1083//2112 1084//2112 1080//2112
f 1058//2113 1084//2113 1083//2113
f 1084//2114 1085//2114 1080//2114
f 1058//2115 1085//2115 1084//2115
f 1085//2116 1086//2116 1080//2116
f 1058//2117 1086//2117 1085//2117
f 1086//2118 1087//2118 1080//2118
f 1058//2119 1087//2119 1086//2119
f 1087//2120 1088//2120 1080//2120
f 1058//2121 1088//2121 1087//2121
f 1088//2122 1089//2122 1080//2122
f 1058//2123 1089//2123 1088//2123
f 1080//2124 1090//2124 1058//2124
f 1089//2125 1090//2125 1080//2125
f 1058//2126 1090//2126 1089//2126
f 1070//2127 1091//2127 1092//2127
f 1070//2128 1093//2128 1091//2128
f 1091//2129 1093//2129 1092//2129
f 1070//2130 1094//2130 1093//2130
f 1093//2131 1094//2131 1092//2131
f 1070//2132 1095//2132 1094//2132
f 1094//2133 1095//2133 1092//2133
f 1070//2134 1096//2134 1095//2134
f 1095//2135 1096//2135 1092//2135
f 1070//2136 1097//2136 1096//2136
f 1096//2137 1097//2137 1092//2137
f 1070//2138 1098//2138 1097//2138
f 1097//2139 1098//2139 1092//2139
f 1080//2140 1099//2140 1070//2140
f 1092//2141 1099//2141 1100//2141
f 1070//2142 1099//2142 1098//2142
f 1098//2143 1099//2143 1092//2143
f 1099//2144 1101//2144 1100//2144
f 1080//2145 1101//2145 1099//2145
f 1101//2146 1102//2146 1100//2146
f 1080//2147 1102//2147 1101//2147
f 1102//2148 1103//2148 1100//2148
f 1080//2149 1103//2149 1102//2149
f 1103//2150 1104//2150 1100//2150
f 1080//2151 1104//2151 1103//2151
f 1104//2152 1105//2152 1100//2152
f 1080//2153 1105//2153 1104//2153
f 1105//2154 1106//2154 1100//2154
f 1080//2155 1106//2155 1105//2155
f 1106//2156 1107//2156 1100//2156
f 1080//2157 1107//2157 1106//2157
f 1107//2158 1108//2158 1100//2158
f 1080//2159 1108//2159 1107//2159
f 1108//2160 1109//2160 1100//2160
f 1080//2161 1109//2161 1108//2161
f 1100//2162 1110//2162 1080//2162
f 1109//2163 1110//2163 1100//2163
f 1080//2164 1110//2164 1109//2164
f 1092//2165 1111//2165 1112//2165
f 1092//2166 1113//2166 1111//2166
f 1111//2167 1113//2167 1112//2167
f 1092//2168 1114//2168 1113//2168
f 1113//2169 1114//2169 1112//2169
f 1092//2170 1115//2170 1114//2170
f 1114//2171 1115//2171 1112//2171
f 1092//2172 1116//2172 1115//2172
f 1115//2173 1116//2173 1112//2173
f 1092//2174 1117//2174 1116//2174
f 1100//2175 1117//2175 1092//2175
f 1116//2176 1117//2176 1112//2176
f 1112//2177 1117//2177 1118//2177
f 1100//2178 1119//2178 1117//2178
f 1117//2179 1119//2179 1118//2179
f 1119//2180 1120//2180 1118//2180
f 1100//2181 1120//2181 1119//2181
f 1120//2182 1121//2182 1118//2182
f 1100//2183 1121//2183 1120//2183
f 1121//2184 1122//2184 1118//2184
f 1100//2185 1122//2185 1121//2185
f 1122//2186 1123//2186 1118//2186
f 1100//2187 1123//2187 1122//2187
f 1123//2188 1124//2188 1118//2188
f 1100//2189 1124//2189 1123//2189
f 1124//2190 1125//2190 1118//2190
f 1100//2191 1125//2191 1124//2191
f 1125//2192 1126//2192 1118//2192
f 1100//2193 1126//2193 1125//2193
f 1126//2194 1127//2194 1118//2194
f 1100//2195 1127//2195 1126//2195
f 1118//2196 1128//2196 1100//2196
f 1127//2197 1128//2197 1118//2197
f 1100//2198 1128//2198 1127//2198
f 1112//2199 1129//2199 1130//2199
f 1112//2200 1131//2200 1129//2200
f 1129//2201 1131//2201 1130//2201
f 1112//2202 1132//2202 1131//2202
f 1131//2203 1132//2203 1130//2203
f 1112//2204 1133//2204 1132//2204
f 1132//2205 1133//2205 1130//2205
f 1112//2206 1134//2206 1133//2206
f 1133//2207 1134//2207 1130//2207
f 1112//2208 1135//2208 1134//2208
f 1134//2209 1135//2209 1130//2209
f 1112//2210 1136//2210 1135//2210
f 1135//2211 1136//2211 1130//2211
f 1112//2212 1137//2212 1136//2212
f 1136//2213 1137//2213 1130//2213
f 1118//2214 1138//2214 1112//2214
f 1130//2215 1138//2215 1139//2215
f 1112//2216 1138//2216 1137//2216
f 1137//2217 1138//2217 1130//2217
f 1138//2218 1140//2218 1139//2218
f 1118//2219 1140//2219 1138//2219
f 1140//2220 1141//2220 1139//2220
f 1118//2221 1141//2221 1140//2221
f 1141//2222 1142//2222 1139//2222
f 1118//2223 1142//2223 1141//2223
f 1142//2224 1143//2224 1139//2224
f 1118//2225 1143//2225 1142//2225
f 1143//2226 1144//2226 1139//2226
f 1118//2227 1144//2227 1143//2227
f 1144//2228 1145//2228 1139//2228
f 1118//2229 1145//2229 1144//2229
f 1145//2230 1146//2230 1139//2230
f 1118//2231 1146//2231 1145//2231
f 1146//2232 1147//2232 1139//2232
f 1118//2233 1147//2233 1146//2233
f 1147//2234 1148//2234 1139//2234
f 1118//2235 1148//2235 1147//2235
f 1139//2236 1149//2236 1118//2236
f 1148//2237 1149//2237 1139//2237
f 1118//2238 1149//2238 1148//2238
f 1150//2239 1151//2239 1152//2239
f 1150//2240 1153//2240 1151//2240
f 1150//2241 1154//2241 1153//2241
f 1150//2242 1155//2242 1154//2242
f 1150//2243 1156//2243 1155//2243
f 1150//2244 1157//2244 1156//2244
f 1150//2245 1158//2245 1157//2245
f 1150//2246 1159//2246 1158//2246
f 1150//2247 1160//2247 1159//2247
f 1150//2248 1161//2248 1160//2248
f 1130//2249 1161//2249 1150//2249
f 1130//2250 1162//2250 1161//2250
f 1139//2251 1162//2251 1130//2251
f 1163//2252 1164//2252 1139//2252
f 1139//2253 1164//2253 1162//2253
f 1163//2254 1165//2254 1164//2254
f 1163//2255 1166//2255 1165//2255
f 1163//2256 1167//2256 1166//2256
f 1163//2257 1168//2257 1167//2257
f 1163//2258 1169//2258 1168//2258
f 1163//2259 1170//2259 1169//2259
f 1163//2260 1171//2260 1170//2260
f 1163//2261 1172//2261 1171//2261
f 1163//2262 1173//2262 1172//2262
f 1152//2263 1174//2263 1150//2263
f 1150//2264 1174//2264 1175//2264
f 1174//2265 1176//2265 1175//2265
f 1151//2266 1176//2266 1152//2266
f 1153//2267 1176//2267 1151//2267
f 1152//2268 1176//2268 1174//2268
f 1153//2269 1177//2269 1176//2269
f 1176//2270 1177//2270 1175//2270
f 1154//2271 1178//2271 1153//2271
f 1177//2272 1178//2272 1175//2272
f 1153//2273 1178//2273 1177//2273
f 1178//2274 1179//2274 1175//2274
f 1155//2275 1179//2275 1154//2275
f 1156//2276 1179//2276 1155//2276
f 1154//2277 1179//2277 1178//2277
f 1156//2278 1180//2278 1179//2278
f 1179//2279 1180//2279 1175//2279
f 1157//2280 1181//2280 1156//2280
f 1180//2281 1181//2281 1175//2281
f 1156//2282 1181//2282 1180//2282
f 1157//2283 1182//2283 1181//2283
f 1158//2284 1182//2284 1157//2284
f 1181//2285 1182//2285 1175//2285
f 1158//2286 1183//2286 1182//2286
f 1159//2287 1183//2287 1158//2287
f 1182//2288 1183//2288 1175//2288
f 1159//2289 1184//2289 1183//2289
f 1183//2290 1184//2290 1175//2290
f 1160//2291 1184//2291 1159//2291
f 1161//2292 1184//2292 1160//2292
f 1184//2293 1185//2293 1175//2293
f 1161//2294 1185//2294 1184//2294
f 1185//2295 1186//2295 1175//2295
f 1175//2296 1186//2296 1187//2296
f 1162//2297 1186//2297 1161//2297
f 1164//2298 1186//2298 1162//2298
f 1161//2299 1186//2299 1185//2299
f 1186//2300 1188//2300 1187//2300
f 1164//2301 1188//2301 1186//2301
f 1188//2302 1189//2302 1187//2302
f 1164//2303 1189//2303 1188//2303
f 1165//2304 1189//2304 1164//2304
f 1189//2305 1190//2305 1187//2305
f 1165//2306 1190//2306 1189//2306
f 1166//2307 1190//2307 1165//2307
f 1166//2308 1191//2308 1190//2308
f 1190//2309 1191//2309 1187//2309
f 1167//2310 1191//2310 1166//2310
f 1168//2311 1191//2311 1167//2311
f 1191//2312 1192//2312 1187//2312
f 1168//2313 1192//2313 1191//2313
f 1192//2314 1193//2314 1187//2314
f 1168//2315 1193//2315 1192//2315
f 1169//2316 1193//2316 1168//2316
f 1193//2317 1194//2317 1187//2317
f 1170//2318 1194//2318 1169//2318
f 1169//2319 1194//2319 1193//2319
f 1194//2320 1195//2320 1187//2320
f 1170//2321 1195//2321 1194//2321
f 1171//2322 1195//2322 1170//2322
f 1195//2323 1196//2323 1187//2323
f 1171//2324 1196//2324 1195//2324
f 1172//2325 1196//2325 1171//2325
f 1187//2326 1197//2326 1163//2326
f 1196//2327 1197//2327 1187//2327
f 1172//2328 1197//2328 1196//2328
f 1163//2329 1197//2329 1173//2329
f 1173//2330 1197//2330 1172//2330
f 1175//2331 1198//2331 927//2331
f 1187//2332 1199//2332 1175//2332
f 927//2333 1199//2333 925//2333
f 1175//2334 1199//2334 1198//2334
f 1198//2335 1199//2335 927//2335
f 1199//2336 1200//2336 925//2336
f 1187//2337 1200//2337 1199//2337
f 1200//2338 1201//2338 925//2338
f 1187//2339 1201//2339 1200//2339
f 1201//2340 1202//2340 925//2340
f 1187//2341 1202//2341 1201//2341
f 1202//2342 1203//2342 925//2342
f 1187//2343 1203//2343 1202//2343
f 1203//2344 1204//2344 925//2344
f 1187//2345 1204//2345 1203//2345
f 1204//2346 1205//2346 925//2346
f 1187//2347 1205//2347 1204//2347
f 1205//2348 1206//2348 925//2348
f 1187//2349 1206//2349 1205//2349
f 1206//2350 1207//2350 925//2350
f 1187//2351 1207//2351 1206//2351
f 1207//2352 1208//2352 925//2352
f 1187//2353 1208//2353 1207//2353
f 925//2354 1209//2354 1187//2354
f 1208//2355 1209//2355 925//2355
f 1187//2356 1209//2356 1208//2356
f 928//2357 1210//2357 1211//2357
f 928//2358 1212//2358 1210//2358
f 928//2359 1213//2359 1212//2359
f 928//2360 1214//2360 1213//2360
f 928//2361 1215//2361 1214//2361
f 928//2362 1216//2362 1215//2362
f 928//2363 1217//2363 1216//2363
f 928//2364 1218//2364 1217//2364
f 928//2365 1219//2365 1218//2365
f 928//2366 1220//2366 1219//2366
f 926//2367 1220//2367 928//2367
f 926//2368 1221//2368 1220//2368
f 926//2369 1222//2369 1221//2369
f 926//2370 1223//2370 1222//2370
f 926//2371 1224//2371 1223//2371
f 926//2372 1225//2372 1224//2372
f 926//2373 1226//2373 1225//2373
f 926//2374 1227//2374 1226//2374
f 926//2375 1228//2375 1227//2375
f 926//2376 1229//2376 1228//2376
f 926//2377 1230//2377 1229//2377
f 1211//2378 1231//2378 928//2378
f 1211//2379 1232//2379 1231//2379
f 1210//2380 1232//2380 1211//2380
f 1210//2381 1233//2381 1232//2381
f 1212//2382 1233//2382 1210//2382
f 1212//2383 1234//2383 1233//2383
f 1213//2384 1234//2384 1212//2384
f 1214//2385 1235//2385 1213//2385
f 1213//2386 1235//2386 1234//2386
f 1215//2387 1236//2387 1214//2387
f 1214//2388 1236//2388 1235//2388
f 1216//2389 1237//2389 1215//2389
f 1215//2390 1237//2390 1236//2390
f 1216//2391 1238//2391 1237//2391
f 1217//2392 1238//2392 1216//2392
f 1218//2393 1239//2393 1217//2393
f 1217//2394 1239//2394 1238//2394
f 1219//2395 1240//2395 1218//2395
f 1218//2396 1240//2396 1239//2396
f 1220//2397 1241//2397 1219//2397
f 1219//2398 1241//2398 1240//2398
f 1220//2399 1242//2399 1241//2399
f 1221//2400 1242//2400 1220//2400
f 1222//2401 1243//2401 1221//2401
f 1221//2402 1243//2402 1242//2402
f 1223//2403 1244//2403 1222//2403
f 1222//2404 1244//2404 1243//2404
f 1224//2405 1245//2405 1223//2405
f 1225//2406 1245//2406 1224//2406
f 1223//2407 1245//2407 1244//2407
f 1225//2408 1246//2408 1245//2408
f 1226//2409 1247//2409 1225//2409
f 1227//2410 1247//2410 1226//2410
f 1225//2411 1247//2411 1246//2411
f 1227//2412 1248//2412 1247//2412
f 1228//2413 1249//2413 1227//2413
f 1227//2414 1249//2414 1248//2414
f 1228//2415 1250//2415 1249//2415
f 1229//2416 1250//2416 1228//2416
f 1230//2417 1250//2417 1229//2417
f 1230//2418 1251//2418 1250//2418
f 926//2419 1251//2419 1230//2419
f 928//2420 1252//2420 1253//2420
f 1231//2421 1252//2421 928//2421
f 1231//2422 1254//2422 1252//2422
f 1252//2423 1254//2423 1253//2423
f 1232//2424 1255//2424 1231//2424
f 1231//2425 1255//2425 1254//2425
f 1254//2426 1255//2426 1253//2426
f 1232//2427 1256//2427 1255//2427
f 1255//2428 1256//2428 1253//2428
f 1233//2429 1256//2429 1232//2429
f 1256//2430 1257//2430 1253//2430
f 1233//2431 1257//2431 1256//2431
f 1235//2432 1257//2432 1234//2432
f 1234//2433 1257//2433 1233//2433
f 1235//2434 1258//2434 1257//2434
f 1257//2435 1258//2435 1253//2435
f 1258//2436 1259//2436 1253//2436
f 1235//2437 1259//2437 1258//2437
f 1236//2438 1259//2438 1235//2438
f 1259//2439 1260//2439 1253//2439
f 1238//2440 1260//2440 1237//2440
f 1237//2441 1260//2441 1236//2441
f 1236//2442 1260//2442 1259//2442
f 1238//2443 1261//2443 1260//2443
f 1260//2444 1261//2444 1253//2444
f 1261//2445 1262//2445 1253//2445
f 1239//2446 1262//2446 1238//2446
f 1238//2447 1262//2447 1261//2447
f 1239//2448 1263//2448 1262//2448
f 1262//2449 1263//2449 1253//2449
f 1240//2450 1263//2450 1239//2450
f 1263//2451 1264//2451 1253//2451
f 1240//2452 1264//2452 1263//2452
f 1253//2453 1264//2453 1265//2453
f 1241//2454 1264//2454 1240//2454
f 1242//2455 1266//2455 1241//2455
f 1241//2456 1266//2456 1264//2456
f 1264//2457 1266//2457 1265//2457
f 1243//2458 1266//2458 1242//2458
f 1266//2459 1267//2459 1265//2459
f 1243//2460 1267//2460 1266//2460
f 1267//2461 1268//2461 1265//2461
f 1243//2462 1268//2462 1267//2462
f 1244//2463 1268//2463 1243//2463
f 1245//2464 1268//2464 1244//2464
f 1268//2465 1269//2465 1265//2465
f 1245//2466 1269//2466 1268//2466
f 1246//2467 1269//2467 1245//2467
f 1269//2468 1270//2468 1265//2468
f 1246//2469 1270//2469 1269//2469
f 1247//2470 1271//2470 1246//2470
f 1248//2471 1271//2471 1247//2471
f 1246//2472 1271//2472 1270//2472
f 1270//2473 1271//2473 1265//2473
f 1271//2474 1272//2474 1265//2474
f 1248//2475 1272//2475 1271//2475
f 1249//2476 1273//2476 1248//2476
f 1248//2477 1273//2477 1272//2477
f 1272//2478 1273//2478 1265//2478
f 1250//2479 1274//2479 1249//2479
f 1249//2480 1274//2480 1273//2480
f 1273//2481 1274//2481 1265//2481
f 1251//2482 1275//2482 1250//2482
f 1250//2483 1275//2483 1274//2483
f 1274//2484 1275//2484 1265//2484
f 926//2485 1276//2485 1251//2485
f 1265//2486 1276//2486 926//2486
f 1251//2487 1276//2487 1275//2487
f 1275//2488 1276//2488 1265//2488
f 1253//2489 1277//2489 1278//2489
f 1253//2490 1279//2490 1277//2490
f 1253//2491 1280//2491 1279//2491
f 1253//2492 1281//2492 1280//2492
f 1265//2493 1282//2493 1253//2493
f 1253//2494 1282//2494 1281//2494
f 1265//2495 1283//2495 1282//2495
f 1265//2496 1284//2496 1283//2496
f 1265//2497 1285//2497 1284//2497
f 1265//2498 1286//2498 1285//2498
f 1265//2499 1287//2499 1286//2499
f 1265//2500 1288//2500 1287//2500
f 1265//2501 1289//2501 1288//2501
f 1265//2502 1290//2502 1289//2502
f 1265//2503 1291//2503 1290//2503
f 1265//2504 1292//2504 1291//2504
f 1253//2505 1293//2505 1294//2505
f 1278//2506 1293//2506 1253//2506
f 1293//2507 1295//2507 1294//2507
f 1278//2508 1295//2508 1293//2508
f 1278//2509 1296//2509 1295//2509
f 1295//2510 1296//2510 1294//2510
f 1296//2511 1297//2511 1294//2511
f 1278//2512 1297//2512 1296//2512
f 1278//2513 1298//2513 1297//2513
f 1297//2514 1298//2514 1294//2514
f 1298//2515 1299//2515 1294//2515
f 1278//2516 1299//2516 1298//2516
f 1278//2517 1300//2517 1299//2517
f 1299//2518 1300//2518 1294//2518
f 1277//2519 1300//2519 1278//2519
f 1279//2520 1300//2520 1277//2520
f 1300//2521 1301//2521 1294//2521
f 1279//2522 1301//2522 1300//2522
f 1301//2523 1302//2523 1294//2523
f 1279//2524 1302//2524 1301//2524
f 1280//2525 1302//2525 1279//2525
f 1281//2526 1302//2526 1280//2526
f 1302//2527 1303//2527 1294//2527
f 1281//2528 1303//2528 1302//2528
f 1303//2529 1304//2529 1294//2529
f 1281//2530 1304//2530 1303//2530
f 1294//2531 1304//2531 1305//2531
f 1282//2532 1304//2532 1281//2532
f 1283//2533 1306//2533 1282//2533
f 1284//2534 1306//2534 1283//2534
f 1304//2535 1306//2535 1305//2535
f 1282//2536 1306//2536 1304//2536
f 1284//2537 1307//2537 1306//2537
f 1306//2538 1307//2538 1305//2538
f 1285//2539 1308//2539 1284//2539
f 1286//2540 1308//2540 1285//2540
f 1284//2541 1308//2541 1307//2541
f 1307//2542 1308//2542 1305//2542
f 1286//2543 1309//2543 1308//2543
f 1308//2544 1309//2544 1305//2544
f 1287//2545 1310//2545 1286//2545
f 1288//2546 1310//2546 1287//2546
f 1286//2547 1310//2547 1309//2547
f 1309//2548 1310//2548 1305//2548
f 1288//2549 1311//2549 1310//2549
f 1310//2550 1311//2550 1305//2550
f 1289//2551 1312//2551 1288//2551
f 1290//2552 1312//2552 1289//2552
f 1288//2553 1312//2553 1311//2553
f 1311//2554 1312//2554 1305//2554
f 1312//2555 1313//2555 1305//2555
f 1290//2556 1313//2556 1312//2556
f 1291//2557 1314//2557 1290//2557
f 1292//2558 1314//2558 1291//2558
f 1290//2559 1314//2559 1313//2559
f 1313//2560 1314//2560 1305//2560
f 1314//2561 1315//2561 1305//2561
f 1292//2562 1315//2562 1314//2562
f 1305//2563 1316//2563 1265//2563
f 1265//2564 1316//2564 1292//2564
f 1315//2565 1316//2565 1305//2565
f 1292//2566 1316//2566 1315//2566
f 1294//2567 1317//2567 1318//2567
f 1294//2568 1319//2568 1317//2568
f 1317//2569 1319//2569 1318//2569
f 1294//2570 1320//2570 1319//2570
f 1319//2571 1320//2571 1318//2571
f 1294//2572 1321//2572 1320//2572
f 1320//2573 1321//2573 1318//2573
f 1321//2574 1322//2574 1318//2574
f 1294//2575 1322//2575 1321//2575
f 1322//2576 1323//2576 1318//2576
f 1294//2577 1323//2577 1322//2577
f 1323//2578 1324//2578 1318//2578
f 1294//2579 1324//2579 1323//2579
f 1324//2580 1325//2580 1318//2580
f 1294//2581 1325//2581 1324//2581
f 1305//2582 1325//2582 1294//2582
f 1318//2583 1325//2583 1326//2583
f 1325//2584 1327//2584 1326//2584
f 1305//2585 1327//2585 1325//2585
f 1327//2586 1328//2586 1326//2586
f 1305//2587 1328//2587 1327//2587
f 1328//2588 1329//2588 1326//2588
f 1305//2589 1329//2589 1328//2589
f 1329//2590 1330//2590 1326//2590
f 1305//2591 1330//2591 1329//2591
f 1330//2592 1331//2592 1326//2592
f 1305//2593 1331//2593 1330//2593
f 1331//2594 1332//2594 1326//2594
f 1305//2595 1332//2595 1331//2595
f 1332//2596 1333//2596 1326//2596
f 1305//2597 1333//2597 1332//2597
f 1333//2598 1334//2598 1326//2598
f 1305//2599 1334//2599 1333//2599
f 1334//2600 1335//2600 1326//2600
f 1305//2601 1335//2601 1334//2601
f 1326//2602 1336//2602 1305//2602
f 1335//2603 1336//2603 1326//2603
f 1305//2604 1336//2604 1335//2604
f 1318//2605 1337//2605 1338//2605
f 1318//2606 1339//2606 1337//2606
f 1337//2607 1339//2607 1338//2607
f 1318//2608 1340//2608 1339//2608
f 1339//2609 1340//2609 1338//2609
f 1318//2610 1341//2610 1340//2610
f 1340//2611 1341//2611 1338//2611
f 1326//2612 1341//2612 1318//2612
f 1338//2613 1341//2613 1342//2613
f 1326//2614 1343//2614 1341//2614
f 1341//2615 1343//2615 1342//2615
f 1343//2616 1344//2616 1342//2616
f 1326//2617 1344//2617 1343//2617
f 1344//2618 1345//2618 1342//2618
f 1326//2619 1345//2619 1344//2619
f 1345//2620 1346//2620 1342//2620
f 1326//2621 1346//2621 1345//2621
f 1346//2622 1347//2622 1342//2622
f 1326//2623 1347//2623 1346//2623
f 1347//2624 1348//2624 1342//2624
f 1326//2625 1348//2625 1347//2625
f 1348//2626 1349//2626 1342//2626
f 1326//2627 1349//2627 1348//2627
f 1349//2628 1350//2628 1342//2628
f 1326//2629 1350//2629 1349//2629
f 1350//2630 1351//2630 1342//2630
f 1326//2631 1351//2631 1350//2631
f 1342//2632 1352//2632 1326//2632
f 1351//2633 1352//2633 1342//2633
f 1326//2634 1352//2634 1351//2634
f 1338//2635 1353//2635 1354//2635
f 1338//2636 1355//2636 1353//2636
f 1342//2637 1356//2637 1338//2637
f 1338//2638 1356//2638 1355//2638
f 1342//2639 1357//2639 1356//2639
f 1342//2640 1358//2640 1357//2640
f 1342//2641 1359//2641 1358//2641
f 1342//2642 1360//2642 1359//2642
f 1342//2643 1361//2643 1360//2643
f 1342//2644 1362//2644 1361//2644
f 1342//2645 1363//2645 1362//2645
f 1342//2646 1364//2646 1363//2646
f 1342//2647 1365//2647 1364//2647
f 1342//2648 1366//2648 1365//2648
f 1338//2649 1367//2649 1368//2649
f 1354//2650 1367//2650 1338//2650
f 1367//2651 1369//2651 1368//2651
f 1354//2652 1369//2652 1367//2652
f 1369//2653 1370//2653 1368//2653
f 1354//2654 1370//2654 1369//2654
f 1370//2655 1371//2655 1368//2655
f 1354//2656 1371//2656 1370//2656
f 1371//2657 1372//2657 1368//2657
f 1354//2658 1372//2658 1371//2658
f 1372//2659 1373//2659 1368//2659
f 1354//2660 1373//2660 1372//2660
f 1373//2661 1374//2661 1368//2661
f 1354//2662 1374//2662 1373//2662
f 1374//2663 1375//2663 1368//2663
f 1354//2664 1375//2664 1374//2664
f 1375//2665 1376//2665 1368//2665
f 1354//2666 1376//2666 1375//2666
f 1376//2667 1377//2667 1368//2667
f 1354//2668 1377//2668 1376//2668
f 1353//2669 1377//2669 1354//2669
f 1355//2670 1377//2670 1353//2670
f 1355//2671 1378//2671 1377//2671
f 1377//2672 1378//2672 1368//2672
f 1356//2673 1379//2673 1355//2673
f 1357//2674 1379//2674 1356//2674
f 1378//2675 1379//2675 1368//2675
f 1368//2676 1379//2676 1380//2676
f 1355//2677 1379//2677 1378//2677
f 1357//2678 1381//2678 1379//2678
f 1379//2679 1381//2679 1380//2679
f 1358//2680 1382//2680 1357//2680
f 1359//2681 1382//2681 1358//2681
f 1381//2682 1382//2682 1380//2682
f 1357//2683 1382//2683 1381//2683
f 1359//2684 1383//2684 1382//2684
f 1382//2685 1383//2685 1380//2685
f 1360//2686 1384//2686 1359//2686
f 1361//2687 1384//2687 1360//2687
f 1359//2688 1384//2688 1383//2688
f 1383//2689 1384//2689 1380//2689
f 1361//2690 1385//2690 1384//2690
f 1384//2691 1385//2691 1380//2691
f 1362//2692 1386//2692 1361//2692
f 1361//2693 1386//2693 1385//2693
f 1385//2694 1386//2694 1380//2694
f 1363//2695 1387//2695 1362//2695
f 1362//2696 1387//2696 1386//2696
f 1386//2697 1387//2697 1380//2697
f 1364//2698 1388//2698 1363//2698
f 1363//2699 1388//2699 1387//2699
f 1387//2700 1388//2700 1380//2700
f 1365//2701 1389//2701 1364//2701
f 1364//2702 1389//2702 1388//2702
f 1388//2703 1389//2703 1380//2703
f 1366//2704 1390//2704 1365//2704
f 1365//2705 1390//2705 1389//2705
f 1389//2706 1390//2706 1380//2706
f 1380//2707 1391//2707 1342//2707
f 1342//2708 1391//2708 1366//2708
f 1390//2709 1391//2709 1380//2709
f 1366//2710 1391//2710 1390//2710
f 1368//2711 1392//2711 1393//2711
f 1368//2712 1394//2712 1392//2712
f 1392//2713 1394//2713 1393//2713
f 1394//2714 1395//2714 1393//2714
f 1368//2715 1395//2715 1394//2715
f 1395//2716 1396//2716 1393//2716
f 1368//2717 1396//2717 1395//2717
f 1396//2718 1397//2718 1393//2718
f 1368//2719 1397//2719 1396//2719
f 1397//2720 1398//2720 1393//2720
f 1368//2721 1398//2721 1397//2721
f 1398//2722 1399//2722 1393//2722
f 1368//2723 1399//2723 1398//2723
f 1399//2724 1400//2724 1393//2724
f 1368//2725 1400//2725 1399//2725
f 1400//2726 1401//2726 1393//2726
f 1368//2727 1401//2727 1400//2727
f 1401//2728 1402//2728 1393//2728
f 1368//2729 1402//2729 1401//2729
f 1402//2730 1403//2730 1393//2730
f 1368//2731 1403//2731 1402//2731
f 1380//2732 1403//2732 1368//2732
f 1393//2733 1403//2733 1404//2733
f 1403//2734 1405//2734 1404//2734
f 1380//2735 1405//2735 1403//2735
f 1405//2736 1406//2736 1404//2736
f 1380//2737 1406//2737 1405//2737
f 1406//2738 1407//2738 1404//2738
f 1380//2739 1407//2739 1406//2739
f 1407//2740 1408//2740 1404//2740
f 1380//2741 1408//2741 1407//2741
f 1408//2742 1409//2742 1404//2742
f 1380//2743 1409//2743 1408//2743
f 1409//2744 1410//2744 1404//2744
f 1380//2745 1410//2745 1409//2745
f 1410//2746 1411//2746 1404//2746
f 1380//2747 1411//2747 1410//2747
f 1411//2748 1412//2748 1404//2748
f 1380//2749 1412//2749 1411//2749
f 1412//2750 1413//2750 1404//2750
f 1380//2751 1413//2751 1412//2751
f 1404//2752 1414//2752 1380//2752
f 1413//2753 1414//2753 1404//2753
f 1380//2754 1414//2754 1413//2754
f 1393//2755 1415//2755 931//2755
f 1393//2756 1416//2756 1415//2756
f 1415//2757 1416//2757 931//2757
f 1393//2758 1417//2758 1416//2758
f 1416//2759 1417//2759 931//2759
f 1393//2760 1418//2760 1417//2760
f 1417//2761 1418//2761 931//2761
f 1393//2762 1419//2762 1418//2762
f 1418//2763 1419//2763 931//2763
f 1393//2764 1420//2764 1419//2764
f 1419//2765 1420//2765 931//2765
f 1393//2766 1421//2766 1420//2766
f 1420//2767 1421//2767 931//2767
f 1393//2768 1422//2768 1421//2768
f 1421//2769 1422//2769 931//2769
f 1404//2770 1423//2770 1393//2770
f 931//2771 1423//2771 929//2771
f 1393//2772 1423//2772 1422//2772
f 1422//2773 1423//2773 931//2773
f 1404//2774 1424//2774 1423//2774
f 1423//2775 1424//2775 929//2775
f 1424//2776 1425//2776 929//2776
f 1404//2777 1425//2777 1424//2777
f 1425//2778 1426//2778 929//2778
f 1404//2779 1426//2779 1425//2779
f 1426//2780 1427//2780 929//2780
f 1404//2781 1427//2781 1426//2781
f 1427//2782 1428//2782 929//2782
f 1404//2783 1428//2783 1427//2783
f 1428//2784 1429//2784 929//2784
f 1404//2785 1429//2785 1428//2785
f 1429//2786 1430//2786 929//2786
f 1404//2787 1430//2787 1429//2787
f 1430//2788 1431//2788 929//2788
f 1404//2789 1431//2789 1430//2789
f 1431//2790 1432//2790 929//2790
f 1404//2791 1432//2791 1431//2791
f 1432//2792 1433//2792 929//2792
f 1404//2793 1433//2793 1432//2793
f 929//2794 1433//2794 1404//2794
f 930//2795 1434//2795 1435//2795
f 930//2796 1436//2796 1434//2796
f 1434//2797 1436//2797 1435//2797
f 1436//2798 1437//2798 1435//2798
f 932//2799 1437//2799 930//2799
f 930//2800 1437//2800 1436//2800
f 1435//2801 1437//2801 1438//2801
f 1437//2802 1439//2802 1438//2802
f 932//2803 1439//2803 1437//2803
f 1439//2804 1440//2804 1438//2804
f 932//2805 1440//2805 1439//2805
f 1440//2806 1441//2806 1438//2806
f 932//2807 1441//2807 1440//2807
f 1441//2808 1442//2808 1438//2808
f 932//2809 1442//2809 1441//2809
f 1442//2810 1443//2810 1438//2810
f 932//2811 1443//2811 1442//2811
f 1443//2812 1444//2812 1438//2812
f 932//2813 1444//2813 1443//2813
f 1444//2814 1445//2814 1438//2814
f 932//2815 1445//2815 1444//2815
f 1445//2816 1446//2816 1438//2816
f 932//2817 1446//2817 1445//2817
f 1446//2818 1447//2818 1438//2818
f 932//2819 1447//2819 1446//2819
f 1438//2820 1448//2820 932//2820
f 1447//2821 1448//2821 1438//2821
f 932//2822 1448//2822 1447//2822
f 1435//2823 1449//2823 1450//2823
f 1435//2824 1451//2824 1449//2824
f 1449//2825 1451//2825 1450//2825
f 1435//2826 1452//2826 1451//2826
f 1451//2827 1452//2827 1450//2827
f 1435//2828 1453//2828 1452//2828
f 1452//2829 1453//2829 1450//2829
f 1435//2830 1454//2830 1453//2830
f 1453//2831 1454//2831 1450//2831
f 1435//2832 1455//2832 1454//2832
f 1454//2833 1455//2833 1450//2833
f 1438//2834 1455//2834 1435//2834
f 1450//2835 1455//2835 1456//2835
f 1438//2836 1457//2836 1455//2836
f 1455//2837 1457//2837 1456//2837
f 1457//2838 1458//2838 1456//2838
f 1438//2839 1458//2839 1457//2839
f 1458//2840 1459//2840 1456//2840
f 1438//2841 1459//2841 1458//2841
f 1459//2842 1460//2842 1456//2842
f 1438//2843 1460//2843 1459//2843
f 1460//2844 1461//2844 1456//2844
f 1438//2845 1461//2845 1460//2845
f 1461//2846 1462//2846 1456//2846
f 1438//2847 1462//2847 1461//2847
f 1462//2848 1463//2848 1456//2848
f 1438//2849 1463//2849 1462//2849
f 1463//2850 1464//2850 1456//2850
f 1438//2851 1464//2851 1463//2851
f 1464//2852 1465//2852 1456//2852
f 1438//2853 1465//2853 1464//2853
f 1456//2854 1466//2854 1438//2854
f 1465//2855 1466//2855 1456//2855
f 1438//2856 1466//2856 1465//2856
f 1450//2857 1467//2857 935//2857
f 1450//2858 1468//2858 1467//2858
f 1467//2859 1468//2859 935//2859
f 1468//2860 1469//2860 935//2860
f 1450//2861 1469//2861 1468//2861
f 1469//2862 1470//2862 935//2862
f 1450//2863 1470//2863 1469//2863
f 1470//2864 1471//2864 935//2864
f 1450//2865 1471//2865 1470//2865
f 1471//2866 1472//2866 935//2866
f 1450//2867 1472//2867 1471//2867
f 1472//2868 1473//2868 935//2868
f 1450//2869 1473//2869 1472//2869
f 1473//2870 1474//2870 935//2870
f 1450//2871 1474//2871 1473//2871
f 1474//2872 1475//2872 935//2872
f 1450//2873 1475//2873 1474//2873
f 1456//2874 1475//2874 1450//2874
f 935//2875 1475//2875 933//2875
f 1475//2876 1476//2876 933//2876
f 1456//2877 1476//2877 1475//2877
f 1476//2878 1477//2878 933//2878
f 1456//2879 1477//2879 1476//2879
f 1477//2880 1478//2880 933//2880
f 1456//2881 1478//2881 1477//2881
f 1478//2882 1479//2882 933//2882
f 1456//2883 1479//2883 1478//2883
f 1479//2884 1480//2884 933//2884
f 1456//2885 1480//2885 1479//2885
f 1480//2886 1481//2886 933//2886
f 1456//2887 1481//2887 1480//2887
f 1481//2888 1482//2888 933//2888
f 1456//2889 1482//2889 1481//2889
f 1482//2890 1483//2890 933//2890
f 1456//2891 1483//2891 1482//2891
f 1483//2892 1484//2892 933//2892
f 1456//2893 1484//2893 1483//2893
f 933//2894 1485//2894 1456//2894
f 1484//2895 1485//2895 933//2895
f 1456//2896 1485//2896 1484//2896
f 934//2897 1486//2897 1487//2897
f 1486//2898 1488//2898 1487//2898
f 934//2899 1488//2899 1486//2899
f 1488//2900 1489//2900 1487//2900
f 934//2901 1489//2901 1488//2901
f 1487//2902 1490//2902 1491//2902
f 1489//2903 1490//2903 1487//2903
f 934//2904 1490//2904 1489//2904
f 936//2905 1490//2905 934//2905
f 1490//2906 1492//2906 1491//2906
f 936//2907 1492//2907 1490//2907
f 1492//2908 1493//2908 1491//2908
f 936//2909 1493//2909 1492//2909
f 1493//2910 1494//2910 1491//2910
f 936//2911 1494//2911 1493//2911
f 1494//2912 1495//2912 1491//2912
f 936//2913 1495//2913 1494//2913
f 1495//2914 1496//2914 1491//2914
f 936//2915 1496//2915 1495//2915
f 1496//2916 1497//2916 1491//2916
f 936//2917 1497//2917 1496//2917
f 1497//2918 1498//2918 1491//2918
f 936//2919 1498//2919 1497//2919
f 1498//2920 1499//2920 1491//2920
f 936//2921 1499//2921 1498//2921
f 1499//2922 1500//2922 1491//2922
f 936//2923 1500//2923 1499//2923
f 1491//2924 1501//2924 936//2924
f 1500//2925 1501//2925 1491//2925
f 936//2926 1501//2926 1500//2926
f 1487//2927 1502//2927 1503//2927
f 1487//2928 1504//2928 1502//2928
f 1502//2929 1504//2929 1503//2929
f 1487//2930 1505//2930 1504//2930
f 1504//2931 1505//2931 1503//2931
f 1487//2932 1506//2932 1505//2932
f 1505//2933 1506//2933 1503//2933
f 1487//2934 1507//2934 1506//2934
f 1506//2935 1507//2935 1503//2935
f 1491//2936 1508//2936 1487//2936
f 1503//2937 1508//2937 1509//2937
f 1487//2938 1508//2938 1507//2938
f 1507//2939 1508//2939 1503//2939
f 1491//2940 1510//2940 1508//2940
f 1508//2941 1510//2941 1509//2941
f 1491//2942 1511//2942 1510//2942
f 1510//2943 1511//2943 1509//2943
f 1491//2944 1512//2944 1511//2944
f 1511//2945 1512//2945 1509//2945
f 1491//2946 1513//2946 1512//2946
f 1512//2947 1513//2947 1509//2947
f 1491//2948 1514//2948 1513//2948
f 1513//2949 1514//2949 1509//2949
f 1491//2950 1515//2950 1514//2950
f 1514//2951 1515//2951 1509//2951
f 1515//2952 1516//2952 1509//2952
f 1491//2953 1516//2953 1515//2953
f 1516//2954 1517//2954 1509//2954
f 1491//2955 1517//2955 1516//2955
f 1517//2956 1518//2956 1509//2956
f 1491//2957 1518//2957 1517//2957
f 1509//2958 1519//2958 1491//2958
f 1518//2959 1519//2959 1509//2959
f 1491//2960 1519//2960 1518//2960
f 1503//2961 1520//2961 1521//2961
f 1503//2962 1522//2962 1520//2962
f 1520//2963 1522//2963 1521//2963
f 1503//2964 1523//2964 1522//2964
f 1522//2965 1523//2965 1521//2965
f 1503//2966 1524//2966 1523//2966
f 1523//2967 1524//2967 1521//2967
f 1503//2968 1525//2968 1524//2968
f 1524//2969 1525//2969 1521//2969
f 1503//2970 1526//2970 1525//2970
f 1525//2971 1526//2971 1521//2971
f 1503//2972 1527//2972 1526//2972
f 1526//2973 1527//2973 1521//2973
f 1509//2974 1528//2974 1503//2974
f 1521//2975 1528//2975 1529//2975
f 1503//2976 1528//2976 1527//2976
f 1527//2977 1528//2977 1521//2977
f 1509//2978 1530//2978 1528//2978
f 1528//2979 1530//2979 1529//2979
f 1530//2980 1531//2980 1529//2980
f 1509//2981 1531//2981 1530//2981
f 1531//2982 1532//2982 1529//2982
f 1509//2983 1532//2983 1531//2983
f 1532//2984 1533//2984 1529//2984
f 1509//2985 1533//2985 1532//2985
f 1533//2986 1534//2986 1529//2986
f 1509//2987 1534//2987 1533//2987
f 1534//2988 1535//2988 1529//2988
f 1509//2989 1535//2989 1534//2989
f 1535//2990 1536//2990 1529//2990
f 1509//2991 1536//2991 1535//2991
f 1536//2992 1537//2992 1529//2992
f 1509//2993 1537//2993 1536//2993
f 1537//2994 1538//2994 1529//2994
f 1509//2995 1538//2995 1537//2995
f 1529//2996 1539//2996 1509//2996
f 1538//2997 1539//2997 1529//2997
f 1509//2998 1539//2998 1538//2998
f 1521//2999 1540//2999 1541//2999
f 1521//3000 1542//3000 1540//3000
f 1540//3001 1542//3001 1541//3001
f 1521//3002 1543//3002 1542//3002
f 1542//3003 1543//3003 1541//3003
f 1521//3004 1544//3004 1543//3004
f 1543//3005 1544//3005 1541//3005
f 1521//3006 1545//3006 1544//3006
f 1544//3007 1545//3007 1541//3007
f 1529//3008 1546//3008 1521//3008
f 1521//3009 1546//3009 1545//3009
f 1545//3010 1546//3010 1541//3010
f 1541//3011 1546//3011 1547//3011
f 1529//3012 1548//3012 1546//3012
f 1546//3013 1548//3013 1547//3013
f 1529//3014 1549//3014 1548//3014
f 1548//3015 1549//3015 1547//3015
f 1529//3016 1550//3016 1549//3016
f 1549//3017 1550//3017 1547//3017
f 1529//3018 1551//3018 1550//3018
f 1550//3019 1551//3019 1547//3019
f 1529//3020 1552//3020 1551//3020
f 1551//3021 1552//3021 1547//3021
f 1529//3022 1553//3022 1552//3022
f 1552//3023 1553//3023 1547//3023
f 1553//3024 1554//3024 1547//3024
f 1529//3025 1554//3025 1553//3025
f 1554//3026 1555//3026 1547//3026
f 1529//3027 1555//3027 1554//3027
f 1555//3028 1556//3028 1547//3028
f 1529//3029 1556//3029 1555//3029
f 1547//3030 1557//3030 1529//3030
f 1556//3031 1557//3031 1547//3031
f 1529//3032 1557//3032 1556//3032
f 1541//3033 1558//3033 1559//3033
f 1541//3034 1560//3034 1558//3034
f 1558//3035 1560//3035 1559//3035
f 1541//3036 1561//3036 1560//3036
f 1560//3037 1561//3037 1559//3037
f 1541//3038 1562//3038 1561//3038
f 1561//3039 1562//3039 1559//3039
f 1547//3040 1563//3040 1541//3040
f 1559//3041 1563//3041 1564//3041
f 1541//3042 1563//3042 1562//3042
f 1562//3043 1563//3043 1559//3043
f 1547//3044 1565//3044 1563//3044
f 1563//3045 1565//3045 1564//3045
f 1565//3046 1566//3046 1564//3046
f 1547//3047 1566//3047 1565//3047
f 1566//3048 1567//3048 1564//3048
f 1547//3049 1567//3049 1566//3049
f 1567//3050 1568//3050 1564//3050
f 1547//3051 1568//3051 1567//3051
f 1568//3052 1569//3052 1564//3052
f 1547//3053 1569//3053 1568//3053
f 1569//3054 1570//3054 1564//3054
f 1547//3055 1570//3055 1569//3055
f 1570//3056 1571//3056 1564//3056
f 1547//3057 1571//3057 1570//3057
f 1571//3058 1572//3058 1564//3058
f 1547//3059 1572//3059 1571//3059
f 1572//3060 1573//3060 1564//3060
f 1547//3061 1573//3061 1572//3061
f 1564//3062 1574//3062 1547//3062
f 1573//3063 1574//3063 1564//3063
f 1547//3064 1574//3064 1573//3064
f 1575//3065 1576//3065 1577//3065
f 1575//3066 1578//3066 1576//3066
f 1576//3067 1578//3067 1577//3067
f 1575//3068 1579//3068 1578//3068
f 1578//3069 1579//3069 1577//3069
f 1579//3070 1580//3070 1577//3070
f 1575//3071 1580//3071 1579//3071
f 1575//3072 1581//3072 1580//3072
f 1580//3073 1581//3073 1577//3073
f 1575//3074 1582//3074 1581//3074
f 1581//3075 1582//3075 1577//3075
f 1582//3076 1583//3076 1577//3076
f 1583//3077 1584//3077 1577//3077
f 1584//3078 1585//3078 1577//3078
f 1577//3079 1585//3079 1586//3079
f 1585//3080 1587//3080 1586//3080
f 1587//3081 1588//3081 1586//3081
f 1588//3082 1589//3082 1586//3082
f 1590//3083 1591//3083 1589//3083
f 1589//3084 1591//3084 1586//3084
f 1590//3085 1592//3085 1591//3085
f 1591//3086 1592//3086 1586//3086
f 1590//3087 1593//3087 1592//3087
f 1592//3088 1593//3088 1586//3088
f 1590//3089 1594//3089 1593//3089
f 1593//3090 1594//3090 1586//3090
f 1594//3091 1595//3091 1586//3091
f 1590//3092 1595//3092 1594//3092
f 1595//3093 1596//3093 1586//3093
f 1590//3094 1596//3094 1595//3094
f 1586//3095 1597//3095 1590//3095
f 1596//3096 1597//3096 1586//3096
f 1590//3097 1597//3097 1596//3097
f 1577//3098 1598//3098 1599//3098
f 1577//3099 1600//3099 1598//3099
f 1598//3100 1600//3100 1599//3100
f 1577//3101 1601//3101 1600//3101
f 1600//3102 1601//3102 1599//3102
f 1577//3103 1602//3103 1601//3103
f 1601//3104 1602//3104 1599//3104
f 1577//3105 1603//3105 1602//3105
f 1602//3106 1603//3106 1599//3106
f 1577//3107 1604//3107 1603//3107
f 1603//3108 1604//3108 1599//3108
f 1577//3109 1605//3109 1604//3109
f 1604//3110 1605//3110 1599//3110
f 1577//3111 1606//3111 1605//3111
f 1605//3112 1606//3112 1599//3112
f 1586//3113 1607//3113 1577//3113
f 1599//3114 1607//3114 1608//3114
f 1577//3115 1607//3115 1606//3115
f 1606//3116 1607//3116 1599//3116
f 1586//3117 1609//3117 1607//3117
f 1607//3118 1609//3118 1608//3118
f 1609//3119 1610//3119 1608//3119
f 1586//3120 1610//3120 1609//3120
f 1610//3121 1611//3121 1608//3121
f 1586//3122 1611//3122 1610//3122
f 1611//3123 1612//3123 1608//3123
f 1586//3124 1612//3124 1611//3124
f 1612//3125 1613//3125 1608//3125
f 1586//3126 1613//3126 1612//3126
f 1613//3127 1614//3127 1608//3127
f 1586//3128 1614//3128 1613//3128
f 1614//3129 1615//3129 1608//3129
f 1586//3130 1615//3130 1614//3130
f 1615//3131 1616//3131 1608//3131
f 1586//3132 1616//3132 1615//3132
f 1586//3133 1617//3133 1616//3133
f 1616//3134 1617//3134 1608//3134
f 1586//3135 1618//3135 1617//3135
f 1617//3136 1618//3136 1608//3136
f 1608//3137 1618//3137 1586//3137
f 1599//3138 1619//3138 1620//3138
f 1599//3139 1621//3139 1619//3139
f 1599//3140 1622//3140 1621//3140
f 1599//3141 1623//3141 1622//3141
f 1599//3142 1624//3142 1623//3142
f 1599//3143 1625//3143 1624//3143
f 1599//3144 1626//3144 1625//3144
f 1599//3145 1627//3145 1626//3145
f 1599//3146 1628//3146 1627//3146
f 1608//3147 1629//3147 1599//3147
f 1599//3148 1629//3148 1628//3148
f 1608//3149 1630//3149 1629//3149
f 1608//3150 1631//3150 1630//3150
f 1608//3151 1632//3151 1631//3151
f 1608//3152 1633//3152 1632//3152
f 1608//3153 1634//3153 1633//3153
f 1608//3154 1635//3154 1634//3154
f 1608//3155 1636//3155 1635//3155
f 1608//3156 1637//3156 1636//3156
f 1608//3157 1638//3157 1637//3157
f 1608//3158 1639//3158 1638//3158
f 1620//3159 1640//3159 1599//3159
f 1599//3160 1640//3160 1641//3160
f 1620//3161 1642//3161 1640//3161
f 1640//3162 1642//3162 1641//3162
f 1619//3163 1643//3163 1620//3163
f 1642//3164 1643//3164 1641//3164
f 1620//3165 1643//3165 1642//3165
f 1621//3166 1644//3166 1619//3166
f 1643//3167 1644//3167 1641//3167
f 1619//3168 1644//3168 1643//3168
f 1622//3169 1645//3169 1621//3169
f 1644//3170 1645//3170 1641//3170
f 1621//3171 1645//3171 1644//3171
f 1623//3172 1646//3172 1622//3172
f 1645//3173 1646//3173 1641//3173
f 1622//3174 1646//3174 1645//3174
f 1624//3175 1647//3175 1623//3175
f 1646//3176 1647//3176 1641//3176
f 1623//3177 1647//3177 1646//3177
f 1647//3178 1648//3178 1641//3178
f 1625//3179 1648//3179 1624//3179
f 1624//3180 1648//3180 1647//3180
f 1626//3181 1649//3181 1625//3181
f 1625//3182 1649//3182 1648//3182
f 1648//3183 1649//3183 1641//3183
f 1627//3184 1650//3184 1626//3184
f 1649//3185 1650//3185 1641//3185
f 1626//3186 1650//3186 1649//3186
f 1628//3187 1651//3187 1627//3187
f 1650//3188 1651//3188 1641//3188
f 1627//3189 1651//3189 1650//3189
f 1641//3190 1652//3190 1653//3190
f 1629//3191 1652//3191 1628//3191
f 1651//3192 1652//3192 1641//3192
f 1628//3193 1652//3193 1651//3193
f 1629//3194 1654//3194 1652//3194
f 1652//3195 1654//3195 1653//3195
f 1630//3196 1654//3196 1629//3196
f 1631//3197 1655//3197 1630//3197
f 1630//3198 1655//3198 1654//3198
f 1654//3199 1655//3199 1653//3199
f 1631//3200 1656//3200 1655//3200
f 1655//3201 1656//3201 1653//3201
f 1632//3202 1656//3202 1631//3202
f 1656//3203 1657//3203 1653//3203
f 1632//3204 1657//3204 1656//3204
f 1633//3205 1657//3205 1632//3205
f 1633//3206 1658//3206 1657//3206
f 1657//3207 1658//3207 1653//3207
f 1634//3208 1658//3208 1633//3208
f 1658//3209 1659//3209 1653//3209
f 1634//3210 1659//3210 1658//3210
f 1635//3211 1659//3211 1634//3211
f 1659//3212 1660//3212 1653//3212
f 1635//3213 1660//3213 1659//3213
f 1636//3214 1660//3214 1635//3214
f 1660//3215 1661//3215 1653//3215
f 1636//3216 1661//3216 1660//3216
f 1637//3217 1661//3217 1636//3217
f 1661//3218 1662//3218 1653//3218
f 1637//3219 1662//3219 1661//3219
f 1638//3220 1662//3220 1637//3220
f 1662//3221 1663//3221 1653//3221
f 1638//3222 1663//3222 1662//3222
f 1653//3223 1663//3223 1608//3223
f 1608//3224 1663//3224 1639//3224
f 1639//3225 1663//3225 1638//3225
f 1641//3226 1664//3226 939//3226
f 1641//3227 1665//3227 1664//3227
f 1664//3228 1665//3228 939//3228
f 1641//3229 1666//3229 1665//3229
f 1665//3230 1666//3230 939//3230
f 1641//3231 1667//3231 1666//3231
f 1666//3232 1667//3232 939//3232
f 1641//3233 1668//3233 1667//3233
f 1667//3234 1668//3234 939//3234
f 1641//3235 1669//3235 1668//3235
f 1668//3236 1669//3236 939//3236
f 1641//3237 1670//3237 1669//3237
f 1669//3238 1670//3238 939//3238
f 1641//3239 1671//3239 1670//3239
f 1670//3240 1671//3240 939//3240
f 1653//3241 1672//3241 1641//3241
f 939//3242 1672//3242 937//3242
f 1641//3243 1672//3243 1671//3243
f 1671//3244 1672//3244 939//3244
f 1653//3245 1673//3245 1672//3245
f 1672//3246 1673//3246 937//3246
f 1673//3247 1674//3247 937//3247
f 1653//3248 1674//3248 1673//3248
f 1674//3249 1675//3249 937//3249
f 1653//3250 1675//3250 1674//3250
f 1675//3251 1676//3251 937//3251
f 1653//3252 1676//3252 1675//3252
f 1676//3253 1677//3253 937//3253
f 1653//3254 1677//3254 1676//3254
f 1677//3255 1678//3255 937//3255
f 1653//3256 1678//3256 1677//3256
f 1678//3257 1679//3257 937//3257
f 1653//3258 1679//3258 1678//3258
f 1679//3259 1680//3259 937//3259
f 1653//3260 1680//3260 1679//3260
f 1680//3261 1681//3261 937//3261
f 1653//3262 1681//3262 1680//3262
f 937//3263 1682//3263 1653//3263
f 1681//3264 1682//3264 937//3264
f 1653//3265 1682//3265 1681//3265
f 940//3266 1683//3266 1684//3266
f 940//3267 1685//3267 1683//3267
f 1683//3268 1685//3268 1684//3268
f 940//3269 1686//3269 1685//3269
f 1685//3270 1686//3270 1684//3270
f 940//3271 1687//3271 1686//3271
f 1686//3272 1687//3272 1684//3272
f 940//3273 1688//3273 1687//3273
f 1687//3274 1688//3274 1684//3274
f 1688//3275 1689//3275 1684//3275
f 940//3276 1689//3276 1688//3276
f 1689//3277 1690//3277 1684//3277
f 940//3278 1690//3278 1689//3278
f 1690//3279 1691//3279 1684//3279
f 940//3280 1691//3280 1690//3280
f 1691//3281 1692//3281 1684//3281
f 940//3282 1692//3282 1691//3282
f 938//3283 1692//3283 940//3283
f 1684//3284 1692//3284 1693//3284
f 1692//3285 1694//3285 1693//3285
f 938//3286 1694//3286 1692//3286
f 1694//3287 1695//3287 1693//3287
f 938//3288 1695//3288 1694//3288
f 1695//3289 1696//3289 1693//3289
f 938//3290 1696//3290 1695//3290
f 1696//3291 1697//3291 1693//3291
f 938//3292 1697//3292 1696//3292
f 1697//3293 1698//3293 1693//3293
f 938//3294 1698//3294 1697//3294
f 1698//3295 1699//3295 1693//3295
f 938//3296 1699//3296 1698//3296
f 1699//3297 1700//3297 1693//3297
f 938//3298 1700//3298 1699//3298
f 1700//3299 1701//3299 1693//3299
f 938//3300 1701//3300 1700//3300
f 1701//3301 1702//3301 1693//3301
f 938//3302 1702//3302 1701//3302
f 1693//3303 1703//3303 938//3303
f 1702//3304 1703//3304 1693//3304
f 938//3305 1703//3305 1702//3305
f 1684//3306 1704//3306 1705//3306
f 1684//3307 1706//3307 1704//3307
f 1704//3308 1706//3308 1705//3308
f 1684//3309 1707//3309 1706//3309
f 1706//3310 1707//3310 1705//3310
f 1684//3311 1708//3311 1707//3311
f 1707//3312 1708//3312 1705//3312
f 1684//3313 1709//3313 1708//3313
f 1708//3314 1709//3314 1705//3314
f 1684//3315 1710//3315 1709//3315
f 1709//3316 1710//3316 1705//3316
f 1684//3317 1711//3317 1710//3317
f 1710//3318 1711//3318 1705//3318
f 1684//3319 1712//3319 1711//3319
f 1711//3320 1712//3320 1705//3320
f 1693//3321 1713//3321 1684//3321
f 1705//3322 1713//3322 1714//3322
f 1684//3323 1713//3323 1712//3323
f 1712//3324 1713//3324 1705//3324
f 1693//3325 1715//3325 1713//3325
f 1713//3326 1715//3326 1714//3326
f 1715//3327 1716//3327 1714//3327
f 1693//3328 1716//3328 1715//3328
f 1716//3329 1717//3329 1714//3329
f 1693//3330 1717//3330 1716//3330
f 1717//3331 1718//3331 1714//3331
f 1693//3332 1718//3332 1717//3332
f 1718//3333 1719//3333 1714//3333
f 1693//3334 1719//3334 1718//3334
f 1719//3335 1720//3335 1714//3335
f 1693//3336 1720//3336 1719//3336
f 1720//3337 1721//3337 1714//3337
f 1693//3338 1721//3338 1720//3338
f 1721//3339 1722//3339 1714//3339
f 1693//3340 1722//3340 1721//3340
f 1722//3341 1723//3341 1714//3341
f 1693//3342 1723//3342 1722//3342
f 1693//3343 1724//3343 1723//3343
f 1714//3344 1724//3344 1693//3344
f 1723//3345 1724//3345 1714//3345
f 1705//3346 1725//3346 1726//3346
f 1705//3347 1727//3347 1725//3347
f 1725//3348 1727//3348 1726//3348
f 1705//3349 1728//3349 1727//3349
f 1727//3350 1728//3350 1726//3350
f 1705//3351 1729//3351 1728//3351
f 1728//3352 1729//3352 1726//3352
f 1705//3353 1730//3353 1729//3353
f 1729//3354 1730//3354 1726//3354
f 1726//3355 1730//3355 943//3355
f 1705//3356 1731//3356 1730//3356
f 1730//3357 1731//3357 943//3357
f 1705//3358 1732//3358 1731//3358
f 1731//3359 1732//3359 943//3359
f 1705//3360 1733//3360 1732//3360
f 1732//3361 1733//3361 943//3361
f 1705//3362 1734//3362 1733//3362
f 1733//3363 1734//3363 943//3363
f 1714//3364 1734//3364 1705//3364
f 943//3365 1734//3365 941//3365
f 1714//3366 1735//3366 1734//3366
f 1734//3367 1735//3367 941//3367
f 1714//3368 1736//3368 1735//3368
f 1735//3369 1736//3369 941//3369
f 1714//3370 1737//3370 1736//3370
f 1736//3371 1737//3371 941//3371
f 1714//3372 1738//3372 1737//3372
f 1737//3373 1738//3373 941//3373
f 1714//3374 1739//3374 1738//3374
f 941//3375 1739//3375 1740//3375
f 1738//3376 1739//3376 941//3376
f 1714//3377 1741//3377 1739//3377
f 1739//3378 1741//3378 1740//3378
f 1741//3379 1742//3379 1740//3379
f 1714//3380 1742//3380 1741//3380
f 1742//3381 1743//3381 1740//3381
f 1714//3382 1743//3382 1742//3382
f 1743//3383 1744//3383 1740//3383
f 1714//3384 1744//3384 1743//3384
f 1740//3385 1745//3385 1714//3385
f 1744//3386 1745//3386 1740//3386
f 1714//3387 1745//3387 1744//3387
f 1575//3388 1746//3388 1582//3388
f 1582//3389 1746//3389 1583//3389
f 1583//3390 1746//3390 1584//3390
f 1584//3391 1746//3391 1585//3391
f 1564//3392 1746//3392 1559//3392
f 1585//3393 1746//3393 1587//3393
f 1587//3394 1746//3394 1588//3394
f 1589//3395 1746//3395 1590//3395
f 1588//3396 1746//3396 1589//3396
f 1590//3397 1746//3397 1564//3397
f 1559//3398 1746//3398 1575//3398
f 1747//3399 945//3399 947//3399
f 1747//3400 1748//3400 945//3400
f 1749//3401 947//3401 972//3401
f 1749//3402 1747//3402 947//3402
f 1750//3403 1749//3403 972//3403
f 1750//3404 972//3404 991//3404
f 1751//3405 991//3405 923//3405
f 1751//3406 1750//3406 991//3406
f 1752//3407 923//3407 924//3407
f 1752//3408 1751//3408 923//3408
f 1753//3409 924//3409 1025//3409
f 1753//3410 1752//3410 924//3410
f 1754//3411 1025//3411 1048//3411
f 1754//3412 1753//3412 1025//3412
f 1755//3413 1048//3413 1070//3413
f 1755//3414 1754//3414 1048//3414
f 1756//3415 1070//3415 1092//3415
f 1756//3416 1755//3416 1070//3416
f 1757//3417 1092//3417 1112//3417
f 1757//3418 1756//3418 1092//3418
f 1758//3419 1112//3419 1130//3419
f 1758//3420 1757//3420 1112//3420
f 1759//3421 1130//3421 1150//3421
f 1759//3422 1758//3422 1130//3422
f 1760//3423 1150//3423 1175//3423
f 1760//3424 1759//3424 1150//3424
f 1761//3425 1175//3425 927//3425
f 1761//3426 1760//3426 1175//3426
f 1762//3427 927//3427 928//3427
f 1762//3428 1761//3428 927//3428
f 1763//3429 928//3429 1253//3429
f 1763//3430 1762//3430 928//3430
f 1294//3431 1763//3431 1253//3431
f 1764//3432 1763//3432 1294//3432
f 1765//3433 1764//3433 1294//3433
f 1318//3434 1765//3434 1294//3434
f 1766//3435 1765//3435 1318//3435
f 1338//3436 1766//3436 1318//3436
f 1767//3437 1766//3437 1338//3437
f 1368//3438 1767//3438 1338//3438
f 1768//3439 1767//3439 1368//3439
f 1393//3440 1768//3440 1368//3440
f 1769//3441 1768//3441 1393//3441
f 931//3442 1769//3442 1393//3442
f 1770//3443 1769//3443 931//3443
f 930//3444 1771//3444 1770//3444
f 930//3445 1770//3445 931//3445
f 1772//3446 1771//3446 930//3446
f 1435//3447 1772//3447 930//3447
f 1773//3448 1772//3448 1435//3448
f 1450//3449 1773//3449 1435//3449
f 1774//3450 1773//3450 1450//3450
f 935//3451 1774//3451 1450//3451
f 935//3452 1775//3452 1774//3452
f 1776//3453 1775//3453 935//3453
f 934//3454 1776//3454 935//3454
f 1777//3455 1776//3455 934//3455
f 1487//3456 1777//3456 934//3456
f 1778//3457 1777//3457 1487//3457
f 1503//3458 1778//3458 1487//3458
f 1779//3459 1778//3459 1503//3459
f 1521//3460 1779//3460 1503//3460
f 1780//3461 1779//3461 1521//3461
f 1541//3462 1780//3462 1521//3462
f 1781//3463 1780//3463 1541//3463
f 1559//3464 1781//3464 1541//3464
f 1782//3465 1781//3465 1559//3465
f 1575//3466 1782//3466 1559//3466
f 1783//3467 1782//3467 1575//3467
f 1577//3468 1783//3468 1575//3468
f 1784//3469 1783//3469 1577//3469
f 1599//3470 1784//3470 1577//3470
f 1785//3471 1784//3471 1599//3471
f 1641//3472 1785//3472 1599//3472
f 1786//3473 1785//3473 1641//3473
f 939//3474 1786//3474 1641//3474
f 1787//3475 1786//3475 939//3475
f 940//3476 1787//3476 939//3476
f 1788//3477 1787//3477 940//3477
f 1789//3478 1788//3478 940//3478
f 1684//3479 1789//3479 940//3479
f 1790//3480 1789//3480 1684//3480
f 1705//3481 1790//3481 1684//3481
f 1791//3482 1790//3482 1705//3482
f 1726//3483 1791//3483 1705//3483
f 1792//3484 1791//3484 1726//3484
f 943//3485 1792//3485 1726//3485
f 1793//3486 943//3486 944//3486
f 1793//3487 1792//3487 943//3487
f 1794//3488 944//3488 942//3488
f 1794//3489 1793//3489 944//3489
f 941//3490 1794//3490 942//3490
f 1795//3491 941//3491 1740//3491
f 1795//3492 1794//3492 941//3492
f 1796//3493 1795//3493 1740//3493
f 1714//3494 1796//3494 1740//3494
f 1797//3495 1796//3495 1714//3495
f 1693//3496 1797//3496 1714//3496
f 1798//3497 1797//3497 1693//3497
f 938//3498 1798//3498 1693//3498
f 1799//3499 1798//3499 938//3499
f 1800//3500 1799//3500 938//3500
f 937//3501 1800//3501 938//3501
f 1801//3502 1800//3502 937//3502
f 1653//3503 1801//3503 937//3503
f 1802//3504 1801//3504 1653//3504
f 1608//3505 1802//3505 1653//3505
f 1803//3506 1802//3506 1608//3506
f 1586//3507 1803//3507 1608//3507
f 1804//3508 1803//3508 1586//3508
f 1590//3509 1804//3509 1586//3509
f 1805//3510 1804//3510 1590//3510
f 1564//3511 1805//3511 1590//3511
f 1806//3512 1805//3512 1564//3512
f 1547//3513 1806//3513 1564//3513
f 1807//3514 1806//3514 1547//3514
f 1529//3515 1807//3515 1547//3515
f 1808//3516 1807//3516 1529//3516
f 1509//3517 1808//3517 1529//3517
f 1809//3518 1808//3518 1509//3518
f 1491//3519 1809//3519 1509//3519
f 1810//3520 1809//3520 1491//3520
f 936//3521 1810//3521 1491//3521
f 1811//3522 1810//3522 936//3522
f 933//3523 1811//3523 936//3523
f 1812//3524 1811//3524 933//3524
f 1813//3525 1812//3525 933//3525
f 1456//3526 1813//3526 933//3526
f 1814//3527 1813//3527 1456//3527
f 1438//3528 1814//3528 1456//3528
f 1815//3529 1814//3529 1438//3529
f 932//3530 1815//3530 1438//3530
f 1816//3531 1815//3531 932//3531
f 929//3532 1817//3532 1816//3532
f 929//3533 1816//3533 932//3533
f 1818//3534 1817//3534 929//3534
f 1404//3535 1818//3535 929//3535
f 1819//3536 1818//3536 1404//3536
f 1380//3537 1819//3537 1404//3537
f 1820//3538 1819//3538 1380//3538
f 1342//3539 1820//3539 1380//3539
f 1821//3540 1820//3540 1342//3540
f 1326//3541 1821//3541 1342//3541
f 1822//3542 1821//3542 1326//3542
f 1305//3543 1822//3543 1326//3543
f 1823//3544 1822//3544 1305//3544
f 1824//3545 1823//3545 1305//3545
f 1824//3546 1305//3546 1265//3546
f 926//3547 1824//3547 1265//3547
f 1825//3548 1824//3548 926//3548
f 925//3549 1825//3549 926//3549
f 1826//3550 1825//3550 925//3550
f 1187//3551 1826//3551 925//3551
f 1827//3552 1826//3552 1187//3552
f 1163//3553 1827//3553 1187//3553
f 1828//3554 1827//3554 1163//3554
f 1139//3555 1828//3555 1163//3555
f 1829//3556 1828//3556 1139//3556
f 1118//3557 1829//3557 1139//3557
f 1830//3558 1829//3558 1118//3558
f 1100//3559 1830//3559 1118//3559
f 1831//3560 1830//3560 1100//3560
f 1080//3561 1831//3561 1100//3561
f 1832//3562 1831//3562 1080//3562
f 1058//3563 1832//3563 1080//3563
f 1833//3564 1832//3564 1058//3564
f 1036//3565 1833//3565 1058//3565
f 1834//3566 1833//3566 1036//3566
f 922//3567 1834//3567 1036//3567
f 1835//3568 1834//3568 922//3568
f 921//3569 1835//3569 922//3569
f 1836//3570 1835//3570 921//3570
f 995//3571 1836//3571 921//3571
f 1837//3572 1836//3572 995//3572
f 979//3573 1837//3573 995//3573
f 1838//3574 1837//3574 979//3574
f 960//3575 1838//3575 979//3575
f 1839//3576 1838//3576 960//3576
f 959//3577 1839//3577 960//3577
f 1840//3578 1839//3578 959//3578
f 1748//3579 959//3579 945//3579
f 1748//3580 1840//3580 959//3580
f 1839//3581 1840//3581 1748//3581
f 1839//3582 1748//3582 1747//3582
f 1838//3583 1839//3583 1747//3583
f 1838//3584 1747//3584 1749//3584
f 1837//3585 1838//3585 1749//3585
f 1837//3586 1749//3586 1750//3586
f 1836//3587 1837//3587 1750//3587
f 1836//3588 1750//3588 1751//3588
f 1835//3589 1836//3589 1751//3589
f 1835//3590 1751//3590 1752//3590
f 1834//3591 1835//3591 1752//3591
f 1834//3592 1752//3592 1753//3592
f 1833//3593 1834//3593 1753//3593
f 1833//3594 1753//3594 1754//3594
f 1832//3595 1833//3595 1754//3595
f 1832//3596 1754//3596 1755//3596
f 1831//3597 1832//3597 1755//3597
f 1831//3598 1755//3598 1756//3598
f 1830//3599 1831//3599 1756//3599
f 1830//3600 1756//3600 1757//3600
f 1829//3601 1830//3601 1757//3601
f 1829//3602 1757//3602 1758//3602
f 1828//3603 1829//3603 1758//3603
f 1828//3604 1758//3604 1759//3604
f 1827//3605 1828//3605 1759//3605
f 1827//3606 1759//3606 1760//3606
f 1826//3607 1827//3607 1760//3607
f 1826//3608 1760//3608 1761//3608
f 1825//3609 1826//3609 1761//3609
f 1825//3610 1761//3610 1762//3610
f 1824//3611 1825//3611 1762//3611
f 1824//3612 1762//3612 1763//3612
f 1764//3613 1824//3613 1763//3613
f 1823//3614 1824//3614 1764//3614
f 1765//3615 1823//3615 1764//3615
f 1822//3616 1823//3616 1765//3616
f 1821//3617 1765//3617 1766//3617
f 1821//3618 1822//3618 1765//3618
f 1820//3619 1766//3619 1767//3619
f 1820//3620 1821//3620 1766//3620
f 1819//3621 1767//3621 1768//3621
f 1819//3622 1820//3622 1767//3622
f 1818//3623 1768//3623 1769//3623
f 1818//3624 1819//3624 1768//3624
f 1817//3625 1769//3625 1770//3625
f 1817//3626 1818//3626 1769//3626
f 1816//3627 1770//3627 1771//3627
f 1816//3628 1817//3628 1770//3628
f 1815//3629 1771//3629 1772//3629
f 1815//3630 1816//3630 1771//3630
f 1814//3631 1772//3631 1773//3631
f 1814//3632 1815//3632 1772//3632
f 1813//3633 1814//3633 1773//3633
f 1813//3634 1773//3634 1774//3634
f 1812//3635 1813//3635 1774//3635
f 1812//3636 1774//3636 1775//3636
f 1811//3637 1812//3637 1775//3637
f 1811//3638 1775//3638 1776//3638
f 1810//3639 1811//3639 1776//3639
f 1810//3640 1776//3640 1777//3640
f 1809//3641 1810//3641 1777//3641
f 1809//3642 1777//3642 1778//3642
f 1808//3643 1809//3643 1778//3643
f 1808//3644 1778//3644 1779//3644
f 1807//3645 1808//3645 1779//3645
f 1807//3646 1779//3646 1780//3646
f 1806//3647 1807//3647 1780//3647
f 1806//3648 1780//3648 1781//3648
f 1805//3649 1806//3649 1781//3649
f 1805//3650 1781//3650 1782//3650
f 1804//3651 1805//3651 1782//3651
f 1804//3652 1782//3652 1783//3652
f 1803//3653 1804//3653 1783//3653
f 1803//3654 1783//3654 1784//3654
f 1802//3655 1803//3655 1784//3655
f 1802//3656 1784//3656 1785//3656
f 1801//3657 1802//3657 1785//3657
f 1801//3658 1785//3658 1786//3658
f 1800//3659 1801//3659 1786//3659
f 1800//3660 1786//3660 1787//3660
f 1799//3661 1800//3661 1787//3661
f 1799//3662 1787//3662 1788//3662
f 1798//3663 1799//3663 1788//3663
f 1798//3664 1788//3664 1789//3664
f 1797//3665 1798//3665 1789//3665
f 1797//3666 1789//3666 1790//3666
f 1796//3667 1797//3667 1790//3667
f 1796//3668 1790//3668 1791//3668
f 1795//3669 1796//3669 1791//3669
f 1795//3670 1791//3670 1792//3670
f 1794//3671 1795//3671 1792//3671
f 1794//3672 1792//3672 1793//3672
